team_id,team_name,team_url,conference_id,conference,division,year,season_id,season_team_id
26172,A&M-Corpus Christi,/teams/614839,914,Southland,1,2026,17040,614839
26172,A&M-Corpus Christi,/teams/596471,914,Southland,1,2025,16840,596471
26172,A&M-Corpus Christi,/team/26172/16580,914,Southland,1,2024,16580,NA
26172,A&M-Corpus Christi,/team/26172/16340,914,Southland,1,2023,16340,NA
26172,A&M-Corpus Christi,/team/26172/15860,914,Southland,1,2022,15860,NA
26172,A&M-Corpus Christi,/team/26172/15580,914,Southland,1,2021,15580,NA
26172,A&M-Corpus Christi,/team/26172/15204,914,Southland,1,2020,15204,NA
26172,A&M-Corpus Christi,/team/26172/15204,914,Southland,1,2019,15204,NA
26172,A&M-Corpus Christi,/team/26172/12973,914,Southland,1,2018,12973,NA
26172,A&M-Corpus Christi,/team/26172/12560,914,Southland,1,2017,12560,NA
26172,A&M-Corpus Christi,/team/26172/12360,914,Southland,1,2016,12360,NA
26172,A&M-Corpus Christi,/team/26172/12080,914,Southland,1,2015,12080,NA
26172,A&M-Corpus Christi,/team/26172/11620,914,Southland,1,2014,11620,NA
26172,A&M-Corpus Christi,/team/26172/11320,914,Southland,1,2013,11320,NA
26172,A&M-Corpus Christi,/team/26172/10942,914,Southland,1,2012,10942,NA
26172,A&M-Corpus Christi,/team/26172/10561,914,Southland,1,2011,10561,NA
26172,A&M-Corpus Christi,/team/26172/10240,914,Southland,1,2010,10240,NA
2,Abilene Christian,/teams/614845,923,WAC,1,2026,17040,614845
2,Abilene Christian,/teams/596477,923,WAC,1,2025,16840,596477
2,Abilene Christian,/team/2/16580,923,WAC,1,2024,16580,NA
2,Abilene Christian,/team/2/16340,923,WAC,1,2023,16340,NA
2,Abilene Christian,/team/2/15860,923,WAC,1,2022,15860,NA
2,Abilene Christian,/team/2/15580,914,Southland,1,2021,15580,NA
2,Abilene Christian,/team/2/15204,914,Southland,1,2020,15204,NA
2,Abilene Christian,/team/2/15204,914,Southland,1,2019,15204,NA
2,Abilene Christian,/team/2/12973,914,Southland,1,2018,12973,NA
2,Abilene Christian,/team/2/12560,914,Southland,1,2017,12560,NA
2,Abilene Christian,/team/2/12360,914,Southland,1,2016,12360,NA
2,Abilene Christian,/team/2/12080,914,Southland,1,2015,12080,NA
2,Abilene Christian,/team/2/11620,914,Southland,1,2014,11620,NA
721,Air Force,/teams/614798,5486,Mountain West,1,2026,17040,614798
721,Air Force,/teams/596430,5486,Mountain West,1,2025,16840,596430
721,Air Force,/team/721/16580,5486,Mountain West,1,2024,16580,NA
721,Air Force,/team/721/16340,5486,Mountain West,1,2023,16340,NA
721,Air Force,/team/721/15860,5486,Mountain West,1,2022,15860,NA
721,Air Force,/team/721/15580,5486,Mountain West,1,2021,15580,NA
721,Air Force,/team/721/15204,5486,Mountain West,1,2020,15204,NA
721,Air Force,/team/721/15204,5486,Mountain West,1,2019,15204,NA
721,Air Force,/team/721/12973,5486,Mountain West,1,2018,12973,NA
721,Air Force,/team/721/12560,5486,Mountain West,1,2017,12560,NA
721,Air Force,/team/721/12360,5486,Mountain West,1,2016,12360,NA
721,Air Force,/team/721/12080,5486,Mountain West,1,2015,12080,NA
721,Air Force,/team/721/11620,5486,Mountain West,1,2014,11620,NA
721,Air Force,/team/721/11320,5486,Mountain West,1,2013,11320,NA
721,Air Force,/team/721/10942,5486,Mountain West,1,2012,10942,NA
721,Air Force,/team/721/10561,5486,Mountain West,1,2011,10561,NA
721,Air Force,/team/721/10240,5486,Mountain West,1,2010,10240,NA
5,Akron,/teams/614787,875,MAC,1,2026,17040,614787
5,Akron,/teams/596419,875,MAC,1,2025,16840,596419
5,Akron,/team/5/16580,875,MAC,1,2024,16580,NA
5,Akron,/team/5/16340,875,MAC,1,2023,16340,NA
5,Akron,/team/5/15860,875,MAC,1,2022,15860,NA
5,Akron,/team/5/15580,875,MAC,1,2021,15580,NA
5,Akron,/team/5/15204,875,MAC,1,2020,15204,NA
5,Akron,/team/5/15204,875,MAC,1,2019,15204,NA
5,Akron,/team/5/12360,875,MAC,1,2016,12360,NA
5,Akron,/team/5/12080,875,MAC,1,2015,12080,NA
5,Akron,/team/5/11620,875,MAC,1,2014,11620,NA
5,Akron,/team/5/11320,875,MAC,1,2013,11320,NA
5,Akron,/team/5/10942,875,MAC,1,2012,10942,NA
5,Akron,/team/5/10561,875,MAC,1,2011,10561,NA
5,Akron,/team/5/10240,875,MAC,1,2010,10240,NA
8,Alabama,/teams/614848,911,SEC,1,2026,17040,614848
8,Alabama,/teams/596480,911,SEC,1,2025,16840,596480
8,Alabama,/team/8/16580,911,SEC,1,2024,16580,NA
8,Alabama,/team/8/16340,911,SEC,1,2023,16340,NA
8,Alabama,/team/8/15860,911,SEC,1,2022,15860,NA
8,Alabama,/team/8/15580,911,SEC,1,2021,15580,NA
8,Alabama,/team/8/15204,911,SEC,1,2020,15204,NA
8,Alabama,/team/8/15204,911,SEC,1,2019,15204,NA
8,Alabama,/team/8/12973,911,SEC,1,2018,12973,NA
8,Alabama,/team/8/12560,911,SEC,1,2017,12560,NA
8,Alabama,/team/8/12360,911,SEC,1,2016,12360,NA
8,Alabama,/team/8/12080,911,SEC,1,2015,12080,NA
8,Alabama,/team/8/11620,911,SEC,1,2014,11620,NA
8,Alabama,/team/8/11320,911,SEC,1,2013,11320,NA
8,Alabama,/team/8/10942,911,SEC,1,2012,10942,NA
8,Alabama,/team/8/10561,911,SEC,1,2011,10561,NA
8,Alabama,/team/8/10240,911,SEC,1,2010,10240,NA
6,Alabama A&M,/teams/614846,916,SWAC,1,2026,17040,614846
6,Alabama A&M,/teams/596478,916,SWAC,1,2025,16840,596478
6,Alabama A&M,/team/6/16580,916,SWAC,1,2024,16580,NA
6,Alabama A&M,/team/6/16340,916,SWAC,1,2023,16340,NA
6,Alabama A&M,/team/6/15860,916,SWAC,1,2022,15860,NA
6,Alabama A&M,/team/6/15580,916,SWAC,1,2021,15580,NA
6,Alabama A&M,/team/6/15204,916,SWAC,1,2020,15204,NA
6,Alabama A&M,/team/6/15204,916,SWAC,1,2019,15204,NA
6,Alabama A&M,/team/6/12973,916,SWAC,1,2018,12973,NA
6,Alabama A&M,/team/6/12560,916,SWAC,1,2017,12560,NA
6,Alabama A&M,/team/6/12360,916,SWAC,1,2016,12360,NA
6,Alabama A&M,/team/6/12080,916,SWAC,1,2015,12080,NA
6,Alabama A&M,/team/6/11620,916,SWAC,1,2014,11620,NA
6,Alabama A&M,/team/6/11320,916,SWAC,1,2013,11320,NA
6,Alabama A&M,/team/6/10942,916,SWAC,1,2012,10942,NA
6,Alabama A&M,/team/6/10561,916,SWAC,1,2011,10561,NA
6,Alabama A&M,/team/6/10240,916,SWAC,1,2010,10240,NA
7,Alabama St.,/teams/614847,916,SWAC,1,2026,17040,614847
7,Alabama St.,/teams/596479,916,SWAC,1,2025,16840,596479
7,Alabama St.,/team/7/16580,916,SWAC,1,2024,16580,NA
7,Alabama St.,/team/7/16340,916,SWAC,1,2023,16340,NA
7,Alabama St.,/team/7/15860,916,SWAC,1,2022,15860,NA
7,Alabama St.,/team/7/15580,916,SWAC,1,2021,15580,NA
7,Alabama St.,/team/7/15204,916,SWAC,1,2020,15204,NA
7,Alabama St.,/team/7/15204,916,SWAC,1,2019,15204,NA
7,Alabama St.,/team/7/12973,916,SWAC,1,2018,12973,NA
7,Alabama St.,/team/7/12560,916,SWAC,1,2017,12560,NA
7,Alabama St.,/team/7/12360,916,SWAC,1,2016,12360,NA
7,Alabama St.,/team/7/12080,916,SWAC,1,2015,12080,NA
7,Alabama St.,/team/7/11620,916,SWAC,1,2014,11620,NA
7,Alabama St.,/team/7/11320,916,SWAC,1,2013,11320,NA
7,Alabama St.,/team/7/10942,916,SWAC,1,2012,10942,NA
7,Alabama St.,/team/7/10561,916,SWAC,1,2011,10561,NA
7,Alabama St.,/team/7/10240,916,SWAC,1,2010,10240,NA
17,Alcorn,/teams/614851,916,SWAC,1,2026,17040,614851
17,Alcorn,/teams/596483,916,SWAC,1,2025,16840,596483
17,Alcorn,/team/17/16580,916,SWAC,1,2024,16580,NA
17,Alcorn,/team/17/16340,916,SWAC,1,2023,16340,NA
17,Alcorn,/team/17/15860,916,SWAC,1,2022,15860,NA
17,Alcorn,/team/17/15580,916,SWAC,1,2021,15580,NA
17,Alcorn,/team/17/15204,916,SWAC,1,2020,15204,NA
17,Alcorn,/team/17/15204,916,SWAC,1,2019,15204,NA
17,Alcorn,/team/17/12973,916,SWAC,1,2018,12973,NA
17,Alcorn,/team/17/12560,916,SWAC,1,2017,12560,NA
17,Alcorn,/team/17/12360,916,SWAC,1,2016,12360,NA
17,Alcorn,/team/17/12080,916,SWAC,1,2015,12080,NA
17,Alcorn,/team/17/11620,916,SWAC,1,2014,11620,NA
17,Alcorn,/team/17/11320,916,SWAC,1,2013,11320,NA
17,Alcorn,/team/17/10942,916,SWAC,1,2012,10942,NA
17,Alcorn,/team/17/10561,916,SWAC,1,2011,10561,NA
17,Alcorn,/team/17/10240,916,SWAC,1,2010,10240,NA
27,App State,/teams/614852,818,Sun Belt,1,2026,17040,614852
27,App State,/teams/596484,818,Sun Belt,1,2025,16840,596484
27,App State,/team/27/16580,818,Sun Belt,1,2024,16580,NA
27,App State,/team/27/16340,818,Sun Belt,1,2023,16340,NA
27,App State,/team/27/15860,818,Sun Belt,1,2022,15860,NA
27,App State,/team/27/15580,818,Sun Belt,1,2021,15580,NA
27,App State,/team/27/15204,818,Sun Belt,1,2020,15204,NA
27,App State,/team/27/15204,818,Sun Belt,1,2019,15204,NA
27,App State,/team/27/12973,818,Sun Belt,1,2018,12973,NA
27,App State,/team/27/12560,818,Sun Belt,1,2017,12560,NA
27,App State,/team/27/12360,818,Sun Belt,1,2016,12360,NA
27,App State,/team/27/12080,818,Sun Belt,1,2015,12080,NA
27,App State,/team/27/11620,912,SoCon,1,2014,11620,NA
27,App State,/team/27/11320,912,SoCon,1,2013,11320,NA
27,App State,/team/27/10942,912,SoCon,1,2012,10942,NA
27,App State,/team/27/10561,912,SoCon,1,2011,10561,NA
27,App State,/team/27/10240,912,SoCon,1,2010,10240,NA
29,Arizona,/teams/614767,25354,Big 12,1,2026,17040,614767
29,Arizona,/teams/596706,25354,Big 12,1,2025,16840,596706
29,Arizona,/team/29/16580,905,Pac-12,1,2024,16580,NA
29,Arizona,/team/29/16340,905,Pac-12,1,2023,16340,NA
29,Arizona,/team/29/15860,905,Pac-12,1,2022,15860,NA
29,Arizona,/team/29/15580,905,Pac-12,1,2021,15580,NA
29,Arizona,/team/29/15204,905,Pac-12,1,2020,15204,NA
29,Arizona,/team/29/15204,905,Pac-12,1,2019,15204,NA
29,Arizona,/team/29/12973,905,Pac-12,1,2018,12973,NA
29,Arizona,/team/29/12560,905,Pac-12,1,2017,12560,NA
29,Arizona,/team/29/12360,905,Pac-12,1,2016,12360,NA
29,Arizona,/team/29/12080,905,Pac-12,1,2015,12080,NA
29,Arizona,/team/29/11620,905,Pac-12,1,2014,11620,NA
29,Arizona,/team/29/11320,905,Pac-12,1,2013,11320,NA
29,Arizona,/team/29/10942,905,Pac-12,1,2012,10942,NA
29,Arizona,/team/29/10561,905,Pac-12,1,2011,10561,NA
29,Arizona,/team/29/10240,905,Pac-12,1,2010,10240,NA
28,Arizona St.,/teams/614853,25354,Big 12,1,2026,17040,614853
28,Arizona St.,/teams/596485,25354,Big 12,1,2025,16840,596485
28,Arizona St.,/team/28/16580,905,Pac-12,1,2024,16580,NA
28,Arizona St.,/team/28/16340,905,Pac-12,1,2023,16340,NA
28,Arizona St.,/team/28/15860,905,Pac-12,1,2022,15860,NA
28,Arizona St.,/team/28/15580,905,Pac-12,1,2021,15580,NA
28,Arizona St.,/team/28/15204,905,Pac-12,1,2020,15204,NA
28,Arizona St.,/team/28/15204,905,Pac-12,1,2019,15204,NA
28,Arizona St.,/team/28/12973,905,Pac-12,1,2018,12973,NA
28,Arizona St.,/team/28/12560,905,Pac-12,1,2017,12560,NA
28,Arizona St.,/team/28/12360,905,Pac-12,1,2016,12360,NA
28,Arizona St.,/team/28/12080,905,Pac-12,1,2015,12080,NA
28,Arizona St.,/team/28/11620,905,Pac-12,1,2014,11620,NA
28,Arizona St.,/team/28/11320,905,Pac-12,1,2013,11320,NA
28,Arizona St.,/team/28/10942,905,Pac-12,1,2012,10942,NA
28,Arizona St.,/team/28/10561,905,Pac-12,1,2011,10561,NA
28,Arizona St.,/team/28/10240,905,Pac-12,1,2010,10240,NA
2678,Ark.-Pine Bluff,/teams/614834,916,SWAC,1,2026,17040,614834
2678,Ark.-Pine Bluff,/teams/596466,916,SWAC,1,2025,16840,596466
2678,Ark.-Pine Bluff,/team/2678/16580,916,SWAC,1,2024,16580,NA
2678,Ark.-Pine Bluff,/team/2678/16340,916,SWAC,1,2023,16340,NA
2678,Ark.-Pine Bluff,/team/2678/15860,916,SWAC,1,2022,15860,NA
2678,Ark.-Pine Bluff,/team/2678/15580,916,SWAC,1,2021,15580,NA
2678,Ark.-Pine Bluff,/team/2678/15204,916,SWAC,1,2020,15204,NA
2678,Ark.-Pine Bluff,/team/2678/15204,916,SWAC,1,2019,15204,NA
2678,Ark.-Pine Bluff,/team/2678/12973,916,SWAC,1,2018,12973,NA
2678,Ark.-Pine Bluff,/team/2678/12560,916,SWAC,1,2017,12560,NA
2678,Ark.-Pine Bluff,/team/2678/12360,916,SWAC,1,2016,12360,NA
2678,Ark.-Pine Bluff,/team/2678/12080,916,SWAC,1,2015,12080,NA
2678,Ark.-Pine Bluff,/team/2678/11620,916,SWAC,1,2014,11620,NA
2678,Ark.-Pine Bluff,/team/2678/11320,916,SWAC,1,2013,11320,NA
2678,Ark.-Pine Bluff,/team/2678/10942,916,SWAC,1,2012,10942,NA
2678,Ark.-Pine Bluff,/team/2678/10561,916,SWAC,1,2011,10561,NA
2678,Ark.-Pine Bluff,/team/2678/10240,916,SWAC,1,2010,10240,NA
31,Arkansas,/teams/614855,911,SEC,1,2026,17040,614855
31,Arkansas,/teams/596487,911,SEC,1,2025,16840,596487
31,Arkansas,/team/31/16580,911,SEC,1,2024,16580,NA
31,Arkansas,/team/31/16340,911,SEC,1,2023,16340,NA
31,Arkansas,/team/31/15860,911,SEC,1,2022,15860,NA
31,Arkansas,/team/31/15580,911,SEC,1,2021,15580,NA
31,Arkansas,/team/31/15204,911,SEC,1,2020,15204,NA
31,Arkansas,/team/31/15204,911,SEC,1,2019,15204,NA
31,Arkansas,/team/31/12973,911,SEC,1,2018,12973,NA
31,Arkansas,/team/31/12560,911,SEC,1,2017,12560,NA
31,Arkansas,/team/31/12360,911,SEC,1,2016,12360,NA
31,Arkansas,/team/31/12080,911,SEC,1,2015,12080,NA
31,Arkansas,/team/31/11620,911,SEC,1,2014,11620,NA
31,Arkansas,/team/31/11320,911,SEC,1,2013,11320,NA
31,Arkansas,/team/31/10942,911,SEC,1,2012,10942,NA
31,Arkansas,/team/31/10561,911,SEC,1,2011,10561,NA
31,Arkansas,/team/31/10240,911,SEC,1,2010,10240,NA
30,Arkansas St.,/teams/614854,818,Sun Belt,1,2026,17040,614854
30,Arkansas St.,/teams/596486,818,Sun Belt,1,2025,16840,596486
30,Arkansas St.,/team/30/16580,818,Sun Belt,1,2024,16580,NA
30,Arkansas St.,/team/30/16340,818,Sun Belt,1,2023,16340,NA
30,Arkansas St.,/team/30/15860,818,Sun Belt,1,2022,15860,NA
30,Arkansas St.,/team/30/15580,818,Sun Belt,1,2021,15580,NA
30,Arkansas St.,/team/30/15204,818,Sun Belt,1,2020,15204,NA
30,Arkansas St.,/team/30/15204,818,Sun Belt,1,2019,15204,NA
30,Arkansas St.,/team/30/12973,818,Sun Belt,1,2018,12973,NA
30,Arkansas St.,/team/30/12560,818,Sun Belt,1,2017,12560,NA
30,Arkansas St.,/team/30/12360,818,Sun Belt,1,2016,12360,NA
30,Arkansas St.,/team/30/12080,818,Sun Belt,1,2015,12080,NA
30,Arkansas St.,/team/30/11620,818,Sun Belt,1,2014,11620,NA
30,Arkansas St.,/team/30/11320,818,Sun Belt,1,2013,11320,NA
30,Arkansas St.,/team/30/10942,818,Sun Belt,1,2012,10942,NA
30,Arkansas St.,/team/30/10561,818,Sun Belt,1,2011,10561,NA
30,Arkansas St.,/team/30/10240,818,Sun Belt,1,2010,10240,NA
725,Army West Point,/teams/614763,838,Patriot,1,2026,17040,614763
725,Army West Point,/teams/596702,838,Patriot,1,2025,16840,596702
725,Army West Point,/team/725/16580,838,Patriot,1,2024,16580,NA
725,Army West Point,/team/725/16340,838,Patriot,1,2023,16340,NA
725,Army West Point,/team/725/15860,838,Patriot,1,2022,15860,NA
725,Army West Point,/team/725/15580,838,Patriot,1,2021,15580,NA
725,Army West Point,/team/725/15204,838,Patriot,1,2020,15204,NA
725,Army West Point,/team/725/15204,838,Patriot,1,2019,15204,NA
725,Army West Point,/team/725/12973,838,Patriot,1,2018,12973,NA
725,Army West Point,/team/725/12560,838,Patriot,1,2017,12560,NA
725,Army West Point,/team/725/12360,838,Patriot,1,2016,12360,NA
725,Army West Point,/team/725/12080,838,Patriot,1,2015,12080,NA
725,Army West Point,/team/725/11620,838,Patriot,1,2014,11620,NA
725,Army West Point,/team/725/11320,838,Patriot,1,2013,11320,NA
725,Army West Point,/team/725/10942,838,Patriot,1,2012,10942,NA
725,Army West Point,/team/725/10561,838,Patriot,1,2011,10561,NA
725,Army West Point,/team/725/10240,838,Patriot,1,2010,10240,NA
37,Auburn,/teams/614857,911,SEC,1,2026,17040,614857
37,Auburn,/teams/596489,911,SEC,1,2025,16840,596489
37,Auburn,/team/37/16580,911,SEC,1,2024,16580,NA
37,Auburn,/team/37/16340,911,SEC,1,2023,16340,NA
37,Auburn,/team/37/15860,911,SEC,1,2022,15860,NA
37,Auburn,/team/37/15580,911,SEC,1,2021,15580,NA
37,Auburn,/team/37/15204,911,SEC,1,2020,15204,NA
37,Auburn,/team/37/15204,911,SEC,1,2019,15204,NA
37,Auburn,/team/37/12973,911,SEC,1,2018,12973,NA
37,Auburn,/team/37/12560,911,SEC,1,2017,12560,NA
37,Auburn,/team/37/12360,911,SEC,1,2016,12360,NA
37,Auburn,/team/37/12080,911,SEC,1,2015,12080,NA
37,Auburn,/team/37/11620,911,SEC,1,2014,11620,NA
37,Auburn,/team/37/11320,911,SEC,1,2013,11320,NA
37,Auburn,/team/37/10942,911,SEC,1,2012,10942,NA
37,Auburn,/team/37/10561,911,SEC,1,2011,10561,NA
37,Auburn,/team/37/10240,911,SEC,1,2010,10240,NA
43,Austin Peay,/teams/614858,920,ASUN,1,2026,17040,614858
43,Austin Peay,/teams/596490,920,ASUN,1,2025,16840,596490
43,Austin Peay,/team/43/16580,920,ASUN,1,2024,16580,NA
43,Austin Peay,/team/43/16340,920,ASUN,1,2023,16340,NA
43,Austin Peay,/team/43/15860,902,OVC,1,2022,15860,NA
43,Austin Peay,/team/43/15580,902,OVC,1,2021,15580,NA
43,Austin Peay,/team/43/15204,902,OVC,1,2020,15204,NA
43,Austin Peay,/team/43/15204,902,OVC,1,2019,15204,NA
43,Austin Peay,/team/43/12973,902,OVC,1,2018,12973,NA
43,Austin Peay,/team/43/12560,902,OVC,1,2017,12560,NA
43,Austin Peay,/team/43/12360,902,OVC,1,2016,12360,NA
43,Austin Peay,/team/43/12080,902,OVC,1,2015,12080,NA
43,Austin Peay,/team/43/11620,902,OVC,1,2014,11620,NA
43,Austin Peay,/team/43/11320,902,OVC,1,2013,11320,NA
43,Austin Peay,/team/43/10942,902,OVC,1,2012,10942,NA
43,Austin Peay,/team/43/10561,902,OVC,1,2011,10561,NA
43,Austin Peay,/team/43/10240,902,OVC,1,2010,10240,NA
77,BYU,/teams/614867,25354,Big 12,1,2026,17040,614867
77,BYU,/teams/596499,25354,Big 12,1,2025,16840,596499
77,BYU,/team/77/16580,25354,Big 12,1,2024,16580,NA
77,BYU,/team/77/16340,922,WCC,1,2023,16340,NA
77,BYU,/team/77/15860,922,WCC,1,2022,15860,NA
77,BYU,/team/77/15580,922,WCC,1,2021,15580,NA
77,BYU,/team/77/15204,922,WCC,1,2020,15204,NA
77,BYU,/team/77/15204,922,WCC,1,2019,15204,NA
77,BYU,/team/77/12973,922,WCC,1,2018,12973,NA
77,BYU,/team/77/12560,922,WCC,1,2017,12560,NA
77,BYU,/team/77/12360,922,WCC,1,2016,12360,NA
77,BYU,/team/77/12080,922,WCC,1,2015,12080,NA
77,BYU,/team/77/11620,922,WCC,1,2014,11620,NA
77,BYU,/team/77/11320,922,WCC,1,2013,11320,NA
77,BYU,/team/77/10942,922,WCC,1,2012,10942,NA
77,BYU,/team/77/10561,5486,Mountain West,1,2011,10561,NA
77,BYU,/team/77/10240,5486,Mountain West,1,2010,10240,NA
47,Ball St.,/teams/614859,875,MAC,1,2026,17040,614859
47,Ball St.,/teams/596491,875,MAC,1,2025,16840,596491
47,Ball St.,/team/47/16580,875,MAC,1,2024,16580,NA
47,Ball St.,/team/47/16340,875,MAC,1,2023,16340,NA
47,Ball St.,/team/47/15860,875,MAC,1,2022,15860,NA
47,Ball St.,/team/47/15580,875,MAC,1,2021,15580,NA
47,Ball St.,/team/47/15204,875,MAC,1,2020,15204,NA
47,Ball St.,/team/47/15204,875,MAC,1,2019,15204,NA
47,Ball St.,/team/47/12973,875,MAC,1,2018,12973,NA
47,Ball St.,/team/47/12560,875,MAC,1,2017,12560,NA
47,Ball St.,/team/47/12360,875,MAC,1,2016,12360,NA
47,Ball St.,/team/47/12080,875,MAC,1,2015,12080,NA
47,Ball St.,/team/47/11620,875,MAC,1,2014,11620,NA
47,Ball St.,/team/47/11320,875,MAC,1,2013,11320,NA
47,Ball St.,/team/47/10942,875,MAC,1,2012,10942,NA
47,Ball St.,/team/47/10561,875,MAC,1,2011,10561,NA
47,Ball St.,/team/47/10240,875,MAC,1,2010,10240,NA
51,Baylor,/teams/614861,25354,Big 12,1,2026,17040,614861
51,Baylor,/teams/596493,25354,Big 12,1,2025,16840,596493
51,Baylor,/team/51/16580,25354,Big 12,1,2024,16580,NA
51,Baylor,/team/51/16340,25354,Big 12,1,2023,16340,NA
51,Baylor,/team/51/15860,25354,Big 12,1,2022,15860,NA
51,Baylor,/team/51/15580,25354,Big 12,1,2021,15580,NA
51,Baylor,/team/51/15204,25354,Big 12,1,2020,15204,NA
51,Baylor,/team/51/15204,25354,Big 12,1,2019,15204,NA
51,Baylor,/team/51/12973,25354,Big 12,1,2018,12973,NA
51,Baylor,/team/51/12560,25354,Big 12,1,2017,12560,NA
51,Baylor,/team/51/12360,25354,Big 12,1,2016,12360,NA
51,Baylor,/team/51/12080,25354,Big 12,1,2015,12080,NA
51,Baylor,/team/51/11620,25354,Big 12,1,2014,11620,NA
51,Baylor,/team/51/11320,25354,Big 12,1,2013,11320,NA
51,Baylor,/team/51/10942,25354,Big 12,1,2012,10942,NA
51,Baylor,/team/51/10561,25354,Big 12,1,2011,10561,NA
51,Baylor,/team/51/10240,25354,Big 12,1,2010,10240,NA
52,Bellarmine,/teams/614754,920,ASUN,1,2026,17040,614754
52,Bellarmine,/teams/596693,920,ASUN,1,2025,16840,596693
52,Bellarmine,/team/52/16580,920,ASUN,1,2024,16580,NA
52,Bellarmine,/team/52/16340,920,ASUN,1,2023,16340,NA
52,Bellarmine,/team/52/15860,920,ASUN,1,2022,15860,NA
52,Bellarmine,/team/52/15580,920,ASUN,1,2021,15580,NA
14927,Belmont,/teams/614838,884,MVC,1,2026,17040,614838
14927,Belmont,/teams/596470,884,MVC,1,2025,16840,596470
14927,Belmont,/team/14927/16580,884,MVC,1,2024,16580,NA
14927,Belmont,/team/14927/16340,884,MVC,1,2023,16340,NA
14927,Belmont,/team/14927/15860,902,OVC,1,2022,15860,NA
14927,Belmont,/team/14927/15580,902,OVC,1,2021,15580,NA
14927,Belmont,/team/14927/15204,902,OVC,1,2020,15204,NA
14927,Belmont,/team/14927/15204,902,OVC,1,2019,15204,NA
14927,Belmont,/team/14927/12973,902,OVC,1,2018,12973,NA
14927,Belmont,/team/14927/12560,902,OVC,1,2017,12560,NA
14927,Belmont,/team/14927/12360,902,OVC,1,2016,12360,NA
14927,Belmont,/team/14927/12080,902,OVC,1,2015,12080,NA
14927,Belmont,/team/14927/11620,902,OVC,1,2014,11620,NA
14927,Belmont,/team/14927/11320,902,OVC,1,2013,11320,NA
14927,Belmont,/team/14927/10942,920,ASUN,1,2012,10942,NA
14927,Belmont,/team/14927/10561,920,ASUN,1,2011,10561,NA
14927,Belmont,/team/14927/10240,920,ASUN,1,2010,10240,NA
30171,Berea,/team/30171/12560,0,Independent,1,2017,12560,NA
61,Bethune-Cookman,/teams/614862,916,SWAC,1,2026,17040,614862
61,Bethune-Cookman,/teams/596494,916,SWAC,1,2025,16840,596494
61,Bethune-Cookman,/team/61/16580,916,SWAC,1,2024,16580,NA
61,Bethune-Cookman,/team/61/16340,916,SWAC,1,2023,16340,NA
61,Bethune-Cookman,/team/61/15860,916,SWAC,1,2022,15860,NA
61,Bethune-Cookman,/team/61/15580,876,MEAC,1,2021,15580,NA
61,Bethune-Cookman,/team/61/15204,876,MEAC,1,2020,15204,NA
61,Bethune-Cookman,/team/61/15204,876,MEAC,1,2019,15204,NA
61,Bethune-Cookman,/team/61/12973,876,MEAC,1,2018,12973,NA
61,Bethune-Cookman,/team/61/12560,876,MEAC,1,2017,12560,NA
61,Bethune-Cookman,/team/61/12360,876,MEAC,1,2016,12360,NA
61,Bethune-Cookman,/team/61/12080,876,MEAC,1,2015,12080,NA
61,Bethune-Cookman,/team/61/11620,876,MEAC,1,2014,11620,NA
61,Bethune-Cookman,/team/61/11320,876,MEAC,1,2013,11320,NA
61,Bethune-Cookman,/team/61/10942,876,MEAC,1,2012,10942,NA
61,Bethune-Cookman,/team/61/10561,876,MEAC,1,2011,10561,NA
61,Bethune-Cookman,/team/61/10240,876,MEAC,1,2010,10240,NA
62,Binghamton,/teams/614863,845,America East,1,2026,17040,614863
62,Binghamton,/teams/596495,845,America East,1,2025,16840,596495
62,Binghamton,/team/62/16580,845,America East,1,2024,16580,NA
62,Binghamton,/team/62/16340,845,America East,1,2023,16340,NA
62,Binghamton,/team/62/15860,845,America East,1,2022,15860,NA
62,Binghamton,/team/62/15580,845,America East,1,2021,15580,NA
62,Binghamton,/team/62/15204,845,America East,1,2020,15204,NA
62,Binghamton,/team/62/15204,845,America East,1,2019,15204,NA
62,Binghamton,/team/62/12973,845,America East,1,2018,12973,NA
62,Binghamton,/team/62/12560,845,America East,1,2017,12560,NA
62,Binghamton,/team/62/12360,845,America East,1,2016,12360,NA
62,Binghamton,/team/62/12080,845,America East,1,2015,12080,NA
62,Binghamton,/team/62/11620,845,America East,1,2014,11620,NA
62,Binghamton,/team/62/11320,845,America East,1,2013,11320,NA
62,Binghamton,/team/62/10942,845,America East,1,2012,10942,NA
62,Binghamton,/team/62/10561,845,America East,1,2011,10561,NA
62,Binghamton,/team/62/10240,845,America East,1,2010,10240,NA
985,Bluefield St.,/team/985/12560,0,Independent,1,2017,12560,NA
985,Bluefield St.,/team/985/12360,0,Independent,1,2016,12360,NA
985,Bluefield St.,/team/985/12080,0,Independent,1,2015,12080,NA
66,Boise St.,/team/66/15204,5486,Mountain West,1,2020,15204,NA
66,Boise St.,/team/66/15204,5486,Mountain West,1,2019,15204,NA
67,Boston College,/teams/614864,821,ACC,1,2026,17040,614864
67,Boston College,/teams/596496,821,ACC,1,2025,16840,596496
67,Boston College,/team/67/16580,821,ACC,1,2024,16580,NA
67,Boston College,/team/67/16340,821,ACC,1,2023,16340,NA
67,Boston College,/team/67/15860,821,ACC,1,2022,15860,NA
67,Boston College,/team/67/15580,821,ACC,1,2021,15580,NA
67,Boston College,/team/67/15204,821,ACC,1,2020,15204,NA
67,Boston College,/team/67/15204,821,ACC,1,2019,15204,NA
67,Boston College,/team/67/12973,821,ACC,1,2018,12973,NA
67,Boston College,/team/67/12560,821,ACC,1,2017,12560,NA
67,Boston College,/team/67/12360,821,ACC,1,2016,12360,NA
67,Boston College,/team/67/12080,821,ACC,1,2015,12080,NA
67,Boston College,/team/67/11620,821,ACC,1,2014,11620,NA
67,Boston College,/team/67/11320,821,ACC,1,2013,11320,NA
67,Boston College,/team/67/10942,821,ACC,1,2012,10942,NA
67,Boston College,/team/67/10561,821,ACC,1,2011,10561,NA
67,Boston College,/team/67/10240,821,ACC,1,2010,10240,NA
71,Bowling Green,/teams/614865,875,MAC,1,2026,17040,614865
71,Bowling Green,/teams/596497,875,MAC,1,2025,16840,596497
71,Bowling Green,/team/71/16580,875,MAC,1,2024,16580,NA
71,Bowling Green,/team/71/16340,875,MAC,1,2023,16340,NA
71,Bowling Green,/team/71/15860,875,MAC,1,2022,15860,NA
71,Bowling Green,/team/71/15580,875,MAC,1,2021,15580,NA
71,Bowling Green,/team/71/15204,875,MAC,1,2020,15204,NA
71,Bowling Green,/team/71/15204,875,MAC,1,2019,15204,NA
71,Bowling Green,/team/71/12973,875,MAC,1,2018,12973,NA
71,Bowling Green,/team/71/12560,875,MAC,1,2017,12560,NA
71,Bowling Green,/team/71/12360,875,MAC,1,2016,12360,NA
71,Bowling Green,/team/71/12080,875,MAC,1,2015,12080,NA
71,Bowling Green,/team/71/11620,875,MAC,1,2014,11620,NA
71,Bowling Green,/team/71/11320,875,MAC,1,2013,11320,NA
71,Bowling Green,/team/71/10942,875,MAC,1,2012,10942,NA
71,Bowling Green,/team/71/10561,875,MAC,1,2011,10561,NA
71,Bowling Green,/team/71/10240,875,MAC,1,2010,10240,NA
72,Bradley,/teams/614866,884,MVC,1,2026,17040,614866
72,Bradley,/teams/596498,884,MVC,1,2025,16840,596498
72,Bradley,/team/72/16580,884,MVC,1,2024,16580,NA
72,Bradley,/team/72/16340,884,MVC,1,2023,16340,NA
72,Bradley,/team/72/15860,884,MVC,1,2022,15860,NA
72,Bradley,/team/72/15580,884,MVC,1,2021,15580,NA
72,Bradley,/team/72/15204,884,MVC,1,2020,15204,NA
72,Bradley,/team/72/15204,884,MVC,1,2019,15204,NA
72,Bradley,/team/72/12973,884,MVC,1,2018,12973,NA
72,Bradley,/team/72/12560,884,MVC,1,2017,12560,NA
72,Bradley,/team/72/12360,884,MVC,1,2016,12360,NA
72,Bradley,/team/72/12080,884,MVC,1,2015,12080,NA
72,Bradley,/team/72/11620,884,MVC,1,2014,11620,NA
72,Bradley,/team/72/11320,884,MVC,1,2013,11320,NA
72,Bradley,/team/72/10942,884,MVC,1,2012,10942,NA
72,Bradley,/team/72/10561,884,MVC,1,2011,10561,NA
72,Bradley,/team/72/10240,884,MVC,1,2010,10240,NA
80,Brown,/teams/614868,865,Ivy League,1,2026,17040,614868
80,Brown,/teams/596500,865,Ivy League,1,2025,16840,596500
80,Brown,/team/80/16580,865,Ivy League,1,2024,16580,NA
80,Brown,/team/80/16340,865,Ivy League,1,2023,16340,NA
80,Brown,/team/80/15860,865,Ivy League,1,2022,15860,NA
80,Brown,/team/80/15580,865,Ivy League,1,2021,15580,NA
80,Brown,/team/80/15204,865,Ivy League,1,2020,15204,NA
80,Brown,/team/80/15204,865,Ivy League,1,2019,15204,NA
80,Brown,/team/80/12973,865,Ivy League,1,2018,12973,NA
80,Brown,/team/80/12560,865,Ivy League,1,2017,12560,NA
80,Brown,/team/80/12360,865,Ivy League,1,2016,12360,NA
80,Brown,/team/80/12080,865,Ivy League,1,2015,12080,NA
80,Brown,/team/80/11620,865,Ivy League,1,2014,11620,NA
80,Brown,/team/80/11320,865,Ivy League,1,2013,11320,NA
80,Brown,/team/80/10942,865,Ivy League,1,2012,10942,NA
80,Brown,/team/80/10561,865,Ivy League,1,2011,10561,NA
80,Brown,/team/80/10240,865,Ivy League,1,2010,10240,NA
81,Bryant,/teams/614869,845,America East,1,2026,17040,614869
81,Bryant,/teams/596501,845,America East,1,2025,16840,596501
81,Bryant,/team/81/16580,845,America East,1,2024,16580,NA
81,Bryant,/team/81/16340,845,America East,1,2023,16340,NA
81,Bryant,/team/81/15860,846,NEC,1,2022,15860,NA
81,Bryant,/team/81/15580,846,NEC,1,2021,15580,NA
81,Bryant,/team/81/15204,846,NEC,1,2020,15204,NA
81,Bryant,/team/81/15204,846,NEC,1,2019,15204,NA
81,Bryant,/team/81/12973,846,NEC,1,2018,12973,NA
81,Bryant,/team/81/12560,846,NEC,1,2017,12560,NA
81,Bryant,/team/81/12360,846,NEC,1,2016,12360,NA
81,Bryant,/team/81/12080,846,NEC,1,2015,12080,NA
81,Bryant,/team/81/11620,846,NEC,1,2014,11620,NA
81,Bryant,/team/81/11320,846,NEC,1,2013,11320,NA
81,Bryant,/team/81/10942,846,NEC,1,2012,10942,NA
81,Bryant,/team/81/10561,846,NEC,1,2011,10561,NA
81,Bryant,/team/81/10240,846,NEC,1,2010,10240,NA
83,Bucknell,/teams/614563,838,Patriot,1,2026,17040,614563
83,Bucknell,/teams/596502,838,Patriot,1,2025,16840,596502
83,Bucknell,/team/83/16580,838,Patriot,1,2024,16580,NA
83,Bucknell,/team/83/16340,838,Patriot,1,2023,16340,NA
83,Bucknell,/team/83/15860,838,Patriot,1,2022,15860,NA
83,Bucknell,/team/83/15580,838,Patriot,1,2021,15580,NA
83,Bucknell,/team/83/15204,838,Patriot,1,2020,15204,NA
83,Bucknell,/team/83/15204,838,Patriot,1,2019,15204,NA
83,Bucknell,/team/83/12973,838,Patriot,1,2018,12973,NA
83,Bucknell,/team/83/12560,838,Patriot,1,2017,12560,NA
83,Bucknell,/team/83/12360,838,Patriot,1,2016,12360,NA
83,Bucknell,/team/83/12080,838,Patriot,1,2015,12080,NA
83,Bucknell,/team/83/11620,838,Patriot,1,2014,11620,NA
83,Bucknell,/team/83/11320,838,Patriot,1,2013,11320,NA
83,Bucknell,/team/83/10942,838,Patriot,1,2012,10942,NA
83,Bucknell,/team/83/10561,838,Patriot,1,2011,10561,NA
83,Bucknell,/team/83/10240,838,Patriot,1,2010,10240,NA
86,Buffalo,/team/86/12560,875,MAC,1,2017,12560,NA
86,Buffalo,/team/86/12360,875,MAC,1,2016,12360,NA
86,Buffalo,/team/86/12080,875,MAC,1,2015,12080,NA
86,Buffalo,/team/86/11620,875,MAC,1,2014,11620,NA
86,Buffalo,/team/86/11320,875,MAC,1,2013,11320,NA
86,Buffalo,/team/86/10942,875,MAC,1,2012,10942,NA
86,Buffalo,/team/86/10561,875,MAC,1,2011,10561,NA
86,Buffalo,/team/86/10240,875,MAC,1,2010,10240,NA
87,Butler,/teams/614564,30184,Big East,1,2026,17040,614564
87,Butler,/teams/596503,30184,Big East,1,2025,16840,596503
87,Butler,/team/87/16580,30184,Big East,1,2024,16580,NA
87,Butler,/team/87/16340,30184,Big East,1,2023,16340,NA
87,Butler,/team/87/15860,30184,Big East,1,2022,15860,NA
87,Butler,/team/87/15580,30184,Big East,1,2021,15580,NA
87,Butler,/team/87/15204,30184,Big East,1,2020,15204,NA
87,Butler,/team/87/15204,30184,Big East,1,2019,15204,NA
87,Butler,/team/87/12973,30184,Big East,1,2018,12973,NA
87,Butler,/team/87/12560,30184,Big East,1,2017,12560,NA
87,Butler,/team/87/12360,30184,Big East,1,2016,12360,NA
87,Butler,/team/87/12080,30184,Big East,1,2015,12080,NA
87,Butler,/team/87/11620,30184,Big East,1,2014,11620,NA
87,Butler,/team/87/11320,820,Atlantic 10,1,2013,11320,NA
87,Butler,/team/87/10942,881,Horizon,1,2012,10942,NA
87,Butler,/team/87/10561,881,Horizon,1,2011,10561,NA
87,Butler,/team/87/10240,881,Horizon,1,2010,10240,NA
94,CSU Bakersfield,/teams/614566,904,Big West,1,2026,17040,614566
94,CSU Bakersfield,/teams/596505,904,Big West,1,2025,16840,596505
94,CSU Bakersfield,/team/94/16580,904,Big West,1,2024,16580,NA
94,CSU Bakersfield,/team/94/16340,904,Big West,1,2023,16340,NA
94,CSU Bakersfield,/team/94/15860,904,Big West,1,2022,15860,NA
94,CSU Bakersfield,/team/94/15580,904,Big West,1,2021,15580,NA
94,CSU Bakersfield,/team/94/15204,923,WAC,1,2020,15204,NA
94,CSU Bakersfield,/team/94/15204,923,WAC,1,2019,15204,NA
94,CSU Bakersfield,/team/94/12973,923,WAC,1,2018,12973,NA
94,CSU Bakersfield,/team/94/12560,923,WAC,1,2017,12560,NA
94,CSU Bakersfield,/team/94/12360,923,WAC,1,2016,12360,NA
94,CSU Bakersfield,/team/94/12080,923,WAC,1,2015,12080,NA
94,CSU Bakersfield,/team/94/11620,923,WAC,1,2014,11620,NA
94,CSU Bakersfield,/team/94/11320,923,WAC,1,2013,11320,NA
101,CSUN,/teams/614569,904,Big West,1,2026,17040,614569
101,CSUN,/teams/596508,904,Big West,1,2025,16840,596508
101,CSUN,/team/101/16580,904,Big West,1,2024,16580,NA
101,CSUN,/team/101/16340,904,Big West,1,2023,16340,NA
101,CSUN,/team/101/15860,904,Big West,1,2022,15860,NA
101,CSUN,/team/101/15580,904,Big West,1,2021,15580,NA
101,CSUN,/team/101/15204,904,Big West,1,2020,15204,NA
101,CSUN,/team/101/15204,904,Big West,1,2019,15204,NA
101,CSUN,/team/101/12973,904,Big West,1,2018,12973,NA
101,CSUN,/team/101/12560,904,Big West,1,2017,12560,NA
101,CSUN,/team/101/12360,904,Big West,1,2016,12360,NA
101,CSUN,/team/101/12080,904,Big West,1,2015,12080,NA
101,CSUN,/team/101/11620,904,Big West,1,2014,11620,NA
101,CSUN,/team/101/11320,904,Big West,1,2013,11320,NA
101,CSUN,/team/101/10942,904,Big West,1,2012,10942,NA
101,CSUN,/team/101/10561,904,Big West,1,2011,10561,NA
101,CSUN,/team/101/10240,904,Big West,1,2010,10240,NA
90,Cal Poly,/teams/614565,904,Big West,1,2026,17040,614565
90,Cal Poly,/teams/596504,904,Big West,1,2025,16840,596504
90,Cal Poly,/team/90/16580,904,Big West,1,2024,16580,NA
90,Cal Poly,/team/90/16340,904,Big West,1,2023,16340,NA
90,Cal Poly,/team/90/15860,904,Big West,1,2022,15860,NA
90,Cal Poly,/team/90/15580,904,Big West,1,2021,15580,NA
90,Cal Poly,/team/90/15204,904,Big West,1,2020,15204,NA
90,Cal Poly,/team/90/15204,904,Big West,1,2019,15204,NA
90,Cal Poly,/team/90/12973,904,Big West,1,2018,12973,NA
90,Cal Poly,/team/90/12560,904,Big West,1,2017,12560,NA
90,Cal Poly,/team/90/12360,904,Big West,1,2016,12360,NA
90,Cal Poly,/team/90/12080,904,Big West,1,2015,12080,NA
90,Cal Poly,/team/90/11620,904,Big West,1,2014,11620,NA
90,Cal Poly,/team/90/11320,904,Big West,1,2013,11320,NA
90,Cal Poly,/team/90/10942,904,Big West,1,2012,10942,NA
90,Cal Poly,/team/90/10561,904,Big West,1,2011,10561,NA
90,Cal Poly,/team/90/10240,904,Big West,1,2010,10240,NA
97,Cal St. Fullerton,/teams/614567,904,Big West,1,2026,17040,614567
97,Cal St. Fullerton,/teams/596506,904,Big West,1,2025,16840,596506
97,Cal St. Fullerton,/team/97/16580,904,Big West,1,2024,16580,NA
97,Cal St. Fullerton,/team/97/16340,904,Big West,1,2023,16340,NA
97,Cal St. Fullerton,/team/97/15860,904,Big West,1,2022,15860,NA
97,Cal St. Fullerton,/team/97/15580,904,Big West,1,2021,15580,NA
97,Cal St. Fullerton,/team/97/15204,904,Big West,1,2020,15204,NA
97,Cal St. Fullerton,/team/97/15204,904,Big West,1,2019,15204,NA
97,Cal St. Fullerton,/team/97/12973,904,Big West,1,2018,12973,NA
97,Cal St. Fullerton,/team/97/12560,904,Big West,1,2017,12560,NA
97,Cal St. Fullerton,/team/97/12360,904,Big West,1,2016,12360,NA
97,Cal St. Fullerton,/team/97/12080,904,Big West,1,2015,12080,NA
97,Cal St. Fullerton,/team/97/11620,904,Big West,1,2014,11620,NA
97,Cal St. Fullerton,/team/97/11320,904,Big West,1,2013,11320,NA
97,Cal St. Fullerton,/team/97/10942,904,Big West,1,2012,10942,NA
97,Cal St. Fullerton,/team/97/10561,904,Big West,1,2011,10561,NA
97,Cal St. Fullerton,/team/97/10240,904,Big West,1,2010,10240,NA
107,California,/teams/614572,821,ACC,1,2026,17040,614572
107,California,/teams/596511,821,ACC,1,2025,16840,596511
107,California,/team/107/16580,905,Pac-12,1,2024,16580,NA
107,California,/team/107/16340,905,Pac-12,1,2023,16340,NA
107,California,/team/107/15860,905,Pac-12,1,2022,15860,NA
107,California,/team/107/15580,905,Pac-12,1,2021,15580,NA
107,California,/team/107/15204,905,Pac-12,1,2020,15204,NA
107,California,/team/107/15204,905,Pac-12,1,2019,15204,NA
107,California,/team/107/12973,905,Pac-12,1,2018,12973,NA
107,California,/team/107/12560,905,Pac-12,1,2017,12560,NA
107,California,/team/107/12360,905,Pac-12,1,2016,12360,NA
107,California,/team/107/12080,905,Pac-12,1,2015,12080,NA
107,California,/team/107/11620,905,Pac-12,1,2014,11620,NA
107,California,/team/107/11320,905,Pac-12,1,2013,11320,NA
107,California,/team/107/10942,905,Pac-12,1,2012,10942,NA
107,California,/team/107/10561,905,Pac-12,1,2011,10561,NA
107,California,/team/107/10240,905,Pac-12,1,2010,10240,NA
30135,California Baptist,/teams/614844,923,WAC,1,2026,17040,614844
30135,California Baptist,/teams/596476,923,WAC,1,2025,16840,596476
30135,California Baptist,/team/30135/16580,923,WAC,1,2024,16580,NA
30135,California Baptist,/team/30135/16340,923,WAC,1,2023,16340,NA
30135,California Baptist,/team/30135/15860,923,WAC,1,2022,15860,NA
30135,California Baptist,/team/30135/15580,923,WAC,1,2021,15580,NA
30135,California Baptist,/team/30135/15204,923,WAC,1,2020,15204,NA
30135,California Baptist,/team/30135/15204,923,WAC,1,2019,15204,NA
115,Campbell,/teams/614577,837,CAA,1,2026,17040,614577
115,Campbell,/teams/596516,837,CAA,1,2025,16840,596516
115,Campbell,/team/115/16580,837,CAA,1,2024,16580,NA
115,Campbell,/team/115/16340,826,Big South,1,2023,16340,NA
115,Campbell,/team/115/15860,826,Big South,1,2022,15860,NA
115,Campbell,/team/115/15580,826,Big South,1,2021,15580,NA
115,Campbell,/team/115/15204,826,Big South,1,2020,15204,NA
115,Campbell,/team/115/15204,826,Big South,1,2019,15204,NA
115,Campbell,/team/115/12973,826,Big South,1,2018,12973,NA
115,Campbell,/team/115/12560,826,Big South,1,2017,12560,NA
115,Campbell,/team/115/12360,826,Big South,1,2016,12360,NA
115,Campbell,/team/115/12080,826,Big South,1,2015,12080,NA
115,Campbell,/team/115/11620,826,Big South,1,2014,11620,NA
115,Campbell,/team/115/11320,826,Big South,1,2013,11320,NA
115,Campbell,/team/115/10942,826,Big South,1,2012,10942,NA
115,Campbell,/team/115/10561,920,ASUN,1,2011,10561,NA
115,Campbell,/team/115/10240,920,ASUN,1,2010,10240,NA
116,Canisius,/teams/614578,871,MAAC,1,2026,17040,614578
116,Canisius,/teams/596517,871,MAAC,1,2025,16840,596517
116,Canisius,/team/116/16580,871,MAAC,1,2024,16580,NA
116,Canisius,/team/116/16340,871,MAAC,1,2023,16340,NA
116,Canisius,/team/116/15860,871,MAAC,1,2022,15860,NA
116,Canisius,/team/116/15580,871,MAAC,1,2021,15580,NA
116,Canisius,/team/116/15204,871,MAAC,1,2020,15204,NA
116,Canisius,/team/116/15204,871,MAAC,1,2019,15204,NA
116,Canisius,/team/116/12973,871,MAAC,1,2018,12973,NA
116,Canisius,/team/116/12560,871,MAAC,1,2017,12560,NA
116,Canisius,/team/116/12360,871,MAAC,1,2016,12360,NA
116,Canisius,/team/116/12080,871,MAAC,1,2015,12080,NA
116,Canisius,/team/116/11620,871,MAAC,1,2014,11620,NA
116,Canisius,/team/116/11320,871,MAAC,1,2013,11320,NA
116,Canisius,/team/116/10942,871,MAAC,1,2012,10942,NA
116,Canisius,/team/116/10561,871,MAAC,1,2011,10561,NA
116,Canisius,/team/116/10240,871,MAAC,1,2010,10240,NA
125,Centenary (LA),/team/125/10561,819,Summit League,1,2011,10561,NA
125,Centenary (LA),/team/125/10240,819,Summit League,1,2010,10240,NA
1004,Central Ark.,/teams/614825,920,ASUN,1,2026,17040,614825
1004,Central Ark.,/teams/596457,920,ASUN,1,2025,16840,596457
1004,Central Ark.,/team/1004/16580,920,ASUN,1,2024,16580,NA
1004,Central Ark.,/team/1004/16340,920,ASUN,1,2023,16340,NA
1004,Central Ark.,/team/1004/15860,920,ASUN,1,2022,15860,NA
1004,Central Ark.,/team/1004/15580,914,Southland,1,2021,15580,NA
1004,Central Ark.,/team/1004/15204,914,Southland,1,2020,15204,NA
1004,Central Ark.,/team/1004/15204,914,Southland,1,2019,15204,NA
1004,Central Ark.,/team/1004/12973,914,Southland,1,2018,12973,NA
1004,Central Ark.,/team/1004/12560,914,Southland,1,2017,12560,NA
1004,Central Ark.,/team/1004/12360,914,Southland,1,2016,12360,NA
1004,Central Ark.,/team/1004/12080,914,Southland,1,2015,12080,NA
1004,Central Ark.,/team/1004/11620,914,Southland,1,2014,11620,NA
1004,Central Ark.,/team/1004/11320,914,Southland,1,2013,11320,NA
1004,Central Ark.,/team/1004/10942,914,Southland,1,2012,10942,NA
1004,Central Ark.,/team/1004/10561,914,Southland,1,2011,10561,NA
1004,Central Ark.,/team/1004/10240,914,Southland,1,2010,10240,NA
127,Central Conn. St.,/teams/614579,846,NEC,1,2026,17040,614579
127,Central Conn. St.,/teams/596518,846,NEC,1,2025,16840,596518
127,Central Conn. St.,/team/127/16580,846,NEC,1,2024,16580,NA
127,Central Conn. St.,/team/127/16340,846,NEC,1,2023,16340,NA
127,Central Conn. St.,/team/127/15860,846,NEC,1,2022,15860,NA
127,Central Conn. St.,/team/127/15580,846,NEC,1,2021,15580,NA
127,Central Conn. St.,/team/127/15204,846,NEC,1,2020,15204,NA
127,Central Conn. St.,/team/127/15204,846,NEC,1,2019,15204,NA
127,Central Conn. St.,/team/127/12973,846,NEC,1,2018,12973,NA
127,Central Conn. St.,/team/127/12560,846,NEC,1,2017,12560,NA
127,Central Conn. St.,/team/127/12360,846,NEC,1,2016,12360,NA
127,Central Conn. St.,/team/127/12080,846,NEC,1,2015,12080,NA
127,Central Conn. St.,/team/127/11620,846,NEC,1,2014,11620,NA
127,Central Conn. St.,/team/127/11320,846,NEC,1,2013,11320,NA
127,Central Conn. St.,/team/127/10942,846,NEC,1,2012,10942,NA
127,Central Conn. St.,/team/127/10561,846,NEC,1,2011,10561,NA
127,Central Conn. St.,/team/127/10240,846,NEC,1,2010,10240,NA
129,Central Mich.,/teams/614581,875,MAC,1,2026,17040,614581
129,Central Mich.,/teams/596520,875,MAC,1,2025,16840,596520
129,Central Mich.,/team/129/16580,875,MAC,1,2024,16580,NA
129,Central Mich.,/team/129/16340,875,MAC,1,2023,16340,NA
129,Central Mich.,/team/129/15860,875,MAC,1,2022,15860,NA
129,Central Mich.,/team/129/15580,875,MAC,1,2021,15580,NA
129,Central Mich.,/team/129/15204,875,MAC,1,2020,15204,NA
129,Central Mich.,/team/129/15204,875,MAC,1,2019,15204,NA
129,Central Mich.,/team/129/12973,875,MAC,1,2018,12973,NA
129,Central Mich.,/team/129/12560,875,MAC,1,2017,12560,NA
129,Central Mich.,/team/129/12360,875,MAC,1,2016,12360,NA
129,Central Mich.,/team/129/12080,875,MAC,1,2015,12080,NA
129,Central Mich.,/team/129/11620,875,MAC,1,2014,11620,NA
129,Central Mich.,/team/129/11320,875,MAC,1,2013,11320,NA
129,Central Mich.,/team/129/10942,875,MAC,1,2012,10942,NA
129,Central Mich.,/team/129/10561,875,MAC,1,2011,10561,NA
129,Central Mich.,/team/129/10240,875,MAC,1,2010,10240,NA
48,Charleston So.,/teams/614860,826,Big South,1,2026,17040,614860
48,Charleston So.,/teams/596492,826,Big South,1,2025,16840,596492
48,Charleston So.,/team/48/16580,826,Big South,1,2024,16580,NA
48,Charleston So.,/team/48/16340,826,Big South,1,2023,16340,NA
48,Charleston So.,/team/48/15860,826,Big South,1,2022,15860,NA
48,Charleston So.,/team/48/15580,826,Big South,1,2021,15580,NA
48,Charleston So.,/team/48/15204,826,Big South,1,2020,15204,NA
48,Charleston So.,/team/48/15204,826,Big South,1,2019,15204,NA
48,Charleston So.,/team/48/12973,826,Big South,1,2018,12973,NA
48,Charleston So.,/team/48/12560,826,Big South,1,2017,12560,NA
48,Charleston So.,/team/48/12360,826,Big South,1,2016,12360,NA
48,Charleston So.,/team/48/12080,826,Big South,1,2015,12080,NA
48,Charleston So.,/team/48/11620,826,Big South,1,2014,11620,NA
48,Charleston So.,/team/48/11320,826,Big South,1,2013,11320,NA
48,Charleston So.,/team/48/10942,826,Big South,1,2012,10942,NA
48,Charleston So.,/team/48/10561,826,Big South,1,2011,10561,NA
48,Charleston So.,/team/48/10240,826,Big South,1,2010,10240,NA
458,Charlotte,/teams/614676,823,American,1,2026,17040,614676
458,Charlotte,/teams/596615,823,American,1,2025,16840,596615
458,Charlotte,/team/458/16580,823,AAC,1,2024,16580,NA
458,Charlotte,/team/458/16340,24312,C-USA,1,2023,16340,NA
458,Charlotte,/team/458/15860,24312,C-USA,1,2022,15860,NA
458,Charlotte,/team/458/15580,24312,C-USA,1,2021,15580,NA
458,Charlotte,/team/458/15204,24312,C-USA,1,2020,15204,NA
458,Charlotte,/team/458/15204,24312,C-USA,1,2019,15204,NA
458,Charlotte,/team/458/12973,24312,C-USA,1,2018,12973,NA
458,Charlotte,/team/458/12560,24312,C-USA,1,2017,12560,NA
458,Charlotte,/team/458/12360,24312,C-USA,1,2016,12360,NA
458,Charlotte,/team/458/12080,24312,C-USA,1,2015,12080,NA
458,Charlotte,/team/458/11620,24312,C-USA,1,2014,11620,NA
458,Charlotte,/team/458/11320,820,Atlantic 10,1,2013,11320,NA
458,Charlotte,/team/458/10942,820,Atlantic 10,1,2012,10942,NA
458,Charlotte,/team/458/10561,820,Atlantic 10,1,2011,10561,NA
458,Charlotte,/team/458/10240,820,Atlantic 10,1,2010,10240,NA
136,Chicago St.,/team/136/15204,923,WAC,1,2020,15204,NA
136,Chicago St.,/team/136/15204,923,WAC,1,2019,15204,NA
136,Chicago St.,/team/136/12973,923,WAC,1,2018,12973,NA
136,Chicago St.,/team/136/12560,923,WAC,1,2017,12560,NA
136,Chicago St.,/team/136/12360,923,WAC,1,2016,12360,NA
136,Chicago St.,/team/136/12080,923,WAC,1,2015,12080,NA
136,Chicago St.,/team/136/11620,923,WAC,1,2014,11620,NA
136,Chicago St.,/team/136/11320,30156,GWC,1,2013,11320,NA
136,Chicago St.,/team/136/10942,30062,GWC,1,2012,10942,NA
136,Chicago St.,/team/136/10561,30062,GWC,1,2011,10561,NA
136,Chicago St.,/team/136/10240,30062,GWC,1,2010,10240,NA
140,Cincinnati,/teams/614582,25354,Big 12,1,2026,17040,614582
140,Cincinnati,/teams/596521,25354,Big 12,1,2025,16840,596521
140,Cincinnati,/team/140/16580,25354,Big 12,1,2024,16580,NA
140,Cincinnati,/team/140/16340,823,AAC,1,2023,16340,NA
140,Cincinnati,/team/140/15860,823,AAC,1,2022,15860,NA
140,Cincinnati,/team/140/15580,823,AAC,1,2021,15580,NA
140,Cincinnati,/team/140/15204,823,AAC,1,2020,15204,NA
140,Cincinnati,/team/140/15204,823,AAC,1,2019,15204,NA
140,Cincinnati,/team/140/12973,823,AAC,1,2018,12973,NA
140,Cincinnati,/team/140/12560,823,AAC,1,2017,12560,NA
140,Cincinnati,/team/140/12360,823,AAC,1,2016,12360,NA
140,Cincinnati,/team/140/12080,823,AAC,1,2015,12080,NA
140,Cincinnati,/team/140/11620,823,AAC,1,2014,11620,NA
140,Cincinnati,/team/140/11320,823,AAC,1,2013,11320,NA
140,Cincinnati,/team/140/10942,823,AAC,1,2012,10942,NA
140,Cincinnati,/team/140/10561,823,AAC,1,2011,10561,NA
140,Cincinnati,/team/140/10240,823,AAC,1,2010,10240,NA
147,Clemson,/teams/614584,821,ACC,1,2026,17040,614584
147,Clemson,/teams/596523,821,ACC,1,2025,16840,596523
147,Clemson,/team/147/16580,821,ACC,1,2024,16580,NA
147,Clemson,/team/147/16340,821,ACC,1,2023,16340,NA
147,Clemson,/team/147/15860,821,ACC,1,2022,15860,NA
147,Clemson,/team/147/15580,821,ACC,1,2021,15580,NA
147,Clemson,/team/147/15204,821,ACC,1,2020,15204,NA
147,Clemson,/team/147/15204,821,ACC,1,2019,15204,NA
147,Clemson,/team/147/12973,821,ACC,1,2018,12973,NA
147,Clemson,/team/147/12560,821,ACC,1,2017,12560,NA
147,Clemson,/team/147/12360,821,ACC,1,2016,12360,NA
147,Clemson,/team/147/12080,821,ACC,1,2015,12080,NA
147,Clemson,/team/147/11620,821,ACC,1,2014,11620,NA
147,Clemson,/team/147/11320,821,ACC,1,2013,11320,NA
147,Clemson,/team/147/10942,821,ACC,1,2012,10942,NA
147,Clemson,/team/147/10561,821,ACC,1,2011,10561,NA
147,Clemson,/team/147/10240,821,ACC,1,2010,10240,NA
148,Cleveland St.,/team/148/10561,881,Horizon,1,2011,10561,NA
148,Cleveland St.,/team/148/10240,881,Horizon,1,2010,10240,NA
149,Coastal Carolina,/teams/614585,818,Sun Belt,1,2026,17040,614585
149,Coastal Carolina,/teams/596524,818,Sun Belt,1,2025,16840,596524
149,Coastal Carolina,/team/149/16580,818,Sun Belt,1,2024,16580,NA
149,Coastal Carolina,/team/149/16340,818,Sun Belt,1,2023,16340,NA
149,Coastal Carolina,/team/149/15860,818,Sun Belt,1,2022,15860,NA
149,Coastal Carolina,/team/149/15580,818,Sun Belt,1,2021,15580,NA
149,Coastal Carolina,/team/149/15204,818,Sun Belt,1,2020,15204,NA
149,Coastal Carolina,/team/149/15204,818,Sun Belt,1,2019,15204,NA
149,Coastal Carolina,/team/149/12973,818,Sun Belt,1,2018,12973,NA
149,Coastal Carolina,/team/149/12560,818,Sun Belt,1,2017,12560,NA
149,Coastal Carolina,/team/149/12360,826,Big South,1,2016,12360,NA
149,Coastal Carolina,/team/149/12080,826,Big South,1,2015,12080,NA
149,Coastal Carolina,/team/149/11620,826,Big South,1,2014,11620,NA
149,Coastal Carolina,/team/149/11320,826,Big South,1,2013,11320,NA
149,Coastal Carolina,/team/149/10942,826,Big South,1,2012,10942,NA
149,Coastal Carolina,/team/149/10561,826,Big South,1,2011,10561,NA
149,Coastal Carolina,/team/149/10240,826,Big South,1,2010,10240,NA
1014,Col. of Charleston,/teams/614827,837,CAA,1,2026,17040,614827
1014,Col. of Charleston,/teams/596459,837,CAA,1,2025,16840,596459
1014,Col. of Charleston,/team/1014/16580,837,CAA,1,2024,16580,NA
1014,Col. of Charleston,/team/1014/16340,837,CAA,1,2023,16340,NA
1014,Col. of Charleston,/team/1014/15860,837,CAA,1,2022,15860,NA
1014,Col. of Charleston,/team/1014/15580,837,CAA,1,2021,15580,NA
1014,Col. of Charleston,/team/1014/15204,837,CAA,1,2020,15204,NA
1014,Col. of Charleston,/team/1014/15204,837,CAA,1,2019,15204,NA
1014,Col. of Charleston,/team/1014/12973,837,CAA,1,2018,12973,NA
1014,Col. of Charleston,/team/1014/12560,837,CAA,1,2017,12560,NA
1014,Col. of Charleston,/team/1014/12360,837,CAA,1,2016,12360,NA
1014,Col. of Charleston,/team/1014/12080,837,CAA,1,2015,12080,NA
1014,Col. of Charleston,/team/1014/11620,837,CAA,1,2014,11620,NA
1014,Col. of Charleston,/team/1014/11320,912,SoCon,1,2013,11320,NA
1014,Col. of Charleston,/team/1014/10942,912,SoCon,1,2012,10942,NA
1014,Col. of Charleston,/team/1014/10561,912,SoCon,1,2011,10561,NA
1014,Col. of Charleston,/team/1014/10240,912,SoCon,1,2010,10240,NA
158,Columbia,/teams/614586,865,Ivy League,1,2026,17040,614586
158,Columbia,/teams/596525,865,Ivy League,1,2025,16840,596525
158,Columbia,/team/158/16580,865,Ivy League,1,2024,16580,NA
158,Columbia,/team/158/16340,865,Ivy League,1,2023,16340,NA
158,Columbia,/team/158/15860,865,Ivy League,1,2022,15860,NA
158,Columbia,/team/158/15580,865,Ivy League,1,2021,15580,NA
158,Columbia,/team/158/15204,865,Ivy League,1,2020,15204,NA
158,Columbia,/team/158/15204,865,Ivy League,1,2019,15204,NA
158,Columbia,/team/158/12973,865,Ivy League,1,2018,12973,NA
158,Columbia,/team/158/12560,865,Ivy League,1,2017,12560,NA
158,Columbia,/team/158/12360,865,Ivy League,1,2016,12360,NA
158,Columbia,/team/158/12080,865,Ivy League,1,2015,12080,NA
158,Columbia,/team/158/11620,865,Ivy League,1,2014,11620,NA
158,Columbia,/team/158/11320,865,Ivy League,1,2013,11320,NA
158,Columbia,/team/158/10942,865,Ivy League,1,2012,10942,NA
158,Columbia,/team/158/10561,865,Ivy League,1,2011,10561,NA
158,Columbia,/team/158/10240,865,Ivy League,1,2010,10240,NA
165,Coppin St.,/teams/614588,846,NEC,1,2026,17040,614588
165,Coppin St.,/teams/596527,846,NEC,1,2025,16840,596527
165,Coppin St.,/team/165/16580,846,NEC,1,2024,16580,NA
165,Coppin St.,/team/165/16340,846,NEC,1,2023,16340,NA
165,Coppin St.,/team/165/15860,876,MEAC,1,2022,15860,NA
165,Coppin St.,/team/165/15580,876,MEAC,1,2021,15580,NA
165,Coppin St.,/team/165/15204,876,MEAC,1,2020,15204,NA
165,Coppin St.,/team/165/15204,876,MEAC,1,2019,15204,NA
165,Coppin St.,/team/165/12973,876,MEAC,1,2018,12973,NA
165,Coppin St.,/team/165/12560,876,MEAC,1,2017,12560,NA
165,Coppin St.,/team/165/12360,876,MEAC,1,2016,12360,NA
165,Coppin St.,/team/165/12080,876,MEAC,1,2015,12080,NA
165,Coppin St.,/team/165/11620,876,MEAC,1,2014,11620,NA
165,Coppin St.,/team/165/11320,876,MEAC,1,2013,11320,NA
165,Coppin St.,/team/165/10942,876,MEAC,1,2012,10942,NA
165,Coppin St.,/team/165/10561,876,MEAC,1,2011,10561,NA
165,Coppin St.,/team/165/10240,876,MEAC,1,2010,10240,NA
167,Cornell,/teams/614589,865,Ivy League,1,2026,17040,614589
167,Cornell,/teams/596528,865,Ivy League,1,2025,16840,596528
167,Cornell,/team/167/16580,865,Ivy League,1,2024,16580,NA
167,Cornell,/team/167/16340,865,Ivy League,1,2023,16340,NA
167,Cornell,/team/167/15860,865,Ivy League,1,2022,15860,NA
167,Cornell,/team/167/15580,865,Ivy League,1,2021,15580,NA
167,Cornell,/team/167/15204,865,Ivy League,1,2020,15204,NA
167,Cornell,/team/167/15204,865,Ivy League,1,2019,15204,NA
167,Cornell,/team/167/12973,865,Ivy League,1,2018,12973,NA
167,Cornell,/team/167/12560,865,Ivy League,1,2017,12560,NA
167,Cornell,/team/167/12360,865,Ivy League,1,2016,12360,NA
167,Cornell,/team/167/12080,865,Ivy League,1,2015,12080,NA
167,Cornell,/team/167/11620,865,Ivy League,1,2014,11620,NA
167,Cornell,/team/167/11320,865,Ivy League,1,2013,11320,NA
167,Cornell,/team/167/10942,865,Ivy League,1,2012,10942,NA
167,Cornell,/team/167/10561,865,Ivy League,1,2011,10561,NA
167,Cornell,/team/167/10240,865,Ivy League,1,2010,10240,NA
169,Creighton,/teams/614590,30184,Big East,1,2026,17040,614590
169,Creighton,/teams/596529,30184,Big East,1,2025,16840,596529
169,Creighton,/team/169/16580,30184,Big East,1,2024,16580,NA
169,Creighton,/team/169/16340,30184,Big East,1,2023,16340,NA
169,Creighton,/team/169/15860,30184,Big East,1,2022,15860,NA
169,Creighton,/team/169/15580,30184,Big East,1,2021,15580,NA
169,Creighton,/team/169/15204,30184,Big East,1,2020,15204,NA
169,Creighton,/team/169/15204,30184,Big East,1,2019,15204,NA
169,Creighton,/team/169/12973,30184,Big East,1,2018,12973,NA
169,Creighton,/team/169/12560,30184,Big East,1,2017,12560,NA
169,Creighton,/team/169/12360,30184,Big East,1,2016,12360,NA
169,Creighton,/team/169/12080,30184,Big East,1,2015,12080,NA
169,Creighton,/team/169/11620,30184,Big East,1,2014,11620,NA
169,Creighton,/team/169/11320,884,MVC,1,2013,11320,NA
169,Creighton,/team/169/10942,884,MVC,1,2012,10942,NA
169,Creighton,/team/169/10561,884,MVC,1,2011,10561,NA
169,Creighton,/team/169/10240,884,MVC,1,2010,10240,NA
1045,DBU,/teams/614764,24312,CUSA,1,2026,17040,614764
1045,DBU,/teams/596703,24312,CUSA,1,2025,16840,596703
1045,DBU,/team/1045/16580,24312,CUSA,1,2024,16580,NA
1045,DBU,/team/1045/16340,24312,C-USA,1,2023,16340,NA
1045,DBU,/team/1045/15860,884,MVC,1,2022,15860,NA
1045,DBU,/team/1045/15580,884,MVC,1,2021,15580,NA
1045,DBU,/team/1045/15204,884,MVC,1,2020,15204,NA
1045,DBU,/team/1045/15204,884,MVC,1,2019,15204,NA
1045,DBU,/team/1045/12973,884,MVC,1,2018,12973,NA
1045,DBU,/team/1045/12560,884,MVC,1,2017,12560,NA
1045,DBU,/team/1045/12360,884,MVC,1,2016,12360,NA
1045,DBU,/team/1045/12080,884,MVC,1,2015,12080,NA
1045,DBU,/team/1045/11620,884,MVC,1,2014,11620,NA
1045,DBU,/team/1045/11320,923,WAC,1,2013,11320,NA
172,Dartmouth,/teams/614591,865,Ivy League,1,2026,17040,614591
172,Dartmouth,/teams/596530,865,Ivy League,1,2025,16840,596530
172,Dartmouth,/team/172/16580,865,Ivy League,1,2024,16580,NA
172,Dartmouth,/team/172/16340,865,Ivy League,1,2023,16340,NA
172,Dartmouth,/team/172/15860,865,Ivy League,1,2022,15860,NA
172,Dartmouth,/team/172/15580,865,Ivy League,1,2021,15580,NA
172,Dartmouth,/team/172/15204,865,Ivy League,1,2020,15204,NA
172,Dartmouth,/team/172/15204,865,Ivy League,1,2019,15204,NA
172,Dartmouth,/team/172/12973,865,Ivy League,1,2018,12973,NA
172,Dartmouth,/team/172/12560,865,Ivy League,1,2017,12560,NA
172,Dartmouth,/team/172/12360,865,Ivy League,1,2016,12360,NA
172,Dartmouth,/team/172/12080,865,Ivy League,1,2015,12080,NA
172,Dartmouth,/team/172/11620,865,Ivy League,1,2014,11620,NA
172,Dartmouth,/team/172/11320,865,Ivy League,1,2013,11320,NA
172,Dartmouth,/team/172/10942,865,Ivy League,1,2012,10942,NA
172,Dartmouth,/team/172/10561,865,Ivy League,1,2011,10561,NA
172,Dartmouth,/team/172/10240,865,Ivy League,1,2010,10240,NA
173,Davidson,/teams/614592,820,Atlantic 10,1,2026,17040,614592
173,Davidson,/teams/596531,820,Atlantic 10,1,2025,16840,596531
173,Davidson,/team/173/16580,820,Atlantic 10,1,2024,16580,NA
173,Davidson,/team/173/16340,820,Atlantic 10,1,2023,16340,NA
173,Davidson,/team/173/15860,820,Atlantic 10,1,2022,15860,NA
173,Davidson,/team/173/15580,820,Atlantic 10,1,2021,15580,NA
173,Davidson,/team/173/15204,820,Atlantic 10,1,2020,15204,NA
173,Davidson,/team/173/15204,820,Atlantic 10,1,2019,15204,NA
173,Davidson,/team/173/12973,820,Atlantic 10,1,2018,12973,NA
173,Davidson,/team/173/12560,820,Atlantic 10,1,2017,12560,NA
173,Davidson,/team/173/12360,820,Atlantic 10,1,2016,12360,NA
173,Davidson,/team/173/12080,820,Atlantic 10,1,2015,12080,NA
173,Davidson,/team/173/11620,912,SoCon,1,2014,11620,NA
173,Davidson,/team/173/11320,912,SoCon,1,2013,11320,NA
173,Davidson,/team/173/10942,912,SoCon,1,2012,10942,NA
173,Davidson,/team/173/10561,912,SoCon,1,2011,10561,NA
173,Davidson,/team/173/10240,912,SoCon,1,2010,10240,NA
175,Dayton,/teams/614593,820,Atlantic 10,1,2026,17040,614593
175,Dayton,/teams/596532,820,Atlantic 10,1,2025,16840,596532
175,Dayton,/team/175/16580,820,Atlantic 10,1,2024,16580,NA
175,Dayton,/team/175/16340,820,Atlantic 10,1,2023,16340,NA
175,Dayton,/team/175/15860,820,Atlantic 10,1,2022,15860,NA
175,Dayton,/team/175/15580,820,Atlantic 10,1,2021,15580,NA
175,Dayton,/team/175/15204,820,Atlantic 10,1,2020,15204,NA
175,Dayton,/team/175/15204,820,Atlantic 10,1,2019,15204,NA
175,Dayton,/team/175/12973,820,Atlantic 10,1,2018,12973,NA
175,Dayton,/team/175/12560,820,Atlantic 10,1,2017,12560,NA
175,Dayton,/team/175/12360,820,Atlantic 10,1,2016,12360,NA
175,Dayton,/team/175/12080,820,Atlantic 10,1,2015,12080,NA
175,Dayton,/team/175/11620,820,Atlantic 10,1,2014,11620,NA
175,Dayton,/team/175/11320,820,Atlantic 10,1,2013,11320,NA
175,Dayton,/team/175/10942,820,Atlantic 10,1,2012,10942,NA
175,Dayton,/team/175/10561,820,Atlantic 10,1,2011,10561,NA
175,Dayton,/team/175/10240,820,Atlantic 10,1,2010,10240,NA
180,Delaware,/teams/614595,24312,CUSA,1,2026,17040,614595
180,Delaware,/teams/596534,837,CAA,1,2025,16840,596534
180,Delaware,/team/180/16580,837,CAA,1,2024,16580,NA
180,Delaware,/team/180/16340,837,CAA,1,2023,16340,NA
180,Delaware,/team/180/15860,837,CAA,1,2022,15860,NA
180,Delaware,/team/180/15580,837,CAA,1,2021,15580,NA
180,Delaware,/team/180/15204,837,CAA,1,2020,15204,NA
180,Delaware,/team/180/15204,837,CAA,1,2019,15204,NA
180,Delaware,/team/180/12973,837,CAA,1,2018,12973,NA
180,Delaware,/team/180/12560,837,CAA,1,2017,12560,NA
180,Delaware,/team/180/12360,837,CAA,1,2016,12360,NA
180,Delaware,/team/180/12080,837,CAA,1,2015,12080,NA
180,Delaware,/team/180/11620,837,CAA,1,2014,11620,NA
180,Delaware,/team/180/11320,837,CAA,1,2013,11320,NA
180,Delaware,/team/180/10942,837,CAA,1,2012,10942,NA
180,Delaware,/team/180/10561,837,CAA,1,2011,10561,NA
180,Delaware,/team/180/10240,837,CAA,1,2010,10240,NA
178,Delaware St.,/teams/614594,846,NEC,1,2026,17040,614594
178,Delaware St.,/teams/596533,846,NEC,1,2025,16840,596533
178,Delaware St.,/team/178/16580,846,NEC,1,2024,16580,NA
178,Delaware St.,/team/178/16340,846,NEC,1,2023,16340,NA
178,Delaware St.,/team/178/15860,876,MEAC,1,2022,15860,NA
178,Delaware St.,/team/178/15580,876,MEAC,1,2021,15580,NA
178,Delaware St.,/team/178/15204,876,MEAC,1,2020,15204,NA
178,Delaware St.,/team/178/15204,876,MEAC,1,2019,15204,NA
178,Delaware St.,/team/178/12973,876,MEAC,1,2018,12973,NA
178,Delaware St.,/team/178/12560,876,MEAC,1,2017,12560,NA
178,Delaware St.,/team/178/12360,876,MEAC,1,2016,12360,NA
178,Delaware St.,/team/178/12080,876,MEAC,1,2015,12080,NA
178,Delaware St.,/team/178/11620,876,MEAC,1,2014,11620,NA
178,Delaware St.,/team/178/11320,876,MEAC,1,2013,11320,NA
178,Delaware St.,/team/178/10942,876,MEAC,1,2012,10942,NA
178,Delaware St.,/team/178/10561,876,MEAC,1,2011,10561,NA
178,Delaware St.,/team/178/10240,876,MEAC,1,2010,10240,NA
193,Duke,/teams/614769,821,ACC,1,2026,17040,614769
193,Duke,/teams/596708,821,ACC,1,2025,16840,596708
193,Duke,/team/193/16580,821,ACC,1,2024,16580,NA
193,Duke,/team/193/16340,821,ACC,1,2023,16340,NA
193,Duke,/team/193/15860,821,ACC,1,2022,15860,NA
193,Duke,/team/193/15580,821,ACC,1,2021,15580,NA
193,Duke,/team/193/15204,821,ACC,1,2020,15204,NA
193,Duke,/team/193/15204,821,ACC,1,2019,15204,NA
193,Duke,/team/193/12973,821,ACC,1,2018,12973,NA
193,Duke,/team/193/12560,821,ACC,1,2017,12560,NA
193,Duke,/team/193/12360,821,ACC,1,2016,12360,NA
193,Duke,/team/193/12080,821,ACC,1,2015,12080,NA
193,Duke,/team/193/11620,821,ACC,1,2014,11620,NA
193,Duke,/team/193/11320,821,ACC,1,2013,11320,NA
193,Duke,/team/193/10942,821,ACC,1,2012,10942,NA
193,Duke,/team/193/10561,821,ACC,1,2011,10561,NA
193,Duke,/team/193/10240,821,ACC,1,2010,10240,NA
194,Duquesne,/team/194/10240,820,Atlantic 10,1,2010,10240,NA
198,ETSU,/teams/614597,912,SoCon,1,2026,17040,614597
198,ETSU,/teams/596536,912,SoCon,1,2025,16840,596536
198,ETSU,/team/198/16580,912,SoCon,1,2024,16580,NA
198,ETSU,/team/198/16340,912,SoCon,1,2023,16340,NA
198,ETSU,/team/198/15860,912,SoCon,1,2022,15860,NA
198,ETSU,/team/198/15580,912,SoCon,1,2021,15580,NA
198,ETSU,/team/198/15204,912,SoCon,1,2020,15204,NA
198,ETSU,/team/198/15204,912,SoCon,1,2019,15204,NA
198,ETSU,/team/198/12973,912,SoCon,1,2018,12973,NA
198,ETSU,/team/198/12560,912,SoCon,1,2017,12560,NA
198,ETSU,/team/198/12360,912,SoCon,1,2016,12360,NA
198,ETSU,/team/198/12080,912,SoCon,1,2015,12080,NA
198,ETSU,/team/198/11620,920,ASUN,1,2014,11620,NA
198,ETSU,/team/198/11320,920,ASUN,1,2013,11320,NA
198,ETSU,/team/198/10942,920,ASUN,1,2012,10942,NA
198,ETSU,/team/198/10561,920,ASUN,1,2011,10561,NA
198,ETSU,/team/198/10240,920,ASUN,1,2010,10240,NA
196,East Carolina,/teams/614596,823,American,1,2026,17040,614596
196,East Carolina,/teams/596535,823,American,1,2025,16840,596535
196,East Carolina,/team/196/16580,823,AAC,1,2024,16580,NA
196,East Carolina,/team/196/16340,823,AAC,1,2023,16340,NA
196,East Carolina,/team/196/15860,823,AAC,1,2022,15860,NA
196,East Carolina,/team/196/15580,823,AAC,1,2021,15580,NA
196,East Carolina,/team/196/15204,823,AAC,1,2020,15204,NA
196,East Carolina,/team/196/15204,823,AAC,1,2019,15204,NA
196,East Carolina,/team/196/12973,823,AAC,1,2018,12973,NA
196,East Carolina,/team/196/12560,823,AAC,1,2017,12560,NA
196,East Carolina,/team/196/12360,823,AAC,1,2016,12360,NA
196,East Carolina,/team/196/12080,823,AAC,1,2015,12080,NA
196,East Carolina,/team/196/11620,24312,C-USA,1,2014,11620,NA
196,East Carolina,/team/196/11320,24312,C-USA,1,2013,11320,NA
196,East Carolina,/team/196/10942,24312,C-USA,1,2012,10942,NA
196,East Carolina,/team/196/10561,24312,C-USA,1,2011,10561,NA
196,East Carolina,/team/196/10240,24312,C-USA,1,2010,10240,NA
201,Eastern Ill.,/teams/614598,902,OVC,1,2026,17040,614598
201,Eastern Ill.,/teams/596537,902,OVC,1,2025,16840,596537
201,Eastern Ill.,/team/201/16580,902,OVC,1,2024,16580,NA
201,Eastern Ill.,/team/201/16340,902,OVC,1,2023,16340,NA
201,Eastern Ill.,/team/201/15860,902,OVC,1,2022,15860,NA
201,Eastern Ill.,/team/201/15580,902,OVC,1,2021,15580,NA
201,Eastern Ill.,/team/201/15204,902,OVC,1,2020,15204,NA
201,Eastern Ill.,/team/201/15204,902,OVC,1,2019,15204,NA
201,Eastern Ill.,/team/201/12973,902,OVC,1,2018,12973,NA
201,Eastern Ill.,/team/201/12560,902,OVC,1,2017,12560,NA
201,Eastern Ill.,/team/201/12360,902,OVC,1,2016,12360,NA
201,Eastern Ill.,/team/201/12080,902,OVC,1,2015,12080,NA
201,Eastern Ill.,/team/201/11620,902,OVC,1,2014,11620,NA
201,Eastern Ill.,/team/201/11320,902,OVC,1,2013,11320,NA
201,Eastern Ill.,/team/201/10942,902,OVC,1,2012,10942,NA
201,Eastern Ill.,/team/201/10561,902,OVC,1,2011,10561,NA
201,Eastern Ill.,/team/201/10240,902,OVC,1,2010,10240,NA
202,Eastern Ky.,/teams/614599,920,ASUN,1,2026,17040,614599
202,Eastern Ky.,/teams/596538,920,ASUN,1,2025,16840,596538
202,Eastern Ky.,/team/202/16580,920,ASUN,1,2024,16580,NA
202,Eastern Ky.,/team/202/16340,920,ASUN,1,2023,16340,NA
202,Eastern Ky.,/team/202/15860,920,ASUN,1,2022,15860,NA
202,Eastern Ky.,/team/202/15580,902,OVC,1,2021,15580,NA
202,Eastern Ky.,/team/202/15204,902,OVC,1,2020,15204,NA
202,Eastern Ky.,/team/202/15204,902,OVC,1,2019,15204,NA
202,Eastern Ky.,/team/202/12973,902,OVC,1,2018,12973,NA
202,Eastern Ky.,/team/202/12560,902,OVC,1,2017,12560,NA
202,Eastern Ky.,/team/202/12360,902,OVC,1,2016,12360,NA
202,Eastern Ky.,/team/202/12080,902,OVC,1,2015,12080,NA
202,Eastern Ky.,/team/202/11620,902,OVC,1,2014,11620,NA
202,Eastern Ky.,/team/202/11320,902,OVC,1,2013,11320,NA
202,Eastern Ky.,/team/202/10942,902,OVC,1,2012,10942,NA
202,Eastern Ky.,/team/202/10561,902,OVC,1,2011,10561,NA
202,Eastern Ky.,/team/202/10240,902,OVC,1,2010,10240,NA
204,Eastern Mich.,/teams/614600,875,MAC,1,2026,17040,614600
204,Eastern Mich.,/teams/596539,875,MAC,1,2025,16840,596539
204,Eastern Mich.,/team/204/16580,875,MAC,1,2024,16580,NA
204,Eastern Mich.,/team/204/16340,875,MAC,1,2023,16340,NA
204,Eastern Mich.,/team/204/15860,875,MAC,1,2022,15860,NA
204,Eastern Mich.,/team/204/15580,875,MAC,1,2021,15580,NA
204,Eastern Mich.,/team/204/15204,875,MAC,1,2020,15204,NA
204,Eastern Mich.,/team/204/15204,875,MAC,1,2019,15204,NA
204,Eastern Mich.,/team/204/12973,875,MAC,1,2018,12973,NA
204,Eastern Mich.,/team/204/12560,875,MAC,1,2017,12560,NA
204,Eastern Mich.,/team/204/12360,875,MAC,1,2016,12360,NA
204,Eastern Mich.,/team/204/12080,875,MAC,1,2015,12080,NA
204,Eastern Mich.,/team/204/11620,875,MAC,1,2014,11620,NA
204,Eastern Mich.,/team/204/11320,875,MAC,1,2013,11320,NA
204,Eastern Mich.,/team/204/10942,875,MAC,1,2012,10942,NA
204,Eastern Mich.,/team/204/10561,875,MAC,1,2011,10561,NA
204,Eastern Mich.,/team/204/10240,875,MAC,1,2010,10240,NA
1068,Elon,/teams/614828,837,CAA,1,2026,17040,614828
1068,Elon,/teams/596460,837,CAA,1,2025,16840,596460
1068,Elon,/team/1068/16580,837,CAA,1,2024,16580,NA
1068,Elon,/team/1068/16340,837,CAA,1,2023,16340,NA
1068,Elon,/team/1068/15860,837,CAA,1,2022,15860,NA
1068,Elon,/team/1068/15580,837,CAA,1,2021,15580,NA
1068,Elon,/team/1068/15204,837,CAA,1,2020,15204,NA
1068,Elon,/team/1068/15204,837,CAA,1,2019,15204,NA
1068,Elon,/team/1068/12973,837,CAA,1,2018,12973,NA
1068,Elon,/team/1068/12560,837,CAA,1,2017,12560,NA
1068,Elon,/team/1068/12360,837,CAA,1,2016,12360,NA
1068,Elon,/team/1068/12080,837,CAA,1,2015,12080,NA
1068,Elon,/team/1068/11620,912,SoCon,1,2014,11620,NA
1068,Elon,/team/1068/11320,912,SoCon,1,2013,11320,NA
1068,Elon,/team/1068/10942,912,SoCon,1,2012,10942,NA
1068,Elon,/team/1068/10561,912,SoCon,1,2011,10561,NA
1068,Elon,/team/1068/10240,912,SoCon,1,2010,10240,NA
219,Evansville,/teams/614770,884,MVC,1,2026,17040,614770
219,Evansville,/teams/596709,884,MVC,1,2025,16840,596709
219,Evansville,/team/219/16580,884,MVC,1,2024,16580,NA
219,Evansville,/team/219/16340,884,MVC,1,2023,16340,NA
219,Evansville,/team/219/15860,884,MVC,1,2022,15860,NA
219,Evansville,/team/219/15580,884,MVC,1,2021,15580,NA
219,Evansville,/team/219/15204,884,MVC,1,2020,15204,NA
219,Evansville,/team/219/15204,884,MVC,1,2019,15204,NA
219,Evansville,/team/219/12973,884,MVC,1,2018,12973,NA
219,Evansville,/team/219/12560,884,MVC,1,2017,12560,NA
219,Evansville,/team/219/12360,884,MVC,1,2016,12360,NA
219,Evansville,/team/219/12080,884,MVC,1,2015,12080,NA
219,Evansville,/team/219/11620,884,MVC,1,2014,11620,NA
219,Evansville,/team/219/11320,884,MVC,1,2013,11320,NA
219,Evansville,/team/219/10942,884,MVC,1,2012,10942,NA
219,Evansville,/team/219/10561,884,MVC,1,2011,10561,NA
219,Evansville,/team/219/10240,884,MVC,1,2010,10240,NA
222,FDU,/teams/614602,846,NEC,1,2026,17040,614602
222,FDU,/teams/596541,846,NEC,1,2025,16840,596541
222,FDU,/team/222/16580,846,NEC,1,2024,16580,NA
28755,FGCU,/teams/614841,920,ASUN,1,2026,17040,614841
28755,FGCU,/teams/596473,920,ASUN,1,2025,16840,596473
28755,FGCU,/team/28755/16580,920,ASUN,1,2024,16580,NA
28755,FGCU,/team/28755/16340,920,ASUN,1,2023,16340,NA
28755,FGCU,/team/28755/15860,920,ASUN,1,2022,15860,NA
28755,FGCU,/team/28755/15580,920,ASUN,1,2021,15580,NA
28755,FGCU,/team/28755/15204,920,ASUN,1,2020,15204,NA
28755,FGCU,/team/28755/15204,920,ASUN,1,2019,15204,NA
28755,FGCU,/team/28755/12973,920,ASUN,1,2018,12973,NA
28755,FGCU,/team/28755/12560,920,ASUN,1,2017,12560,NA
28755,FGCU,/team/28755/12360,920,ASUN,1,2016,12360,NA
28755,FGCU,/team/28755/12080,920,ASUN,1,2015,12080,NA
28755,FGCU,/team/28755/11620,920,ASUN,1,2014,11620,NA
28755,FGCU,/team/28755/11320,920,ASUN,1,2013,11320,NA
28755,FGCU,/team/28755/10942,920,ASUN,1,2012,10942,NA
28755,FGCU,/team/28755/10561,920,ASUN,1,2011,10561,NA
28755,FGCU,/team/28755/10240,920,ASUN,1,2010,10240,NA
231,FIU,/teams/614605,24312,CUSA,1,2026,17040,614605
231,FIU,/teams/596544,24312,CUSA,1,2025,16840,596544
231,FIU,/team/231/16580,24312,CUSA,1,2024,16580,NA
231,FIU,/team/231/16340,24312,C-USA,1,2023,16340,NA
231,FIU,/team/231/15860,24312,C-USA,1,2022,15860,NA
231,FIU,/team/231/15580,24312,C-USA,1,2021,15580,NA
231,FIU,/team/231/15204,24312,C-USA,1,2020,15204,NA
231,FIU,/team/231/15204,24312,C-USA,1,2019,15204,NA
231,FIU,/team/231/12973,24312,C-USA,1,2018,12973,NA
231,FIU,/team/231/12560,24312,C-USA,1,2017,12560,NA
231,FIU,/team/231/12360,24312,C-USA,1,2016,12360,NA
231,FIU,/team/231/12080,24312,C-USA,1,2015,12080,NA
231,FIU,/team/231/11620,24312,C-USA,1,2014,11620,NA
231,FIU,/team/231/11320,818,Sun Belt,1,2013,11320,NA
231,FIU,/team/231/10942,818,Sun Belt,1,2012,10942,NA
231,FIU,/team/231/10561,818,Sun Belt,1,2011,10561,NA
231,FIU,/team/231/10240,818,Sun Belt,1,2010,10240,NA
220,Fairfield,/teams/614601,871,MAAC,1,2026,17040,614601
220,Fairfield,/teams/596540,871,MAAC,1,2025,16840,596540
220,Fairfield,/team/220/16580,871,MAAC,1,2024,16580,NA
220,Fairfield,/team/220/16340,871,MAAC,1,2023,16340,NA
220,Fairfield,/team/220/15860,871,MAAC,1,2022,15860,NA
220,Fairfield,/team/220/15580,871,MAAC,1,2021,15580,NA
220,Fairfield,/team/220/15204,871,MAAC,1,2020,15204,NA
220,Fairfield,/team/220/15204,871,MAAC,1,2019,15204,NA
220,Fairfield,/team/220/12973,871,MAAC,1,2018,12973,NA
220,Fairfield,/team/220/12560,871,MAAC,1,2017,12560,NA
220,Fairfield,/team/220/12360,871,MAAC,1,2016,12360,NA
220,Fairfield,/team/220/12080,871,MAAC,1,2015,12080,NA
220,Fairfield,/team/220/11620,871,MAAC,1,2014,11620,NA
220,Fairfield,/team/220/11320,871,MAAC,1,2013,11320,NA
220,Fairfield,/team/220/10942,871,MAAC,1,2012,10942,NA
220,Fairfield,/team/220/10561,871,MAAC,1,2011,10561,NA
220,Fairfield,/team/220/10240,871,MAAC,1,2010,10240,NA
222,Fairleigh Dickinson,/team/222/16340,846,NEC,1,2023,16340,NA
222,Fairleigh Dickinson,/team/222/15860,846,NEC,1,2022,15860,NA
222,Fairleigh Dickinson,/team/222/15580,846,NEC,1,2021,15580,NA
222,Fairleigh Dickinson,/team/222/15204,846,NEC,1,2020,15204,NA
222,Fairleigh Dickinson,/team/222/15204,846,NEC,1,2019,15204,NA
222,Fairleigh Dickinson,/team/222/12973,846,NEC,1,2018,12973,NA
222,Fairleigh Dickinson,/team/222/12560,846,NEC,1,2017,12560,NA
222,Fairleigh Dickinson,/team/222/12360,846,NEC,1,2016,12360,NA
222,Fairleigh Dickinson,/team/222/12080,846,NEC,1,2015,12080,NA
222,Fairleigh Dickinson,/team/222/11620,846,NEC,1,2014,11620,NA
222,Fairleigh Dickinson,/team/222/11320,846,NEC,1,2013,11320,NA
222,Fairleigh Dickinson,/team/222/10942,846,NEC,1,2012,10942,NA
222,Fairleigh Dickinson,/team/222/10561,846,NEC,1,2011,10561,NA
222,Fairleigh Dickinson,/team/222/10240,846,NEC,1,2010,10240,NA
229,Fla. Atlantic,/teams/614604,823,American,1,2026,17040,614604
229,Fla. Atlantic,/teams/596543,823,American,1,2025,16840,596543
229,Fla. Atlantic,/team/229/16580,823,AAC,1,2024,16580,NA
229,Fla. Atlantic,/team/229/16340,24312,C-USA,1,2023,16340,NA
229,Fla. Atlantic,/team/229/15860,24312,C-USA,1,2022,15860,NA
229,Fla. Atlantic,/team/229/15580,24312,C-USA,1,2021,15580,NA
229,Fla. Atlantic,/team/229/15204,24312,C-USA,1,2020,15204,NA
229,Fla. Atlantic,/team/229/15204,24312,C-USA,1,2019,15204,NA
229,Fla. Atlantic,/team/229/12973,24312,C-USA,1,2018,12973,NA
229,Fla. Atlantic,/team/229/12560,24312,C-USA,1,2017,12560,NA
229,Fla. Atlantic,/team/229/12360,24312,C-USA,1,2016,12360,NA
229,Fla. Atlantic,/team/229/12080,24312,C-USA,1,2015,12080,NA
229,Fla. Atlantic,/team/229/11620,24312,C-USA,1,2014,11620,NA
229,Fla. Atlantic,/team/229/11320,818,Sun Belt,1,2013,11320,NA
229,Fla. Atlantic,/team/229/10942,818,Sun Belt,1,2012,10942,NA
229,Fla. Atlantic,/team/229/10561,818,Sun Belt,1,2011,10561,NA
229,Fla. Atlantic,/team/229/10240,818,Sun Belt,1,2010,10240,NA
235,Florida,/teams/614607,911,SEC,1,2026,17040,614607
235,Florida,/teams/596546,911,SEC,1,2025,16840,596546
235,Florida,/team/235/16580,911,SEC,1,2024,16580,NA
235,Florida,/team/235/16340,911,SEC,1,2023,16340,NA
235,Florida,/team/235/15860,911,SEC,1,2022,15860,NA
235,Florida,/team/235/15580,911,SEC,1,2021,15580,NA
235,Florida,/team/235/15204,911,SEC,1,2020,15204,NA
235,Florida,/team/235/15204,911,SEC,1,2019,15204,NA
235,Florida,/team/235/12973,911,SEC,1,2018,12973,NA
235,Florida,/team/235/12560,911,SEC,1,2017,12560,NA
235,Florida,/team/235/12360,911,SEC,1,2016,12360,NA
235,Florida,/team/235/12080,911,SEC,1,2015,12080,NA
235,Florida,/team/235/11620,911,SEC,1,2014,11620,NA
235,Florida,/team/235/11320,911,SEC,1,2013,11320,NA
235,Florida,/team/235/10942,911,SEC,1,2012,10942,NA
235,Florida,/team/235/10561,911,SEC,1,2011,10561,NA
235,Florida,/team/235/10240,911,SEC,1,2010,10240,NA
228,Florida A&M,/teams/614603,916,SWAC,1,2026,17040,614603
228,Florida A&M,/teams/596542,916,SWAC,1,2025,16840,596542
228,Florida A&M,/team/228/16580,916,SWAC,1,2024,16580,NA
228,Florida A&M,/team/228/16340,916,SWAC,1,2023,16340,NA
228,Florida A&M,/team/228/15860,916,SWAC,1,2022,15860,NA
228,Florida A&M,/team/228/15580,876,MEAC,1,2021,15580,NA
228,Florida A&M,/team/228/15204,876,MEAC,1,2020,15204,NA
228,Florida A&M,/team/228/15204,876,MEAC,1,2019,15204,NA
228,Florida A&M,/team/228/12973,876,MEAC,1,2018,12973,NA
228,Florida A&M,/team/228/12560,876,MEAC,1,2017,12560,NA
228,Florida A&M,/team/228/12360,876,MEAC,1,2016,12360,NA
228,Florida A&M,/team/228/12080,876,MEAC,1,2015,12080,NA
228,Florida A&M,/team/228/11620,876,MEAC,1,2014,11620,NA
228,Florida A&M,/team/228/11320,876,MEAC,1,2013,11320,NA
228,Florida A&M,/team/228/10942,876,MEAC,1,2012,10942,NA
228,Florida A&M,/team/228/10561,876,MEAC,1,2011,10561,NA
228,Florida A&M,/team/228/10240,876,MEAC,1,2010,10240,NA
234,Florida St.,/teams/614606,821,ACC,1,2026,17040,614606
234,Florida St.,/teams/596545,821,ACC,1,2025,16840,596545
234,Florida St.,/team/234/16580,821,ACC,1,2024,16580,NA
234,Florida St.,/team/234/16340,821,ACC,1,2023,16340,NA
234,Florida St.,/team/234/15860,821,ACC,1,2022,15860,NA
234,Florida St.,/team/234/15580,821,ACC,1,2021,15580,NA
234,Florida St.,/team/234/15204,821,ACC,1,2020,15204,NA
234,Florida St.,/team/234/15204,821,ACC,1,2019,15204,NA
234,Florida St.,/team/234/12973,821,ACC,1,2018,12973,NA
234,Florida St.,/team/234/12560,821,ACC,1,2017,12560,NA
234,Florida St.,/team/234/12360,821,ACC,1,2016,12360,NA
234,Florida St.,/team/234/12080,821,ACC,1,2015,12080,NA
234,Florida St.,/team/234/11620,821,ACC,1,2014,11620,NA
234,Florida St.,/team/234/11320,821,ACC,1,2013,11320,NA
234,Florida St.,/team/234/10942,821,ACC,1,2012,10942,NA
234,Florida St.,/team/234/10561,821,ACC,1,2011,10561,NA
234,Florida St.,/team/234/10240,821,ACC,1,2010,10240,NA
236,Fordham,/teams/614608,820,Atlantic 10,1,2026,17040,614608
236,Fordham,/teams/596547,820,Atlantic 10,1,2025,16840,596547
236,Fordham,/team/236/16580,820,Atlantic 10,1,2024,16580,NA
236,Fordham,/team/236/16340,820,Atlantic 10,1,2023,16340,NA
236,Fordham,/team/236/15860,820,Atlantic 10,1,2022,15860,NA
236,Fordham,/team/236/15580,820,Atlantic 10,1,2021,15580,NA
236,Fordham,/team/236/15204,820,Atlantic 10,1,2020,15204,NA
236,Fordham,/team/236/15204,820,Atlantic 10,1,2019,15204,NA
236,Fordham,/team/236/12973,820,Atlantic 10,1,2018,12973,NA
236,Fordham,/team/236/12560,820,Atlantic 10,1,2017,12560,NA
236,Fordham,/team/236/12360,820,Atlantic 10,1,2016,12360,NA
236,Fordham,/team/236/12080,820,Atlantic 10,1,2015,12080,NA
236,Fordham,/team/236/11620,820,Atlantic 10,1,2014,11620,NA
236,Fordham,/team/236/11320,820,Atlantic 10,1,2013,11320,NA
236,Fordham,/team/236/10942,820,Atlantic 10,1,2012,10942,NA
236,Fordham,/team/236/10561,820,Atlantic 10,1,2011,10561,NA
236,Fordham,/team/236/10240,820,Atlantic 10,1,2010,10240,NA
96,Fresno St.,/teams/614768,5486,Mountain West,1,2026,17040,614768
96,Fresno St.,/teams/596707,5486,Mountain West,1,2025,16840,596707
96,Fresno St.,/team/96/16580,5486,Mountain West,1,2024,16580,NA
96,Fresno St.,/team/96/16340,5486,Mountain West,1,2023,16340,NA
96,Fresno St.,/team/96/15860,5486,Mountain West,1,2022,15860,NA
96,Fresno St.,/team/96/15580,5486,Mountain West,1,2021,15580,NA
96,Fresno St.,/team/96/15204,5486,Mountain West,1,2020,15204,NA
96,Fresno St.,/team/96/15204,5486,Mountain West,1,2019,15204,NA
96,Fresno St.,/team/96/12973,5486,Mountain West,1,2018,12973,NA
96,Fresno St.,/team/96/12560,5486,Mountain West,1,2017,12560,NA
96,Fresno St.,/team/96/12360,5486,Mountain West,1,2016,12360,NA
96,Fresno St.,/team/96/12080,5486,Mountain West,1,2015,12080,NA
96,Fresno St.,/team/96/11620,5486,Mountain West,1,2014,11620,NA
96,Fresno St.,/team/96/11320,5486,Mountain West,1,2013,11320,NA
96,Fresno St.,/team/96/10942,923,WAC,1,2012,10942,NA
96,Fresno St.,/team/96/10561,923,WAC,1,2011,10561,NA
96,Fresno St.,/team/96/10240,923,WAC,1,2010,10240,NA
244,Furman,/team/244/15204,912,SoCon,1,2020,15204,NA
244,Furman,/team/244/15204,912,SoCon,1,2019,15204,NA
244,Furman,/team/244/12973,912,SoCon,1,2018,12973,NA
244,Furman,/team/244/12560,912,SoCon,1,2017,12560,NA
244,Furman,/team/244/12360,912,SoCon,1,2016,12360,NA
244,Furman,/team/244/12080,912,SoCon,1,2015,12080,NA
244,Furman,/team/244/11620,912,SoCon,1,2014,11620,NA
244,Furman,/team/244/11320,912,SoCon,1,2013,11320,NA
244,Furman,/team/244/10942,912,SoCon,1,2012,10942,NA
244,Furman,/team/244/10561,912,SoCon,1,2011,10561,NA
244,Furman,/team/244/10240,912,SoCon,1,2010,10240,NA
253,Ga. Southern,/teams/614612,818,Sun Belt,1,2026,17040,614612
253,Ga. Southern,/teams/596551,818,Sun Belt,1,2025,16840,596551
253,Ga. Southern,/team/253/16580,818,Sun Belt,1,2024,16580,NA
253,Ga. Southern,/team/253/16340,818,Sun Belt,1,2023,16340,NA
253,Ga. Southern,/team/253/15860,818,Sun Belt,1,2022,15860,NA
253,Ga. Southern,/team/253/15580,818,Sun Belt,1,2021,15580,NA
253,Ga. Southern,/team/253/15204,818,Sun Belt,1,2020,15204,NA
253,Ga. Southern,/team/253/15204,818,Sun Belt,1,2019,15204,NA
253,Ga. Southern,/team/253/12973,818,Sun Belt,1,2018,12973,NA
253,Ga. Southern,/team/253/12560,818,Sun Belt,1,2017,12560,NA
253,Ga. Southern,/team/253/12360,818,Sun Belt,1,2016,12360,NA
253,Ga. Southern,/team/253/12080,818,Sun Belt,1,2015,12080,NA
253,Ga. Southern,/team/253/11620,912,SoCon,1,2014,11620,NA
253,Ga. Southern,/team/253/11320,912,SoCon,1,2013,11320,NA
253,Ga. Southern,/team/253/10942,912,SoCon,1,2012,10942,NA
253,Ga. Southern,/team/253/10561,912,SoCon,1,2011,10561,NA
253,Ga. Southern,/team/253/10240,912,SoCon,1,2010,10240,NA
1092,Gardner-Webb,/teams/614829,826,Big South,1,2026,17040,614829
1092,Gardner-Webb,/teams/596461,826,Big South,1,2025,16840,596461
1092,Gardner-Webb,/team/1092/16580,826,Big South,1,2024,16580,NA
1092,Gardner-Webb,/team/1092/16340,826,Big South,1,2023,16340,NA
1092,Gardner-Webb,/team/1092/15860,826,Big South,1,2022,15860,NA
1092,Gardner-Webb,/team/1092/15580,826,Big South,1,2021,15580,NA
1092,Gardner-Webb,/team/1092/15204,826,Big South,1,2020,15204,NA
1092,Gardner-Webb,/team/1092/15204,826,Big South,1,2019,15204,NA
1092,Gardner-Webb,/team/1092/12973,826,Big South,1,2018,12973,NA
1092,Gardner-Webb,/team/1092/12560,826,Big South,1,2017,12560,NA
1092,Gardner-Webb,/team/1092/12360,826,Big South,1,2016,12360,NA
1092,Gardner-Webb,/team/1092/12080,826,Big South,1,2015,12080,NA
1092,Gardner-Webb,/team/1092/11620,826,Big South,1,2014,11620,NA
1092,Gardner-Webb,/team/1092/11320,826,Big South,1,2013,11320,NA
1092,Gardner-Webb,/team/1092/10942,826,Big South,1,2012,10942,NA
1092,Gardner-Webb,/team/1092/10561,826,Big South,1,2011,10561,NA
1092,Gardner-Webb,/team/1092/10240,826,Big South,1,2010,10240,NA
248,George Mason,/teams/614609,820,Atlantic 10,1,2026,17040,614609
248,George Mason,/teams/596548,820,Atlantic 10,1,2025,16840,596548
248,George Mason,/team/248/16580,820,Atlantic 10,1,2024,16580,NA
248,George Mason,/team/248/16340,820,Atlantic 10,1,2023,16340,NA
248,George Mason,/team/248/15860,820,Atlantic 10,1,2022,15860,NA
248,George Mason,/team/248/15580,820,Atlantic 10,1,2021,15580,NA
248,George Mason,/team/248/15204,820,Atlantic 10,1,2020,15204,NA
248,George Mason,/team/248/15204,820,Atlantic 10,1,2019,15204,NA
248,George Mason,/team/248/12973,820,Atlantic 10,1,2018,12973,NA
248,George Mason,/team/248/12560,820,Atlantic 10,1,2017,12560,NA
248,George Mason,/team/248/12360,820,Atlantic 10,1,2016,12360,NA
248,George Mason,/team/248/12080,820,Atlantic 10,1,2015,12080,NA
248,George Mason,/team/248/11620,820,Atlantic 10,1,2014,11620,NA
248,George Mason,/team/248/11320,837,CAA,1,2013,11320,NA
248,George Mason,/team/248/10942,837,CAA,1,2012,10942,NA
248,George Mason,/team/248/10561,837,CAA,1,2011,10561,NA
248,George Mason,/team/248/10240,837,CAA,1,2010,10240,NA
249,George Washington,/teams/614610,820,Atlantic 10,1,2026,17040,614610
249,George Washington,/teams/596549,820,Atlantic 10,1,2025,16840,596549
249,George Washington,/team/249/16580,820,Atlantic 10,1,2024,16580,NA
249,George Washington,/team/249/16340,820,Atlantic 10,1,2023,16340,NA
249,George Washington,/team/249/15860,820,Atlantic 10,1,2022,15860,NA
249,George Washington,/team/249/15580,820,Atlantic 10,1,2021,15580,NA
249,George Washington,/team/249/15204,820,Atlantic 10,1,2020,15204,NA
249,George Washington,/team/249/15204,820,Atlantic 10,1,2019,15204,NA
249,George Washington,/team/249/12973,820,Atlantic 10,1,2018,12973,NA
249,George Washington,/team/249/12560,820,Atlantic 10,1,2017,12560,NA
249,George Washington,/team/249/12360,820,Atlantic 10,1,2016,12360,NA
249,George Washington,/team/249/12080,820,Atlantic 10,1,2015,12080,NA
249,George Washington,/team/249/11620,820,Atlantic 10,1,2014,11620,NA
249,George Washington,/team/249/11320,820,Atlantic 10,1,2013,11320,NA
249,George Washington,/team/249/10942,820,Atlantic 10,1,2012,10942,NA
249,George Washington,/team/249/10561,820,Atlantic 10,1,2011,10561,NA
249,George Washington,/team/249/10240,820,Atlantic 10,1,2010,10240,NA
251,Georgetown,/teams/614611,30184,Big East,1,2026,17040,614611
251,Georgetown,/teams/596550,30184,Big East,1,2025,16840,596550
251,Georgetown,/team/251/16580,30184,Big East,1,2024,16580,NA
251,Georgetown,/team/251/16340,30184,Big East,1,2023,16340,NA
251,Georgetown,/team/251/15860,30184,Big East,1,2022,15860,NA
251,Georgetown,/team/251/15580,30184,Big East,1,2021,15580,NA
251,Georgetown,/team/251/15204,30184,Big East,1,2020,15204,NA
251,Georgetown,/team/251/15204,30184,Big East,1,2019,15204,NA
251,Georgetown,/team/251/12973,30184,Big East,1,2018,12973,NA
251,Georgetown,/team/251/12560,30184,Big East,1,2017,12560,NA
251,Georgetown,/team/251/12360,30184,Big East,1,2016,12360,NA
251,Georgetown,/team/251/12080,30184,Big East,1,2015,12080,NA
251,Georgetown,/team/251/11620,30184,Big East,1,2014,11620,NA
251,Georgetown,/team/251/11320,823,AAC,1,2013,11320,NA
251,Georgetown,/team/251/10942,823,AAC,1,2012,10942,NA
251,Georgetown,/team/251/10561,823,AAC,1,2011,10561,NA
251,Georgetown,/team/251/10240,823,AAC,1,2010,10240,NA
257,Georgia,/teams/614615,911,SEC,1,2026,17040,614615
257,Georgia,/teams/596554,911,SEC,1,2025,16840,596554
257,Georgia,/team/257/16580,911,SEC,1,2024,16580,NA
257,Georgia,/team/257/16340,911,SEC,1,2023,16340,NA
257,Georgia,/team/257/15860,911,SEC,1,2022,15860,NA
257,Georgia,/team/257/15580,911,SEC,1,2021,15580,NA
257,Georgia,/team/257/15204,911,SEC,1,2020,15204,NA
257,Georgia,/team/257/15204,911,SEC,1,2019,15204,NA
257,Georgia,/team/257/12973,911,SEC,1,2018,12973,NA
257,Georgia,/team/257/12560,911,SEC,1,2017,12560,NA
257,Georgia,/team/257/12360,911,SEC,1,2016,12360,NA
257,Georgia,/team/257/12080,911,SEC,1,2015,12080,NA
257,Georgia,/team/257/11620,911,SEC,1,2014,11620,NA
257,Georgia,/team/257/11320,911,SEC,1,2013,11320,NA
257,Georgia,/team/257/10942,911,SEC,1,2012,10942,NA
257,Georgia,/team/257/10561,911,SEC,1,2011,10561,NA
257,Georgia,/team/257/10240,911,SEC,1,2010,10240,NA
254,Georgia St.,/teams/614613,818,Sun Belt,1,2026,17040,614613
254,Georgia St.,/teams/596552,818,Sun Belt,1,2025,16840,596552
254,Georgia St.,/team/254/16580,818,Sun Belt,1,2024,16580,NA
254,Georgia St.,/team/254/16340,818,Sun Belt,1,2023,16340,NA
254,Georgia St.,/team/254/15860,818,Sun Belt,1,2022,15860,NA
254,Georgia St.,/team/254/15580,818,Sun Belt,1,2021,15580,NA
254,Georgia St.,/team/254/15204,818,Sun Belt,1,2020,15204,NA
254,Georgia St.,/team/254/15204,818,Sun Belt,1,2019,15204,NA
254,Georgia St.,/team/254/12973,818,Sun Belt,1,2018,12973,NA
254,Georgia St.,/team/254/12560,818,Sun Belt,1,2017,12560,NA
254,Georgia St.,/team/254/12360,818,Sun Belt,1,2016,12360,NA
254,Georgia St.,/team/254/12080,818,Sun Belt,1,2015,12080,NA
254,Georgia St.,/team/254/11620,818,Sun Belt,1,2014,11620,NA
254,Georgia St.,/team/254/11320,837,CAA,1,2013,11320,NA
254,Georgia St.,/team/254/10942,837,CAA,1,2012,10942,NA
254,Georgia St.,/team/254/10561,837,CAA,1,2011,10561,NA
254,Georgia St.,/team/254/10240,837,CAA,1,2010,10240,NA
255,Georgia Tech,/teams/614614,821,ACC,1,2026,17040,614614
255,Georgia Tech,/teams/596553,821,ACC,1,2025,16840,596553
255,Georgia Tech,/team/255/16580,821,ACC,1,2024,16580,NA
255,Georgia Tech,/team/255/16340,821,ACC,1,2023,16340,NA
255,Georgia Tech,/team/255/15860,821,ACC,1,2022,15860,NA
255,Georgia Tech,/team/255/15580,821,ACC,1,2021,15580,NA
255,Georgia Tech,/team/255/15204,821,ACC,1,2020,15204,NA
255,Georgia Tech,/team/255/15204,821,ACC,1,2019,15204,NA
255,Georgia Tech,/team/255/12973,821,ACC,1,2018,12973,NA
255,Georgia Tech,/team/255/12560,821,ACC,1,2017,12560,NA
255,Georgia Tech,/team/255/12360,821,ACC,1,2016,12360,NA
255,Georgia Tech,/team/255/12080,821,ACC,1,2015,12080,NA
255,Georgia Tech,/team/255/11620,821,ACC,1,2014,11620,NA
255,Georgia Tech,/team/255/11320,821,ACC,1,2013,11320,NA
255,Georgia Tech,/team/255/10942,821,ACC,1,2012,10942,NA
255,Georgia Tech,/team/255/10561,821,ACC,1,2011,10561,NA
255,Georgia Tech,/team/255/10240,821,ACC,1,2010,10240,NA
260,Gonzaga,/teams/614616,922,WCC,1,2026,17040,614616
260,Gonzaga,/teams/596555,922,WCC,1,2025,16840,596555
260,Gonzaga,/team/260/16580,922,WCC,1,2024,16580,NA
260,Gonzaga,/team/260/16340,922,WCC,1,2023,16340,NA
260,Gonzaga,/team/260/15860,922,WCC,1,2022,15860,NA
260,Gonzaga,/team/260/15580,922,WCC,1,2021,15580,NA
260,Gonzaga,/team/260/15204,922,WCC,1,2020,15204,NA
260,Gonzaga,/team/260/15204,922,WCC,1,2019,15204,NA
260,Gonzaga,/team/260/12973,922,WCC,1,2018,12973,NA
260,Gonzaga,/team/260/12560,922,WCC,1,2017,12560,NA
260,Gonzaga,/team/260/12360,922,WCC,1,2016,12360,NA
260,Gonzaga,/team/260/12080,922,WCC,1,2015,12080,NA
260,Gonzaga,/team/260/11620,922,WCC,1,2014,11620,NA
260,Gonzaga,/team/260/11320,922,WCC,1,2013,11320,NA
260,Gonzaga,/team/260/10942,922,WCC,1,2012,10942,NA
260,Gonzaga,/team/260/10561,922,WCC,1,2011,10561,NA
260,Gonzaga,/team/260/10240,922,WCC,1,2010,10240,NA
261,Grambling,/teams/614771,916,SWAC,1,2026,17040,614771
261,Grambling,/teams/596710,916,SWAC,1,2025,16840,596710
261,Grambling,/team/261/16580,916,SWAC,1,2024,16580,NA
261,Grambling,/team/261/16340,916,SWAC,1,2023,16340,NA
261,Grambling,/team/261/15860,916,SWAC,1,2022,15860,NA
261,Grambling,/team/261/15580,916,SWAC,1,2021,15580,NA
261,Grambling,/team/261/15204,916,SWAC,1,2020,15204,NA
261,Grambling,/team/261/15204,916,SWAC,1,2019,15204,NA
261,Grambling,/team/261/12973,916,SWAC,1,2018,12973,NA
261,Grambling,/team/261/12560,916,SWAC,1,2017,12560,NA
261,Grambling,/team/261/12360,916,SWAC,1,2016,12360,NA
261,Grambling,/team/261/12080,916,SWAC,1,2015,12080,NA
261,Grambling,/team/261/11620,916,SWAC,1,2014,11620,NA
261,Grambling,/team/261/11320,916,SWAC,1,2013,11320,NA
261,Grambling,/team/261/10942,916,SWAC,1,2012,10942,NA
261,Grambling,/team/261/10561,916,SWAC,1,2011,10561,NA
261,Grambling,/team/261/10240,916,SWAC,1,2010,10240,NA
1104,Grand Canyon,/teams/614830,5486,Mountain West,1,2026,17040,614830
1104,Grand Canyon,/teams/596462,923,WAC,1,2025,16840,596462
1104,Grand Canyon,/team/1104/16580,923,WAC,1,2024,16580,NA
1104,Grand Canyon,/team/1104/16340,923,WAC,1,2023,16340,NA
1104,Grand Canyon,/team/1104/15860,923,WAC,1,2022,15860,NA
1104,Grand Canyon,/team/1104/15580,923,WAC,1,2021,15580,NA
1104,Grand Canyon,/team/1104/15204,923,WAC,1,2020,15204,NA
1104,Grand Canyon,/team/1104/15204,923,WAC,1,2019,15204,NA
1104,Grand Canyon,/team/1104/12973,923,WAC,1,2018,12973,NA
1104,Grand Canyon,/team/1104/12560,923,WAC,1,2017,12560,NA
1104,Grand Canyon,/team/1104/12360,923,WAC,1,2016,12360,NA
1104,Grand Canyon,/team/1104/12080,923,WAC,1,2015,12080,NA
1104,Grand Canyon,/team/1104/11620,923,WAC,1,2014,11620,NA
272,Hartford,/team/272/16340,99000,DI Independent,1,2023,16340,NA
272,Hartford,/team/272/15860,845,America East,1,2022,15860,NA
272,Hartford,/team/272/15580,845,America East,1,2021,15580,NA
272,Hartford,/team/272/15204,845,America East,1,2020,15204,NA
272,Hartford,/team/272/15204,845,America East,1,2019,15204,NA
272,Hartford,/team/272/12973,845,America East,1,2018,12973,NA
272,Hartford,/team/272/12560,845,America East,1,2017,12560,NA
272,Hartford,/team/272/12360,845,America East,1,2016,12360,NA
272,Hartford,/team/272/12080,845,America East,1,2015,12080,NA
272,Hartford,/team/272/11620,845,America East,1,2014,11620,NA
272,Hartford,/team/272/11320,845,America East,1,2013,11320,NA
272,Hartford,/team/272/10942,845,America East,1,2012,10942,NA
272,Hartford,/team/272/10561,845,America East,1,2011,10561,NA
272,Hartford,/team/272/10240,845,America East,1,2010,10240,NA
275,Harvard,/teams/614617,865,Ivy League,1,2026,17040,614617
275,Harvard,/teams/596556,865,Ivy League,1,2025,16840,596556
275,Harvard,/team/275/16580,865,Ivy League,1,2024,16580,NA
275,Harvard,/team/275/16340,865,Ivy League,1,2023,16340,NA
275,Harvard,/team/275/15860,865,Ivy League,1,2022,15860,NA
275,Harvard,/team/275/15580,865,Ivy League,1,2021,15580,NA
275,Harvard,/team/275/15204,865,Ivy League,1,2020,15204,NA
275,Harvard,/team/275/15204,865,Ivy League,1,2019,15204,NA
275,Harvard,/team/275/12973,865,Ivy League,1,2018,12973,NA
275,Harvard,/team/275/12560,865,Ivy League,1,2017,12560,NA
275,Harvard,/team/275/12360,865,Ivy League,1,2016,12360,NA
275,Harvard,/team/275/12080,865,Ivy League,1,2015,12080,NA
275,Harvard,/team/275/11620,865,Ivy League,1,2014,11620,NA
275,Harvard,/team/275/11320,865,Ivy League,1,2013,11320,NA
275,Harvard,/team/275/10942,865,Ivy League,1,2012,10942,NA
275,Harvard,/team/275/10561,865,Ivy League,1,2011,10561,NA
275,Harvard,/team/275/10240,865,Ivy League,1,2010,10240,NA
277,Hawaii,/teams/614618,904,Big West,1,2026,17040,614618
277,Hawaii,/teams/596557,904,Big West,1,2025,16840,596557
277,Hawaii,/team/277/16580,904,Big West,1,2024,16580,NA
277,Hawaii,/team/277/16340,904,Big West,1,2023,16340,NA
277,Hawaii,/team/277/15860,904,Big West,1,2022,15860,NA
277,Hawaii,/team/277/15580,904,Big West,1,2021,15580,NA
277,Hawaii,/team/277/15204,904,Big West,1,2020,15204,NA
277,Hawaii,/team/277/15204,904,Big West,1,2019,15204,NA
277,Hawaii,/team/277/12973,904,Big West,1,2018,12973,NA
277,Hawaii,/team/277/12560,904,Big West,1,2017,12560,NA
277,Hawaii,/team/277/12360,904,Big West,1,2016,12360,NA
277,Hawaii,/team/277/12080,904,Big West,1,2015,12080,NA
277,Hawaii,/team/277/11620,904,Big West,1,2014,11620,NA
277,Hawaii,/team/277/11320,904,Big West,1,2013,11320,NA
277,Hawaii,/team/277/10942,923,WAC,1,2012,10942,NA
277,Hawaii,/team/277/10561,923,WAC,1,2011,10561,NA
277,Hawaii,/team/277/10240,923,WAC,1,2010,10240,NA
19651,High Point,/teams/614766,826,Big South,1,2026,17040,614766
19651,High Point,/teams/596705,826,Big South,1,2025,16840,596705
19651,High Point,/team/19651/16580,826,Big South,1,2024,16580,NA
19651,High Point,/team/19651/16340,826,Big South,1,2023,16340,NA
19651,High Point,/team/19651/15860,826,Big South,1,2022,15860,NA
19651,High Point,/team/19651/15580,826,Big South,1,2021,15580,NA
19651,High Point,/team/19651/15204,826,Big South,1,2020,15204,NA
19651,High Point,/team/19651/15204,826,Big South,1,2019,15204,NA
19651,High Point,/team/19651/12973,826,Big South,1,2018,12973,NA
19651,High Point,/team/19651/12560,826,Big South,1,2017,12560,NA
19651,High Point,/team/19651/12360,826,Big South,1,2016,12360,NA
19651,High Point,/team/19651/12080,826,Big South,1,2015,12080,NA
19651,High Point,/team/19651/11620,826,Big South,1,2014,11620,NA
19651,High Point,/team/19651/11320,826,Big South,1,2013,11320,NA
19651,High Point,/team/19651/10942,826,Big South,1,2012,10942,NA
19651,High Point,/team/19651/10561,826,Big South,1,2011,10561,NA
19651,High Point,/team/19651/10240,826,Big South,1,2010,10240,NA
283,Hofstra,/teams/614619,837,CAA,1,2026,17040,614619
283,Hofstra,/teams/596558,837,CAA,1,2025,16840,596558
283,Hofstra,/team/283/16580,837,CAA,1,2024,16580,NA
283,Hofstra,/team/283/16340,837,CAA,1,2023,16340,NA
283,Hofstra,/team/283/15860,837,CAA,1,2022,15860,NA
283,Hofstra,/team/283/15580,837,CAA,1,2021,15580,NA
283,Hofstra,/team/283/15204,837,CAA,1,2020,15204,NA
283,Hofstra,/team/283/15204,837,CAA,1,2019,15204,NA
283,Hofstra,/team/283/12973,837,CAA,1,2018,12973,NA
283,Hofstra,/team/283/12560,837,CAA,1,2017,12560,NA
283,Hofstra,/team/283/12360,837,CAA,1,2016,12360,NA
283,Hofstra,/team/283/12080,837,CAA,1,2015,12080,NA
283,Hofstra,/team/283/11620,837,CAA,1,2014,11620,NA
283,Hofstra,/team/283/11320,837,CAA,1,2013,11320,NA
283,Hofstra,/team/283/10942,837,CAA,1,2012,10942,NA
283,Hofstra,/team/283/10561,837,CAA,1,2011,10561,NA
283,Hofstra,/team/283/10240,837,CAA,1,2010,10240,NA
285,Holy Cross,/teams/614620,838,Patriot,1,2026,17040,614620
285,Holy Cross,/teams/596559,838,Patriot,1,2025,16840,596559
285,Holy Cross,/team/285/16580,838,Patriot,1,2024,16580,NA
285,Holy Cross,/team/285/16340,838,Patriot,1,2023,16340,NA
285,Holy Cross,/team/285/15860,838,Patriot,1,2022,15860,NA
285,Holy Cross,/team/285/15580,838,Patriot,1,2021,15580,NA
285,Holy Cross,/team/285/15204,838,Patriot,1,2020,15204,NA
285,Holy Cross,/team/285/15204,838,Patriot,1,2019,15204,NA
285,Holy Cross,/team/285/12973,838,Patriot,1,2018,12973,NA
285,Holy Cross,/team/285/12560,838,Patriot,1,2017,12560,NA
285,Holy Cross,/team/285/12360,838,Patriot,1,2016,12360,NA
285,Holy Cross,/team/285/12080,838,Patriot,1,2015,12080,NA
285,Holy Cross,/team/285/11620,838,Patriot,1,2014,11620,NA
285,Holy Cross,/team/285/11320,838,Patriot,1,2013,11320,NA
285,Holy Cross,/team/285/10942,838,Patriot,1,2012,10942,NA
285,Holy Cross,/team/285/10561,838,Patriot,1,2011,10561,NA
285,Holy Cross,/team/285/10240,838,Patriot,1,2010,10240,NA
288,Houston,/teams/614622,25354,Big 12,1,2026,17040,614622
288,Houston,/teams/596561,25354,Big 12,1,2025,16840,596561
288,Houston,/team/288/16580,25354,Big 12,1,2024,16580,NA
288,Houston,/team/288/16340,823,AAC,1,2023,16340,NA
288,Houston,/team/288/15860,823,AAC,1,2022,15860,NA
288,Houston,/team/288/15580,823,AAC,1,2021,15580,NA
288,Houston,/team/288/15204,823,AAC,1,2020,15204,NA
288,Houston,/team/288/15204,823,AAC,1,2019,15204,NA
288,Houston,/team/288/12973,823,AAC,1,2018,12973,NA
288,Houston,/team/288/12560,823,AAC,1,2017,12560,NA
288,Houston,/team/288/12360,823,AAC,1,2016,12360,NA
288,Houston,/team/288/12080,823,AAC,1,2015,12080,NA
288,Houston,/team/288/11620,823,AAC,1,2014,11620,NA
288,Houston,/team/288/11320,24312,C-USA,1,2013,11320,NA
288,Houston,/team/288/10942,24312,C-USA,1,2012,10942,NA
288,Houston,/team/288/10561,24312,C-USA,1,2011,10561,NA
288,Houston,/team/288/10240,24312,C-USA,1,2010,10240,NA
287,Houston Christian,/teams/614621,914,Southland,1,2026,17040,614621
287,Houston Christian,/teams/596560,914,Southland,1,2025,16840,596560
287,Houston Christian,/team/287/16580,914,Southland,1,2024,16580,NA
287,Houston Christian,/team/287/16340,914,Southland,1,2023,16340,NA
287,Houston Christian,/team/287/15860,914,Southland,1,2022,15860,NA
287,Houston Christian,/team/287/15580,914,Southland,1,2021,15580,NA
287,Houston Christian,/team/287/15204,914,Southland,1,2020,15204,NA
287,Houston Christian,/team/287/15204,914,Southland,1,2019,15204,NA
287,Houston Christian,/team/287/12973,914,Southland,1,2018,12973,NA
287,Houston Christian,/team/287/12560,914,Southland,1,2017,12560,NA
287,Houston Christian,/team/287/12360,914,Southland,1,2016,12360,NA
287,Houston Christian,/team/287/12080,914,Southland,1,2015,12080,NA
287,Houston Christian,/team/287/11620,914,Southland,1,2014,11620,NA
287,Houston Christian,/team/287/11320,30156,GWC,1,2013,11320,NA
287,Houston Christian,/team/287/10942,30062,GWC,1,2012,10942,NA
287,Houston Christian,/team/287/10561,30062,GWC,1,2011,10561,NA
301,Illinois,/teams/614624,827,Big Ten,1,2026,17040,614624
301,Illinois,/teams/596563,827,Big Ten,1,2025,16840,596563
301,Illinois,/team/301/16580,827,Big Ten,1,2024,16580,NA
301,Illinois,/team/301/16340,827,Big Ten,1,2023,16340,NA
301,Illinois,/team/301/15860,827,Big Ten,1,2022,15860,NA
301,Illinois,/team/301/15580,827,Big Ten,1,2021,15580,NA
301,Illinois,/team/301/15204,827,Big Ten,1,2020,15204,NA
301,Illinois,/team/301/15204,827,Big Ten,1,2019,15204,NA
301,Illinois,/team/301/12973,827,Big Ten,1,2018,12973,NA
301,Illinois,/team/301/12560,827,Big Ten,1,2017,12560,NA
301,Illinois,/team/301/12360,827,Big Ten,1,2016,12360,NA
301,Illinois,/team/301/12080,827,Big Ten,1,2015,12080,NA
301,Illinois,/team/301/11620,827,Big Ten,1,2014,11620,NA
301,Illinois,/team/301/11320,827,Big Ten,1,2013,11320,NA
301,Illinois,/team/301/10942,827,Big Ten,1,2012,10942,NA
301,Illinois,/team/301/10561,827,Big Ten,1,2011,10561,NA
301,Illinois,/team/301/10240,827,Big Ten,1,2010,10240,NA
299,Illinois St.,/teams/614623,884,MVC,1,2026,17040,614623
299,Illinois St.,/teams/596562,884,MVC,1,2025,16840,596562
299,Illinois St.,/team/299/16580,884,MVC,1,2024,16580,NA
299,Illinois St.,/team/299/16340,884,MVC,1,2023,16340,NA
299,Illinois St.,/team/299/15860,884,MVC,1,2022,15860,NA
299,Illinois St.,/team/299/15580,884,MVC,1,2021,15580,NA
299,Illinois St.,/team/299/15204,884,MVC,1,2020,15204,NA
299,Illinois St.,/team/299/15204,884,MVC,1,2019,15204,NA
299,Illinois St.,/team/299/12973,884,MVC,1,2018,12973,NA
299,Illinois St.,/team/299/12560,884,MVC,1,2017,12560,NA
299,Illinois St.,/team/299/12360,884,MVC,1,2016,12360,NA
299,Illinois St.,/team/299/12080,884,MVC,1,2015,12080,NA
299,Illinois St.,/team/299/11620,884,MVC,1,2014,11620,NA
299,Illinois St.,/team/299/11320,884,MVC,1,2013,11320,NA
299,Illinois St.,/team/299/10942,884,MVC,1,2012,10942,NA
299,Illinois St.,/team/299/10561,884,MVC,1,2011,10561,NA
299,Illinois St.,/team/299/10240,884,MVC,1,2010,10240,NA
306,Indiana,/teams/614627,827,Big Ten,1,2026,17040,614627
306,Indiana,/teams/596566,827,Big Ten,1,2025,16840,596566
306,Indiana,/team/306/16580,827,Big Ten,1,2024,16580,NA
306,Indiana,/team/306/16340,827,Big Ten,1,2023,16340,NA
306,Indiana,/team/306/15860,827,Big Ten,1,2022,15860,NA
306,Indiana,/team/306/15580,827,Big Ten,1,2021,15580,NA
306,Indiana,/team/306/15204,827,Big Ten,1,2020,15204,NA
306,Indiana,/team/306/15204,827,Big Ten,1,2019,15204,NA
306,Indiana,/team/306/12973,827,Big Ten,1,2018,12973,NA
306,Indiana,/team/306/12560,827,Big Ten,1,2017,12560,NA
306,Indiana,/team/306/12360,827,Big Ten,1,2016,12360,NA
306,Indiana,/team/306/12080,827,Big Ten,1,2015,12080,NA
306,Indiana,/team/306/11620,827,Big Ten,1,2014,11620,NA
306,Indiana,/team/306/11320,827,Big Ten,1,2013,11320,NA
306,Indiana,/team/306/10942,827,Big Ten,1,2012,10942,NA
306,Indiana,/team/306/10561,827,Big Ten,1,2011,10561,NA
306,Indiana,/team/306/10240,827,Big Ten,1,2010,10240,NA
305,Indiana St.,/teams/614626,884,MVC,1,2026,17040,614626
305,Indiana St.,/teams/596565,884,MVC,1,2025,16840,596565
305,Indiana St.,/team/305/16580,884,MVC,1,2024,16580,NA
305,Indiana St.,/team/305/16340,884,MVC,1,2023,16340,NA
305,Indiana St.,/team/305/15860,884,MVC,1,2022,15860,NA
305,Indiana St.,/team/305/15580,884,MVC,1,2021,15580,NA
305,Indiana St.,/team/305/15204,884,MVC,1,2020,15204,NA
305,Indiana St.,/team/305/15204,884,MVC,1,2019,15204,NA
305,Indiana St.,/team/305/12973,884,MVC,1,2018,12973,NA
305,Indiana St.,/team/305/12560,884,MVC,1,2017,12560,NA
305,Indiana St.,/team/305/12360,884,MVC,1,2016,12360,NA
305,Indiana St.,/team/305/12080,884,MVC,1,2015,12080,NA
305,Indiana St.,/team/305/11620,884,MVC,1,2014,11620,NA
305,Indiana St.,/team/305/11320,884,MVC,1,2013,11320,NA
305,Indiana St.,/team/305/10942,884,MVC,1,2012,10942,NA
305,Indiana St.,/team/305/10561,884,MVC,1,2011,10561,NA
305,Indiana St.,/team/305/10240,884,MVC,1,2010,10240,NA
310,Iona,/teams/614629,871,MAAC,1,2026,17040,614629
310,Iona,/teams/596568,871,MAAC,1,2025,16840,596568
310,Iona,/team/310/16580,871,MAAC,1,2024,16580,NA
310,Iona,/team/310/16340,871,MAAC,1,2023,16340,NA
310,Iona,/team/310/15860,871,MAAC,1,2022,15860,NA
310,Iona,/team/310/15580,871,MAAC,1,2021,15580,NA
310,Iona,/team/310/15204,871,MAAC,1,2020,15204,NA
310,Iona,/team/310/15204,871,MAAC,1,2019,15204,NA
310,Iona,/team/310/12973,871,MAAC,1,2018,12973,NA
310,Iona,/team/310/12560,871,MAAC,1,2017,12560,NA
310,Iona,/team/310/12360,871,MAAC,1,2016,12360,NA
310,Iona,/team/310/12080,871,MAAC,1,2015,12080,NA
310,Iona,/team/310/11620,871,MAAC,1,2014,11620,NA
310,Iona,/team/310/11320,871,MAAC,1,2013,11320,NA
310,Iona,/team/310/10942,871,MAAC,1,2012,10942,NA
310,Iona,/team/310/10561,871,MAAC,1,2011,10561,NA
310,Iona,/team/310/10240,871,MAAC,1,2010,10240,NA
312,Iowa,/teams/614630,827,Big Ten,1,2026,17040,614630
312,Iowa,/teams/596569,827,Big Ten,1,2025,16840,596569
312,Iowa,/team/312/16580,827,Big Ten,1,2024,16580,NA
312,Iowa,/team/312/16340,827,Big Ten,1,2023,16340,NA
312,Iowa,/team/312/15860,827,Big Ten,1,2022,15860,NA
312,Iowa,/team/312/15580,827,Big Ten,1,2021,15580,NA
312,Iowa,/team/312/15204,827,Big Ten,1,2020,15204,NA
312,Iowa,/team/312/15204,827,Big Ten,1,2019,15204,NA
312,Iowa,/team/312/12973,827,Big Ten,1,2018,12973,NA
312,Iowa,/team/312/12560,827,Big Ten,1,2017,12560,NA
312,Iowa,/team/312/12360,827,Big Ten,1,2016,12360,NA
312,Iowa,/team/312/12080,827,Big Ten,1,2015,12080,NA
312,Iowa,/team/312/11620,827,Big Ten,1,2014,11620,NA
312,Iowa,/team/312/11320,827,Big Ten,1,2013,11320,NA
312,Iowa,/team/312/10942,827,Big Ten,1,2012,10942,NA
312,Iowa,/team/312/10561,827,Big Ten,1,2011,10561,NA
312,Iowa,/team/312/10240,827,Big Ten,1,2010,10240,NA
314,Jackson St.,/teams/614631,916,SWAC,1,2026,17040,614631
314,Jackson St.,/teams/596570,916,SWAC,1,2025,16840,596570
314,Jackson St.,/team/314/16580,916,SWAC,1,2024,16580,NA
314,Jackson St.,/team/314/16340,916,SWAC,1,2023,16340,NA
314,Jackson St.,/team/314/15860,916,SWAC,1,2022,15860,NA
314,Jackson St.,/team/314/15580,916,SWAC,1,2021,15580,NA
314,Jackson St.,/team/314/15204,916,SWAC,1,2020,15204,NA
314,Jackson St.,/team/314/15204,916,SWAC,1,2019,15204,NA
314,Jackson St.,/team/314/12973,916,SWAC,1,2018,12973,NA
314,Jackson St.,/team/314/12560,916,SWAC,1,2017,12560,NA
314,Jackson St.,/team/314/12360,916,SWAC,1,2016,12360,NA
314,Jackson St.,/team/314/12080,916,SWAC,1,2015,12080,NA
314,Jackson St.,/team/314/11620,916,SWAC,1,2014,11620,NA
314,Jackson St.,/team/314/11320,916,SWAC,1,2013,11320,NA
314,Jackson St.,/team/314/10942,916,SWAC,1,2012,10942,NA
314,Jackson St.,/team/314/10561,916,SWAC,1,2011,10561,NA
314,Jackson St.,/team/314/10240,916,SWAC,1,2010,10240,NA
316,Jacksonville,/teams/614633,920,ASUN,1,2026,17040,614633
316,Jacksonville,/teams/596572,920,ASUN,1,2025,16840,596572
316,Jacksonville,/team/316/16580,920,ASUN,1,2024,16580,NA
316,Jacksonville,/team/316/16340,920,ASUN,1,2023,16340,NA
316,Jacksonville,/team/316/15860,920,ASUN,1,2022,15860,NA
316,Jacksonville,/team/316/15580,920,ASUN,1,2021,15580,NA
316,Jacksonville,/team/316/15204,920,ASUN,1,2020,15204,NA
316,Jacksonville,/team/316/15204,920,ASUN,1,2019,15204,NA
316,Jacksonville,/team/316/12973,920,ASUN,1,2018,12973,NA
316,Jacksonville,/team/316/12560,920,ASUN,1,2017,12560,NA
316,Jacksonville,/team/316/12360,920,ASUN,1,2016,12360,NA
316,Jacksonville,/team/316/12080,920,ASUN,1,2015,12080,NA
316,Jacksonville,/team/316/11620,920,ASUN,1,2014,11620,NA
316,Jacksonville,/team/316/11320,920,ASUN,1,2013,11320,NA
316,Jacksonville,/team/316/10942,920,ASUN,1,2012,10942,NA
316,Jacksonville,/team/316/10561,920,ASUN,1,2011,10561,NA
316,Jacksonville,/team/316/10240,920,ASUN,1,2010,10240,NA
315,Jacksonville St.,/teams/614632,24312,CUSA,1,2026,17040,614632
315,Jacksonville St.,/teams/596571,24312,CUSA,1,2025,16840,596571
315,Jacksonville St.,/team/315/16580,24312,CUSA,1,2024,16580,NA
315,Jacksonville St.,/team/315/16340,920,ASUN,1,2023,16340,NA
315,Jacksonville St.,/team/315/15860,920,ASUN,1,2022,15860,NA
315,Jacksonville St.,/team/315/15580,902,OVC,1,2021,15580,NA
315,Jacksonville St.,/team/315/15204,902,OVC,1,2020,15204,NA
315,Jacksonville St.,/team/315/15204,902,OVC,1,2019,15204,NA
315,Jacksonville St.,/team/315/12973,902,OVC,1,2018,12973,NA
315,Jacksonville St.,/team/315/12560,902,OVC,1,2017,12560,NA
315,Jacksonville St.,/team/315/12360,902,OVC,1,2016,12360,NA
315,Jacksonville St.,/team/315/12080,902,OVC,1,2015,12080,NA
315,Jacksonville St.,/team/315/11620,902,OVC,1,2014,11620,NA
315,Jacksonville St.,/team/315/11320,902,OVC,1,2013,11320,NA
315,Jacksonville St.,/team/315/10942,902,OVC,1,2012,10942,NA
315,Jacksonville St.,/team/315/10561,902,OVC,1,2011,10561,NA
315,Jacksonville St.,/team/315/10240,902,OVC,1,2010,10240,NA
317,James Madison,/teams/614634,818,Sun Belt,1,2026,17040,614634
317,James Madison,/teams/596573,818,Sun Belt,1,2025,16840,596573
317,James Madison,/team/317/16580,818,Sun Belt,1,2024,16580,NA
317,James Madison,/team/317/16340,818,Sun Belt,1,2023,16340,NA
317,James Madison,/team/317/15860,837,CAA,1,2022,15860,NA
317,James Madison,/team/317/15580,837,CAA,1,2021,15580,NA
317,James Madison,/team/317/15204,837,CAA,1,2020,15204,NA
317,James Madison,/team/317/15204,837,CAA,1,2019,15204,NA
317,James Madison,/team/317/12973,837,CAA,1,2018,12973,NA
317,James Madison,/team/317/12560,837,CAA,1,2017,12560,NA
317,James Madison,/team/317/12360,837,CAA,1,2016,12360,NA
317,James Madison,/team/317/12080,837,CAA,1,2015,12080,NA
317,James Madison,/team/317/11620,837,CAA,1,2014,11620,NA
317,James Madison,/team/317/11320,837,CAA,1,2013,11320,NA
317,James Madison,/team/317/10942,837,CAA,1,2012,10942,NA
317,James Madison,/team/317/10561,837,CAA,1,2011,10561,NA
317,James Madison,/team/317/10240,837,CAA,1,2010,10240,NA
328,Kansas,/teams/614636,25354,Big 12,1,2026,17040,614636
328,Kansas,/teams/596575,25354,Big 12,1,2025,16840,596575
328,Kansas,/team/328/16580,25354,Big 12,1,2024,16580,NA
328,Kansas,/team/328/16340,25354,Big 12,1,2023,16340,NA
328,Kansas,/team/328/15860,25354,Big 12,1,2022,15860,NA
328,Kansas,/team/328/15580,25354,Big 12,1,2021,15580,NA
328,Kansas,/team/328/15204,25354,Big 12,1,2020,15204,NA
328,Kansas,/team/328/15204,25354,Big 12,1,2019,15204,NA
328,Kansas,/team/328/12973,25354,Big 12,1,2018,12973,NA
328,Kansas,/team/328/12560,25354,Big 12,1,2017,12560,NA
328,Kansas,/team/328/12360,25354,Big 12,1,2016,12360,NA
328,Kansas,/team/328/12080,25354,Big 12,1,2015,12080,NA
328,Kansas,/team/328/11620,25354,Big 12,1,2014,11620,NA
328,Kansas,/team/328/11320,25354,Big 12,1,2013,11320,NA
328,Kansas,/team/328/10942,25354,Big 12,1,2012,10942,NA
328,Kansas,/team/328/10561,25354,Big 12,1,2011,10561,NA
328,Kansas,/team/328/10240,25354,Big 12,1,2010,10240,NA
327,Kansas St.,/teams/614635,25354,Big 12,1,2026,17040,614635
327,Kansas St.,/teams/596574,25354,Big 12,1,2025,16840,596574
327,Kansas St.,/team/327/16580,25354,Big 12,1,2024,16580,NA
327,Kansas St.,/team/327/16340,25354,Big 12,1,2023,16340,NA
327,Kansas St.,/team/327/15860,25354,Big 12,1,2022,15860,NA
327,Kansas St.,/team/327/15580,25354,Big 12,1,2021,15580,NA
327,Kansas St.,/team/327/15204,25354,Big 12,1,2020,15204,NA
327,Kansas St.,/team/327/15204,25354,Big 12,1,2019,15204,NA
327,Kansas St.,/team/327/12973,25354,Big 12,1,2018,12973,NA
327,Kansas St.,/team/327/12560,25354,Big 12,1,2017,12560,NA
327,Kansas St.,/team/327/12360,25354,Big 12,1,2016,12360,NA
327,Kansas St.,/team/327/12080,25354,Big 12,1,2015,12080,NA
327,Kansas St.,/team/327/11620,25354,Big 12,1,2014,11620,NA
327,Kansas St.,/team/327/11320,25354,Big 12,1,2013,11320,NA
327,Kansas St.,/team/327/10942,25354,Big 12,1,2012,10942,NA
327,Kansas St.,/team/327/10561,25354,Big 12,1,2011,10561,NA
327,Kansas St.,/team/327/10240,25354,Big 12,1,2010,10240,NA
1157,Kennesaw St.,/teams/614831,24312,CUSA,1,2026,17040,614831
1157,Kennesaw St.,/teams/596463,24312,CUSA,1,2025,16840,596463
1157,Kennesaw St.,/team/1157/16580,920,ASUN,1,2024,16580,NA
1157,Kennesaw St.,/team/1157/16340,920,ASUN,1,2023,16340,NA
1157,Kennesaw St.,/team/1157/15860,920,ASUN,1,2022,15860,NA
1157,Kennesaw St.,/team/1157/15580,920,ASUN,1,2021,15580,NA
1157,Kennesaw St.,/team/1157/15204,920,ASUN,1,2020,15204,NA
1157,Kennesaw St.,/team/1157/15204,920,ASUN,1,2019,15204,NA
1157,Kennesaw St.,/team/1157/12973,920,ASUN,1,2018,12973,NA
1157,Kennesaw St.,/team/1157/12560,920,ASUN,1,2017,12560,NA
1157,Kennesaw St.,/team/1157/12360,920,ASUN,1,2016,12360,NA
1157,Kennesaw St.,/team/1157/12080,920,ASUN,1,2015,12080,NA
1157,Kennesaw St.,/team/1157/11620,920,ASUN,1,2014,11620,NA
1157,Kennesaw St.,/team/1157/11320,920,ASUN,1,2013,11320,NA
1157,Kennesaw St.,/team/1157/10942,920,ASUN,1,2012,10942,NA
1157,Kennesaw St.,/team/1157/10561,920,ASUN,1,2011,10561,NA
1157,Kennesaw St.,/team/1157/10240,920,ASUN,1,2010,10240,NA
331,Kent St.,/teams/614637,875,MAC,1,2026,17040,614637
331,Kent St.,/teams/596576,875,MAC,1,2025,16840,596576
331,Kent St.,/team/331/16580,875,MAC,1,2024,16580,NA
331,Kent St.,/team/331/16340,875,MAC,1,2023,16340,NA
331,Kent St.,/team/331/15860,875,MAC,1,2022,15860,NA
331,Kent St.,/team/331/15580,875,MAC,1,2021,15580,NA
331,Kent St.,/team/331/15204,875,MAC,1,2020,15204,NA
331,Kent St.,/team/331/15204,875,MAC,1,2019,15204,NA
331,Kent St.,/team/331/12973,875,MAC,1,2018,12973,NA
331,Kent St.,/team/331/12560,875,MAC,1,2017,12560,NA
331,Kent St.,/team/331/12360,875,MAC,1,2016,12360,NA
331,Kent St.,/team/331/12080,875,MAC,1,2015,12080,NA
331,Kent St.,/team/331/11620,875,MAC,1,2014,11620,NA
331,Kent St.,/team/331/11320,875,MAC,1,2013,11320,NA
331,Kent St.,/team/331/10942,875,MAC,1,2012,10942,NA
331,Kent St.,/team/331/10561,875,MAC,1,2011,10561,NA
331,Kent St.,/team/331/10240,875,MAC,1,2010,10240,NA
334,Kentucky,/teams/614638,911,SEC,1,2026,17040,614638
334,Kentucky,/teams/596577,911,SEC,1,2025,16840,596577
334,Kentucky,/team/334/16580,911,SEC,1,2024,16580,NA
334,Kentucky,/team/334/16340,911,SEC,1,2023,16340,NA
334,Kentucky,/team/334/15860,911,SEC,1,2022,15860,NA
334,Kentucky,/team/334/15580,911,SEC,1,2021,15580,NA
334,Kentucky,/team/334/15204,911,SEC,1,2020,15204,NA
334,Kentucky,/team/334/15204,911,SEC,1,2019,15204,NA
334,Kentucky,/team/334/12973,911,SEC,1,2018,12973,NA
334,Kentucky,/team/334/12560,911,SEC,1,2017,12560,NA
334,Kentucky,/team/334/12360,911,SEC,1,2016,12360,NA
334,Kentucky,/team/334/12080,911,SEC,1,2015,12080,NA
334,Kentucky,/team/334/11620,911,SEC,1,2014,11620,NA
334,Kentucky,/team/334/11320,911,SEC,1,2013,11320,NA
334,Kentucky,/team/334/10942,911,SEC,1,2012,10942,NA
334,Kentucky,/team/334/10561,911,SEC,1,2011,10561,NA
334,Kentucky,/team/334/10240,911,SEC,1,2010,10240,NA
361,LIU,/teams/614772,846,NEC,1,2026,17040,614772
361,LIU,/teams/596711,846,NEC,1,2025,16840,596711
361,LIU,/team/361/16580,846,NEC,1,2024,16580,NA
361,LIU,/team/361/16340,846,NEC,1,2023,16340,NA
361,LIU,/team/361/15860,846,NEC,1,2022,15860,NA
361,LIU,/team/361/15580,846,NEC,1,2021,15580,NA
361,LIU,/team/361/15204,846,NEC,1,2020,15204,NA
361,LIU,/team/361/15204,846,NEC,1,2019,15204,NA
361,LIU,/team/361/12973,846,NEC,1,2018,12973,NA
361,LIU,/team/361/12560,846,NEC,1,2017,12560,NA
361,LIU,/team/361/12360,846,NEC,1,2016,12360,NA
361,LIU,/team/361/12080,846,NEC,1,2015,12080,NA
361,LIU,/team/361/11620,846,NEC,1,2014,11620,NA
361,LIU,/team/361/11320,846,NEC,1,2013,11320,NA
361,LIU,/team/361/10942,846,NEC,1,2012,10942,NA
361,LIU,/team/361/10561,846,NEC,1,2011,10561,NA
361,LIU,/team/361/10240,846,NEC,1,2010,10240,NA
370,LMU (CA),/teams/614648,922,WCC,1,2026,17040,614648
370,LMU (CA),/teams/596587,922,WCC,1,2025,16840,596587
370,LMU (CA),/team/370/16580,922,WCC,1,2024,16580,NA
370,LMU (CA),/team/370/16340,922,WCC,1,2023,16340,NA
370,LMU (CA),/team/370/15860,922,WCC,1,2022,15860,NA
370,LMU (CA),/team/370/15580,922,WCC,1,2021,15580,NA
370,LMU (CA),/team/370/15204,922,WCC,1,2020,15204,NA
370,LMU (CA),/team/370/15204,922,WCC,1,2019,15204,NA
370,LMU (CA),/team/370/12973,922,WCC,1,2018,12973,NA
370,LMU (CA),/team/370/12560,922,WCC,1,2017,12560,NA
370,LMU (CA),/team/370/12360,922,WCC,1,2016,12360,NA
370,LMU (CA),/team/370/12080,922,WCC,1,2015,12080,NA
370,LMU (CA),/team/370/11620,922,WCC,1,2014,11620,NA
370,LMU (CA),/team/370/11320,922,WCC,1,2013,11320,NA
370,LMU (CA),/team/370/10942,922,WCC,1,2012,10942,NA
370,LMU (CA),/team/370/10561,922,WCC,1,2011,10561,NA
370,LMU (CA),/team/370/10240,922,WCC,1,2010,10240,NA
365,LSU,/teams/614644,911,SEC,1,2026,17040,614644
365,LSU,/teams/596583,911,SEC,1,2025,16840,596583
365,LSU,/team/365/16580,911,SEC,1,2024,16580,NA
365,LSU,/team/365/16340,911,SEC,1,2023,16340,NA
365,LSU,/team/365/15860,911,SEC,1,2022,15860,NA
365,LSU,/team/365/15580,911,SEC,1,2021,15580,NA
365,LSU,/team/365/15204,911,SEC,1,2020,15204,NA
365,LSU,/team/365/15204,911,SEC,1,2019,15204,NA
365,LSU,/team/365/12973,911,SEC,1,2018,12973,NA
365,LSU,/team/365/12560,911,SEC,1,2017,12560,NA
365,LSU,/team/365/12360,911,SEC,1,2016,12360,NA
365,LSU,/team/365/12080,911,SEC,1,2015,12080,NA
365,LSU,/team/365/11620,911,SEC,1,2014,11620,NA
365,LSU,/team/365/11320,911,SEC,1,2013,11320,NA
365,LSU,/team/365/10942,911,SEC,1,2012,10942,NA
365,LSU,/team/365/10561,911,SEC,1,2011,10561,NA
365,LSU,/team/365/10240,911,SEC,1,2010,10240,NA
340,La Salle,/teams/621265,820,Atlantic 10,1,2026,17040,621265
340,La Salle,/team/340/15580,820,Atlantic 10,1,2021,15580,NA
340,La Salle,/team/340/15204,820,Atlantic 10,1,2020,15204,NA
340,La Salle,/team/340/15204,820,Atlantic 10,1,2019,15204,NA
340,La Salle,/team/340/12973,820,Atlantic 10,1,2018,12973,NA
340,La Salle,/team/340/12560,820,Atlantic 10,1,2017,12560,NA
340,La Salle,/team/340/12360,820,Atlantic 10,1,2016,12360,NA
340,La Salle,/team/340/12080,820,Atlantic 10,1,2015,12080,NA
340,La Salle,/team/340/11620,820,Atlantic 10,1,2014,11620,NA
340,La Salle,/team/340/11320,820,Atlantic 10,1,2013,11320,NA
340,La Salle,/team/340/10942,820,Atlantic 10,1,2012,10942,NA
340,La Salle,/team/340/10561,820,Atlantic 10,1,2011,10561,NA
340,La Salle,/team/340/10240,820,Atlantic 10,1,2010,10240,NA
342,Lafayette,/teams/614639,838,Patriot,1,2026,17040,614639
342,Lafayette,/teams/596578,838,Patriot,1,2025,16840,596578
342,Lafayette,/team/342/16580,838,Patriot,1,2024,16580,NA
342,Lafayette,/team/342/16340,838,Patriot,1,2023,16340,NA
342,Lafayette,/team/342/15860,838,Patriot,1,2022,15860,NA
342,Lafayette,/team/342/15580,838,Patriot,1,2021,15580,NA
342,Lafayette,/team/342/15204,838,Patriot,1,2020,15204,NA
342,Lafayette,/team/342/15204,838,Patriot,1,2019,15204,NA
342,Lafayette,/team/342/12973,838,Patriot,1,2018,12973,NA
342,Lafayette,/team/342/12560,838,Patriot,1,2017,12560,NA
342,Lafayette,/team/342/12360,838,Patriot,1,2016,12360,NA
342,Lafayette,/team/342/12080,838,Patriot,1,2015,12080,NA
342,Lafayette,/team/342/11620,838,Patriot,1,2014,11620,NA
342,Lafayette,/team/342/11320,838,Patriot,1,2013,11320,NA
342,Lafayette,/team/342/10942,838,Patriot,1,2012,10942,NA
342,Lafayette,/team/342/10561,838,Patriot,1,2011,10561,NA
342,Lafayette,/team/342/10240,838,Patriot,1,2010,10240,NA
346,Lamar University,/teams/614640,914,Southland,1,2026,17040,614640
346,Lamar University,/teams/596579,914,Southland,1,2025,16840,596579
346,Lamar University,/team/346/16580,914,Southland,1,2024,16580,NA
346,Lamar University,/team/346/16340,914,Southland,1,2023,16340,NA
346,Lamar University,/team/346/15860,923,WAC,1,2022,15860,NA
346,Lamar University,/team/346/15580,914,Southland,1,2021,15580,NA
346,Lamar University,/team/346/15204,914,Southland,1,2020,15204,NA
346,Lamar University,/team/346/15204,914,Southland,1,2019,15204,NA
346,Lamar University,/team/346/12973,914,Southland,1,2018,12973,NA
346,Lamar University,/team/346/12560,914,Southland,1,2017,12560,NA
346,Lamar University,/team/346/12360,914,Southland,1,2016,12360,NA
346,Lamar University,/team/346/12080,914,Southland,1,2015,12080,NA
346,Lamar University,/team/346/11620,914,Southland,1,2014,11620,NA
346,Lamar University,/team/346/11320,914,Southland,1,2013,11320,NA
346,Lamar University,/team/346/10942,914,Southland,1,2012,10942,NA
346,Lamar University,/team/346/10561,914,Southland,1,2011,10561,NA
346,Lamar University,/team/346/10240,914,Southland,1,2010,10240,NA
349,Le Moyne,/teams/614760,846,NEC,1,2026,17040,614760
349,Le Moyne,/teams/596699,846,NEC,1,2025,16840,596699
349,Le Moyne,/team/349/16580,846,NEC,1,2024,16580,NA
352,Lehigh,/teams/614641,838,Patriot,1,2026,17040,614641
352,Lehigh,/teams/596580,838,Patriot,1,2025,16840,596580
352,Lehigh,/team/352/16580,838,Patriot,1,2024,16580,NA
352,Lehigh,/team/352/16340,838,Patriot,1,2023,16340,NA
352,Lehigh,/team/352/15860,838,Patriot,1,2022,15860,NA
352,Lehigh,/team/352/15580,838,Patriot,1,2021,15580,NA
352,Lehigh,/team/352/15204,838,Patriot,1,2020,15204,NA
352,Lehigh,/team/352/15204,838,Patriot,1,2019,15204,NA
352,Lehigh,/team/352/12973,838,Patriot,1,2018,12973,NA
352,Lehigh,/team/352/12560,838,Patriot,1,2017,12560,NA
352,Lehigh,/team/352/12360,838,Patriot,1,2016,12360,NA
352,Lehigh,/team/352/12080,838,Patriot,1,2015,12080,NA
352,Lehigh,/team/352/11620,838,Patriot,1,2014,11620,NA
352,Lehigh,/team/352/11320,838,Patriot,1,2013,11320,NA
352,Lehigh,/team/352/10942,838,Patriot,1,2012,10942,NA
352,Lehigh,/team/352/10561,838,Patriot,1,2011,10561,NA
352,Lehigh,/team/352/10240,838,Patriot,1,2010,10240,NA
355,Liberty,/teams/614642,24312,CUSA,1,2026,17040,614642
355,Liberty,/teams/596581,24312,CUSA,1,2025,16840,596581
355,Liberty,/team/355/16580,24312,CUSA,1,2024,16580,NA
355,Liberty,/team/355/16340,920,ASUN,1,2023,16340,NA
355,Liberty,/team/355/15860,920,ASUN,1,2022,15860,NA
355,Liberty,/team/355/15580,920,ASUN,1,2021,15580,NA
355,Liberty,/team/355/15204,920,ASUN,1,2020,15204,NA
355,Liberty,/team/355/15204,920,ASUN,1,2019,15204,NA
355,Liberty,/team/355/12973,826,Big South,1,2018,12973,NA
355,Liberty,/team/355/12560,826,Big South,1,2017,12560,NA
355,Liberty,/team/355/12360,826,Big South,1,2016,12360,NA
355,Liberty,/team/355/12080,826,Big South,1,2015,12080,NA
355,Liberty,/team/355/11620,826,Big South,1,2014,11620,NA
355,Liberty,/team/355/11320,826,Big South,1,2013,11320,NA
355,Liberty,/team/355/10942,826,Big South,1,2012,10942,NA
355,Liberty,/team/355/10561,826,Big South,1,2011,10561,NA
355,Liberty,/team/355/10240,826,Big South,1,2010,10240,NA
30136,Lindenwood,/teams/614756,902,OVC,1,2026,17040,614756
30136,Lindenwood,/teams/596695,902,OVC,1,2025,16840,596695
30136,Lindenwood,/team/30136/16580,902,OVC,1,2024,16580,NA
30136,Lindenwood,/team/30136/16340,902,OVC,1,2023,16340,NA
28600,Lipscomb,/teams/614840,920,ASUN,1,2026,17040,614840
28600,Lipscomb,/teams/596472,920,ASUN,1,2025,16840,596472
28600,Lipscomb,/team/28600/16580,920,ASUN,1,2024,16580,NA
28600,Lipscomb,/team/28600/16340,920,ASUN,1,2023,16340,NA
28600,Lipscomb,/team/28600/15860,920,ASUN,1,2022,15860,NA
28600,Lipscomb,/team/28600/15580,920,ASUN,1,2021,15580,NA
28600,Lipscomb,/team/28600/15204,920,ASUN,1,2020,15204,NA
28600,Lipscomb,/team/28600/15204,920,ASUN,1,2019,15204,NA
28600,Lipscomb,/team/28600/12973,920,ASUN,1,2018,12973,NA
28600,Lipscomb,/team/28600/12560,920,ASUN,1,2017,12560,NA
28600,Lipscomb,/team/28600/12360,920,ASUN,1,2016,12360,NA
28600,Lipscomb,/team/28600/12080,920,ASUN,1,2015,12080,NA
28600,Lipscomb,/team/28600/11620,920,ASUN,1,2014,11620,NA
28600,Lipscomb,/team/28600/11320,920,ASUN,1,2013,11320,NA
28600,Lipscomb,/team/28600/10942,920,ASUN,1,2012,10942,NA
28600,Lipscomb,/team/28600/10561,920,ASUN,1,2011,10561,NA
28600,Lipscomb,/team/28600/10240,920,ASUN,1,2010,10240,NA
32,Little Rock,/teams/614856,902,OVC,1,2026,17040,614856
32,Little Rock,/teams/596488,902,OVC,1,2025,16840,596488
32,Little Rock,/team/32/16580,902,OVC,1,2024,16580,NA
32,Little Rock,/team/32/16340,902,OVC,1,2023,16340,NA
32,Little Rock,/team/32/15860,818,Sun Belt,1,2022,15860,NA
32,Little Rock,/team/32/15580,818,Sun Belt,1,2021,15580,NA
32,Little Rock,/team/32/15204,818,Sun Belt,1,2020,15204,NA
32,Little Rock,/team/32/15204,818,Sun Belt,1,2019,15204,NA
32,Little Rock,/team/32/12973,818,Sun Belt,1,2018,12973,NA
32,Little Rock,/team/32/12560,818,Sun Belt,1,2017,12560,NA
32,Little Rock,/team/32/12360,818,Sun Belt,1,2016,12360,NA
32,Little Rock,/team/32/12080,818,Sun Belt,1,2015,12080,NA
32,Little Rock,/team/32/11620,818,Sun Belt,1,2014,11620,NA
32,Little Rock,/team/32/11320,818,Sun Belt,1,2013,11320,NA
32,Little Rock,/team/32/10942,818,Sun Belt,1,2012,10942,NA
32,Little Rock,/team/32/10561,818,Sun Belt,1,2011,10561,NA
32,Little Rock,/team/32/10240,818,Sun Belt,1,2010,10240,NA
99,Long Beach St.,/teams/614568,904,Big West,1,2026,17040,614568
99,Long Beach St.,/teams/596507,904,Big West,1,2025,16840,596507
99,Long Beach St.,/team/99/16580,904,Big West,1,2024,16580,NA
99,Long Beach St.,/team/99/16340,904,Big West,1,2023,16340,NA
99,Long Beach St.,/team/99/15860,904,Big West,1,2022,15860,NA
99,Long Beach St.,/team/99/15580,904,Big West,1,2021,15580,NA
99,Long Beach St.,/team/99/15204,904,Big West,1,2020,15204,NA
99,Long Beach St.,/team/99/15204,904,Big West,1,2019,15204,NA
99,Long Beach St.,/team/99/12973,904,Big West,1,2018,12973,NA
99,Long Beach St.,/team/99/12560,904,Big West,1,2017,12560,NA
99,Long Beach St.,/team/99/12360,904,Big West,1,2016,12360,NA
99,Long Beach St.,/team/99/12080,904,Big West,1,2015,12080,NA
99,Long Beach St.,/team/99/11620,904,Big West,1,2014,11620,NA
99,Long Beach St.,/team/99/11320,904,Big West,1,2013,11320,NA
99,Long Beach St.,/team/99/10942,904,Big West,1,2012,10942,NA
99,Long Beach St.,/team/99/10561,904,Big West,1,2011,10561,NA
99,Long Beach St.,/team/99/10240,904,Big West,1,2010,10240,NA
363,Longwood,/teams/614643,826,Big South,1,2026,17040,614643
363,Longwood,/teams/596582,826,Big South,1,2025,16840,596582
363,Longwood,/team/363/16580,826,Big South,1,2024,16580,NA
363,Longwood,/team/363/16340,826,Big South,1,2023,16340,NA
363,Longwood,/team/363/15860,826,Big South,1,2022,15860,NA
363,Longwood,/team/363/15580,826,Big South,1,2021,15580,NA
363,Longwood,/team/363/15204,826,Big South,1,2020,15204,NA
363,Longwood,/team/363/15204,826,Big South,1,2019,15204,NA
363,Longwood,/team/363/12973,826,Big South,1,2018,12973,NA
363,Longwood,/team/363/12560,826,Big South,1,2017,12560,NA
363,Longwood,/team/363/12360,826,Big South,1,2016,12360,NA
363,Longwood,/team/363/12080,826,Big South,1,2015,12080,NA
363,Longwood,/team/363/11620,826,Big South,1,2014,11620,NA
363,Longwood,/team/363/11320,826,Big South,1,2013,11320,NA
671,Louisiana,/teams/614748,818,Sun Belt,1,2026,17040,614748
671,Louisiana,/teams/596687,818,Sun Belt,1,2025,16840,596687
671,Louisiana,/team/671/16580,818,Sun Belt,1,2024,16580,NA
671,Louisiana,/team/671/16340,818,Sun Belt,1,2023,16340,NA
671,Louisiana,/team/671/15860,818,Sun Belt,1,2022,15860,NA
671,Louisiana,/team/671/15580,818,Sun Belt,1,2021,15580,NA
671,Louisiana,/team/671/15204,818,Sun Belt,1,2020,15204,NA
671,Louisiana,/team/671/15204,818,Sun Belt,1,2019,15204,NA
671,Louisiana,/team/671/12973,818,Sun Belt,1,2018,12973,NA
671,Louisiana,/team/671/12560,818,Sun Belt,1,2017,12560,NA
671,Louisiana,/team/671/12360,818,Sun Belt,1,2016,12360,NA
671,Louisiana,/team/671/12080,818,Sun Belt,1,2015,12080,NA
671,Louisiana,/team/671/11620,818,Sun Belt,1,2014,11620,NA
671,Louisiana,/team/671/11320,818,Sun Belt,1,2013,11320,NA
671,Louisiana,/team/671/10942,818,Sun Belt,1,2012,10942,NA
671,Louisiana,/team/671/10561,818,Sun Belt,1,2011,10561,NA
671,Louisiana,/team/671/10240,818,Sun Belt,1,2010,10240,NA
366,Louisiana Tech,/teams/614645,24312,CUSA,1,2026,17040,614645
366,Louisiana Tech,/teams/596584,24312,CUSA,1,2025,16840,596584
366,Louisiana Tech,/team/366/16580,24312,CUSA,1,2024,16580,NA
366,Louisiana Tech,/team/366/16340,24312,C-USA,1,2023,16340,NA
366,Louisiana Tech,/team/366/15860,24312,C-USA,1,2022,15860,NA
366,Louisiana Tech,/team/366/15580,24312,C-USA,1,2021,15580,NA
366,Louisiana Tech,/team/366/15204,24312,C-USA,1,2020,15204,NA
366,Louisiana Tech,/team/366/15204,24312,C-USA,1,2019,15204,NA
366,Louisiana Tech,/team/366/12973,24312,C-USA,1,2018,12973,NA
366,Louisiana Tech,/team/366/12560,24312,C-USA,1,2017,12560,NA
366,Louisiana Tech,/team/366/12360,24312,C-USA,1,2016,12360,NA
366,Louisiana Tech,/team/366/12080,24312,C-USA,1,2015,12080,NA
366,Louisiana Tech,/team/366/11620,24312,C-USA,1,2014,11620,NA
366,Louisiana Tech,/team/366/11320,923,WAC,1,2013,11320,NA
366,Louisiana Tech,/team/366/10942,923,WAC,1,2012,10942,NA
366,Louisiana Tech,/team/366/10561,923,WAC,1,2011,10561,NA
366,Louisiana Tech,/team/366/10240,923,WAC,1,2010,10240,NA
367,Louisville,/teams/614646,821,ACC,1,2026,17040,614646
367,Louisville,/teams/596585,821,ACC,1,2025,16840,596585
367,Louisville,/team/367/16580,821,ACC,1,2024,16580,NA
367,Louisville,/team/367/16340,821,ACC,1,2023,16340,NA
367,Louisville,/team/367/15860,821,ACC,1,2022,15860,NA
367,Louisville,/team/367/15580,821,ACC,1,2021,15580,NA
367,Louisville,/team/367/15204,821,ACC,1,2020,15204,NA
367,Louisville,/team/367/15204,821,ACC,1,2019,15204,NA
367,Louisville,/team/367/12973,821,ACC,1,2018,12973,NA
367,Louisville,/team/367/12560,821,ACC,1,2017,12560,NA
367,Louisville,/team/367/12360,821,ACC,1,2016,12360,NA
367,Louisville,/team/367/12080,821,ACC,1,2015,12080,NA
367,Louisville,/team/367/11620,823,AAC,1,2014,11620,NA
367,Louisville,/team/367/11320,823,AAC,1,2013,11320,NA
367,Louisville,/team/367/10942,823,AAC,1,2012,10942,NA
367,Louisville,/team/367/10561,823,AAC,1,2011,10561,NA
367,Louisville,/team/367/10240,823,AAC,1,2010,10240,NA
380,Maine,/teams/614649,845,America East,1,2026,17040,614649
380,Maine,/teams/596588,845,America East,1,2025,16840,596588
380,Maine,/team/380/16580,845,America East,1,2024,16580,NA
380,Maine,/team/380/16340,845,America East,1,2023,16340,NA
380,Maine,/team/380/15860,845,America East,1,2022,15860,NA
380,Maine,/team/380/15580,845,America East,1,2021,15580,NA
380,Maine,/team/380/15204,845,America East,1,2020,15204,NA
380,Maine,/team/380/15204,845,America East,1,2019,15204,NA
380,Maine,/team/380/12973,845,America East,1,2018,12973,NA
380,Maine,/team/380/12560,845,America East,1,2017,12560,NA
380,Maine,/team/380/12360,845,America East,1,2016,12360,NA
380,Maine,/team/380/12080,845,America East,1,2015,12080,NA
380,Maine,/team/380/11620,845,America East,1,2014,11620,NA
380,Maine,/team/380/11320,845,America East,1,2013,11320,NA
380,Maine,/team/380/10942,845,America East,1,2012,10942,NA
380,Maine,/team/380/10561,845,America East,1,2011,10561,NA
380,Maine,/team/380/10240,845,America East,1,2010,10240,NA
381,Manhattan,/teams/614650,871,MAAC,1,2026,17040,614650
381,Manhattan,/teams/596589,871,MAAC,1,2025,16840,596589
381,Manhattan,/team/381/16580,871,MAAC,1,2024,16580,NA
381,Manhattan,/team/381/16340,871,MAAC,1,2023,16340,NA
381,Manhattan,/team/381/15860,871,MAAC,1,2022,15860,NA
381,Manhattan,/team/381/15580,871,MAAC,1,2021,15580,NA
381,Manhattan,/team/381/15204,871,MAAC,1,2020,15204,NA
381,Manhattan,/team/381/15204,871,MAAC,1,2019,15204,NA
381,Manhattan,/team/381/12973,871,MAAC,1,2018,12973,NA
381,Manhattan,/team/381/12560,871,MAAC,1,2017,12560,NA
381,Manhattan,/team/381/12360,871,MAAC,1,2016,12360,NA
381,Manhattan,/team/381/12080,871,MAAC,1,2015,12080,NA
381,Manhattan,/team/381/11620,871,MAAC,1,2014,11620,NA
381,Manhattan,/team/381/11320,871,MAAC,1,2013,11320,NA
381,Manhattan,/team/381/10942,871,MAAC,1,2012,10942,NA
381,Manhattan,/team/381/10561,871,MAAC,1,2011,10561,NA
381,Manhattan,/team/381/10240,871,MAAC,1,2010,10240,NA
386,Marist,/teams/614651,871,MAAC,1,2026,17040,614651
386,Marist,/teams/596590,871,MAAC,1,2025,16840,596590
386,Marist,/team/386/16580,871,MAAC,1,2024,16580,NA
386,Marist,/team/386/16340,871,MAAC,1,2023,16340,NA
386,Marist,/team/386/15860,871,MAAC,1,2022,15860,NA
386,Marist,/team/386/15580,871,MAAC,1,2021,15580,NA
386,Marist,/team/386/15204,871,MAAC,1,2020,15204,NA
386,Marist,/team/386/15204,871,MAAC,1,2019,15204,NA
386,Marist,/team/386/12973,871,MAAC,1,2018,12973,NA
386,Marist,/team/386/12560,871,MAAC,1,2017,12560,NA
386,Marist,/team/386/12360,871,MAAC,1,2016,12360,NA
386,Marist,/team/386/12080,871,MAAC,1,2015,12080,NA
386,Marist,/team/386/11620,871,MAAC,1,2014,11620,NA
386,Marist,/team/386/11320,871,MAAC,1,2013,11320,NA
386,Marist,/team/386/10942,871,MAAC,1,2012,10942,NA
386,Marist,/team/386/10561,871,MAAC,1,2011,10561,NA
386,Marist,/team/386/10240,871,MAAC,1,2010,10240,NA
388,Marshall,/teams/614652,818,Sun Belt,1,2026,17040,614652
388,Marshall,/teams/596591,818,Sun Belt,1,2025,16840,596591
388,Marshall,/team/388/16580,818,Sun Belt,1,2024,16580,NA
388,Marshall,/team/388/16340,818,Sun Belt,1,2023,16340,NA
388,Marshall,/team/388/15860,24312,C-USA,1,2022,15860,NA
388,Marshall,/team/388/15580,24312,C-USA,1,2021,15580,NA
388,Marshall,/team/388/15204,24312,C-USA,1,2020,15204,NA
388,Marshall,/team/388/15204,24312,C-USA,1,2019,15204,NA
388,Marshall,/team/388/12973,24312,C-USA,1,2018,12973,NA
388,Marshall,/team/388/12560,24312,C-USA,1,2017,12560,NA
388,Marshall,/team/388/12360,24312,C-USA,1,2016,12360,NA
388,Marshall,/team/388/12080,24312,C-USA,1,2015,12080,NA
388,Marshall,/team/388/11620,24312,C-USA,1,2014,11620,NA
388,Marshall,/team/388/11320,24312,C-USA,1,2013,11320,NA
388,Marshall,/team/388/10942,24312,C-USA,1,2012,10942,NA
388,Marshall,/team/388/10561,24312,C-USA,1,2011,10561,NA
388,Marshall,/team/388/10240,24312,C-USA,1,2010,10240,NA
392,Maryland,/teams/614654,827,Big Ten,1,2026,17040,614654
392,Maryland,/teams/596593,827,Big Ten,1,2025,16840,596593
392,Maryland,/team/392/16580,827,Big Ten,1,2024,16580,NA
392,Maryland,/team/392/16340,827,Big Ten,1,2023,16340,NA
392,Maryland,/team/392/15860,827,Big Ten,1,2022,15860,NA
392,Maryland,/team/392/15580,827,Big Ten,1,2021,15580,NA
392,Maryland,/team/392/15204,827,Big Ten,1,2020,15204,NA
392,Maryland,/team/392/15204,827,Big Ten,1,2019,15204,NA
392,Maryland,/team/392/12973,827,Big Ten,1,2018,12973,NA
392,Maryland,/team/392/12560,827,Big Ten,1,2017,12560,NA
392,Maryland,/team/392/12360,827,Big Ten,1,2016,12360,NA
392,Maryland,/team/392/12080,827,Big Ten,1,2015,12080,NA
392,Maryland,/team/392/11620,821,ACC,1,2014,11620,NA
392,Maryland,/team/392/11320,821,ACC,1,2013,11320,NA
392,Maryland,/team/392/10942,821,ACC,1,2012,10942,NA
392,Maryland,/team/392/10561,821,ACC,1,2011,10561,NA
392,Maryland,/team/392/10240,821,ACC,1,2010,10240,NA
400,Massachusetts,/teams/614656,875,MAC,1,2026,17040,614656
400,Massachusetts,/teams/596595,820,Atlantic 10,1,2025,16840,596595
400,Massachusetts,/team/400/16580,820,Atlantic 10,1,2024,16580,NA
400,Massachusetts,/team/400/16340,820,Atlantic 10,1,2023,16340,NA
400,Massachusetts,/team/400/15860,820,Atlantic 10,1,2022,15860,NA
400,Massachusetts,/team/400/15580,820,Atlantic 10,1,2021,15580,NA
400,Massachusetts,/team/400/15204,820,Atlantic 10,1,2020,15204,NA
400,Massachusetts,/team/400/15204,820,Atlantic 10,1,2019,15204,NA
400,Massachusetts,/team/400/12973,820,Atlantic 10,1,2018,12973,NA
400,Massachusetts,/team/400/12560,820,Atlantic 10,1,2017,12560,NA
400,Massachusetts,/team/400/12360,820,Atlantic 10,1,2016,12360,NA
400,Massachusetts,/team/400/12080,820,Atlantic 10,1,2015,12080,NA
400,Massachusetts,/team/400/11620,820,Atlantic 10,1,2014,11620,NA
400,Massachusetts,/team/400/11320,820,Atlantic 10,1,2013,11320,NA
400,Massachusetts,/team/400/10942,820,Atlantic 10,1,2012,10942,NA
400,Massachusetts,/team/400/10561,820,Atlantic 10,1,2011,10561,NA
400,Massachusetts,/team/400/10240,820,Atlantic 10,1,2010,10240,NA
402,McNeese,/teams/614657,914,Southland,1,2026,17040,614657
402,McNeese,/teams/596596,914,Southland,1,2025,16840,596596
402,McNeese,/team/402/16580,914,Southland,1,2024,16580,NA
402,McNeese,/team/402/16340,914,Southland,1,2023,16340,NA
402,McNeese,/team/402/15860,914,Southland,1,2022,15860,NA
402,McNeese,/team/402/15580,914,Southland,1,2021,15580,NA
402,McNeese,/team/402/15204,914,Southland,1,2020,15204,NA
402,McNeese,/team/402/15204,914,Southland,1,2019,15204,NA
402,McNeese,/team/402/12973,914,Southland,1,2018,12973,NA
402,McNeese,/team/402/12560,914,Southland,1,2017,12560,NA
402,McNeese,/team/402/12360,914,Southland,1,2016,12360,NA
402,McNeese,/team/402/12080,914,Southland,1,2015,12080,NA
402,McNeese,/team/402/11620,914,Southland,1,2014,11620,NA
402,McNeese,/team/402/11320,914,Southland,1,2013,11320,NA
402,McNeese,/team/402/10942,914,Southland,1,2012,10942,NA
402,McNeese,/team/402/10561,914,Southland,1,2011,10561,NA
402,McNeese,/team/402/10240,914,Southland,1,2010,10240,NA
404,Memphis,/teams/614658,823,American,1,2026,17040,614658
404,Memphis,/teams/596597,823,American,1,2025,16840,596597
404,Memphis,/team/404/16580,823,AAC,1,2024,16580,NA
404,Memphis,/team/404/16340,823,AAC,1,2023,16340,NA
404,Memphis,/team/404/15860,823,AAC,1,2022,15860,NA
404,Memphis,/team/404/15580,823,AAC,1,2021,15580,NA
404,Memphis,/team/404/15204,823,AAC,1,2020,15204,NA
404,Memphis,/team/404/15204,823,AAC,1,2019,15204,NA
404,Memphis,/team/404/12973,823,AAC,1,2018,12973,NA
404,Memphis,/team/404/12560,823,AAC,1,2017,12560,NA
404,Memphis,/team/404/12360,823,AAC,1,2016,12360,NA
404,Memphis,/team/404/12080,823,AAC,1,2015,12080,NA
404,Memphis,/team/404/11620,823,AAC,1,2014,11620,NA
404,Memphis,/team/404/11320,24312,C-USA,1,2013,11320,NA
404,Memphis,/team/404/10942,24312,C-USA,1,2012,10942,NA
404,Memphis,/team/404/10561,24312,C-USA,1,2011,10561,NA
404,Memphis,/team/404/10240,24312,C-USA,1,2010,10240,NA
406,Mercer,/teams/614659,912,SoCon,1,2026,17040,614659
406,Mercer,/teams/596598,912,SoCon,1,2025,16840,596598
406,Mercer,/team/406/16580,912,SoCon,1,2024,16580,NA
406,Mercer,/team/406/16340,912,SoCon,1,2023,16340,NA
406,Mercer,/team/406/15860,912,SoCon,1,2022,15860,NA
406,Mercer,/team/406/15580,912,SoCon,1,2021,15580,NA
406,Mercer,/team/406/15204,912,SoCon,1,2020,15204,NA
406,Mercer,/team/406/15204,912,SoCon,1,2019,15204,NA
406,Mercer,/team/406/12973,912,SoCon,1,2018,12973,NA
406,Mercer,/team/406/12560,912,SoCon,1,2017,12560,NA
406,Mercer,/team/406/12360,912,SoCon,1,2016,12360,NA
406,Mercer,/team/406/12080,912,SoCon,1,2015,12080,NA
406,Mercer,/team/406/11620,920,ASUN,1,2014,11620,NA
406,Mercer,/team/406/11320,920,ASUN,1,2013,11320,NA
406,Mercer,/team/406/10942,920,ASUN,1,2012,10942,NA
406,Mercer,/team/406/10561,920,ASUN,1,2011,10561,NA
406,Mercer,/team/406/10240,920,ASUN,1,2010,10240,NA
NA,Mercyhurst,/teams/614783,846,NEC,1,2026,17040,614783
NA,Mercyhurst,/teams/596906,846,NEC,1,2025,16840,596906
410,Merrimack,/teams/614826,871,MAAC,1,2026,17040,614826
410,Merrimack,/teams/596458,871,MAAC,1,2025,16840,596458
410,Merrimack,/team/410/16580,846,NEC,1,2024,16580,NA
410,Merrimack,/team/410/16340,846,NEC,1,2023,16340,NA
410,Merrimack,/team/410/15860,846,NEC,1,2022,15860,NA
410,Merrimack,/team/410/15580,846,NEC,1,2021,15580,NA
410,Merrimack,/team/410/15204,846,NEC,1,2020,15204,NA
410,Merrimack,/team/410/15204,846,NEC,1,2019,15204,NA
415,Miami (FL),/teams/614661,821,ACC,1,2026,17040,614661
415,Miami (FL),/teams/596600,821,ACC,1,2025,16840,596600
415,Miami (FL),/team/415/16580,821,ACC,1,2024,16580,NA
415,Miami (FL),/team/415/16340,821,ACC,1,2023,16340,NA
415,Miami (FL),/team/415/15860,821,ACC,1,2022,15860,NA
415,Miami (FL),/team/415/15580,821,ACC,1,2021,15580,NA
415,Miami (FL),/team/415/15204,821,ACC,1,2020,15204,NA
415,Miami (FL),/team/415/15204,821,ACC,1,2019,15204,NA
415,Miami (FL),/team/415/12973,821,ACC,1,2018,12973,NA
415,Miami (FL),/team/415/12560,821,ACC,1,2017,12560,NA
415,Miami (FL),/team/415/12360,821,ACC,1,2016,12360,NA
415,Miami (FL),/team/415/12080,821,ACC,1,2015,12080,NA
415,Miami (FL),/team/415/11620,821,ACC,1,2014,11620,NA
415,Miami (FL),/team/415/11320,821,ACC,1,2013,11320,NA
415,Miami (FL),/team/415/10942,821,ACC,1,2012,10942,NA
415,Miami (FL),/team/415/10561,821,ACC,1,2011,10561,NA
415,Miami (FL),/team/415/10240,821,ACC,1,2010,10240,NA
414,Miami (OH),/teams/614660,875,MAC,1,2026,17040,614660
414,Miami (OH),/teams/596599,875,MAC,1,2025,16840,596599
414,Miami (OH),/team/414/16580,875,MAC,1,2024,16580,NA
414,Miami (OH),/team/414/16340,875,MAC,1,2023,16340,NA
414,Miami (OH),/team/414/15860,875,MAC,1,2022,15860,NA
414,Miami (OH),/team/414/15580,875,MAC,1,2021,15580,NA
414,Miami (OH),/team/414/15204,875,MAC,1,2020,15204,NA
414,Miami (OH),/team/414/15204,875,MAC,1,2019,15204,NA
414,Miami (OH),/team/414/12973,875,MAC,1,2018,12973,NA
414,Miami (OH),/team/414/12560,875,MAC,1,2017,12560,NA
414,Miami (OH),/team/414/12360,875,MAC,1,2016,12360,NA
414,Miami (OH),/team/414/12080,875,MAC,1,2015,12080,NA
414,Miami (OH),/team/414/11620,875,MAC,1,2014,11620,NA
414,Miami (OH),/team/414/11320,875,MAC,1,2013,11320,NA
414,Miami (OH),/team/414/10942,875,MAC,1,2012,10942,NA
414,Miami (OH),/team/414/10561,875,MAC,1,2011,10561,NA
414,Miami (OH),/team/414/10240,875,MAC,1,2010,10240,NA
418,Michigan,/teams/614663,827,Big Ten,1,2026,17040,614663
418,Michigan,/teams/596602,827,Big Ten,1,2025,16840,596602
418,Michigan,/team/418/16580,827,Big Ten,1,2024,16580,NA
418,Michigan,/team/418/16340,827,Big Ten,1,2023,16340,NA
418,Michigan,/team/418/15860,827,Big Ten,1,2022,15860,NA
418,Michigan,/team/418/15580,827,Big Ten,1,2021,15580,NA
418,Michigan,/team/418/15204,827,Big Ten,1,2020,15204,NA
418,Michigan,/team/418/15204,827,Big Ten,1,2019,15204,NA
418,Michigan,/team/418/12973,827,Big Ten,1,2018,12973,NA
418,Michigan,/team/418/12560,827,Big Ten,1,2017,12560,NA
418,Michigan,/team/418/12360,827,Big Ten,1,2016,12360,NA
418,Michigan,/team/418/12080,827,Big Ten,1,2015,12080,NA
418,Michigan,/team/418/11620,827,Big Ten,1,2014,11620,NA
418,Michigan,/team/418/11320,827,Big Ten,1,2013,11320,NA
418,Michigan,/team/418/10942,827,Big Ten,1,2012,10942,NA
418,Michigan,/team/418/10561,827,Big Ten,1,2011,10561,NA
418,Michigan,/team/418/10240,827,Big Ten,1,2010,10240,NA
416,Michigan St.,/teams/614662,827,Big Ten,1,2026,17040,614662
416,Michigan St.,/teams/596601,827,Big Ten,1,2025,16840,596601
416,Michigan St.,/team/416/16580,827,Big Ten,1,2024,16580,NA
416,Michigan St.,/team/416/16340,827,Big Ten,1,2023,16340,NA
416,Michigan St.,/team/416/15860,827,Big Ten,1,2022,15860,NA
416,Michigan St.,/team/416/15580,827,Big Ten,1,2021,15580,NA
416,Michigan St.,/team/416/15204,827,Big Ten,1,2020,15204,NA
416,Michigan St.,/team/416/15204,827,Big Ten,1,2019,15204,NA
416,Michigan St.,/team/416/12973,827,Big Ten,1,2018,12973,NA
416,Michigan St.,/team/416/12560,827,Big Ten,1,2017,12560,NA
416,Michigan St.,/team/416/12360,827,Big Ten,1,2016,12360,NA
416,Michigan St.,/team/416/12080,827,Big Ten,1,2015,12080,NA
416,Michigan St.,/team/416/11620,827,Big Ten,1,2014,11620,NA
416,Michigan St.,/team/416/11320,827,Big Ten,1,2013,11320,NA
416,Michigan St.,/team/416/10942,827,Big Ten,1,2012,10942,NA
416,Michigan St.,/team/416/10561,827,Big Ten,1,2011,10561,NA
416,Michigan St.,/team/416/10240,827,Big Ten,1,2010,10240,NA
419,Middle Tenn.,/teams/614664,24312,CUSA,1,2026,17040,614664
419,Middle Tenn.,/teams/596603,24312,CUSA,1,2025,16840,596603
419,Middle Tenn.,/team/419/16580,24312,CUSA,1,2024,16580,NA
419,Middle Tenn.,/team/419/16340,24312,C-USA,1,2023,16340,NA
419,Middle Tenn.,/team/419/15860,24312,C-USA,1,2022,15860,NA
419,Middle Tenn.,/team/419/15580,24312,C-USA,1,2021,15580,NA
419,Middle Tenn.,/team/419/15204,24312,C-USA,1,2020,15204,NA
419,Middle Tenn.,/team/419/15204,24312,C-USA,1,2019,15204,NA
419,Middle Tenn.,/team/419/12973,24312,C-USA,1,2018,12973,NA
419,Middle Tenn.,/team/419/12560,24312,C-USA,1,2017,12560,NA
419,Middle Tenn.,/team/419/12360,24312,C-USA,1,2016,12360,NA
419,Middle Tenn.,/team/419/12080,24312,C-USA,1,2015,12080,NA
419,Middle Tenn.,/team/419/11620,24312,C-USA,1,2014,11620,NA
419,Middle Tenn.,/team/419/11320,818,Sun Belt,1,2013,11320,NA
419,Middle Tenn.,/team/419/10942,818,Sun Belt,1,2012,10942,NA
419,Middle Tenn.,/team/419/10561,818,Sun Belt,1,2011,10561,NA
419,Middle Tenn.,/team/419/10240,818,Sun Belt,1,2010,10240,NA
797,Milwaukee,/teams/614820,881,Horizon,1,2026,17040,614820
797,Milwaukee,/teams/596452,881,Horizon,1,2025,16840,596452
797,Milwaukee,/team/797/16580,881,Horizon,1,2024,16580,NA
797,Milwaukee,/team/797/16340,881,Horizon,1,2023,16340,NA
797,Milwaukee,/team/797/15860,881,Horizon,1,2022,15860,NA
797,Milwaukee,/team/797/15580,881,Horizon,1,2021,15580,NA
797,Milwaukee,/team/797/15204,881,Horizon,1,2020,15204,NA
797,Milwaukee,/team/797/15204,881,Horizon,1,2019,15204,NA
797,Milwaukee,/team/797/12973,881,Horizon,1,2018,12973,NA
797,Milwaukee,/team/797/12560,881,Horizon,1,2017,12560,NA
797,Milwaukee,/team/797/12360,881,Horizon,1,2016,12360,NA
797,Milwaukee,/team/797/12080,881,Horizon,1,2015,12080,NA
797,Milwaukee,/team/797/11620,881,Horizon,1,2014,11620,NA
797,Milwaukee,/team/797/11320,881,Horizon,1,2013,11320,NA
797,Milwaukee,/team/797/10942,881,Horizon,1,2012,10942,NA
797,Milwaukee,/team/797/10561,881,Horizon,1,2011,10561,NA
797,Milwaukee,/team/797/10240,881,Horizon,1,2010,10240,NA
428,Minnesota,/teams/614665,827,Big Ten,1,2026,17040,614665
428,Minnesota,/teams/596604,827,Big Ten,1,2025,16840,596604
428,Minnesota,/team/428/16580,827,Big Ten,1,2024,16580,NA
428,Minnesota,/team/428/16340,827,Big Ten,1,2023,16340,NA
428,Minnesota,/team/428/15860,827,Big Ten,1,2022,15860,NA
428,Minnesota,/team/428/15580,827,Big Ten,1,2021,15580,NA
428,Minnesota,/team/428/15204,827,Big Ten,1,2020,15204,NA
428,Minnesota,/team/428/15204,827,Big Ten,1,2019,15204,NA
428,Minnesota,/team/428/12973,827,Big Ten,1,2018,12973,NA
428,Minnesota,/team/428/12560,827,Big Ten,1,2017,12560,NA
428,Minnesota,/team/428/12360,827,Big Ten,1,2016,12360,NA
428,Minnesota,/team/428/12080,827,Big Ten,1,2015,12080,NA
428,Minnesota,/team/428/11620,827,Big Ten,1,2014,11620,NA
428,Minnesota,/team/428/11320,827,Big Ten,1,2013,11320,NA
428,Minnesota,/team/428/10942,827,Big Ten,1,2012,10942,NA
428,Minnesota,/team/428/10561,827,Big Ten,1,2011,10561,NA
428,Minnesota,/team/428/10240,827,Big Ten,1,2010,10240,NA
430,Mississippi St.,/teams/614666,911,SEC,1,2026,17040,614666
430,Mississippi St.,/teams/596605,911,SEC,1,2025,16840,596605
430,Mississippi St.,/team/430/16580,911,SEC,1,2024,16580,NA
430,Mississippi St.,/team/430/16340,911,SEC,1,2023,16340,NA
430,Mississippi St.,/team/430/15860,911,SEC,1,2022,15860,NA
430,Mississippi St.,/team/430/15580,911,SEC,1,2021,15580,NA
430,Mississippi St.,/team/430/15204,911,SEC,1,2020,15204,NA
430,Mississippi St.,/team/430/15204,911,SEC,1,2019,15204,NA
430,Mississippi St.,/team/430/12973,911,SEC,1,2018,12973,NA
430,Mississippi St.,/team/430/12560,911,SEC,1,2017,12560,NA
430,Mississippi St.,/team/430/12360,911,SEC,1,2016,12360,NA
430,Mississippi St.,/team/430/12080,911,SEC,1,2015,12080,NA
430,Mississippi St.,/team/430/11620,911,SEC,1,2014,11620,NA
430,Mississippi St.,/team/430/11320,911,SEC,1,2013,11320,NA
430,Mississippi St.,/team/430/10942,911,SEC,1,2012,10942,NA
430,Mississippi St.,/team/430/10561,911,SEC,1,2011,10561,NA
430,Mississippi St.,/team/430/10240,911,SEC,1,2010,10240,NA
432,Mississippi Val.,/teams/614667,916,SWAC,1,2026,17040,614667
432,Mississippi Val.,/teams/596606,916,SWAC,1,2025,16840,596606
432,Mississippi Val.,/team/432/16580,916,SWAC,1,2024,16580,NA
432,Mississippi Val.,/team/432/16340,916,SWAC,1,2023,16340,NA
432,Mississippi Val.,/team/432/15860,916,SWAC,1,2022,15860,NA
432,Mississippi Val.,/team/432/15580,916,SWAC,1,2021,15580,NA
432,Mississippi Val.,/team/432/15204,916,SWAC,1,2020,15204,NA
432,Mississippi Val.,/team/432/15204,916,SWAC,1,2019,15204,NA
432,Mississippi Val.,/team/432/12973,916,SWAC,1,2018,12973,NA
432,Mississippi Val.,/team/432/12560,916,SWAC,1,2017,12560,NA
432,Mississippi Val.,/team/432/12360,916,SWAC,1,2016,12360,NA
432,Mississippi Val.,/team/432/12080,916,SWAC,1,2015,12080,NA
432,Mississippi Val.,/team/432/11620,916,SWAC,1,2014,11620,NA
432,Mississippi Val.,/team/432/11320,916,SWAC,1,2013,11320,NA
432,Mississippi Val.,/team/432/10942,916,SWAC,1,2012,10942,NA
432,Mississippi Val.,/team/432/10561,916,SWAC,1,2011,10561,NA
432,Mississippi Val.,/team/432/10240,916,SWAC,1,2010,10240,NA
434,Missouri,/teams/614669,911,SEC,1,2026,17040,614669
434,Missouri,/teams/596608,911,SEC,1,2025,16840,596608
434,Missouri,/team/434/16580,911,SEC,1,2024,16580,NA
434,Missouri,/team/434/16340,911,SEC,1,2023,16340,NA
434,Missouri,/team/434/15860,911,SEC,1,2022,15860,NA
434,Missouri,/team/434/15580,911,SEC,1,2021,15580,NA
434,Missouri,/team/434/15204,911,SEC,1,2020,15204,NA
434,Missouri,/team/434/15204,911,SEC,1,2019,15204,NA
434,Missouri,/team/434/12973,911,SEC,1,2018,12973,NA
434,Missouri,/team/434/12560,911,SEC,1,2017,12560,NA
434,Missouri,/team/434/12360,911,SEC,1,2016,12360,NA
434,Missouri,/team/434/12080,911,SEC,1,2015,12080,NA
434,Missouri,/team/434/11620,911,SEC,1,2014,11620,NA
434,Missouri,/team/434/11320,911,SEC,1,2013,11320,NA
434,Missouri,/team/434/10942,25354,Big 12,1,2012,10942,NA
434,Missouri,/team/434/10561,25354,Big 12,1,2011,10561,NA
434,Missouri,/team/434/10240,25354,Big 12,1,2010,10240,NA
669,Missouri St.,/teams/614746,24312,CUSA,1,2026,17040,614746
669,Missouri St.,/teams/596685,884,MVC,1,2025,16840,596685
669,Missouri St.,/team/669/16580,884,MVC,1,2024,16580,NA
669,Missouri St.,/team/669/16340,884,MVC,1,2023,16340,NA
669,Missouri St.,/team/669/15860,884,MVC,1,2022,15860,NA
669,Missouri St.,/team/669/15580,884,MVC,1,2021,15580,NA
669,Missouri St.,/team/669/15204,884,MVC,1,2020,15204,NA
669,Missouri St.,/team/669/15204,884,MVC,1,2019,15204,NA
669,Missouri St.,/team/669/12973,884,MVC,1,2018,12973,NA
669,Missouri St.,/team/669/12560,884,MVC,1,2017,12560,NA
669,Missouri St.,/team/669/12360,884,MVC,1,2016,12360,NA
669,Missouri St.,/team/669/12080,884,MVC,1,2015,12080,NA
669,Missouri St.,/team/669/11620,884,MVC,1,2014,11620,NA
669,Missouri St.,/team/669/11320,884,MVC,1,2013,11320,NA
669,Missouri St.,/team/669/10942,884,MVC,1,2012,10942,NA
669,Missouri St.,/team/669/10561,884,MVC,1,2011,10561,NA
669,Missouri St.,/team/669/10240,884,MVC,1,2010,10240,NA
439,Monmouth,/teams/614670,837,CAA,1,2026,17040,614670
439,Monmouth,/teams/596609,837,CAA,1,2025,16840,596609
439,Monmouth,/team/439/16580,837,CAA,1,2024,16580,NA
439,Monmouth,/team/439/16340,837,CAA,1,2023,16340,NA
439,Monmouth,/team/439/15860,871,MAAC,1,2022,15860,NA
439,Monmouth,/team/439/15580,871,MAAC,1,2021,15580,NA
439,Monmouth,/team/439/15204,871,MAAC,1,2020,15204,NA
439,Monmouth,/team/439/15204,871,MAAC,1,2019,15204,NA
439,Monmouth,/team/439/12973,871,MAAC,1,2018,12973,NA
439,Monmouth,/team/439/12560,871,MAAC,1,2017,12560,NA
439,Monmouth,/team/439/12360,871,MAAC,1,2016,12360,NA
439,Monmouth,/team/439/12080,871,MAAC,1,2015,12080,NA
439,Monmouth,/team/439/11620,871,MAAC,1,2014,11620,NA
439,Monmouth,/team/439/11320,846,NEC,1,2013,11320,NA
439,Monmouth,/team/439/10942,846,NEC,1,2012,10942,NA
439,Monmouth,/team/439/10561,846,NEC,1,2011,10561,NA
439,Monmouth,/team/439/10240,846,NEC,1,2010,10240,NA
444,Morehead St.,/teams/614671,902,OVC,1,2026,17040,614671
444,Morehead St.,/teams/596610,902,OVC,1,2025,16840,596610
444,Morehead St.,/team/444/16580,902,OVC,1,2024,16580,NA
444,Morehead St.,/team/444/16340,902,OVC,1,2023,16340,NA
444,Morehead St.,/team/444/15860,902,OVC,1,2022,15860,NA
444,Morehead St.,/team/444/15580,902,OVC,1,2021,15580,NA
444,Morehead St.,/team/444/15204,902,OVC,1,2020,15204,NA
444,Morehead St.,/team/444/15204,902,OVC,1,2019,15204,NA
444,Morehead St.,/team/444/12973,902,OVC,1,2018,12973,NA
444,Morehead St.,/team/444/12560,902,OVC,1,2017,12560,NA
444,Morehead St.,/team/444/12360,902,OVC,1,2016,12360,NA
444,Morehead St.,/team/444/12080,902,OVC,1,2015,12080,NA
444,Morehead St.,/team/444/11620,902,OVC,1,2014,11620,NA
444,Morehead St.,/team/444/11320,902,OVC,1,2013,11320,NA
444,Morehead St.,/team/444/10942,902,OVC,1,2012,10942,NA
444,Morehead St.,/team/444/10561,902,OVC,1,2011,10561,NA
444,Morehead St.,/team/444/10240,902,OVC,1,2010,10240,NA
450,Mount St. Mary's,/teams/614672,871,MAAC,1,2026,17040,614672
450,Mount St. Mary's,/teams/596611,871,MAAC,1,2025,16840,596611
450,Mount St. Mary's,/team/450/16580,871,MAAC,1,2024,16580,NA
450,Mount St. Mary's,/team/450/16340,871,MAAC,1,2023,16340,NA
450,Mount St. Mary's,/team/450/15860,846,NEC,1,2022,15860,NA
450,Mount St. Mary's,/team/450/15580,846,NEC,1,2021,15580,NA
450,Mount St. Mary's,/team/450/15204,846,NEC,1,2020,15204,NA
450,Mount St. Mary's,/team/450/15204,846,NEC,1,2019,15204,NA
450,Mount St. Mary's,/team/450/12973,846,NEC,1,2018,12973,NA
450,Mount St. Mary's,/team/450/12560,846,NEC,1,2017,12560,NA
450,Mount St. Mary's,/team/450/12360,846,NEC,1,2016,12360,NA
450,Mount St. Mary's,/team/450/12080,846,NEC,1,2015,12080,NA
450,Mount St. Mary's,/team/450/11620,846,NEC,1,2014,11620,NA
450,Mount St. Mary's,/team/450/11320,846,NEC,1,2013,11320,NA
450,Mount St. Mary's,/team/450/10942,846,NEC,1,2012,10942,NA
450,Mount St. Mary's,/team/450/10561,846,NEC,1,2011,10561,NA
450,Mount St. Mary's,/team/450/10240,846,NEC,1,2010,10240,NA
454,Murray St.,/teams/614673,884,MVC,1,2026,17040,614673
454,Murray St.,/teams/596612,884,MVC,1,2025,16840,596612
454,Murray St.,/team/454/16580,884,MVC,1,2024,16580,NA
454,Murray St.,/team/454/16340,884,MVC,1,2023,16340,NA
454,Murray St.,/team/454/15860,902,OVC,1,2022,15860,NA
454,Murray St.,/team/454/15580,902,OVC,1,2021,15580,NA
454,Murray St.,/team/454/15204,902,OVC,1,2020,15204,NA
454,Murray St.,/team/454/15204,902,OVC,1,2019,15204,NA
454,Murray St.,/team/454/12973,902,OVC,1,2018,12973,NA
454,Murray St.,/team/454/12560,902,OVC,1,2017,12560,NA
454,Murray St.,/team/454/12360,902,OVC,1,2016,12360,NA
454,Murray St.,/team/454/12080,902,OVC,1,2015,12080,NA
454,Murray St.,/team/454/11620,902,OVC,1,2014,11620,NA
454,Murray St.,/team/454/11320,902,OVC,1,2013,11320,NA
454,Murray St.,/team/454/10942,902,OVC,1,2012,10942,NA
454,Murray St.,/team/454/10561,902,OVC,1,2011,10561,NA
454,Murray St.,/team/454/10240,902,OVC,1,2010,10240,NA
488,N.C. A&T,/teams/614688,837,CAA,1,2026,17040,614688
488,N.C. A&T,/teams/596627,837,CAA,1,2025,16840,596627
488,N.C. A&T,/team/488/16580,837,CAA,1,2024,16580,NA
488,N.C. A&T,/team/488/16340,837,CAA,1,2023,16340,NA
488,N.C. A&T,/team/488/15860,826,Big South,1,2022,15860,NA
488,N.C. A&T,/team/488/15580,876,MEAC,1,2021,15580,NA
488,N.C. A&T,/team/488/15204,876,MEAC,1,2020,15204,NA
488,N.C. A&T,/team/488/15204,876,MEAC,1,2019,15204,NA
488,N.C. A&T,/team/488/12973,876,MEAC,1,2018,12973,NA
488,N.C. A&T,/team/488/12560,876,MEAC,1,2017,12560,NA
488,N.C. A&T,/team/488/12360,876,MEAC,1,2016,12360,NA
488,N.C. A&T,/team/488/12080,876,MEAC,1,2015,12080,NA
488,N.C. A&T,/team/488/11620,876,MEAC,1,2014,11620,NA
488,N.C. A&T,/team/488/11320,876,MEAC,1,2013,11320,NA
488,N.C. A&T,/team/488/10942,876,MEAC,1,2012,10942,NA
488,N.C. A&T,/team/488/10561,876,MEAC,1,2011,10561,NA
488,N.C. A&T,/team/488/10240,876,MEAC,1,2010,10240,NA
489,N.C. Central,/team/489/15580,876,MEAC,1,2021,15580,NA
489,N.C. Central,/team/489/15204,876,MEAC,1,2020,15204,NA
489,N.C. Central,/team/489/15204,876,MEAC,1,2019,15204,NA
489,N.C. Central,/team/489/12973,876,MEAC,1,2018,12973,NA
489,N.C. Central,/team/489/12560,876,MEAC,1,2017,12560,NA
489,N.C. Central,/team/489/12360,876,MEAC,1,2016,12360,NA
489,N.C. Central,/team/489/12080,876,MEAC,1,2015,12080,NA
489,N.C. Central,/team/489/11620,876,MEAC,1,2014,11620,NA
489,N.C. Central,/team/489/11320,876,MEAC,1,2013,11320,NA
489,N.C. Central,/team/489/10942,876,MEAC,1,2012,10942,NA
490,NC State,/teams/614689,821,ACC,1,2026,17040,614689
490,NC State,/teams/596628,821,ACC,1,2025,16840,596628
490,NC State,/team/490/16580,821,ACC,1,2024,16580,NA
490,NC State,/team/490/16340,821,ACC,1,2023,16340,NA
490,NC State,/team/490/15860,821,ACC,1,2022,15860,NA
490,NC State,/team/490/15580,821,ACC,1,2021,15580,NA
490,NC State,/team/490/15204,821,ACC,1,2020,15204,NA
490,NC State,/team/490/15204,821,ACC,1,2019,15204,NA
490,NC State,/team/490/12973,821,ACC,1,2018,12973,NA
490,NC State,/team/490/12560,821,ACC,1,2017,12560,NA
490,NC State,/team/490/12360,821,ACC,1,2016,12360,NA
490,NC State,/team/490/12080,821,ACC,1,2015,12080,NA
490,NC State,/team/490/11620,821,ACC,1,2014,11620,NA
490,NC State,/team/490/11320,821,ACC,1,2013,11320,NA
490,NC State,/team/490/10942,821,ACC,1,2012,10942,NA
490,NC State,/team/490/10561,821,ACC,1,2011,10561,NA
490,NC State,/team/490/10240,821,ACC,1,2010,10240,NA
503,NIU,/teams/614694,875,MAC,1,2026,17040,614694
503,NIU,/teams/596633,875,MAC,1,2025,16840,596633
503,NIU,/team/503/16580,875,MAC,1,2024,16580,NA
503,NIU,/team/503/16340,875,MAC,1,2023,16340,NA
503,NIU,/team/503/15860,875,MAC,1,2022,15860,NA
503,NIU,/team/503/15580,875,MAC,1,2021,15580,NA
503,NIU,/team/503/15204,875,MAC,1,2020,15204,NA
503,NIU,/team/503/15204,875,MAC,1,2019,15204,NA
503,NIU,/team/503/12973,875,MAC,1,2018,12973,NA
503,NIU,/team/503/12560,875,MAC,1,2017,12560,NA
503,NIU,/team/503/12360,875,MAC,1,2016,12360,NA
503,NIU,/team/503/12080,875,MAC,1,2015,12080,NA
503,NIU,/team/503/11620,875,MAC,1,2014,11620,NA
503,NIU,/team/503/11320,875,MAC,1,2013,11320,NA
503,NIU,/team/503/10942,875,MAC,1,2012,10942,NA
503,NIU,/team/503/10561,875,MAC,1,2011,10561,NA
503,NIU,/team/503/10240,875,MAC,1,2010,10240,NA
471,NJIT,/teams/614682,845,America East,1,2026,17040,614682
471,NJIT,/teams/596621,845,America East,1,2025,16840,596621
471,NJIT,/team/471/16580,845,America East,1,2024,16580,NA
471,NJIT,/team/471/16340,845,America East,1,2023,16340,NA
471,NJIT,/team/471/15860,845,America East,1,2022,15860,NA
471,NJIT,/team/471/15580,845,America East,1,2021,15580,NA
471,NJIT,/team/471/15204,920,ASUN,1,2020,15204,NA
471,NJIT,/team/471/15204,920,ASUN,1,2019,15204,NA
471,NJIT,/team/471/12973,920,ASUN,1,2018,12973,NA
471,NJIT,/team/471/12560,920,ASUN,1,2017,12560,NA
471,NJIT,/team/471/12360,920,ASUN,1,2016,12360,NA
471,NJIT,/team/471/12080,0,Independent,1,2015,12080,NA
471,NJIT,/team/471/11320,30156,GWC,1,2013,11320,NA
471,NJIT,/team/471/10942,30062,GWC,1,2012,10942,NA
471,NJIT,/team/471/10561,30062,GWC,1,2011,10561,NA
471,NJIT,/team/471/10240,30062,GWC,1,2010,10240,NA
726,Navy,/teams/614799,838,Patriot,1,2026,17040,614799
726,Navy,/teams/596431,838,Patriot,1,2025,16840,596431
726,Navy,/team/726/16580,838,Patriot,1,2024,16580,NA
726,Navy,/team/726/16340,838,Patriot,1,2023,16340,NA
726,Navy,/team/726/15860,838,Patriot,1,2022,15860,NA
726,Navy,/team/726/15580,838,Patriot,1,2021,15580,NA
726,Navy,/team/726/15204,838,Patriot,1,2020,15204,NA
726,Navy,/team/726/15204,838,Patriot,1,2019,15204,NA
726,Navy,/team/726/12973,838,Patriot,1,2018,12973,NA
726,Navy,/team/726/12560,838,Patriot,1,2017,12560,NA
726,Navy,/team/726/12360,838,Patriot,1,2016,12360,NA
726,Navy,/team/726/12080,838,Patriot,1,2015,12080,NA
726,Navy,/team/726/11620,838,Patriot,1,2014,11620,NA
726,Navy,/team/726/11320,838,Patriot,1,2013,11320,NA
726,Navy,/team/726/10942,838,Patriot,1,2012,10942,NA
726,Navy,/team/726/10561,838,Patriot,1,2011,10561,NA
726,Navy,/team/726/10240,838,Patriot,1,2010,10240,NA
463,Nebraska,/teams/614773,827,Big Ten,1,2026,17040,614773
463,Nebraska,/teams/596712,827,Big Ten,1,2025,16840,596712
463,Nebraska,/team/463/16580,827,Big Ten,1,2024,16580,NA
463,Nebraska,/team/463/16340,827,Big Ten,1,2023,16340,NA
463,Nebraska,/team/463/15860,827,Big Ten,1,2022,15860,NA
463,Nebraska,/team/463/15580,827,Big Ten,1,2021,15580,NA
463,Nebraska,/team/463/15204,827,Big Ten,1,2020,15204,NA
463,Nebraska,/team/463/15204,827,Big Ten,1,2019,15204,NA
463,Nebraska,/team/463/12973,827,Big Ten,1,2018,12973,NA
463,Nebraska,/team/463/12560,827,Big Ten,1,2017,12560,NA
463,Nebraska,/team/463/12360,827,Big Ten,1,2016,12360,NA
463,Nebraska,/team/463/12080,827,Big Ten,1,2015,12080,NA
463,Nebraska,/team/463/11620,827,Big Ten,1,2014,11620,NA
463,Nebraska,/team/463/11320,827,Big Ten,1,2013,11320,NA
463,Nebraska,/team/463/10942,827,Big Ten,1,2012,10942,NA
463,Nebraska,/team/463/10561,25354,Big 12,1,2011,10561,NA
463,Nebraska,/team/463/10240,25354,Big 12,1,2010,10240,NA
466,Nevada,/teams/614681,5486,Mountain West,1,2026,17040,614681
466,Nevada,/teams/596620,5486,Mountain West,1,2025,16840,596620
466,Nevada,/team/466/16580,5486,Mountain West,1,2024,16580,NA
466,Nevada,/team/466/16340,5486,Mountain West,1,2023,16340,NA
466,Nevada,/team/466/15860,5486,Mountain West,1,2022,15860,NA
466,Nevada,/team/466/15580,5486,Mountain West,1,2021,15580,NA
466,Nevada,/team/466/15204,5486,Mountain West,1,2020,15204,NA
466,Nevada,/team/466/15204,5486,Mountain West,1,2019,15204,NA
466,Nevada,/team/466/12973,5486,Mountain West,1,2018,12973,NA
466,Nevada,/team/466/12560,5486,Mountain West,1,2017,12560,NA
466,Nevada,/team/466/12360,5486,Mountain West,1,2016,12360,NA
466,Nevada,/team/466/12080,5486,Mountain West,1,2015,12080,NA
466,Nevada,/team/466/11620,5486,Mountain West,1,2014,11620,NA
466,Nevada,/team/466/11320,5486,Mountain West,1,2013,11320,NA
466,Nevada,/team/466/10942,923,WAC,1,2012,10942,NA
466,Nevada,/team/466/10561,923,WAC,1,2011,10561,NA
466,Nevada,/team/466/10240,923,WAC,1,2010,10240,NA
NA,New Haven,/teams/615065,846,NEC,1,2026,17040,615065
473,New Mexico,/teams/614684,5486,Mountain West,1,2026,17040,614684
473,New Mexico,/teams/596623,5486,Mountain West,1,2025,16840,596623
473,New Mexico,/team/473/16580,5486,Mountain West,1,2024,16580,NA
473,New Mexico,/team/473/16340,5486,Mountain West,1,2023,16340,NA
473,New Mexico,/team/473/15860,5486,Mountain West,1,2022,15860,NA
473,New Mexico,/team/473/15580,5486,Mountain West,1,2021,15580,NA
473,New Mexico,/team/473/15204,5486,Mountain West,1,2020,15204,NA
473,New Mexico,/team/473/15204,5486,Mountain West,1,2019,15204,NA
473,New Mexico,/team/473/12973,5486,Mountain West,1,2018,12973,NA
473,New Mexico,/team/473/12560,5486,Mountain West,1,2017,12560,NA
473,New Mexico,/team/473/12360,5486,Mountain West,1,2016,12360,NA
473,New Mexico,/team/473/12080,5486,Mountain West,1,2015,12080,NA
473,New Mexico,/team/473/11620,5486,Mountain West,1,2014,11620,NA
473,New Mexico,/team/473/11320,5486,Mountain West,1,2013,11320,NA
473,New Mexico,/team/473/10942,5486,Mountain West,1,2012,10942,NA
473,New Mexico,/team/473/10561,5486,Mountain West,1,2011,10561,NA
473,New Mexico,/team/473/10240,5486,Mountain West,1,2010,10240,NA
472,New Mexico St.,/teams/614683,24312,CUSA,1,2026,17040,614683
472,New Mexico St.,/teams/596622,24312,CUSA,1,2025,16840,596622
472,New Mexico St.,/team/472/16580,24312,CUSA,1,2024,16580,NA
472,New Mexico St.,/team/472/16340,923,WAC,1,2023,16340,NA
472,New Mexico St.,/team/472/15860,923,WAC,1,2022,15860,NA
472,New Mexico St.,/team/472/15580,923,WAC,1,2021,15580,NA
472,New Mexico St.,/team/472/15204,923,WAC,1,2020,15204,NA
472,New Mexico St.,/team/472/15204,923,WAC,1,2019,15204,NA
472,New Mexico St.,/team/472/12973,923,WAC,1,2018,12973,NA
472,New Mexico St.,/team/472/12560,923,WAC,1,2017,12560,NA
472,New Mexico St.,/team/472/12360,923,WAC,1,2016,12360,NA
472,New Mexico St.,/team/472/12080,923,WAC,1,2015,12080,NA
472,New Mexico St.,/team/472/11620,923,WAC,1,2014,11620,NA
472,New Mexico St.,/team/472/11320,923,WAC,1,2013,11320,NA
472,New Mexico St.,/team/472/10942,923,WAC,1,2012,10942,NA
472,New Mexico St.,/team/472/10561,923,WAC,1,2011,10561,NA
472,New Mexico St.,/team/472/10240,923,WAC,1,2010,10240,NA
474,New Orleans,/teams/614685,914,Southland,1,2026,17040,614685
474,New Orleans,/teams/596624,914,Southland,1,2025,16840,596624
474,New Orleans,/team/474/16580,914,Southland,1,2024,16580,NA
474,New Orleans,/team/474/16340,914,Southland,1,2023,16340,NA
474,New Orleans,/team/474/15860,914,Southland,1,2022,15860,NA
474,New Orleans,/team/474/15580,914,Southland,1,2021,15580,NA
474,New Orleans,/team/474/15204,914,Southland,1,2020,15204,NA
474,New Orleans,/team/474/15204,914,Southland,1,2019,15204,NA
474,New Orleans,/team/474/12973,914,Southland,1,2018,12973,NA
474,New Orleans,/team/474/12560,914,Southland,1,2017,12560,NA
474,New Orleans,/team/474/12360,914,Southland,1,2016,12360,NA
474,New Orleans,/team/474/12080,914,Southland,1,2015,12080,NA
474,New Orleans,/team/474/11620,914,Southland,1,2014,11620,NA
474,New Orleans,/team/474/10240,818,Sun Belt,1,2010,10240,NA
477,New York Tech,/team/477/12560,0,Independent,1,2017,12560,NA
477,New York Tech,/team/477/12360,0,Independent,1,2016,12360,NA
477,New York Tech,/team/477/12080,0,Independent,1,2015,12080,NA
477,New York Tech,/team/477/11320,30156,GWC,1,2013,11320,NA
477,New York Tech,/team/477/10942,30062,GWC,1,2012,10942,NA
477,New York Tech,/team/477/10561,30062,GWC,1,2011,10561,NA
477,New York Tech,/team/477/10240,30062,GWC,1,2010,10240,NA
482,Niagara,/teams/614686,871,MAAC,1,2026,17040,614686
482,Niagara,/teams/596625,871,MAAC,1,2025,16840,596625
482,Niagara,/team/482/16580,871,MAAC,1,2024,16580,NA
482,Niagara,/team/482/16340,871,MAAC,1,2023,16340,NA
482,Niagara,/team/482/15860,871,MAAC,1,2022,15860,NA
482,Niagara,/team/482/15580,871,MAAC,1,2021,15580,NA
482,Niagara,/team/482/15204,871,MAAC,1,2020,15204,NA
482,Niagara,/team/482/15204,871,MAAC,1,2019,15204,NA
482,Niagara,/team/482/12973,871,MAAC,1,2018,12973,NA
482,Niagara,/team/482/12560,871,MAAC,1,2017,12560,NA
482,Niagara,/team/482/12360,871,MAAC,1,2016,12360,NA
482,Niagara,/team/482/12080,871,MAAC,1,2015,12080,NA
482,Niagara,/team/482/11620,871,MAAC,1,2014,11620,NA
482,Niagara,/team/482/11320,871,MAAC,1,2013,11320,NA
482,Niagara,/team/482/10942,871,MAAC,1,2012,10942,NA
482,Niagara,/team/482/10561,871,MAAC,1,2011,10561,NA
482,Niagara,/team/482/10240,871,MAAC,1,2010,10240,NA
483,Nicholls,/teams/614774,914,Southland,1,2026,17040,614774
483,Nicholls,/teams/596713,914,Southland,1,2025,16840,596713
483,Nicholls,/team/483/16580,914,Southland,1,2024,16580,NA
483,Nicholls,/team/483/16340,914,Southland,1,2023,16340,NA
483,Nicholls,/team/483/15860,914,Southland,1,2022,15860,NA
483,Nicholls,/team/483/15580,914,Southland,1,2021,15580,NA
483,Nicholls,/team/483/15204,914,Southland,1,2020,15204,NA
483,Nicholls,/team/483/15204,914,Southland,1,2019,15204,NA
483,Nicholls,/team/483/12973,914,Southland,1,2018,12973,NA
483,Nicholls,/team/483/12560,914,Southland,1,2017,12560,NA
483,Nicholls,/team/483/12360,914,Southland,1,2016,12360,NA
483,Nicholls,/team/483/12080,914,Southland,1,2015,12080,NA
483,Nicholls,/team/483/11620,914,Southland,1,2014,11620,NA
483,Nicholls,/team/483/11320,914,Southland,1,2013,11320,NA
483,Nicholls,/team/483/10942,914,Southland,1,2012,10942,NA
483,Nicholls,/team/483/10561,914,Southland,1,2011,10561,NA
483,Nicholls,/team/483/10240,914,Southland,1,2010,10240,NA
485,Norfolk St.,/teams/614687,846,NEC,1,2026,17040,614687
485,Norfolk St.,/teams/596626,846,NEC,1,2025,16840,596626
485,Norfolk St.,/team/485/16580,846,NEC,1,2024,16580,NA
485,Norfolk St.,/team/485/16340,846,NEC,1,2023,16340,NA
485,Norfolk St.,/team/485/15860,876,MEAC,1,2022,15860,NA
485,Norfolk St.,/team/485/15580,876,MEAC,1,2021,15580,NA
485,Norfolk St.,/team/485/15204,876,MEAC,1,2020,15204,NA
485,Norfolk St.,/team/485/15204,876,MEAC,1,2019,15204,NA
485,Norfolk St.,/team/485/12973,876,MEAC,1,2018,12973,NA
485,Norfolk St.,/team/485/12560,876,MEAC,1,2017,12560,NA
485,Norfolk St.,/team/485/12360,876,MEAC,1,2016,12360,NA
485,Norfolk St.,/team/485/12080,876,MEAC,1,2015,12080,NA
485,Norfolk St.,/team/485/11620,876,MEAC,1,2014,11620,NA
485,Norfolk St.,/team/485/11320,876,MEAC,1,2013,11320,NA
485,Norfolk St.,/team/485/10942,876,MEAC,1,2012,10942,NA
485,Norfolk St.,/team/485/10561,876,MEAC,1,2011,10561,NA
485,Norfolk St.,/team/485/10240,876,MEAC,1,2010,10240,NA
487,North Ala.,/teams/614843,920,ASUN,1,2026,17040,614843
487,North Ala.,/teams/596475,920,ASUN,1,2025,16840,596475
487,North Ala.,/team/487/16580,920,ASUN,1,2024,16580,NA
487,North Ala.,/team/487/16340,920,ASUN,1,2023,16340,NA
487,North Ala.,/team/487/15860,920,ASUN,1,2022,15860,NA
487,North Ala.,/team/487/15580,920,ASUN,1,2021,15580,NA
487,North Ala.,/team/487/15204,920,ASUN,1,2020,15204,NA
487,North Ala.,/team/487/15204,920,ASUN,1,2019,15204,NA
457,North Carolina,/teams/614675,821,ACC,1,2026,17040,614675
457,North Carolina,/teams/596614,821,ACC,1,2025,16840,596614
457,North Carolina,/team/457/16580,821,ACC,1,2024,16580,NA
457,North Carolina,/team/457/16340,821,ACC,1,2023,16340,NA
457,North Carolina,/team/457/15860,821,ACC,1,2022,15860,NA
457,North Carolina,/team/457/15580,821,ACC,1,2021,15580,NA
457,North Carolina,/team/457/15204,821,ACC,1,2020,15204,NA
457,North Carolina,/team/457/15204,821,ACC,1,2019,15204,NA
457,North Carolina,/team/457/12973,821,ACC,1,2018,12973,NA
457,North Carolina,/team/457/12560,821,ACC,1,2017,12560,NA
457,North Carolina,/team/457/12360,821,ACC,1,2016,12360,NA
457,North Carolina,/team/457/12080,821,ACC,1,2015,12080,NA
457,North Carolina,/team/457/11620,821,ACC,1,2014,11620,NA
457,North Carolina,/team/457/11320,821,ACC,1,2013,11320,NA
457,North Carolina,/team/457/10942,821,ACC,1,2012,10942,NA
457,North Carolina,/team/457/10561,821,ACC,1,2011,10561,NA
457,North Carolina,/team/457/10240,821,ACC,1,2010,10240,NA
494,North Dakota,/team/494/12360,923,WAC,1,2016,12360,NA
494,North Dakota,/team/494/12080,923,WAC,1,2015,12080,NA
494,North Dakota,/team/494/11620,923,WAC,1,2014,11620,NA
494,North Dakota,/team/494/11320,30156,GWC,1,2013,11320,NA
494,North Dakota,/team/494/10942,30062,GWC,1,2012,10942,NA
494,North Dakota,/team/494/10561,30062,GWC,1,2011,10561,NA
494,North Dakota,/team/494/10240,30062,GWC,1,2010,10240,NA
493,North Dakota St.,/teams/614690,819,Summit League,1,2026,17040,614690
493,North Dakota St.,/teams/596629,819,Summit League,1,2025,16840,596629
493,North Dakota St.,/team/493/16580,819,Summit League,1,2024,16580,NA
493,North Dakota St.,/team/493/16340,819,Summit League,1,2023,16340,NA
493,North Dakota St.,/team/493/15860,819,Summit League,1,2022,15860,NA
493,North Dakota St.,/team/493/15580,819,Summit League,1,2021,15580,NA
493,North Dakota St.,/team/493/15204,819,Summit League,1,2020,15204,NA
493,North Dakota St.,/team/493/15204,819,Summit League,1,2019,15204,NA
493,North Dakota St.,/team/493/12973,819,Summit League,1,2018,12973,NA
493,North Dakota St.,/team/493/12560,819,Summit League,1,2017,12560,NA
493,North Dakota St.,/team/493/12360,819,Summit League,1,2016,12360,NA
493,North Dakota St.,/team/493/12080,819,Summit League,1,2015,12080,NA
493,North Dakota St.,/team/493/11620,819,Summit League,1,2014,11620,NA
493,North Dakota St.,/team/493/11320,819,Summit League,1,2013,11320,NA
493,North Dakota St.,/team/493/10942,819,Summit League,1,2012,10942,NA
493,North Dakota St.,/team/493/10561,819,Summit League,1,2011,10561,NA
493,North Dakota St.,/team/493/10240,819,Summit League,1,2010,10240,NA
2711,North Florida,/teams/614835,920,ASUN,1,2026,17040,614835
2711,North Florida,/teams/596467,920,ASUN,1,2025,16840,596467
2711,North Florida,/team/2711/16580,920,ASUN,1,2024,16580,NA
2711,North Florida,/team/2711/16340,920,ASUN,1,2023,16340,NA
2711,North Florida,/team/2711/15860,920,ASUN,1,2022,15860,NA
2711,North Florida,/team/2711/15580,920,ASUN,1,2021,15580,NA
2711,North Florida,/team/2711/15204,920,ASUN,1,2020,15204,NA
2711,North Florida,/team/2711/15204,920,ASUN,1,2019,15204,NA
2711,North Florida,/team/2711/12973,920,ASUN,1,2018,12973,NA
2711,North Florida,/team/2711/12560,920,ASUN,1,2017,12560,NA
2711,North Florida,/team/2711/12360,920,ASUN,1,2016,12360,NA
2711,North Florida,/team/2711/12080,920,ASUN,1,2015,12080,NA
2711,North Florida,/team/2711/11620,920,ASUN,1,2014,11620,NA
2711,North Florida,/team/2711/11320,920,ASUN,1,2013,11320,NA
2711,North Florida,/team/2711/10942,920,ASUN,1,2012,10942,NA
2711,North Florida,/team/2711/10561,920,ASUN,1,2011,10561,NA
2711,North Florida,/team/2711/10240,920,ASUN,1,2010,10240,NA
500,Northeastern,/teams/614692,837,CAA,1,2026,17040,614692
500,Northeastern,/teams/596631,837,CAA,1,2025,16840,596631
500,Northeastern,/team/500/16580,837,CAA,1,2024,16580,NA
500,Northeastern,/team/500/16340,837,CAA,1,2023,16340,NA
500,Northeastern,/team/500/15860,837,CAA,1,2022,15860,NA
500,Northeastern,/team/500/15580,837,CAA,1,2021,15580,NA
500,Northeastern,/team/500/15204,837,CAA,1,2020,15204,NA
500,Northeastern,/team/500/15204,837,CAA,1,2019,15204,NA
500,Northeastern,/team/500/12973,837,CAA,1,2018,12973,NA
500,Northeastern,/team/500/12560,837,CAA,1,2017,12560,NA
500,Northeastern,/team/500/12360,837,CAA,1,2016,12360,NA
500,Northeastern,/team/500/12080,837,CAA,1,2015,12080,NA
500,Northeastern,/team/500/11620,837,CAA,1,2014,11620,NA
500,Northeastern,/team/500/11320,837,CAA,1,2013,11320,NA
500,Northeastern,/team/500/10942,837,CAA,1,2012,10942,NA
500,Northeastern,/team/500/10561,837,CAA,1,2011,10561,NA
500,Northeastern,/team/500/10240,837,CAA,1,2010,10240,NA
502,Northern Colo.,/teams/614693,819,Summit League,1,2026,17040,614693
502,Northern Colo.,/teams/596632,819,Summit League,1,2025,16840,596632
502,Northern Colo.,/team/502/16580,819,Summit League,1,2024,16580,NA
502,Northern Colo.,/team/502/16340,819,Summit League,1,2023,16340,NA
502,Northern Colo.,/team/502/15860,819,Summit League,1,2022,15860,NA
502,Northern Colo.,/team/502/15580,923,WAC,1,2021,15580,NA
502,Northern Colo.,/team/502/15204,923,WAC,1,2020,15204,NA
502,Northern Colo.,/team/502/15204,923,WAC,1,2019,15204,NA
502,Northern Colo.,/team/502/12973,923,WAC,1,2018,12973,NA
502,Northern Colo.,/team/502/12560,923,WAC,1,2017,12560,NA
502,Northern Colo.,/team/502/12360,923,WAC,1,2016,12360,NA
502,Northern Colo.,/team/502/12080,923,WAC,1,2015,12080,NA
502,Northern Colo.,/team/502/11620,923,WAC,1,2014,11620,NA
502,Northern Colo.,/team/502/11320,30156,GWC,1,2013,11320,NA
502,Northern Colo.,/team/502/10942,30062,GWC,1,2012,10942,NA
502,Northern Colo.,/team/502/10561,30062,GWC,1,2011,10561,NA
502,Northern Colo.,/team/502/10240,30062,GWC,1,2010,10240,NA
505,Northern Ky.,/teams/614695,881,Horizon,1,2026,17040,614695
505,Northern Ky.,/teams/596634,881,Horizon,1,2025,16840,596634
505,Northern Ky.,/team/505/16580,881,Horizon,1,2024,16580,NA
505,Northern Ky.,/team/505/16340,881,Horizon,1,2023,16340,NA
505,Northern Ky.,/team/505/15860,881,Horizon,1,2022,15860,NA
505,Northern Ky.,/team/505/15580,881,Horizon,1,2021,15580,NA
505,Northern Ky.,/team/505/15204,881,Horizon,1,2020,15204,NA
505,Northern Ky.,/team/505/15204,881,Horizon,1,2019,15204,NA
505,Northern Ky.,/team/505/12973,881,Horizon,1,2018,12973,NA
505,Northern Ky.,/team/505/12560,881,Horizon,1,2017,12560,NA
505,Northern Ky.,/team/505/12360,881,Horizon,1,2016,12360,NA
505,Northern Ky.,/team/505/12080,920,ASUN,1,2015,12080,NA
505,Northern Ky.,/team/505/11620,920,ASUN,1,2014,11620,NA
505,Northern Ky.,/team/505/11320,920,ASUN,1,2013,11320,NA
509,Northwestern,/teams/614697,827,Big Ten,1,2026,17040,614697
509,Northwestern,/teams/596636,827,Big Ten,1,2025,16840,596636
509,Northwestern,/team/509/16580,827,Big Ten,1,2024,16580,NA
509,Northwestern,/team/509/16340,827,Big Ten,1,2023,16340,NA
509,Northwestern,/team/509/15860,827,Big Ten,1,2022,15860,NA
509,Northwestern,/team/509/15580,827,Big Ten,1,2021,15580,NA
509,Northwestern,/team/509/15204,827,Big Ten,1,2020,15204,NA
509,Northwestern,/team/509/15204,827,Big Ten,1,2019,15204,NA
509,Northwestern,/team/509/12973,827,Big Ten,1,2018,12973,NA
509,Northwestern,/team/509/12560,827,Big Ten,1,2017,12560,NA
509,Northwestern,/team/509/12360,827,Big Ten,1,2016,12360,NA
509,Northwestern,/team/509/12080,827,Big Ten,1,2015,12080,NA
509,Northwestern,/team/509/11620,827,Big Ten,1,2014,11620,NA
509,Northwestern,/team/509/11320,827,Big Ten,1,2013,11320,NA
509,Northwestern,/team/509/10942,827,Big Ten,1,2012,10942,NA
509,Northwestern,/team/509/10561,827,Big Ten,1,2011,10561,NA
509,Northwestern,/team/509/10240,827,Big Ten,1,2010,10240,NA
508,Northwestern St.,/teams/614696,914,Southland,1,2026,17040,614696
508,Northwestern St.,/teams/596635,914,Southland,1,2025,16840,596635
508,Northwestern St.,/team/508/16580,914,Southland,1,2024,16580,NA
508,Northwestern St.,/team/508/16340,914,Southland,1,2023,16340,NA
508,Northwestern St.,/team/508/15860,914,Southland,1,2022,15860,NA
508,Northwestern St.,/team/508/15580,914,Southland,1,2021,15580,NA
508,Northwestern St.,/team/508/15204,914,Southland,1,2020,15204,NA
508,Northwestern St.,/team/508/15204,914,Southland,1,2019,15204,NA
508,Northwestern St.,/team/508/12973,914,Southland,1,2018,12973,NA
508,Northwestern St.,/team/508/12560,914,Southland,1,2017,12560,NA
508,Northwestern St.,/team/508/12360,914,Southland,1,2016,12360,NA
508,Northwestern St.,/team/508/12080,914,Southland,1,2015,12080,NA
508,Northwestern St.,/team/508/11620,914,Southland,1,2014,11620,NA
508,Northwestern St.,/team/508/11320,914,Southland,1,2013,11320,NA
508,Northwestern St.,/team/508/10942,914,Southland,1,2012,10942,NA
508,Northwestern St.,/team/508/10561,914,Southland,1,2011,10561,NA
508,Northwestern St.,/team/508/10240,914,Southland,1,2010,10240,NA
513,Notre Dame,/teams/614698,821,ACC,1,2026,17040,614698
513,Notre Dame,/teams/596637,821,ACC,1,2025,16840,596637
513,Notre Dame,/team/513/16580,821,ACC,1,2024,16580,NA
513,Notre Dame,/team/513/16340,821,ACC,1,2023,16340,NA
513,Notre Dame,/team/513/15860,821,ACC,1,2022,15860,NA
513,Notre Dame,/team/513/15580,821,ACC,1,2021,15580,NA
513,Notre Dame,/team/513/15204,821,ACC,1,2020,15204,NA
513,Notre Dame,/team/513/15204,821,ACC,1,2019,15204,NA
513,Notre Dame,/team/513/12973,821,ACC,1,2018,12973,NA
513,Notre Dame,/team/513/12560,821,ACC,1,2017,12560,NA
513,Notre Dame,/team/513/12360,821,ACC,1,2016,12360,NA
513,Notre Dame,/team/513/12080,821,ACC,1,2015,12080,NA
513,Notre Dame,/team/513/11620,821,ACC,1,2014,11620,NA
513,Notre Dame,/team/513/11320,823,AAC,1,2013,11320,NA
513,Notre Dame,/team/513/10942,823,AAC,1,2012,10942,NA
513,Notre Dame,/team/513/10561,823,AAC,1,2011,10561,NA
513,Notre Dame,/team/513/10240,823,AAC,1,2010,10240,NA
514,Oakland,/teams/614699,881,Horizon,1,2026,17040,614699
514,Oakland,/teams/596638,881,Horizon,1,2025,16840,596638
514,Oakland,/team/514/16580,881,Horizon,1,2024,16580,NA
514,Oakland,/team/514/16340,881,Horizon,1,2023,16340,NA
514,Oakland,/team/514/15860,881,Horizon,1,2022,15860,NA
514,Oakland,/team/514/15580,881,Horizon,1,2021,15580,NA
514,Oakland,/team/514/15204,881,Horizon,1,2020,15204,NA
514,Oakland,/team/514/15204,881,Horizon,1,2019,15204,NA
514,Oakland,/team/514/12973,881,Horizon,1,2018,12973,NA
514,Oakland,/team/514/12560,881,Horizon,1,2017,12560,NA
514,Oakland,/team/514/12360,881,Horizon,1,2016,12360,NA
514,Oakland,/team/514/12080,881,Horizon,1,2015,12080,NA
514,Oakland,/team/514/11620,881,Horizon,1,2014,11620,NA
514,Oakland,/team/514/11320,819,Summit League,1,2013,11320,NA
514,Oakland,/team/514/10942,819,Summit League,1,2012,10942,NA
514,Oakland,/team/514/10561,819,Summit League,1,2011,10561,NA
514,Oakland,/team/514/10240,819,Summit League,1,2010,10240,NA
1278,Oakland City,/team/1278/12560,0,Independent,1,2017,12560,NA
1278,Oakland City,/team/1278/12360,0,Independent,1,2016,12360,NA
1278,Oakland City,/team/1278/12080,0,Independent,1,2015,12080,NA
519,Ohio,/teams/614701,875,MAC,1,2026,17040,614701
519,Ohio,/teams/596640,875,MAC,1,2025,16840,596640
519,Ohio,/team/519/16580,875,MAC,1,2024,16580,NA
519,Ohio,/team/519/16340,875,MAC,1,2023,16340,NA
519,Ohio,/team/519/15860,875,MAC,1,2022,15860,NA
519,Ohio,/team/519/15580,875,MAC,1,2021,15580,NA
519,Ohio,/team/519/15204,875,MAC,1,2020,15204,NA
519,Ohio,/team/519/15204,875,MAC,1,2019,15204,NA
519,Ohio,/team/519/12973,875,MAC,1,2018,12973,NA
519,Ohio,/team/519/12560,875,MAC,1,2017,12560,NA
519,Ohio,/team/519/12360,875,MAC,1,2016,12360,NA
519,Ohio,/team/519/12080,875,MAC,1,2015,12080,NA
519,Ohio,/team/519/11620,875,MAC,1,2014,11620,NA
519,Ohio,/team/519/11320,875,MAC,1,2013,11320,NA
519,Ohio,/team/519/10942,875,MAC,1,2012,10942,NA
519,Ohio,/team/519/10561,875,MAC,1,2011,10561,NA
519,Ohio,/team/519/10240,875,MAC,1,2010,10240,NA
518,Ohio St.,/teams/614700,827,Big Ten,1,2026,17040,614700
518,Ohio St.,/teams/596639,827,Big Ten,1,2025,16840,596639
518,Ohio St.,/team/518/16580,827,Big Ten,1,2024,16580,NA
518,Ohio St.,/team/518/16340,827,Big Ten,1,2023,16340,NA
518,Ohio St.,/team/518/15860,827,Big Ten,1,2022,15860,NA
518,Ohio St.,/team/518/15580,827,Big Ten,1,2021,15580,NA
518,Ohio St.,/team/518/15204,827,Big Ten,1,2020,15204,NA
518,Ohio St.,/team/518/15204,827,Big Ten,1,2019,15204,NA
518,Ohio St.,/team/518/12973,827,Big Ten,1,2018,12973,NA
518,Ohio St.,/team/518/12560,827,Big Ten,1,2017,12560,NA
518,Ohio St.,/team/518/12360,827,Big Ten,1,2016,12360,NA
518,Ohio St.,/team/518/12080,827,Big Ten,1,2015,12080,NA
518,Ohio St.,/team/518/11620,827,Big Ten,1,2014,11620,NA
518,Ohio St.,/team/518/11320,827,Big Ten,1,2013,11320,NA
518,Ohio St.,/team/518/10942,827,Big Ten,1,2012,10942,NA
518,Ohio St.,/team/518/10561,827,Big Ten,1,2011,10561,NA
518,Ohio St.,/team/518/10240,827,Big Ten,1,2010,10240,NA
522,Oklahoma,/teams/614702,911,SEC,1,2026,17040,614702
522,Oklahoma,/teams/596641,911,SEC,1,2025,16840,596641
522,Oklahoma,/team/522/16580,25354,Big 12,1,2024,16580,NA
522,Oklahoma,/team/522/16340,25354,Big 12,1,2023,16340,NA
522,Oklahoma,/team/522/15860,25354,Big 12,1,2022,15860,NA
522,Oklahoma,/team/522/15580,25354,Big 12,1,2021,15580,NA
522,Oklahoma,/team/522/15204,25354,Big 12,1,2020,15204,NA
522,Oklahoma,/team/522/15204,25354,Big 12,1,2019,15204,NA
522,Oklahoma,/team/522/12973,25354,Big 12,1,2018,12973,NA
522,Oklahoma,/team/522/12560,25354,Big 12,1,2017,12560,NA
522,Oklahoma,/team/522/12360,25354,Big 12,1,2016,12360,NA
522,Oklahoma,/team/522/12080,25354,Big 12,1,2015,12080,NA
522,Oklahoma,/team/522/11620,25354,Big 12,1,2014,11620,NA
522,Oklahoma,/team/522/11320,25354,Big 12,1,2013,11320,NA
522,Oklahoma,/team/522/10942,25354,Big 12,1,2012,10942,NA
522,Oklahoma,/team/522/10561,25354,Big 12,1,2011,10561,NA
522,Oklahoma,/team/522/10240,25354,Big 12,1,2010,10240,NA
521,Oklahoma St.,/teams/614775,25354,Big 12,1,2026,17040,614775
521,Oklahoma St.,/teams/596714,25354,Big 12,1,2025,16840,596714
521,Oklahoma St.,/team/521/16580,25354,Big 12,1,2024,16580,NA
521,Oklahoma St.,/team/521/16340,25354,Big 12,1,2023,16340,NA
521,Oklahoma St.,/team/521/15860,25354,Big 12,1,2022,15860,NA
521,Oklahoma St.,/team/521/15580,25354,Big 12,1,2021,15580,NA
521,Oklahoma St.,/team/521/15204,25354,Big 12,1,2020,15204,NA
521,Oklahoma St.,/team/521/15204,25354,Big 12,1,2019,15204,NA
521,Oklahoma St.,/team/521/12973,25354,Big 12,1,2018,12973,NA
521,Oklahoma St.,/team/521/12560,25354,Big 12,1,2017,12560,NA
521,Oklahoma St.,/team/521/12360,25354,Big 12,1,2016,12360,NA
521,Oklahoma St.,/team/521/12080,25354,Big 12,1,2015,12080,NA
521,Oklahoma St.,/team/521/11620,25354,Big 12,1,2014,11620,NA
521,Oklahoma St.,/team/521/11320,25354,Big 12,1,2013,11320,NA
521,Oklahoma St.,/team/521/10942,25354,Big 12,1,2012,10942,NA
521,Oklahoma St.,/team/521/10561,25354,Big 12,1,2011,10561,NA
521,Oklahoma St.,/team/521/10240,25354,Big 12,1,2010,10240,NA
523,Old Dominion,/teams/614703,818,Sun Belt,1,2026,17040,614703
523,Old Dominion,/teams/596642,818,Sun Belt,1,2025,16840,596642
523,Old Dominion,/team/523/16580,818,Sun Belt,1,2024,16580,NA
523,Old Dominion,/team/523/16340,818,Sun Belt,1,2023,16340,NA
523,Old Dominion,/team/523/15860,24312,C-USA,1,2022,15860,NA
523,Old Dominion,/team/523/15580,24312,C-USA,1,2021,15580,NA
523,Old Dominion,/team/523/15204,24312,C-USA,1,2020,15204,NA
523,Old Dominion,/team/523/15204,24312,C-USA,1,2019,15204,NA
523,Old Dominion,/team/523/12973,24312,C-USA,1,2018,12973,NA
523,Old Dominion,/team/523/12560,24312,C-USA,1,2017,12560,NA
523,Old Dominion,/team/523/12360,24312,C-USA,1,2016,12360,NA
523,Old Dominion,/team/523/12080,24312,C-USA,1,2015,12080,NA
523,Old Dominion,/team/523/11620,24312,C-USA,1,2014,11620,NA
523,Old Dominion,/team/523/11320,837,CAA,1,2013,11320,NA
523,Old Dominion,/team/523/10942,837,CAA,1,2012,10942,NA
523,Old Dominion,/team/523/10561,837,CAA,1,2011,10561,NA
523,Old Dominion,/team/523/10240,837,CAA,1,2010,10240,NA
433,Ole Miss,/teams/614668,911,SEC,1,2026,17040,614668
433,Ole Miss,/teams/596607,911,SEC,1,2025,16840,596607
433,Ole Miss,/team/433/16580,911,SEC,1,2024,16580,NA
433,Ole Miss,/team/433/16340,911,SEC,1,2023,16340,NA
433,Ole Miss,/team/433/15860,911,SEC,1,2022,15860,NA
433,Ole Miss,/team/433/15580,911,SEC,1,2021,15580,NA
433,Ole Miss,/team/433/15204,911,SEC,1,2020,15204,NA
433,Ole Miss,/team/433/15204,911,SEC,1,2019,15204,NA
433,Ole Miss,/team/433/12973,911,SEC,1,2018,12973,NA
433,Ole Miss,/team/433/12560,911,SEC,1,2017,12560,NA
433,Ole Miss,/team/433/12360,911,SEC,1,2016,12360,NA
433,Ole Miss,/team/433/12080,911,SEC,1,2015,12080,NA
433,Ole Miss,/team/433/11620,911,SEC,1,2014,11620,NA
433,Ole Miss,/team/433/11320,911,SEC,1,2013,11320,NA
433,Ole Miss,/team/433/10942,911,SEC,1,2012,10942,NA
433,Ole Miss,/team/433/10561,911,SEC,1,2011,10561,NA
433,Ole Miss,/team/433/10240,911,SEC,1,2010,10240,NA
464,Omaha,/teams/614679,819,Summit League,1,2026,17040,614679
464,Omaha,/teams/596618,819,Summit League,1,2025,16840,596618
464,Omaha,/team/464/16580,819,Summit League,1,2024,16580,NA
464,Omaha,/team/464/16340,819,Summit League,1,2023,16340,NA
464,Omaha,/team/464/15860,819,Summit League,1,2022,15860,NA
464,Omaha,/team/464/15580,819,Summit League,1,2021,15580,NA
464,Omaha,/team/464/15204,819,Summit League,1,2020,15204,NA
464,Omaha,/team/464/15204,819,Summit League,1,2019,15204,NA
464,Omaha,/team/464/12973,819,Summit League,1,2018,12973,NA
464,Omaha,/team/464/12560,819,Summit League,1,2017,12560,NA
464,Omaha,/team/464/12360,819,Summit League,1,2016,12360,NA
464,Omaha,/team/464/12080,819,Summit League,1,2015,12080,NA
464,Omaha,/team/464/11620,819,Summit League,1,2014,11620,NA
464,Omaha,/team/464/11320,819,Summit League,1,2013,11320,NA
527,Oral Roberts,/teams/614776,819,Summit League,1,2026,17040,614776
527,Oral Roberts,/teams/596715,819,Summit League,1,2025,16840,596715
527,Oral Roberts,/team/527/16580,819,Summit League,1,2024,16580,NA
527,Oral Roberts,/team/527/16340,819,Summit League,1,2023,16340,NA
527,Oral Roberts,/team/527/15860,819,Summit League,1,2022,15860,NA
527,Oral Roberts,/team/527/15580,819,Summit League,1,2021,15580,NA
527,Oral Roberts,/team/527/15204,819,Summit League,1,2020,15204,NA
527,Oral Roberts,/team/527/15204,819,Summit League,1,2019,15204,NA
527,Oral Roberts,/team/527/12973,819,Summit League,1,2018,12973,NA
527,Oral Roberts,/team/527/12560,819,Summit League,1,2017,12560,NA
527,Oral Roberts,/team/527/12360,819,Summit League,1,2016,12360,NA
527,Oral Roberts,/team/527/12080,819,Summit League,1,2015,12080,NA
527,Oral Roberts,/team/527/11620,914,Southland,1,2014,11620,NA
527,Oral Roberts,/team/527/11320,914,Southland,1,2013,11320,NA
527,Oral Roberts,/team/527/10942,819,Summit League,1,2012,10942,NA
527,Oral Roberts,/team/527/10561,819,Summit League,1,2011,10561,NA
527,Oral Roberts,/team/527/10240,819,Summit League,1,2010,10240,NA
529,Oregon,/teams/614705,827,Big Ten,1,2026,17040,614705
529,Oregon,/teams/596644,827,Big Ten,1,2025,16840,596644
529,Oregon,/team/529/16580,905,Pac-12,1,2024,16580,NA
529,Oregon,/team/529/16340,905,Pac-12,1,2023,16340,NA
529,Oregon,/team/529/15860,905,Pac-12,1,2022,15860,NA
529,Oregon,/team/529/15580,905,Pac-12,1,2021,15580,NA
529,Oregon,/team/529/15204,905,Pac-12,1,2020,15204,NA
529,Oregon,/team/529/15204,905,Pac-12,1,2019,15204,NA
529,Oregon,/team/529/12973,905,Pac-12,1,2018,12973,NA
529,Oregon,/team/529/12560,905,Pac-12,1,2017,12560,NA
529,Oregon,/team/529/12360,905,Pac-12,1,2016,12360,NA
529,Oregon,/team/529/12080,905,Pac-12,1,2015,12080,NA
529,Oregon,/team/529/11620,905,Pac-12,1,2014,11620,NA
529,Oregon,/team/529/11320,905,Pac-12,1,2013,11320,NA
529,Oregon,/team/529/10942,905,Pac-12,1,2012,10942,NA
529,Oregon,/team/529/10561,905,Pac-12,1,2011,10561,NA
529,Oregon,/team/529/10240,905,Pac-12,1,2010,10240,NA
528,Oregon St.,/teams/614704,99000,DI Independent,1,2026,17040,614704
528,Oregon St.,/teams/596643,99000,DI Independent,1,2025,16840,596643
528,Oregon St.,/team/528/16580,905,Pac-12,1,2024,16580,NA
528,Oregon St.,/team/528/16340,905,Pac-12,1,2023,16340,NA
528,Oregon St.,/team/528/15860,905,Pac-12,1,2022,15860,NA
528,Oregon St.,/team/528/15580,905,Pac-12,1,2021,15580,NA
528,Oregon St.,/team/528/15204,905,Pac-12,1,2020,15204,NA
528,Oregon St.,/team/528/15204,905,Pac-12,1,2019,15204,NA
528,Oregon St.,/team/528/12973,905,Pac-12,1,2018,12973,NA
528,Oregon St.,/team/528/12560,905,Pac-12,1,2017,12560,NA
528,Oregon St.,/team/528/12360,905,Pac-12,1,2016,12360,NA
528,Oregon St.,/team/528/12080,905,Pac-12,1,2015,12080,NA
528,Oregon St.,/team/528/11620,905,Pac-12,1,2014,11620,NA
528,Oregon St.,/team/528/11320,905,Pac-12,1,2013,11320,NA
528,Oregon St.,/team/528/10942,905,Pac-12,1,2012,10942,NA
528,Oregon St.,/team/528/10561,905,Pac-12,1,2011,10561,NA
528,Oregon St.,/team/528/10240,905,Pac-12,1,2010,10240,NA
2682,P.R.-Bayamon,/team/2682/12560,0,Independent,1,2017,12560,NA
2682,P.R.-Bayamon,/team/2682/12360,0,Independent,1,2016,12360,NA
2682,P.R.-Bayamon,/team/2682/12080,0,Independent,1,2015,12080,NA
1321,P.R.-Cayey,/team/1321/12560,0,Independent,1,2017,12560,NA
1321,P.R.-Cayey,/team/1321/12360,0,Independent,1,2016,12360,NA
1321,P.R.-Cayey,/team/1321/12080,0,Independent,1,2015,12080,NA
27859,P.R.-Humacao,/team/27859/12560,0,Independent,1,2017,12560,NA
27859,P.R.-Humacao,/team/27859/12360,0,Independent,1,2016,12360,NA
27859,P.R.-Humacao,/team/27859/12080,0,Independent,1,2015,12080,NA
24361,P.R.-Mayaguez,/team/24361/12560,0,Independent,1,2017,12560,NA
24361,P.R.-Mayaguez,/team/24361/12360,0,Independent,1,2016,12360,NA
24361,P.R.-Mayaguez,/team/24361/12080,0,Independent,1,2015,12080,NA
2716,P.R.-Rio Piedras,/team/2716/12560,0,Independent,1,2017,12560,NA
2716,P.R.-Rio Piedras,/team/2716/12360,0,Independent,1,2016,12360,NA
2716,P.R.-Rio Piedras,/team/2716/12080,0,Independent,1,2015,12080,NA
534,Pacific,/teams/614706,922,WCC,1,2026,17040,614706
534,Pacific,/teams/596645,922,WCC,1,2025,16840,596645
534,Pacific,/team/534/16580,922,WCC,1,2024,16580,NA
534,Pacific,/team/534/16340,922,WCC,1,2023,16340,NA
534,Pacific,/team/534/15860,922,WCC,1,2022,15860,NA
534,Pacific,/team/534/15580,922,WCC,1,2021,15580,NA
534,Pacific,/team/534/15204,922,WCC,1,2020,15204,NA
534,Pacific,/team/534/15204,922,WCC,1,2019,15204,NA
534,Pacific,/team/534/12973,922,WCC,1,2018,12973,NA
534,Pacific,/team/534/12560,922,WCC,1,2017,12560,NA
534,Pacific,/team/534/12360,922,WCC,1,2016,12360,NA
534,Pacific,/team/534/12080,922,WCC,1,2015,12080,NA
534,Pacific,/team/534/11620,922,WCC,1,2014,11620,NA
534,Pacific,/team/534/11320,904,Big West,1,2013,11320,NA
534,Pacific,/team/534/10942,904,Big West,1,2012,10942,NA
534,Pacific,/team/534/10561,904,Big West,1,2011,10561,NA
534,Pacific,/team/534/10240,904,Big West,1,2010,10240,NA
30045,Palm Beach Atl.,/team/30045/12560,0,Independent,1,2017,12560,NA
30045,Palm Beach Atl.,/team/30045/12360,0,Independent,1,2016,12360,NA
30045,Palm Beach Atl.,/team/30045/12080,0,Independent,1,2015,12080,NA
540,Penn,/teams/614777,865,Ivy League,1,2026,17040,614777
540,Penn,/teams/596716,865,Ivy League,1,2025,16840,596716
540,Penn,/team/540/16580,865,Ivy League,1,2024,16580,NA
540,Penn,/team/540/16340,865,Ivy League,1,2023,16340,NA
540,Penn,/team/540/15860,865,Ivy League,1,2022,15860,NA
540,Penn,/team/540/15580,865,Ivy League,1,2021,15580,NA
540,Penn,/team/540/15204,865,Ivy League,1,2020,15204,NA
540,Penn,/team/540/15204,865,Ivy League,1,2019,15204,NA
540,Penn,/team/540/12973,865,Ivy League,1,2018,12973,NA
540,Penn,/team/540/12560,865,Ivy League,1,2017,12560,NA
540,Penn,/team/540/12360,865,Ivy League,1,2016,12360,NA
540,Penn,/team/540/12080,865,Ivy League,1,2015,12080,NA
540,Penn,/team/540/11620,865,Ivy League,1,2014,11620,NA
540,Penn,/team/540/11320,865,Ivy League,1,2013,11320,NA
540,Penn,/team/540/10942,865,Ivy League,1,2012,10942,NA
540,Penn,/team/540/10561,865,Ivy League,1,2011,10561,NA
540,Penn,/team/540/10240,865,Ivy League,1,2010,10240,NA
539,Penn St.,/teams/614708,827,Big Ten,1,2026,17040,614708
539,Penn St.,/teams/596647,827,Big Ten,1,2025,16840,596647
539,Penn St.,/team/539/16580,827,Big Ten,1,2024,16580,NA
539,Penn St.,/team/539/16340,827,Big Ten,1,2023,16340,NA
539,Penn St.,/team/539/15860,827,Big Ten,1,2022,15860,NA
539,Penn St.,/team/539/15580,827,Big Ten,1,2021,15580,NA
539,Penn St.,/team/539/15204,827,Big Ten,1,2020,15204,NA
539,Penn St.,/team/539/15204,827,Big Ten,1,2019,15204,NA
539,Penn St.,/team/539/12973,827,Big Ten,1,2018,12973,NA
539,Penn St.,/team/539/12560,827,Big Ten,1,2017,12560,NA
539,Penn St.,/team/539/12360,827,Big Ten,1,2016,12360,NA
539,Penn St.,/team/539/12080,827,Big Ten,1,2015,12080,NA
539,Penn St.,/team/539/11620,827,Big Ten,1,2014,11620,NA
539,Penn St.,/team/539/11320,827,Big Ten,1,2013,11320,NA
539,Penn St.,/team/539/10942,827,Big Ten,1,2012,10942,NA
539,Penn St.,/team/539/10561,827,Big Ten,1,2011,10561,NA
539,Penn St.,/team/539/10240,827,Big Ten,1,2010,10240,NA
541,Pepperdine,/teams/614709,922,WCC,1,2026,17040,614709
541,Pepperdine,/teams/596648,922,WCC,1,2025,16840,596648
541,Pepperdine,/team/541/16580,922,WCC,1,2024,16580,NA
541,Pepperdine,/team/541/16340,922,WCC,1,2023,16340,NA
541,Pepperdine,/team/541/15860,922,WCC,1,2022,15860,NA
541,Pepperdine,/team/541/15580,922,WCC,1,2021,15580,NA
541,Pepperdine,/team/541/15204,922,WCC,1,2020,15204,NA
541,Pepperdine,/team/541/15204,922,WCC,1,2019,15204,NA
541,Pepperdine,/team/541/12973,922,WCC,1,2018,12973,NA
541,Pepperdine,/team/541/12560,922,WCC,1,2017,12560,NA
541,Pepperdine,/team/541/12360,922,WCC,1,2016,12360,NA
541,Pepperdine,/team/541/12080,922,WCC,1,2015,12080,NA
541,Pepperdine,/team/541/11620,922,WCC,1,2014,11620,NA
541,Pepperdine,/team/541/11320,922,WCC,1,2013,11320,NA
541,Pepperdine,/team/541/10942,922,WCC,1,2012,10942,NA
541,Pepperdine,/team/541/10561,922,WCC,1,2011,10561,NA
541,Pepperdine,/team/541/10240,922,WCC,1,2010,10240,NA
545,Pittsburgh,/teams/614710,821,ACC,1,2026,17040,614710
545,Pittsburgh,/teams/596649,821,ACC,1,2025,16840,596649
545,Pittsburgh,/team/545/16580,821,ACC,1,2024,16580,NA
545,Pittsburgh,/team/545/16340,821,ACC,1,2023,16340,NA
545,Pittsburgh,/team/545/15860,821,ACC,1,2022,15860,NA
545,Pittsburgh,/team/545/15580,821,ACC,1,2021,15580,NA
545,Pittsburgh,/team/545/15204,821,ACC,1,2020,15204,NA
545,Pittsburgh,/team/545/15204,821,ACC,1,2019,15204,NA
545,Pittsburgh,/team/545/12973,821,ACC,1,2018,12973,NA
545,Pittsburgh,/team/545/12560,821,ACC,1,2017,12560,NA
545,Pittsburgh,/team/545/12360,821,ACC,1,2016,12360,NA
545,Pittsburgh,/team/545/12080,821,ACC,1,2015,12080,NA
545,Pittsburgh,/team/545/11620,821,ACC,1,2014,11620,NA
545,Pittsburgh,/team/545/11320,823,AAC,1,2013,11320,NA
545,Pittsburgh,/team/545/10942,823,AAC,1,2012,10942,NA
545,Pittsburgh,/team/545/10561,823,AAC,1,2011,10561,NA
545,Pittsburgh,/team/545/10240,823,AAC,1,2010,10240,NA
551,Portland,/teams/614711,922,WCC,1,2026,17040,614711
551,Portland,/teams/596650,922,WCC,1,2025,16840,596650
551,Portland,/team/551/16580,922,WCC,1,2024,16580,NA
551,Portland,/team/551/16340,922,WCC,1,2023,16340,NA
551,Portland,/team/551/15860,922,WCC,1,2022,15860,NA
551,Portland,/team/551/15580,922,WCC,1,2021,15580,NA
551,Portland,/team/551/15204,922,WCC,1,2020,15204,NA
551,Portland,/team/551/15204,922,WCC,1,2019,15204,NA
551,Portland,/team/551/12973,922,WCC,1,2018,12973,NA
551,Portland,/team/551/12560,922,WCC,1,2017,12560,NA
551,Portland,/team/551/12360,922,WCC,1,2016,12360,NA
551,Portland,/team/551/12080,922,WCC,1,2015,12080,NA
551,Portland,/team/551/11620,922,WCC,1,2014,11620,NA
551,Portland,/team/551/11320,922,WCC,1,2013,11320,NA
551,Portland,/team/551/10942,922,WCC,1,2012,10942,NA
551,Portland,/team/551/10561,922,WCC,1,2011,10561,NA
551,Portland,/team/551/10240,922,WCC,1,2010,10240,NA
553,Prairie View,/teams/614712,916,SWAC,1,2026,17040,614712
553,Prairie View,/teams/596651,916,SWAC,1,2025,16840,596651
553,Prairie View,/team/553/16580,916,SWAC,1,2024,16580,NA
553,Prairie View,/team/553/16340,916,SWAC,1,2023,16340,NA
553,Prairie View,/team/553/15860,916,SWAC,1,2022,15860,NA
553,Prairie View,/team/553/15580,916,SWAC,1,2021,15580,NA
553,Prairie View,/team/553/15204,916,SWAC,1,2020,15204,NA
553,Prairie View,/team/553/15204,916,SWAC,1,2019,15204,NA
553,Prairie View,/team/553/12973,916,SWAC,1,2018,12973,NA
553,Prairie View,/team/553/12560,916,SWAC,1,2017,12560,NA
553,Prairie View,/team/553/12360,916,SWAC,1,2016,12360,NA
553,Prairie View,/team/553/12080,916,SWAC,1,2015,12080,NA
553,Prairie View,/team/553/11620,916,SWAC,1,2014,11620,NA
553,Prairie View,/team/553/11320,916,SWAC,1,2013,11320,NA
553,Prairie View,/team/553/10942,916,SWAC,1,2012,10942,NA
553,Prairie View,/team/553/10561,916,SWAC,1,2011,10561,NA
553,Prairie View,/team/553/10240,916,SWAC,1,2010,10240,NA
1320,Presbyterian,/teams/614832,826,Big South,1,2026,17040,614832
1320,Presbyterian,/teams/596464,826,Big South,1,2025,16840,596464
1320,Presbyterian,/team/1320/16580,826,Big South,1,2024,16580,NA
1320,Presbyterian,/team/1320/16340,826,Big South,1,2023,16340,NA
1320,Presbyterian,/team/1320/15860,826,Big South,1,2022,15860,NA
1320,Presbyterian,/team/1320/15580,826,Big South,1,2021,15580,NA
1320,Presbyterian,/team/1320/15204,826,Big South,1,2020,15204,NA
1320,Presbyterian,/team/1320/15204,826,Big South,1,2019,15204,NA
1320,Presbyterian,/team/1320/12973,826,Big South,1,2018,12973,NA
1320,Presbyterian,/team/1320/12560,826,Big South,1,2017,12560,NA
1320,Presbyterian,/team/1320/12360,826,Big South,1,2016,12360,NA
1320,Presbyterian,/team/1320/12080,826,Big South,1,2015,12080,NA
1320,Presbyterian,/team/1320/11620,826,Big South,1,2014,11620,NA
1320,Presbyterian,/team/1320/11320,826,Big South,1,2013,11320,NA
1320,Presbyterian,/team/1320/10942,826,Big South,1,2012,10942,NA
1320,Presbyterian,/team/1320/10561,826,Big South,1,2011,10561,NA
1320,Presbyterian,/team/1320/10240,826,Big South,1,2010,10240,NA
554,Princeton,/teams/614713,865,Ivy League,1,2026,17040,614713
554,Princeton,/teams/596652,865,Ivy League,1,2025,16840,596652
554,Princeton,/team/554/16580,865,Ivy League,1,2024,16580,NA
554,Princeton,/team/554/16340,865,Ivy League,1,2023,16340,NA
554,Princeton,/team/554/15860,865,Ivy League,1,2022,15860,NA
554,Princeton,/team/554/15580,865,Ivy League,1,2021,15580,NA
554,Princeton,/team/554/15204,865,Ivy League,1,2020,15204,NA
554,Princeton,/team/554/15204,865,Ivy League,1,2019,15204,NA
554,Princeton,/team/554/12973,865,Ivy League,1,2018,12973,NA
554,Princeton,/team/554/12560,865,Ivy League,1,2017,12560,NA
554,Princeton,/team/554/12360,865,Ivy League,1,2016,12360,NA
554,Princeton,/team/554/12080,865,Ivy League,1,2015,12080,NA
554,Princeton,/team/554/11620,865,Ivy League,1,2014,11620,NA
554,Princeton,/team/554/11320,865,Ivy League,1,2013,11320,NA
554,Princeton,/team/554/10942,865,Ivy League,1,2012,10942,NA
554,Princeton,/team/554/10561,865,Ivy League,1,2011,10561,NA
554,Princeton,/team/554/10240,865,Ivy League,1,2010,10240,NA
559,Purdue,/teams/614714,827,Big Ten,1,2026,17040,614714
559,Purdue,/teams/596653,827,Big Ten,1,2025,16840,596653
559,Purdue,/team/559/16580,827,Big Ten,1,2024,16580,NA
559,Purdue,/team/559/16340,827,Big Ten,1,2023,16340,NA
559,Purdue,/team/559/15860,827,Big Ten,1,2022,15860,NA
559,Purdue,/team/559/15580,827,Big Ten,1,2021,15580,NA
559,Purdue,/team/559/15204,827,Big Ten,1,2020,15204,NA
559,Purdue,/team/559/15204,827,Big Ten,1,2019,15204,NA
559,Purdue,/team/559/12973,827,Big Ten,1,2018,12973,NA
559,Purdue,/team/559/12560,827,Big Ten,1,2017,12560,NA
559,Purdue,/team/559/12360,827,Big Ten,1,2016,12360,NA
559,Purdue,/team/559/12080,827,Big Ten,1,2015,12080,NA
559,Purdue,/team/559/11620,827,Big Ten,1,2014,11620,NA
559,Purdue,/team/559/11320,827,Big Ten,1,2013,11320,NA
559,Purdue,/team/559/10942,827,Big Ten,1,2012,10942,NA
559,Purdue,/team/559/10561,827,Big Ten,1,2011,10561,NA
559,Purdue,/team/559/10240,827,Big Ten,1,2010,10240,NA
308,Purdue Fort Wayne,/teams/596567,881,Horizon,1,2025,16840,596567
308,Purdue Fort Wayne,/team/308/16580,881,Horizon,1,2024,16580,NA
308,Purdue Fort Wayne,/team/308/16340,881,Horizon,1,2023,16340,NA
308,Purdue Fort Wayne,/team/308/15860,881,Horizon,1,2022,15860,NA
308,Purdue Fort Wayne,/team/308/15580,881,Horizon,1,2021,15580,NA
308,Purdue Fort Wayne,/team/308/15204,819,Summit League,1,2020,15204,NA
308,Purdue Fort Wayne,/team/308/15204,819,Summit League,1,2019,15204,NA
308,Purdue Fort Wayne,/team/308/12973,819,Summit League,1,2018,12973,NA
308,Purdue Fort Wayne,/team/308/12560,819,Summit League,1,2017,12560,NA
308,Purdue Fort Wayne,/team/308/12360,819,Summit League,1,2016,12360,NA
308,Purdue Fort Wayne,/team/308/12080,819,Summit League,1,2015,12080,NA
308,Purdue Fort Wayne,/team/308/11620,819,Summit League,1,2014,11620,NA
308,Purdue Fort Wayne,/team/308/11320,819,Summit League,1,2013,11320,NA
308,Purdue Fort Wayne,/team/308/10942,819,Summit League,1,2012,10942,NA
308,Purdue Fort Wayne,/team/308/10561,819,Summit League,1,2011,10561,NA
308,Purdue Fort Wayne,/team/308/10240,819,Summit League,1,2010,10240,NA
11504,Queens (NC),/teams/614757,920,ASUN,1,2026,17040,614757
11504,Queens (NC),/teams/596696,920,ASUN,1,2025,16840,596696
11504,Queens (NC),/team/11504/16580,920,ASUN,1,2024,16580,NA
11504,Queens (NC),/team/11504/16340,920,ASUN,1,2023,16340,NA
562,Quinnipiac,/teams/614715,871,MAAC,1,2026,17040,614715
562,Quinnipiac,/teams/596654,871,MAAC,1,2025,16840,596654
562,Quinnipiac,/team/562/16580,871,MAAC,1,2024,16580,NA
562,Quinnipiac,/team/562/16340,871,MAAC,1,2023,16340,NA
562,Quinnipiac,/team/562/15860,871,MAAC,1,2022,15860,NA
562,Quinnipiac,/team/562/15580,871,MAAC,1,2021,15580,NA
562,Quinnipiac,/team/562/15204,871,MAAC,1,2020,15204,NA
562,Quinnipiac,/team/562/15204,871,MAAC,1,2019,15204,NA
562,Quinnipiac,/team/562/12973,871,MAAC,1,2018,12973,NA
562,Quinnipiac,/team/562/12560,871,MAAC,1,2017,12560,NA
562,Quinnipiac,/team/562/12360,871,MAAC,1,2016,12360,NA
562,Quinnipiac,/team/562/12080,871,MAAC,1,2015,12080,NA
562,Quinnipiac,/team/562/11620,871,MAAC,1,2014,11620,NA
562,Quinnipiac,/team/562/11320,846,NEC,1,2013,11320,NA
562,Quinnipiac,/team/562/10942,846,NEC,1,2012,10942,NA
562,Quinnipiac,/team/562/10561,846,NEC,1,2011,10561,NA
562,Quinnipiac,/team/562/10240,846,NEC,1,2010,10240,NA
563,Radford,/teams/614716,826,Big South,1,2026,17040,614716
563,Radford,/teams/596655,826,Big South,1,2025,16840,596655
563,Radford,/team/563/16580,826,Big South,1,2024,16580,NA
563,Radford,/team/563/16340,826,Big South,1,2023,16340,NA
563,Radford,/team/563/15860,826,Big South,1,2022,15860,NA
563,Radford,/team/563/15580,826,Big South,1,2021,15580,NA
563,Radford,/team/563/15204,826,Big South,1,2020,15204,NA
563,Radford,/team/563/15204,826,Big South,1,2019,15204,NA
563,Radford,/team/563/12973,826,Big South,1,2018,12973,NA
563,Radford,/team/563/12560,826,Big South,1,2017,12560,NA
563,Radford,/team/563/12360,826,Big South,1,2016,12360,NA
563,Radford,/team/563/12080,826,Big South,1,2015,12080,NA
563,Radford,/team/563/11620,826,Big South,1,2014,11620,NA
563,Radford,/team/563/11320,826,Big South,1,2013,11320,NA
563,Radford,/team/563/10942,826,Big South,1,2012,10942,NA
563,Radford,/team/563/10561,826,Big South,1,2011,10561,NA
563,Radford,/team/563/10240,826,Big South,1,2010,10240,NA
572,Rhode Island,/teams/614717,820,Atlantic 10,1,2026,17040,614717
572,Rhode Island,/teams/596656,820,Atlantic 10,1,2025,16840,596656
572,Rhode Island,/team/572/16580,820,Atlantic 10,1,2024,16580,NA
572,Rhode Island,/team/572/16340,820,Atlantic 10,1,2023,16340,NA
572,Rhode Island,/team/572/15860,820,Atlantic 10,1,2022,15860,NA
572,Rhode Island,/team/572/15580,820,Atlantic 10,1,2021,15580,NA
572,Rhode Island,/team/572/15204,820,Atlantic 10,1,2020,15204,NA
572,Rhode Island,/team/572/15204,820,Atlantic 10,1,2019,15204,NA
572,Rhode Island,/team/572/12973,820,Atlantic 10,1,2018,12973,NA
572,Rhode Island,/team/572/12560,820,Atlantic 10,1,2017,12560,NA
572,Rhode Island,/team/572/12360,820,Atlantic 10,1,2016,12360,NA
572,Rhode Island,/team/572/12080,820,Atlantic 10,1,2015,12080,NA
572,Rhode Island,/team/572/11620,820,Atlantic 10,1,2014,11620,NA
572,Rhode Island,/team/572/11320,820,Atlantic 10,1,2013,11320,NA
572,Rhode Island,/team/572/10942,820,Atlantic 10,1,2012,10942,NA
572,Rhode Island,/team/572/10561,820,Atlantic 10,1,2011,10561,NA
572,Rhode Island,/team/572/10240,820,Atlantic 10,1,2010,10240,NA
574,Rice,/teams/614718,823,American,1,2026,17040,614718
574,Rice,/teams/596657,823,American,1,2025,16840,596657
574,Rice,/team/574/16580,823,AAC,1,2024,16580,NA
574,Rice,/team/574/16340,24312,C-USA,1,2023,16340,NA
574,Rice,/team/574/15860,24312,C-USA,1,2022,15860,NA
574,Rice,/team/574/15580,24312,C-USA,1,2021,15580,NA
574,Rice,/team/574/15204,24312,C-USA,1,2020,15204,NA
574,Rice,/team/574/15204,24312,C-USA,1,2019,15204,NA
574,Rice,/team/574/12973,24312,C-USA,1,2018,12973,NA
574,Rice,/team/574/12560,24312,C-USA,1,2017,12560,NA
574,Rice,/team/574/12360,24312,C-USA,1,2016,12360,NA
574,Rice,/team/574/12080,24312,C-USA,1,2015,12080,NA
574,Rice,/team/574/11620,24312,C-USA,1,2014,11620,NA
574,Rice,/team/574/11320,24312,C-USA,1,2013,11320,NA
574,Rice,/team/574/10942,24312,C-USA,1,2012,10942,NA
574,Rice,/team/574/10561,24312,C-USA,1,2011,10561,NA
574,Rice,/team/574/10240,24312,C-USA,1,2010,10240,NA
575,Richmond,/teams/614719,820,Atlantic 10,1,2026,17040,614719
575,Richmond,/teams/596658,820,Atlantic 10,1,2025,16840,596658
575,Richmond,/team/575/16580,820,Atlantic 10,1,2024,16580,NA
575,Richmond,/team/575/16340,820,Atlantic 10,1,2023,16340,NA
575,Richmond,/team/575/15860,820,Atlantic 10,1,2022,15860,NA
575,Richmond,/team/575/15580,820,Atlantic 10,1,2021,15580,NA
575,Richmond,/team/575/15204,820,Atlantic 10,1,2020,15204,NA
575,Richmond,/team/575/15204,820,Atlantic 10,1,2019,15204,NA
575,Richmond,/team/575/12973,820,Atlantic 10,1,2018,12973,NA
575,Richmond,/team/575/12560,820,Atlantic 10,1,2017,12560,NA
575,Richmond,/team/575/12360,820,Atlantic 10,1,2016,12360,NA
575,Richmond,/team/575/12080,820,Atlantic 10,1,2015,12080,NA
575,Richmond,/team/575/11620,820,Atlantic 10,1,2014,11620,NA
575,Richmond,/team/575/11320,820,Atlantic 10,1,2013,11320,NA
575,Richmond,/team/575/10942,820,Atlantic 10,1,2012,10942,NA
575,Richmond,/team/575/10561,820,Atlantic 10,1,2011,10561,NA
575,Richmond,/team/575/10240,820,Atlantic 10,1,2010,10240,NA
576,Rider,/teams/614720,871,MAAC,1,2026,17040,614720
576,Rider,/teams/596659,871,MAAC,1,2025,16840,596659
576,Rider,/team/576/16580,871,MAAC,1,2024,16580,NA
576,Rider,/team/576/16340,871,MAAC,1,2023,16340,NA
576,Rider,/team/576/15860,871,MAAC,1,2022,15860,NA
576,Rider,/team/576/15580,871,MAAC,1,2021,15580,NA
576,Rider,/team/576/15204,871,MAAC,1,2020,15204,NA
576,Rider,/team/576/15204,871,MAAC,1,2019,15204,NA
576,Rider,/team/576/12973,871,MAAC,1,2018,12973,NA
576,Rider,/team/576/12560,871,MAAC,1,2017,12560,NA
576,Rider,/team/576/12360,871,MAAC,1,2016,12360,NA
576,Rider,/team/576/12080,871,MAAC,1,2015,12080,NA
576,Rider,/team/576/11620,871,MAAC,1,2014,11620,NA
576,Rider,/team/576/11320,871,MAAC,1,2013,11320,NA
576,Rider,/team/576/10942,871,MAAC,1,2012,10942,NA
576,Rider,/team/576/10561,871,MAAC,1,2011,10561,NA
576,Rider,/team/576/10240,871,MAAC,1,2010,10240,NA
586,Rust,/team/586/12560,0,Independent,1,2017,12560,NA
587,Rutgers,/teams/614721,827,Big Ten,1,2026,17040,614721
587,Rutgers,/teams/596660,827,Big Ten,1,2025,16840,596660
587,Rutgers,/team/587/16580,827,Big Ten,1,2024,16580,NA
587,Rutgers,/team/587/16340,827,Big Ten,1,2023,16340,NA
587,Rutgers,/team/587/15860,827,Big Ten,1,2022,15860,NA
587,Rutgers,/team/587/15580,827,Big Ten,1,2021,15580,NA
587,Rutgers,/team/587/15204,827,Big Ten,1,2020,15204,NA
587,Rutgers,/team/587/15204,827,Big Ten,1,2019,15204,NA
587,Rutgers,/team/587/12973,827,Big Ten,1,2018,12973,NA
587,Rutgers,/team/587/12560,827,Big Ten,1,2017,12560,NA
587,Rutgers,/team/587/12360,827,Big Ten,1,2016,12360,NA
587,Rutgers,/team/587/12080,827,Big Ten,1,2015,12080,NA
587,Rutgers,/team/587/11620,823,AAC,1,2014,11620,NA
587,Rutgers,/team/587/11320,823,AAC,1,2013,11320,NA
587,Rutgers,/team/587/10942,823,AAC,1,2012,10942,NA
587,Rutgers,/team/587/10561,823,AAC,1,2011,10561,NA
587,Rutgers,/team/587/10240,823,AAC,1,2010,10240,NA
676,SFA,/teams/614750,914,Southland,1,2026,17040,614750
676,SFA,/teams/596689,914,Southland,1,2025,16840,596689
676,SFA,/team/676/16580,923,WAC,1,2024,16580,NA
676,SFA,/team/676/16340,923,WAC,1,2023,16340,NA
676,SFA,/team/676/15860,923,WAC,1,2022,15860,NA
676,SFA,/team/676/15580,914,Southland,1,2021,15580,NA
676,SFA,/team/676/15204,914,Southland,1,2020,15204,NA
676,SFA,/team/676/15204,914,Southland,1,2019,15204,NA
676,SFA,/team/676/12973,914,Southland,1,2018,12973,NA
676,SFA,/team/676/12560,914,Southland,1,2017,12560,NA
676,SFA,/team/676/12360,914,Southland,1,2016,12360,NA
676,SFA,/team/676/12080,914,Southland,1,2015,12080,NA
676,SFA,/team/676/11620,914,Southland,1,2014,11620,NA
676,SFA,/team/676/11320,914,Southland,1,2013,11320,NA
676,SFA,/team/676/10942,914,Southland,1,2012,10942,NA
676,SFA,/team/676/10561,914,Southland,1,2011,10561,NA
676,SFA,/team/676/10240,914,Southland,1,2010,10240,NA
660,SIUE,/teams/614744,902,OVC,1,2026,17040,614744
660,SIUE,/teams/596683,902,OVC,1,2025,16840,596683
660,SIUE,/team/660/16580,902,OVC,1,2024,16580,NA
660,SIUE,/team/660/16340,902,OVC,1,2023,16340,NA
660,SIUE,/team/660/15860,902,OVC,1,2022,15860,NA
660,SIUE,/team/660/15580,902,OVC,1,2021,15580,NA
660,SIUE,/team/660/15204,902,OVC,1,2020,15204,NA
660,SIUE,/team/660/15204,902,OVC,1,2019,15204,NA
660,SIUE,/team/660/12973,902,OVC,1,2018,12973,NA
660,SIUE,/team/660/12560,902,OVC,1,2017,12560,NA
660,SIUE,/team/660/12360,902,OVC,1,2016,12360,NA
660,SIUE,/team/660/12080,902,OVC,1,2015,12080,NA
660,SIUE,/team/660/11620,902,OVC,1,2014,11620,NA
660,SIUE,/team/660/11320,902,OVC,1,2013,11320,NA
660,SIUE,/team/660/10942,902,OVC,1,2012,10942,NA
102,Sacramento St.,/teams/614570,923,WAC,1,2026,17040,614570
102,Sacramento St.,/teams/596509,923,WAC,1,2025,16840,596509
102,Sacramento St.,/team/102/16580,923,WAC,1,2024,16580,NA
102,Sacramento St.,/team/102/16340,923,WAC,1,2023,16340,NA
102,Sacramento St.,/team/102/15860,923,WAC,1,2022,15860,NA
102,Sacramento St.,/team/102/15580,923,WAC,1,2021,15580,NA
102,Sacramento St.,/team/102/15204,923,WAC,1,2020,15204,NA
102,Sacramento St.,/team/102/15204,923,WAC,1,2019,15204,NA
102,Sacramento St.,/team/102/12973,923,WAC,1,2018,12973,NA
102,Sacramento St.,/team/102/12560,923,WAC,1,2017,12560,NA
102,Sacramento St.,/team/102/12360,923,WAC,1,2016,12360,NA
102,Sacramento St.,/team/102/12080,923,WAC,1,2015,12080,NA
102,Sacramento St.,/team/102/11620,923,WAC,1,2014,11620,NA
102,Sacramento St.,/team/102/11320,923,WAC,1,2013,11320,NA
102,Sacramento St.,/team/102/10942,923,WAC,1,2012,10942,NA
102,Sacramento St.,/team/102/10561,923,WAC,1,2011,10561,NA
102,Sacramento St.,/team/102/10240,923,WAC,1,2010,10240,NA
590,Sacred Heart,/teams/614722,871,MAAC,1,2026,17040,614722
590,Sacred Heart,/teams/596661,871,MAAC,1,2025,16840,596661
590,Sacred Heart,/team/590/16580,846,NEC,1,2024,16580,NA
590,Sacred Heart,/team/590/16340,846,NEC,1,2023,16340,NA
590,Sacred Heart,/team/590/15860,846,NEC,1,2022,15860,NA
590,Sacred Heart,/team/590/15580,846,NEC,1,2021,15580,NA
590,Sacred Heart,/team/590/15204,846,NEC,1,2020,15204,NA
590,Sacred Heart,/team/590/15204,846,NEC,1,2019,15204,NA
590,Sacred Heart,/team/590/12973,846,NEC,1,2018,12973,NA
590,Sacred Heart,/team/590/12560,846,NEC,1,2017,12560,NA
590,Sacred Heart,/team/590/12360,846,NEC,1,2016,12360,NA
590,Sacred Heart,/team/590/12080,846,NEC,1,2015,12080,NA
590,Sacred Heart,/team/590/11620,846,NEC,1,2014,11620,NA
590,Sacred Heart,/team/590/11320,846,NEC,1,2013,11320,NA
590,Sacred Heart,/team/590/10942,846,NEC,1,2012,10942,NA
590,Sacred Heart,/team/590/10561,846,NEC,1,2011,10561,NA
590,Sacred Heart,/team/590/10240,846,NEC,1,2010,10240,NA
606,Saint Joseph's,/teams/614724,820,Atlantic 10,1,2026,17040,614724
606,Saint Joseph's,/teams/596663,820,Atlantic 10,1,2025,16840,596663
606,Saint Joseph's,/team/606/16580,820,Atlantic 10,1,2024,16580,NA
606,Saint Joseph's,/team/606/16340,820,Atlantic 10,1,2023,16340,NA
606,Saint Joseph's,/team/606/15860,820,Atlantic 10,1,2022,15860,NA
606,Saint Joseph's,/team/606/15580,820,Atlantic 10,1,2021,15580,NA
606,Saint Joseph's,/team/606/15204,820,Atlantic 10,1,2020,15204,NA
606,Saint Joseph's,/team/606/15204,820,Atlantic 10,1,2019,15204,NA
606,Saint Joseph's,/team/606/12973,820,Atlantic 10,1,2018,12973,NA
606,Saint Joseph's,/team/606/12560,820,Atlantic 10,1,2017,12560,NA
606,Saint Joseph's,/team/606/12360,820,Atlantic 10,1,2016,12360,NA
606,Saint Joseph's,/team/606/12080,820,Atlantic 10,1,2015,12080,NA
606,Saint Joseph's,/team/606/11620,820,Atlantic 10,1,2014,11620,NA
606,Saint Joseph's,/team/606/11320,820,Atlantic 10,1,2013,11320,NA
606,Saint Joseph's,/team/606/10942,820,Atlantic 10,1,2012,10942,NA
606,Saint Joseph's,/team/606/10561,820,Atlantic 10,1,2011,10561,NA
606,Saint Joseph's,/team/606/10240,820,Atlantic 10,1,2010,10240,NA
609,Saint Louis,/teams/614725,820,Atlantic 10,1,2026,17040,614725
609,Saint Louis,/teams/596664,820,Atlantic 10,1,2025,16840,596664
609,Saint Louis,/team/609/16580,820,Atlantic 10,1,2024,16580,NA
609,Saint Louis,/team/609/16340,820,Atlantic 10,1,2023,16340,NA
609,Saint Louis,/team/609/15860,820,Atlantic 10,1,2022,15860,NA
609,Saint Louis,/team/609/15580,820,Atlantic 10,1,2021,15580,NA
609,Saint Louis,/team/609/15204,820,Atlantic 10,1,2020,15204,NA
609,Saint Louis,/team/609/15204,820,Atlantic 10,1,2019,15204,NA
609,Saint Louis,/team/609/12973,820,Atlantic 10,1,2018,12973,NA
609,Saint Louis,/team/609/12560,820,Atlantic 10,1,2017,12560,NA
609,Saint Louis,/team/609/12360,820,Atlantic 10,1,2016,12360,NA
609,Saint Louis,/team/609/12080,820,Atlantic 10,1,2015,12080,NA
609,Saint Louis,/team/609/11620,820,Atlantic 10,1,2014,11620,NA
609,Saint Louis,/team/609/11320,820,Atlantic 10,1,2013,11320,NA
609,Saint Louis,/team/609/10942,820,Atlantic 10,1,2012,10942,NA
609,Saint Louis,/team/609/10561,820,Atlantic 10,1,2011,10561,NA
609,Saint Louis,/team/609/10240,820,Atlantic 10,1,2010,10240,NA
610,Saint Mary's (CA),/teams/614726,922,WCC,1,2026,17040,614726
610,Saint Mary's (CA),/teams/596665,922,WCC,1,2025,16840,596665
610,Saint Mary's (CA),/team/610/16580,922,WCC,1,2024,16580,NA
610,Saint Mary's (CA),/team/610/16340,922,WCC,1,2023,16340,NA
610,Saint Mary's (CA),/team/610/15860,922,WCC,1,2022,15860,NA
610,Saint Mary's (CA),/team/610/15580,922,WCC,1,2021,15580,NA
610,Saint Mary's (CA),/team/610/15204,922,WCC,1,2020,15204,NA
610,Saint Mary's (CA),/team/610/15204,922,WCC,1,2019,15204,NA
610,Saint Mary's (CA),/team/610/12973,922,WCC,1,2018,12973,NA
610,Saint Mary's (CA),/team/610/12560,922,WCC,1,2017,12560,NA
610,Saint Mary's (CA),/team/610/12360,922,WCC,1,2016,12360,NA
610,Saint Mary's (CA),/team/610/12080,922,WCC,1,2015,12080,NA
610,Saint Mary's (CA),/team/610/11620,922,WCC,1,2014,11620,NA
610,Saint Mary's (CA),/team/610/11320,922,WCC,1,2013,11320,NA
610,Saint Mary's (CA),/team/610/10942,922,WCC,1,2012,10942,NA
610,Saint Mary's (CA),/team/610/10561,922,WCC,1,2011,10561,NA
610,Saint Mary's (CA),/team/610/10240,922,WCC,1,2010,10240,NA
617,Saint Peter's,/teams/614727,871,MAAC,1,2026,17040,614727
617,Saint Peter's,/teams/596666,871,MAAC,1,2025,16840,596666
617,Saint Peter's,/team/617/16580,871,MAAC,1,2024,16580,NA
617,Saint Peter's,/team/617/16340,871,MAAC,1,2023,16340,NA
617,Saint Peter's,/team/617/15860,871,MAAC,1,2022,15860,NA
617,Saint Peter's,/team/617/15580,871,MAAC,1,2021,15580,NA
617,Saint Peter's,/team/617/15204,871,MAAC,1,2020,15204,NA
617,Saint Peter's,/team/617/15204,871,MAAC,1,2019,15204,NA
617,Saint Peter's,/team/617/12973,871,MAAC,1,2018,12973,NA
617,Saint Peter's,/team/617/12560,871,MAAC,1,2017,12560,NA
617,Saint Peter's,/team/617/12360,871,MAAC,1,2016,12360,NA
617,Saint Peter's,/team/617/12080,871,MAAC,1,2015,12080,NA
617,Saint Peter's,/team/617/11620,871,MAAC,1,2014,11620,NA
617,Saint Peter's,/team/617/11320,871,MAAC,1,2013,11320,NA
617,Saint Peter's,/team/617/10942,871,MAAC,1,2012,10942,NA
617,Saint Peter's,/team/617/10561,871,MAAC,1,2011,10561,NA
617,Saint Peter's,/team/617/10240,871,MAAC,1,2010,10240,NA
19117,Salem (WV),/team/19117/12560,0,Independent,1,2017,12560,NA
624,Sam Houston,/teams/614728,24312,CUSA,1,2026,17040,614728
624,Sam Houston,/teams/596667,24312,CUSA,1,2025,16840,596667
624,Sam Houston,/team/624/16580,24312,CUSA,1,2024,16580,NA
624,Sam Houston,/team/624/16340,923,WAC,1,2023,16340,NA
624,Sam Houston,/team/624/15860,923,WAC,1,2022,15860,NA
624,Sam Houston,/team/624/15580,914,Southland,1,2021,15580,NA
624,Sam Houston,/team/624/15204,914,Southland,1,2020,15204,NA
624,Sam Houston,/team/624/15204,914,Southland,1,2019,15204,NA
624,Sam Houston,/team/624/12973,914,Southland,1,2018,12973,NA
624,Sam Houston,/team/624/12560,914,Southland,1,2017,12560,NA
624,Sam Houston,/team/624/12360,914,Southland,1,2016,12360,NA
624,Sam Houston,/team/624/12080,914,Southland,1,2015,12080,NA
624,Sam Houston,/team/624/11620,914,Southland,1,2014,11620,NA
624,Sam Houston,/team/624/11320,914,Southland,1,2013,11320,NA
624,Sam Houston,/team/624/10942,914,Southland,1,2012,10942,NA
624,Sam Houston,/team/624/10561,914,Southland,1,2011,10561,NA
624,Sam Houston,/team/624/10240,914,Southland,1,2010,10240,NA
625,Samford,/teams/614729,912,SoCon,1,2026,17040,614729
625,Samford,/teams/596668,912,SoCon,1,2025,16840,596668
625,Samford,/team/625/16580,912,SoCon,1,2024,16580,NA
625,Samford,/team/625/16340,912,SoCon,1,2023,16340,NA
625,Samford,/team/625/15860,912,SoCon,1,2022,15860,NA
625,Samford,/team/625/15580,912,SoCon,1,2021,15580,NA
625,Samford,/team/625/15204,912,SoCon,1,2020,15204,NA
625,Samford,/team/625/15204,912,SoCon,1,2019,15204,NA
625,Samford,/team/625/12973,912,SoCon,1,2018,12973,NA
625,Samford,/team/625/12560,912,SoCon,1,2017,12560,NA
625,Samford,/team/625/12360,912,SoCon,1,2016,12360,NA
625,Samford,/team/625/12080,912,SoCon,1,2015,12080,NA
625,Samford,/team/625/11620,912,SoCon,1,2014,11620,NA
625,Samford,/team/625/11320,912,SoCon,1,2013,11320,NA
625,Samford,/team/625/10942,912,SoCon,1,2012,10942,NA
625,Samford,/team/625/10561,912,SoCon,1,2011,10561,NA
625,Samford,/team/625/10240,912,SoCon,1,2010,10240,NA
627,San Diego,/teams/614731,922,WCC,1,2026,17040,614731
627,San Diego,/teams/596670,922,WCC,1,2025,16840,596670
627,San Diego,/team/627/16580,922,WCC,1,2024,16580,NA
627,San Diego,/team/627/16340,922,WCC,1,2023,16340,NA
627,San Diego,/team/627/15860,922,WCC,1,2022,15860,NA
627,San Diego,/team/627/15580,922,WCC,1,2021,15580,NA
627,San Diego,/team/627/15204,922,WCC,1,2020,15204,NA
627,San Diego,/team/627/15204,922,WCC,1,2019,15204,NA
627,San Diego,/team/627/12973,922,WCC,1,2018,12973,NA
627,San Diego,/team/627/12560,922,WCC,1,2017,12560,NA
627,San Diego,/team/627/12360,922,WCC,1,2016,12360,NA
627,San Diego,/team/627/12080,922,WCC,1,2015,12080,NA
627,San Diego,/team/627/11620,922,WCC,1,2014,11620,NA
627,San Diego,/team/627/11320,922,WCC,1,2013,11320,NA
627,San Diego,/team/627/10942,922,WCC,1,2012,10942,NA
627,San Diego,/team/627/10561,922,WCC,1,2011,10561,NA
627,San Diego,/team/627/10240,922,WCC,1,2010,10240,NA
626,San Diego St.,/teams/614730,5486,Mountain West,1,2026,17040,614730
626,San Diego St.,/teams/596669,5486,Mountain West,1,2025,16840,596669
626,San Diego St.,/team/626/16580,5486,Mountain West,1,2024,16580,NA
626,San Diego St.,/team/626/16340,5486,Mountain West,1,2023,16340,NA
626,San Diego St.,/team/626/15860,5486,Mountain West,1,2022,15860,NA
626,San Diego St.,/team/626/15580,5486,Mountain West,1,2021,15580,NA
626,San Diego St.,/team/626/15204,5486,Mountain West,1,2020,15204,NA
626,San Diego St.,/team/626/15204,5486,Mountain West,1,2019,15204,NA
626,San Diego St.,/team/626/12973,5486,Mountain West,1,2018,12973,NA
626,San Diego St.,/team/626/12560,5486,Mountain West,1,2017,12560,NA
626,San Diego St.,/team/626/12360,5486,Mountain West,1,2016,12360,NA
626,San Diego St.,/team/626/12080,5486,Mountain West,1,2015,12080,NA
626,San Diego St.,/team/626/11620,5486,Mountain West,1,2014,11620,NA
626,San Diego St.,/team/626/11320,5486,Mountain West,1,2013,11320,NA
626,San Diego St.,/team/626/10942,5486,Mountain West,1,2012,10942,NA
626,San Diego St.,/team/626/10561,5486,Mountain West,1,2011,10561,NA
626,San Diego St.,/team/626/10240,5486,Mountain West,1,2010,10240,NA
629,San Francisco,/teams/614732,922,WCC,1,2026,17040,614732
629,San Francisco,/teams/596671,922,WCC,1,2025,16840,596671
629,San Francisco,/team/629/16580,922,WCC,1,2024,16580,NA
629,San Francisco,/team/629/16340,922,WCC,1,2023,16340,NA
629,San Francisco,/team/629/15860,922,WCC,1,2022,15860,NA
629,San Francisco,/team/629/15580,922,WCC,1,2021,15580,NA
629,San Francisco,/team/629/15204,922,WCC,1,2020,15204,NA
629,San Francisco,/team/629/15204,922,WCC,1,2019,15204,NA
629,San Francisco,/team/629/12973,922,WCC,1,2018,12973,NA
629,San Francisco,/team/629/12560,922,WCC,1,2017,12560,NA
629,San Francisco,/team/629/12360,922,WCC,1,2016,12360,NA
629,San Francisco,/team/629/12080,922,WCC,1,2015,12080,NA
629,San Francisco,/team/629/11620,922,WCC,1,2014,11620,NA
629,San Francisco,/team/629/11320,922,WCC,1,2013,11320,NA
629,San Francisco,/team/629/10942,922,WCC,1,2012,10942,NA
629,San Francisco,/team/629/10561,922,WCC,1,2011,10561,NA
629,San Francisco,/team/629/10240,922,WCC,1,2010,10240,NA
630,San Jose St.,/teams/614733,5486,Mountain West,1,2026,17040,614733
630,San Jose St.,/teams/596672,5486,Mountain West,1,2025,16840,596672
630,San Jose St.,/team/630/16580,5486,Mountain West,1,2024,16580,NA
630,San Jose St.,/team/630/16340,5486,Mountain West,1,2023,16340,NA
630,San Jose St.,/team/630/15860,5486,Mountain West,1,2022,15860,NA
630,San Jose St.,/team/630/15580,5486,Mountain West,1,2021,15580,NA
630,San Jose St.,/team/630/15204,5486,Mountain West,1,2020,15204,NA
630,San Jose St.,/team/630/15204,5486,Mountain West,1,2019,15204,NA
630,San Jose St.,/team/630/12973,5486,Mountain West,1,2018,12973,NA
630,San Jose St.,/team/630/12560,5486,Mountain West,1,2017,12560,NA
630,San Jose St.,/team/630/12360,5486,Mountain West,1,2016,12360,NA
630,San Jose St.,/team/630/12080,5486,Mountain West,1,2015,12080,NA
630,San Jose St.,/team/630/11620,5486,Mountain West,1,2014,11620,NA
630,San Jose St.,/team/630/11320,923,WAC,1,2013,11320,NA
630,San Jose St.,/team/630/10942,923,WAC,1,2012,10942,NA
630,San Jose St.,/team/630/10561,923,WAC,1,2011,10561,NA
630,San Jose St.,/team/630/10240,923,WAC,1,2010,10240,NA
631,Santa Clara,/teams/614734,922,WCC,1,2026,17040,614734
631,Santa Clara,/teams/596673,922,WCC,1,2025,16840,596673
631,Santa Clara,/team/631/16580,922,WCC,1,2024,16580,NA
631,Santa Clara,/team/631/16340,922,WCC,1,2023,16340,NA
631,Santa Clara,/team/631/15860,922,WCC,1,2022,15860,NA
631,Santa Clara,/team/631/15580,922,WCC,1,2021,15580,NA
631,Santa Clara,/team/631/15204,922,WCC,1,2020,15204,NA
631,Santa Clara,/team/631/15204,922,WCC,1,2019,15204,NA
631,Santa Clara,/team/631/12973,922,WCC,1,2018,12973,NA
631,Santa Clara,/team/631/12560,922,WCC,1,2017,12560,NA
631,Santa Clara,/team/631/12360,922,WCC,1,2016,12360,NA
631,Santa Clara,/team/631/12080,922,WCC,1,2015,12080,NA
631,Santa Clara,/team/631/11620,922,WCC,1,2014,11620,NA
631,Santa Clara,/team/631/11320,922,WCC,1,2013,11320,NA
631,Santa Clara,/team/631/10942,922,WCC,1,2012,10942,NA
631,Santa Clara,/team/631/10561,922,WCC,1,2011,10561,NA
631,Santa Clara,/team/631/10240,922,WCC,1,2010,10240,NA
632,Savannah St.,/team/632/12973,876,MEAC,1,2018,12973,NA
632,Savannah St.,/team/632/12560,876,MEAC,1,2017,12560,NA
632,Savannah St.,/team/632/12360,876,MEAC,1,2016,12360,NA
632,Savannah St.,/team/632/12080,876,MEAC,1,2015,12080,NA
632,Savannah St.,/team/632/11620,876,MEAC,1,2014,11620,NA
632,Savannah St.,/team/632/11320,876,MEAC,1,2013,11320,NA
632,Savannah St.,/team/632/10942,876,MEAC,1,2012,10942,NA
1356,Seattle U,/teams/614833,922,WCC,1,2026,17040,614833
1356,Seattle U,/teams/596465,923,WAC,1,2025,16840,596465
1356,Seattle U,/team/1356/16580,923,WAC,1,2024,16580,NA
1356,Seattle U,/team/1356/16340,923,WAC,1,2023,16340,NA
1356,Seattle U,/team/1356/15860,923,WAC,1,2022,15860,NA
1356,Seattle U,/team/1356/15580,923,WAC,1,2021,15580,NA
1356,Seattle U,/team/1356/15204,923,WAC,1,2020,15204,NA
1356,Seattle U,/team/1356/15204,923,WAC,1,2019,15204,NA
1356,Seattle U,/team/1356/12973,923,WAC,1,2018,12973,NA
1356,Seattle U,/team/1356/12560,923,WAC,1,2017,12560,NA
1356,Seattle U,/team/1356/12360,923,WAC,1,2016,12360,NA
1356,Seattle U,/team/1356/12080,923,WAC,1,2015,12080,NA
1356,Seattle U,/team/1356/11620,923,WAC,1,2014,11620,NA
1356,Seattle U,/team/1356/11320,923,WAC,1,2013,11320,NA
635,Seton Hall,/teams/614735,30184,Big East,1,2026,17040,614735
635,Seton Hall,/teams/596674,30184,Big East,1,2025,16840,596674
635,Seton Hall,/team/635/16580,30184,Big East,1,2024,16580,NA
635,Seton Hall,/team/635/16340,30184,Big East,1,2023,16340,NA
635,Seton Hall,/team/635/15860,30184,Big East,1,2022,15860,NA
635,Seton Hall,/team/635/15580,30184,Big East,1,2021,15580,NA
635,Seton Hall,/team/635/15204,30184,Big East,1,2020,15204,NA
635,Seton Hall,/team/635/15204,30184,Big East,1,2019,15204,NA
635,Seton Hall,/team/635/12973,30184,Big East,1,2018,12973,NA
635,Seton Hall,/team/635/12560,30184,Big East,1,2017,12560,NA
635,Seton Hall,/team/635/12360,30184,Big East,1,2016,12360,NA
635,Seton Hall,/team/635/12080,30184,Big East,1,2015,12080,NA
635,Seton Hall,/team/635/11620,30184,Big East,1,2014,11620,NA
635,Seton Hall,/team/635/11320,823,AAC,1,2013,11320,NA
635,Seton Hall,/team/635/10942,823,AAC,1,2012,10942,NA
635,Seton Hall,/team/635/10561,823,AAC,1,2011,10561,NA
635,Seton Hall,/team/635/10240,823,AAC,1,2010,10240,NA
639,Siena,/teams/614736,871,MAAC,1,2026,17040,614736
639,Siena,/teams/596675,871,MAAC,1,2025,16840,596675
639,Siena,/team/639/16580,871,MAAC,1,2024,16580,NA
639,Siena,/team/639/16340,871,MAAC,1,2023,16340,NA
639,Siena,/team/639/15860,871,MAAC,1,2022,15860,NA
639,Siena,/team/639/15580,871,MAAC,1,2021,15580,NA
639,Siena,/team/639/15204,871,MAAC,1,2020,15204,NA
639,Siena,/team/639/15204,871,MAAC,1,2019,15204,NA
639,Siena,/team/639/12973,871,MAAC,1,2018,12973,NA
639,Siena,/team/639/12560,871,MAAC,1,2017,12560,NA
639,Siena,/team/639/12360,871,MAAC,1,2016,12360,NA
639,Siena,/team/639/12080,871,MAAC,1,2015,12080,NA
639,Siena,/team/639/11620,871,MAAC,1,2014,11620,NA
639,Siena,/team/639/11320,871,MAAC,1,2013,11320,NA
639,Siena,/team/639/10942,871,MAAC,1,2012,10942,NA
639,Siena,/team/639/10561,871,MAAC,1,2011,10561,NA
639,Siena,/team/639/10240,871,MAAC,1,2010,10240,NA
646,South Alabama,/teams/614737,818,Sun Belt,1,2026,17040,614737
646,South Alabama,/teams/596676,818,Sun Belt,1,2025,16840,596676
646,South Alabama,/team/646/16580,818,Sun Belt,1,2024,16580,NA
646,South Alabama,/team/646/16340,818,Sun Belt,1,2023,16340,NA
646,South Alabama,/team/646/15860,818,Sun Belt,1,2022,15860,NA
646,South Alabama,/team/646/15580,818,Sun Belt,1,2021,15580,NA
646,South Alabama,/team/646/15204,818,Sun Belt,1,2020,15204,NA
646,South Alabama,/team/646/15204,818,Sun Belt,1,2019,15204,NA
646,South Alabama,/team/646/12973,818,Sun Belt,1,2018,12973,NA
646,South Alabama,/team/646/12560,818,Sun Belt,1,2017,12560,NA
646,South Alabama,/team/646/12360,818,Sun Belt,1,2016,12360,NA
646,South Alabama,/team/646/12080,818,Sun Belt,1,2015,12080,NA
646,South Alabama,/team/646/11620,818,Sun Belt,1,2014,11620,NA
646,South Alabama,/team/646/11320,818,Sun Belt,1,2013,11320,NA
646,South Alabama,/team/646/10942,818,Sun Belt,1,2012,10942,NA
646,South Alabama,/team/646/10561,818,Sun Belt,1,2011,10561,NA
646,South Alabama,/team/646/10240,818,Sun Belt,1,2010,10240,NA
648,South Carolina,/teams/614738,911,SEC,1,2026,17040,614738
648,South Carolina,/teams/596677,911,SEC,1,2025,16840,596677
648,South Carolina,/team/648/16580,911,SEC,1,2024,16580,NA
648,South Carolina,/team/648/16340,911,SEC,1,2023,16340,NA
648,South Carolina,/team/648/15860,911,SEC,1,2022,15860,NA
648,South Carolina,/team/648/15580,911,SEC,1,2021,15580,NA
648,South Carolina,/team/648/15204,911,SEC,1,2020,15204,NA
648,South Carolina,/team/648/15204,911,SEC,1,2019,15204,NA
648,South Carolina,/team/648/12973,911,SEC,1,2018,12973,NA
648,South Carolina,/team/648/12560,911,SEC,1,2017,12560,NA
648,South Carolina,/team/648/12360,911,SEC,1,2016,12360,NA
648,South Carolina,/team/648/12080,911,SEC,1,2015,12080,NA
648,South Carolina,/team/648/11620,911,SEC,1,2014,11620,NA
648,South Carolina,/team/648/11320,911,SEC,1,2013,11320,NA
648,South Carolina,/team/648/10942,911,SEC,1,2012,10942,NA
648,South Carolina,/team/648/10561,911,SEC,1,2011,10561,NA
648,South Carolina,/team/648/10240,911,SEC,1,2010,10240,NA
649,South Dakota St.,/teams/614739,819,Summit League,1,2026,17040,614739
649,South Dakota St.,/teams/596678,819,Summit League,1,2025,16840,596678
649,South Dakota St.,/team/649/16580,819,Summit League,1,2024,16580,NA
649,South Dakota St.,/team/649/16340,819,Summit League,1,2023,16340,NA
649,South Dakota St.,/team/649/15860,819,Summit League,1,2022,15860,NA
649,South Dakota St.,/team/649/15580,819,Summit League,1,2021,15580,NA
649,South Dakota St.,/team/649/15204,819,Summit League,1,2020,15204,NA
649,South Dakota St.,/team/649/15204,819,Summit League,1,2019,15204,NA
649,South Dakota St.,/team/649/12973,819,Summit League,1,2018,12973,NA
649,South Dakota St.,/team/649/12560,819,Summit League,1,2017,12560,NA
649,South Dakota St.,/team/649/12360,819,Summit League,1,2016,12360,NA
649,South Dakota St.,/team/649/12080,819,Summit League,1,2015,12080,NA
649,South Dakota St.,/team/649/11620,819,Summit League,1,2014,11620,NA
649,South Dakota St.,/team/649/11320,819,Summit League,1,2013,11320,NA
649,South Dakota St.,/team/649/10942,819,Summit League,1,2012,10942,NA
649,South Dakota St.,/team/649/10561,819,Summit League,1,2011,10561,NA
649,South Dakota St.,/team/649/10240,819,Summit League,1,2010,10240,NA
651,South Fla.,/teams/614740,823,American,1,2026,17040,614740
651,South Fla.,/teams/596679,823,American,1,2025,16840,596679
651,South Fla.,/team/651/16580,823,AAC,1,2024,16580,NA
651,South Fla.,/team/651/16340,823,AAC,1,2023,16340,NA
651,South Fla.,/team/651/15860,823,AAC,1,2022,15860,NA
651,South Fla.,/team/651/15580,823,AAC,1,2021,15580,NA
651,South Fla.,/team/651/15204,823,AAC,1,2020,15204,NA
651,South Fla.,/team/651/15204,823,AAC,1,2019,15204,NA
651,South Fla.,/team/651/12973,823,AAC,1,2018,12973,NA
651,South Fla.,/team/651/12560,823,AAC,1,2017,12560,NA
651,South Fla.,/team/651/12360,823,AAC,1,2016,12360,NA
651,South Fla.,/team/651/12080,823,AAC,1,2015,12080,NA
651,South Fla.,/team/651/11620,823,AAC,1,2014,11620,NA
651,South Fla.,/team/651/11320,823,AAC,1,2013,11320,NA
651,South Fla.,/team/651/10942,823,AAC,1,2012,10942,NA
651,South Fla.,/team/651/10561,823,AAC,1,2011,10561,NA
651,South Fla.,/team/651/10240,823,AAC,1,2010,10240,NA
654,Southeast Mo. St.,/teams/614779,902,OVC,1,2026,17040,614779
654,Southeast Mo. St.,/teams/596718,902,OVC,1,2025,16840,596718
654,Southeast Mo. St.,/team/654/16580,902,OVC,1,2024,16580,NA
654,Southeast Mo. St.,/team/654/16340,902,OVC,1,2023,16340,NA
654,Southeast Mo. St.,/team/654/15860,902,OVC,1,2022,15860,NA
654,Southeast Mo. St.,/team/654/15580,902,OVC,1,2021,15580,NA
654,Southeast Mo. St.,/team/654/15204,902,OVC,1,2020,15204,NA
654,Southeast Mo. St.,/team/654/15204,902,OVC,1,2019,15204,NA
654,Southeast Mo. St.,/team/654/12973,902,OVC,1,2018,12973,NA
654,Southeast Mo. St.,/team/654/12560,902,OVC,1,2017,12560,NA
654,Southeast Mo. St.,/team/654/12360,902,OVC,1,2016,12360,NA
654,Southeast Mo. St.,/team/654/12080,902,OVC,1,2015,12080,NA
654,Southeast Mo. St.,/team/654/11620,902,OVC,1,2014,11620,NA
654,Southeast Mo. St.,/team/654/11320,902,OVC,1,2013,11320,NA
654,Southeast Mo. St.,/team/654/10942,902,OVC,1,2012,10942,NA
654,Southeast Mo. St.,/team/654/10561,902,OVC,1,2011,10561,NA
654,Southeast Mo. St.,/team/654/10240,902,OVC,1,2010,10240,NA
655,Southeastern La.,/teams/614741,914,Southland,1,2026,17040,614741
655,Southeastern La.,/teams/596680,914,Southland,1,2025,16840,596680
655,Southeastern La.,/team/655/16580,914,Southland,1,2024,16580,NA
655,Southeastern La.,/team/655/16340,914,Southland,1,2023,16340,NA
655,Southeastern La.,/team/655/15860,914,Southland,1,2022,15860,NA
655,Southeastern La.,/team/655/15580,914,Southland,1,2021,15580,NA
655,Southeastern La.,/team/655/15204,914,Southland,1,2020,15204,NA
655,Southeastern La.,/team/655/15204,914,Southland,1,2019,15204,NA
655,Southeastern La.,/team/655/12973,914,Southland,1,2018,12973,NA
655,Southeastern La.,/team/655/12560,914,Southland,1,2017,12560,NA
655,Southeastern La.,/team/655/12360,914,Southland,1,2016,12360,NA
655,Southeastern La.,/team/655/12080,914,Southland,1,2015,12080,NA
655,Southeastern La.,/team/655/11620,914,Southland,1,2014,11620,NA
655,Southeastern La.,/team/655/11320,914,Southland,1,2013,11320,NA
655,Southeastern La.,/team/655/10942,914,Southland,1,2012,10942,NA
655,Southeastern La.,/team/655/10561,914,Southland,1,2011,10561,NA
655,Southeastern La.,/team/655/10240,914,Southland,1,2010,10240,NA
657,Southern California,/teams/614742,827,Big Ten,1,2026,17040,614742
657,Southern California,/teams/596681,827,Big Ten,1,2025,16840,596681
657,Southern California,/team/657/16580,905,Pac-12,1,2024,16580,NA
657,Southern California,/team/657/16340,905,Pac-12,1,2023,16340,NA
657,Southern California,/team/657/15860,905,Pac-12,1,2022,15860,NA
657,Southern California,/team/657/15580,905,Pac-12,1,2021,15580,NA
657,Southern California,/team/657/15204,905,Pac-12,1,2020,15204,NA
657,Southern California,/team/657/15204,905,Pac-12,1,2019,15204,NA
657,Southern California,/team/657/12973,905,Pac-12,1,2018,12973,NA
657,Southern California,/team/657/12560,905,Pac-12,1,2017,12560,NA
657,Southern California,/team/657/12360,905,Pac-12,1,2016,12360,NA
657,Southern California,/team/657/12080,905,Pac-12,1,2015,12080,NA
657,Southern California,/team/657/11620,905,Pac-12,1,2014,11620,NA
657,Southern California,/team/657/11320,905,Pac-12,1,2013,11320,NA
657,Southern California,/team/657/10942,905,Pac-12,1,2012,10942,NA
657,Southern California,/team/657/10561,905,Pac-12,1,2011,10561,NA
657,Southern California,/team/657/10240,905,Pac-12,1,2010,10240,NA
659,Southern Ill.,/teams/614743,884,MVC,1,2026,17040,614743
659,Southern Ill.,/teams/596682,884,MVC,1,2025,16840,596682
659,Southern Ill.,/team/659/16580,884,MVC,1,2024,16580,NA
659,Southern Ill.,/team/659/16340,884,MVC,1,2023,16340,NA
659,Southern Ill.,/team/659/15860,884,MVC,1,2022,15860,NA
659,Southern Ill.,/team/659/15580,884,MVC,1,2021,15580,NA
659,Southern Ill.,/team/659/15204,884,MVC,1,2020,15204,NA
659,Southern Ill.,/team/659/15204,884,MVC,1,2019,15204,NA
659,Southern Ill.,/team/659/12973,884,MVC,1,2018,12973,NA
659,Southern Ill.,/team/659/12560,884,MVC,1,2017,12560,NA
659,Southern Ill.,/team/659/12360,884,MVC,1,2016,12360,NA
659,Southern Ill.,/team/659/12080,884,MVC,1,2015,12080,NA
659,Southern Ill.,/team/659/11620,884,MVC,1,2014,11620,NA
659,Southern Ill.,/team/659/11320,884,MVC,1,2013,11320,NA
659,Southern Ill.,/team/659/10942,884,MVC,1,2012,10942,NA
659,Southern Ill.,/team/659/10561,884,MVC,1,2011,10561,NA
659,Southern Ill.,/team/659/10240,884,MVC,1,2010,10240,NA
661,Southern Ind.,/teams/614758,902,OVC,1,2026,17040,614758
661,Southern Ind.,/teams/596697,902,OVC,1,2025,16840,596697
661,Southern Ind.,/team/661/16580,902,OVC,1,2024,16580,NA
661,Southern Ind.,/team/661/16340,902,OVC,1,2023,16340,NA
664,Southern Miss.,/teams/614780,818,Sun Belt,1,2026,17040,614780
664,Southern Miss.,/teams/596719,818,Sun Belt,1,2025,16840,596719
664,Southern Miss.,/team/664/16580,818,Sun Belt,1,2024,16580,NA
664,Southern Miss.,/team/664/16340,818,Sun Belt,1,2023,16340,NA
664,Southern Miss.,/team/664/15860,24312,C-USA,1,2022,15860,NA
664,Southern Miss.,/team/664/15580,24312,C-USA,1,2021,15580,NA
664,Southern Miss.,/team/664/15204,24312,C-USA,1,2020,15204,NA
664,Southern Miss.,/team/664/15204,24312,C-USA,1,2019,15204,NA
664,Southern Miss.,/team/664/12973,24312,C-USA,1,2018,12973,NA
664,Southern Miss.,/team/664/12560,24312,C-USA,1,2017,12560,NA
664,Southern Miss.,/team/664/12360,24312,C-USA,1,2016,12360,NA
664,Southern Miss.,/team/664/12080,24312,C-USA,1,2015,12080,NA
664,Southern Miss.,/team/664/11620,24312,C-USA,1,2014,11620,NA
664,Southern Miss.,/team/664/11320,24312,C-USA,1,2013,11320,NA
664,Southern Miss.,/team/664/10942,24312,C-USA,1,2012,10942,NA
664,Southern Miss.,/team/664/10561,24312,C-USA,1,2011,10561,NA
664,Southern Miss.,/team/664/10240,24312,C-USA,1,2010,10240,NA
665,Southern U.,/teams/614745,916,SWAC,1,2026,17040,614745
665,Southern U.,/teams/596684,916,SWAC,1,2025,16840,596684
665,Southern U.,/team/665/16580,916,SWAC,1,2024,16580,NA
665,Southern U.,/team/665/16340,916,SWAC,1,2023,16340,NA
665,Southern U.,/team/665/15860,916,SWAC,1,2022,15860,NA
665,Southern U.,/team/665/15580,916,SWAC,1,2021,15580,NA
665,Southern U.,/team/665/15204,916,SWAC,1,2020,15204,NA
665,Southern U.,/team/665/15204,916,SWAC,1,2019,15204,NA
665,Southern U.,/team/665/12973,916,SWAC,1,2018,12973,NA
665,Southern U.,/team/665/12560,916,SWAC,1,2017,12560,NA
665,Southern U.,/team/665/12360,916,SWAC,1,2016,12360,NA
665,Southern U.,/team/665/12080,916,SWAC,1,2015,12080,NA
665,Southern U.,/team/665/11620,916,SWAC,1,2014,11620,NA
665,Southern U.,/team/665/11320,916,SWAC,1,2013,11320,NA
665,Southern U.,/team/665/10942,916,SWAC,1,2012,10942,NA
665,Southern U.,/team/665/10561,916,SWAC,1,2011,10561,NA
665,Southern U.,/team/665/10240,916,SWAC,1,2010,10240,NA
667,Southern Utah,/team/667/10942,819,Summit League,1,2012,10942,NA
667,Southern Utah,/team/667/10561,819,Summit League,1,2011,10561,NA
667,Southern Utah,/team/667/10240,819,Summit League,1,2010,10240,NA
596,St. Bonaventure,/teams/614723,820,Atlantic 10,1,2026,17040,614723
596,St. Bonaventure,/teams/596662,820,Atlantic 10,1,2025,16840,596662
596,St. Bonaventure,/team/596/16580,820,Atlantic 10,1,2024,16580,NA
596,St. Bonaventure,/team/596/16340,820,Atlantic 10,1,2023,16340,NA
596,St. Bonaventure,/team/596/15860,820,Atlantic 10,1,2022,15860,NA
596,St. Bonaventure,/team/596/15580,820,Atlantic 10,1,2021,15580,NA
596,St. Bonaventure,/team/596/15204,820,Atlantic 10,1,2020,15204,NA
596,St. Bonaventure,/team/596/15204,820,Atlantic 10,1,2019,15204,NA
596,St. Bonaventure,/team/596/12973,820,Atlantic 10,1,2018,12973,NA
596,St. Bonaventure,/team/596/12560,820,Atlantic 10,1,2017,12560,NA
596,St. Bonaventure,/team/596/12360,820,Atlantic 10,1,2016,12360,NA
596,St. Bonaventure,/team/596/12080,820,Atlantic 10,1,2015,12080,NA
596,St. Bonaventure,/team/596/11620,820,Atlantic 10,1,2014,11620,NA
596,St. Bonaventure,/team/596/11320,820,Atlantic 10,1,2013,11320,NA
596,St. Bonaventure,/team/596/10942,820,Atlantic 10,1,2012,10942,NA
596,St. Bonaventure,/team/596/10561,820,Atlantic 10,1,2011,10561,NA
596,St. Bonaventure,/team/596/10240,820,Atlantic 10,1,2010,10240,NA
603,St. John's (NY),/teams/614778,30184,Big East,1,2026,17040,614778
603,St. John's (NY),/teams/596717,30184,Big East,1,2025,16840,596717
603,St. John's (NY),/team/603/16580,30184,Big East,1,2024,16580,NA
603,St. John's (NY),/team/603/16340,30184,Big East,1,2023,16340,NA
603,St. John's (NY),/team/603/15860,30184,Big East,1,2022,15860,NA
603,St. John's (NY),/team/603/15580,30184,Big East,1,2021,15580,NA
603,St. John's (NY),/team/603/15204,30184,Big East,1,2020,15204,NA
603,St. John's (NY),/team/603/15204,30184,Big East,1,2019,15204,NA
603,St. John's (NY),/team/603/12973,30184,Big East,1,2018,12973,NA
603,St. John's (NY),/team/603/12560,30184,Big East,1,2017,12560,NA
603,St. John's (NY),/team/603/12360,30184,Big East,1,2016,12360,NA
603,St. John's (NY),/team/603/12080,30184,Big East,1,2015,12080,NA
603,St. John's (NY),/team/603/11620,30184,Big East,1,2014,11620,NA
603,St. John's (NY),/team/603/11320,823,AAC,1,2013,11320,NA
603,St. John's (NY),/team/603/10942,823,AAC,1,2012,10942,NA
603,St. John's (NY),/team/603/10561,823,AAC,1,2011,10561,NA
603,St. John's (NY),/team/603/10240,823,AAC,1,2010,10240,NA
620,St. Thomas (MN),/teams/614785,819,Summit League,1,2026,17040,614785
620,St. Thomas (MN),/teams/596417,819,Summit League,1,2025,16840,596417
620,St. Thomas (MN),/team/620/16580,819,Summit League,1,2024,16580,NA
620,St. Thomas (MN),/team/620/16340,819,Summit League,1,2023,16340,NA
620,St. Thomas (MN),/team/620/15860,819,Summit League,1,2022,15860,NA
674,Stanford,/teams/614749,821,ACC,1,2026,17040,614749
674,Stanford,/teams/596688,821,ACC,1,2025,16840,596688
674,Stanford,/team/674/16580,905,Pac-12,1,2024,16580,NA
674,Stanford,/team/674/16340,905,Pac-12,1,2023,16340,NA
674,Stanford,/team/674/15860,905,Pac-12,1,2022,15860,NA
674,Stanford,/team/674/15580,905,Pac-12,1,2021,15580,NA
674,Stanford,/team/674/15204,905,Pac-12,1,2020,15204,NA
674,Stanford,/team/674/15204,905,Pac-12,1,2019,15204,NA
674,Stanford,/team/674/12973,905,Pac-12,1,2018,12973,NA
674,Stanford,/team/674/12560,905,Pac-12,1,2017,12560,NA
674,Stanford,/team/674/12360,905,Pac-12,1,2016,12360,NA
674,Stanford,/team/674/12080,905,Pac-12,1,2015,12080,NA
674,Stanford,/team/674/11620,905,Pac-12,1,2014,11620,NA
674,Stanford,/team/674/11320,905,Pac-12,1,2013,11320,NA
674,Stanford,/team/674/10942,905,Pac-12,1,2012,10942,NA
674,Stanford,/team/674/10561,905,Pac-12,1,2011,10561,NA
674,Stanford,/team/674/10240,905,Pac-12,1,2010,10240,NA
678,Stetson,/teams/614781,920,ASUN,1,2026,17040,614781
678,Stetson,/teams/596720,920,ASUN,1,2025,16840,596720
678,Stetson,/team/678/16580,920,ASUN,1,2024,16580,NA
678,Stetson,/team/678/16340,920,ASUN,1,2023,16340,NA
678,Stetson,/team/678/15860,920,ASUN,1,2022,15860,NA
678,Stetson,/team/678/15580,920,ASUN,1,2021,15580,NA
678,Stetson,/team/678/15204,920,ASUN,1,2020,15204,NA
678,Stetson,/team/678/15204,920,ASUN,1,2019,15204,NA
678,Stetson,/team/678/12973,920,ASUN,1,2018,12973,NA
678,Stetson,/team/678/12560,920,ASUN,1,2017,12560,NA
678,Stetson,/team/678/12360,920,ASUN,1,2016,12360,NA
678,Stetson,/team/678/12080,920,ASUN,1,2015,12080,NA
678,Stetson,/team/678/11620,920,ASUN,1,2014,11620,NA
678,Stetson,/team/678/11320,920,ASUN,1,2013,11320,NA
678,Stetson,/team/678/10942,920,ASUN,1,2012,10942,NA
678,Stetson,/team/678/10561,920,ASUN,1,2011,10561,NA
678,Stetson,/team/678/10240,920,ASUN,1,2010,10240,NA
682,Stonehill,/teams/614759,846,NEC,1,2026,17040,614759
682,Stonehill,/teams/596698,846,NEC,1,2025,16840,596698
682,Stonehill,/team/682/16580,846,NEC,1,2024,16580,NA
682,Stonehill,/team/682/16340,846,NEC,1,2023,16340,NA
683,Stony Brook,/teams/614751,837,CAA,1,2026,17040,614751
683,Stony Brook,/teams/596690,837,CAA,1,2025,16840,596690
683,Stony Brook,/team/683/16580,837,CAA,1,2024,16580,NA
683,Stony Brook,/team/683/16340,837,CAA,1,2023,16340,NA
683,Stony Brook,/team/683/15860,845,America East,1,2022,15860,NA
683,Stony Brook,/team/683/15580,845,America East,1,2021,15580,NA
683,Stony Brook,/team/683/15204,845,America East,1,2020,15204,NA
683,Stony Brook,/team/683/15204,845,America East,1,2019,15204,NA
683,Stony Brook,/team/683/12973,845,America East,1,2018,12973,NA
683,Stony Brook,/team/683/12560,845,America East,1,2017,12560,NA
683,Stony Brook,/team/683/12360,845,America East,1,2016,12360,NA
683,Stony Brook,/team/683/12080,845,America East,1,2015,12080,NA
683,Stony Brook,/team/683/11620,845,America East,1,2014,11620,NA
683,Stony Brook,/team/683/11320,845,America East,1,2013,11320,NA
683,Stony Brook,/team/683/10942,845,America East,1,2012,10942,NA
683,Stony Brook,/team/683/10561,845,America East,1,2011,10561,NA
683,Stony Brook,/team/683/10240,845,America East,1,2010,10240,NA
698,TCU,/teams/614789,25354,Big 12,1,2026,17040,614789
698,TCU,/teams/596421,25354,Big 12,1,2025,16840,596421
698,TCU,/team/698/16580,25354,Big 12,1,2024,16580,NA
698,TCU,/team/698/16340,25354,Big 12,1,2023,16340,NA
698,TCU,/team/698/15860,25354,Big 12,1,2022,15860,NA
698,TCU,/team/698/15580,25354,Big 12,1,2021,15580,NA
698,TCU,/team/698/15204,25354,Big 12,1,2020,15204,NA
698,TCU,/team/698/15204,25354,Big 12,1,2019,15204,NA
698,TCU,/team/698/12973,25354,Big 12,1,2018,12973,NA
698,TCU,/team/698/12560,25354,Big 12,1,2017,12560,NA
698,TCU,/team/698/12360,25354,Big 12,1,2016,12360,NA
698,TCU,/team/698/12080,25354,Big 12,1,2015,12080,NA
698,TCU,/team/698/11620,25354,Big 12,1,2014,11620,NA
698,TCU,/team/698/11320,25354,Big 12,1,2013,11320,NA
698,TCU,/team/698/10942,5486,Mountain West,1,2012,10942,NA
698,TCU,/team/698/10561,5486,Mountain West,1,2011,10561,NA
698,TCU,/team/698/10240,5486,Mountain West,1,2010,10240,NA
1395,Tarleton St.,/teams/614761,923,WAC,1,2026,17040,614761
1395,Tarleton St.,/teams/596700,923,WAC,1,2025,16840,596700
1395,Tarleton St.,/team/1395/16580,923,WAC,1,2024,16580,NA
1395,Tarleton St.,/team/1395/16340,923,WAC,1,2023,16340,NA
1395,Tarleton St.,/team/1395/15860,923,WAC,1,2022,15860,NA
1395,Tarleton St.,/team/1395/15580,923,WAC,1,2021,15580,NA
690,Temple,/team/690/12080,823,AAC,1,2015,12080,NA
690,Temple,/team/690/11620,823,AAC,1,2014,11620,NA
690,Temple,/team/690/11320,820,Atlantic 10,1,2013,11320,NA
690,Temple,/team/690/10942,820,Atlantic 10,1,2012,10942,NA
690,Temple,/team/690/10561,820,Atlantic 10,1,2011,10561,NA
690,Temple,/team/690/10240,820,Atlantic 10,1,2010,10240,NA
694,Tennessee,/teams/614782,911,SEC,1,2026,17040,614782
694,Tennessee,/teams/596721,911,SEC,1,2025,16840,596721
694,Tennessee,/team/694/16580,911,SEC,1,2024,16580,NA
694,Tennessee,/team/694/16340,911,SEC,1,2023,16340,NA
694,Tennessee,/team/694/15860,911,SEC,1,2022,15860,NA
694,Tennessee,/team/694/15580,911,SEC,1,2021,15580,NA
694,Tennessee,/team/694/15204,911,SEC,1,2020,15204,NA
694,Tennessee,/team/694/15204,911,SEC,1,2019,15204,NA
694,Tennessee,/team/694/12973,911,SEC,1,2018,12973,NA
694,Tennessee,/team/694/12560,911,SEC,1,2017,12560,NA
694,Tennessee,/team/694/12360,911,SEC,1,2016,12360,NA
694,Tennessee,/team/694/12080,911,SEC,1,2015,12080,NA
694,Tennessee,/team/694/11620,911,SEC,1,2014,11620,NA
694,Tennessee,/team/694/11320,911,SEC,1,2013,11320,NA
694,Tennessee,/team/694/10942,911,SEC,1,2012,10942,NA
694,Tennessee,/team/694/10561,911,SEC,1,2011,10561,NA
694,Tennessee,/team/694/10240,911,SEC,1,2010,10240,NA
692,Tennessee Tech,/teams/614752,902,OVC,1,2026,17040,614752
692,Tennessee Tech,/teams/596691,902,OVC,1,2025,16840,596691
692,Tennessee Tech,/team/692/16580,902,OVC,1,2024,16580,NA
692,Tennessee Tech,/team/692/16340,902,OVC,1,2023,16340,NA
692,Tennessee Tech,/team/692/15860,902,OVC,1,2022,15860,NA
692,Tennessee Tech,/team/692/15580,902,OVC,1,2021,15580,NA
692,Tennessee Tech,/team/692/15204,902,OVC,1,2020,15204,NA
692,Tennessee Tech,/team/692/15204,902,OVC,1,2019,15204,NA
692,Tennessee Tech,/team/692/12973,902,OVC,1,2018,12973,NA
692,Tennessee Tech,/team/692/12560,902,OVC,1,2017,12560,NA
692,Tennessee Tech,/team/692/12360,902,OVC,1,2016,12360,NA
692,Tennessee Tech,/team/692/12080,902,OVC,1,2015,12080,NA
692,Tennessee Tech,/team/692/11620,902,OVC,1,2014,11620,NA
692,Tennessee Tech,/team/692/11320,902,OVC,1,2013,11320,NA
692,Tennessee Tech,/team/692/10942,902,OVC,1,2012,10942,NA
692,Tennessee Tech,/team/692/10561,902,OVC,1,2011,10561,NA
692,Tennessee Tech,/team/692/10240,902,OVC,1,2010,10240,NA
703,Texas,/teams/614793,911,SEC,1,2026,17040,614793
703,Texas,/teams/596425,911,SEC,1,2025,16840,596425
703,Texas,/team/703/16580,25354,Big 12,1,2024,16580,NA
703,Texas,/team/703/16340,25354,Big 12,1,2023,16340,NA
703,Texas,/team/703/15860,25354,Big 12,1,2022,15860,NA
703,Texas,/team/703/15580,25354,Big 12,1,2021,15580,NA
703,Texas,/team/703/15204,25354,Big 12,1,2020,15204,NA
703,Texas,/team/703/15204,25354,Big 12,1,2019,15204,NA
703,Texas,/team/703/12973,25354,Big 12,1,2018,12973,NA
703,Texas,/team/703/12560,25354,Big 12,1,2017,12560,NA
703,Texas,/team/703/12360,25354,Big 12,1,2016,12360,NA
703,Texas,/team/703/12080,25354,Big 12,1,2015,12080,NA
703,Texas,/team/703/11620,25354,Big 12,1,2014,11620,NA
703,Texas,/team/703/11320,25354,Big 12,1,2013,11320,NA
703,Texas,/team/703/10942,25354,Big 12,1,2012,10942,NA
703,Texas,/team/703/10561,25354,Big 12,1,2011,10561,NA
703,Texas,/team/703/10240,25354,Big 12,1,2010,10240,NA
697,Texas A&M,/teams/614788,911,SEC,1,2026,17040,614788
697,Texas A&M,/teams/596420,911,SEC,1,2025,16840,596420
697,Texas A&M,/team/697/16580,911,SEC,1,2024,16580,NA
697,Texas A&M,/team/697/16340,911,SEC,1,2023,16340,NA
697,Texas A&M,/team/697/15860,911,SEC,1,2022,15860,NA
697,Texas A&M,/team/697/15580,911,SEC,1,2021,15580,NA
697,Texas A&M,/team/697/15204,911,SEC,1,2020,15204,NA
697,Texas A&M,/team/697/15204,911,SEC,1,2019,15204,NA
697,Texas A&M,/team/697/12973,911,SEC,1,2018,12973,NA
697,Texas A&M,/team/697/12560,911,SEC,1,2017,12560,NA
697,Texas A&M,/team/697/12360,911,SEC,1,2016,12360,NA
697,Texas A&M,/team/697/12080,911,SEC,1,2015,12080,NA
697,Texas A&M,/team/697/11620,911,SEC,1,2014,11620,NA
697,Texas A&M,/team/697/11320,911,SEC,1,2013,11320,NA
697,Texas A&M,/team/697/10942,25354,Big 12,1,2012,10942,NA
697,Texas A&M,/team/697/10561,25354,Big 12,1,2011,10561,NA
697,Texas A&M,/team/697/10240,25354,Big 12,1,2010,10240,NA
699,Texas Southern,/teams/614790,916,SWAC,1,2026,17040,614790
699,Texas Southern,/teams/596422,916,SWAC,1,2025,16840,596422
699,Texas Southern,/team/699/16580,916,SWAC,1,2024,16580,NA
699,Texas Southern,/team/699/16340,916,SWAC,1,2023,16340,NA
699,Texas Southern,/team/699/15860,916,SWAC,1,2022,15860,NA
699,Texas Southern,/team/699/15580,916,SWAC,1,2021,15580,NA
699,Texas Southern,/team/699/15204,916,SWAC,1,2020,15204,NA
699,Texas Southern,/team/699/15204,916,SWAC,1,2019,15204,NA
699,Texas Southern,/team/699/12973,916,SWAC,1,2018,12973,NA
699,Texas Southern,/team/699/12560,916,SWAC,1,2017,12560,NA
699,Texas Southern,/team/699/12360,916,SWAC,1,2016,12360,NA
699,Texas Southern,/team/699/12080,916,SWAC,1,2015,12080,NA
699,Texas Southern,/team/699/11620,916,SWAC,1,2014,11620,NA
699,Texas Southern,/team/699/11320,916,SWAC,1,2013,11320,NA
699,Texas Southern,/team/699/10942,916,SWAC,1,2012,10942,NA
699,Texas Southern,/team/699/10561,916,SWAC,1,2011,10561,NA
699,Texas Southern,/team/699/10240,916,SWAC,1,2010,10240,NA
670,Texas St.,/teams/614747,818,Sun Belt,1,2026,17040,614747
670,Texas St.,/teams/596686,818,Sun Belt,1,2025,16840,596686
670,Texas St.,/team/670/16580,818,Sun Belt,1,2024,16580,NA
670,Texas St.,/team/670/16340,818,Sun Belt,1,2023,16340,NA
670,Texas St.,/team/670/15860,818,Sun Belt,1,2022,15860,NA
670,Texas St.,/team/670/15580,818,Sun Belt,1,2021,15580,NA
670,Texas St.,/team/670/15204,818,Sun Belt,1,2020,15204,NA
670,Texas St.,/team/670/15204,818,Sun Belt,1,2019,15204,NA
670,Texas St.,/team/670/12973,818,Sun Belt,1,2018,12973,NA
670,Texas St.,/team/670/12560,818,Sun Belt,1,2017,12560,NA
670,Texas St.,/team/670/12360,818,Sun Belt,1,2016,12360,NA
670,Texas St.,/team/670/12080,818,Sun Belt,1,2015,12080,NA
670,Texas St.,/team/670/11620,818,Sun Belt,1,2014,11620,NA
670,Texas St.,/team/670/11320,923,WAC,1,2013,11320,NA
670,Texas St.,/team/670/10942,914,Southland,1,2012,10942,NA
670,Texas St.,/team/670/10561,914,Southland,1,2011,10561,NA
670,Texas St.,/team/670/10240,914,Southland,1,2010,10240,NA
700,Texas Tech,/teams/614791,25354,Big 12,1,2026,17040,614791
700,Texas Tech,/teams/596423,25354,Big 12,1,2025,16840,596423
700,Texas Tech,/team/700/16580,25354,Big 12,1,2024,16580,NA
700,Texas Tech,/team/700/16340,25354,Big 12,1,2023,16340,NA
700,Texas Tech,/team/700/15860,25354,Big 12,1,2022,15860,NA
700,Texas Tech,/team/700/15580,25354,Big 12,1,2021,15580,NA
700,Texas Tech,/team/700/15204,25354,Big 12,1,2020,15204,NA
700,Texas Tech,/team/700/15204,25354,Big 12,1,2019,15204,NA
700,Texas Tech,/team/700/12973,25354,Big 12,1,2018,12973,NA
700,Texas Tech,/team/700/12560,25354,Big 12,1,2017,12560,NA
700,Texas Tech,/team/700/12360,25354,Big 12,1,2016,12360,NA
700,Texas Tech,/team/700/12080,25354,Big 12,1,2015,12080,NA
700,Texas Tech,/team/700/11620,25354,Big 12,1,2014,11620,NA
700,Texas Tech,/team/700/11320,25354,Big 12,1,2013,11320,NA
700,Texas Tech,/team/700/10942,25354,Big 12,1,2012,10942,NA
700,Texas Tech,/team/700/10561,25354,Big 12,1,2011,10561,NA
700,Texas Tech,/team/700/10240,25354,Big 12,1,2010,10240,NA
141,The Citadel,/teams/614583,912,SoCon,1,2026,17040,614583
141,The Citadel,/teams/596522,912,SoCon,1,2025,16840,596522
141,The Citadel,/team/141/16580,912,SoCon,1,2024,16580,NA
141,The Citadel,/team/141/16340,912,SoCon,1,2023,16340,NA
141,The Citadel,/team/141/15860,912,SoCon,1,2022,15860,NA
141,The Citadel,/team/141/15580,912,SoCon,1,2021,15580,NA
141,The Citadel,/team/141/15204,912,SoCon,1,2020,15204,NA
141,The Citadel,/team/141/15204,912,SoCon,1,2019,15204,NA
141,The Citadel,/team/141/12973,912,SoCon,1,2018,12973,NA
141,The Citadel,/team/141/12560,912,SoCon,1,2017,12560,NA
141,The Citadel,/team/141/12360,912,SoCon,1,2016,12360,NA
141,The Citadel,/team/141/12080,912,SoCon,1,2015,12080,NA
141,The Citadel,/team/141/11620,912,SoCon,1,2014,11620,NA
141,The Citadel,/team/141/11320,912,SoCon,1,2013,11320,NA
141,The Citadel,/team/141/10942,912,SoCon,1,2012,10942,NA
141,The Citadel,/team/141/10561,912,SoCon,1,2011,10561,NA
141,The Citadel,/team/141/10240,912,SoCon,1,2010,10240,NA
709,Toledo,/teams/614795,875,MAC,1,2026,17040,614795
709,Toledo,/teams/596427,875,MAC,1,2025,16840,596427
709,Toledo,/team/709/16580,875,MAC,1,2024,16580,NA
709,Toledo,/team/709/16340,875,MAC,1,2023,16340,NA
709,Toledo,/team/709/15860,875,MAC,1,2022,15860,NA
709,Toledo,/team/709/15580,875,MAC,1,2021,15580,NA
709,Toledo,/team/709/15204,875,MAC,1,2020,15204,NA
709,Toledo,/team/709/15204,875,MAC,1,2019,15204,NA
709,Toledo,/team/709/12973,875,MAC,1,2018,12973,NA
709,Toledo,/team/709/12560,875,MAC,1,2017,12560,NA
709,Toledo,/team/709/12360,875,MAC,1,2016,12360,NA
709,Toledo,/team/709/12080,875,MAC,1,2015,12080,NA
709,Toledo,/team/709/11620,875,MAC,1,2014,11620,NA
709,Toledo,/team/709/11320,875,MAC,1,2013,11320,NA
709,Toledo,/team/709/10942,875,MAC,1,2012,10942,NA
709,Toledo,/team/709/10561,875,MAC,1,2011,10561,NA
709,Toledo,/team/709/10240,875,MAC,1,2010,10240,NA
711,Towson,/teams/614796,837,CAA,1,2026,17040,614796
711,Towson,/teams/596428,837,CAA,1,2025,16840,596428
711,Towson,/team/711/16580,837,CAA,1,2024,16580,NA
711,Towson,/team/711/16340,837,CAA,1,2023,16340,NA
711,Towson,/team/711/15860,837,CAA,1,2022,15860,NA
711,Towson,/team/711/15580,837,CAA,1,2021,15580,NA
711,Towson,/team/711/15204,837,CAA,1,2020,15204,NA
711,Towson,/team/711/15204,837,CAA,1,2019,15204,NA
711,Towson,/team/711/12973,837,CAA,1,2018,12973,NA
711,Towson,/team/711/12560,837,CAA,1,2017,12560,NA
711,Towson,/team/711/12360,837,CAA,1,2016,12360,NA
711,Towson,/team/711/12080,837,CAA,1,2015,12080,NA
711,Towson,/team/711/11620,837,CAA,1,2014,11620,NA
711,Towson,/team/711/11320,837,CAA,1,2013,11320,NA
711,Towson,/team/711/10942,837,CAA,1,2012,10942,NA
711,Towson,/team/711/10561,837,CAA,1,2011,10561,NA
711,Towson,/team/711/10240,837,CAA,1,2010,10240,NA
716,Troy,/teams/614797,818,Sun Belt,1,2026,17040,614797
716,Troy,/teams/596429,818,Sun Belt,1,2025,16840,596429
716,Troy,/team/716/16580,818,Sun Belt,1,2024,16580,NA
716,Troy,/team/716/16340,818,Sun Belt,1,2023,16340,NA
716,Troy,/team/716/15860,818,Sun Belt,1,2022,15860,NA
716,Troy,/team/716/15580,818,Sun Belt,1,2021,15580,NA
716,Troy,/team/716/15204,818,Sun Belt,1,2020,15204,NA
716,Troy,/team/716/15204,818,Sun Belt,1,2019,15204,NA
716,Troy,/team/716/12973,818,Sun Belt,1,2018,12973,NA
716,Troy,/team/716/12560,818,Sun Belt,1,2017,12560,NA
716,Troy,/team/716/12360,818,Sun Belt,1,2016,12360,NA
716,Troy,/team/716/12080,818,Sun Belt,1,2015,12080,NA
716,Troy,/team/716/11620,818,Sun Belt,1,2014,11620,NA
716,Troy,/team/716/11320,818,Sun Belt,1,2013,11320,NA
716,Troy,/team/716/10942,818,Sun Belt,1,2012,10942,NA
716,Troy,/team/716/10561,818,Sun Belt,1,2011,10561,NA
716,Troy,/team/716/10240,818,Sun Belt,1,2010,10240,NA
718,Tulane,/teams/614762,823,American,1,2026,17040,614762
718,Tulane,/teams/596701,823,American,1,2025,16840,596701
718,Tulane,/team/718/16580,823,AAC,1,2024,16580,NA
718,Tulane,/team/718/16340,823,AAC,1,2023,16340,NA
718,Tulane,/team/718/15860,823,AAC,1,2022,15860,NA
718,Tulane,/team/718/15580,823,AAC,1,2021,15580,NA
718,Tulane,/team/718/15204,823,AAC,1,2020,15204,NA
718,Tulane,/team/718/15204,823,AAC,1,2019,15204,NA
718,Tulane,/team/718/12973,823,AAC,1,2018,12973,NA
718,Tulane,/team/718/12560,823,AAC,1,2017,12560,NA
718,Tulane,/team/718/12360,823,AAC,1,2016,12360,NA
718,Tulane,/team/718/12080,823,AAC,1,2015,12080,NA
718,Tulane,/team/718/11620,24312,C-USA,1,2014,11620,NA
718,Tulane,/team/718/11320,24312,C-USA,1,2013,11320,NA
718,Tulane,/team/718/10942,24312,C-USA,1,2012,10942,NA
718,Tulane,/team/718/10561,24312,C-USA,1,2011,10561,NA
718,Tulane,/team/718/10240,24312,C-USA,1,2010,10240,NA
9,UAB,/teams/614849,823,American,1,2026,17040,614849
9,UAB,/teams/596481,823,American,1,2025,16840,596481
9,UAB,/team/9/16580,823,AAC,1,2024,16580,NA
9,UAB,/team/9/16340,24312,C-USA,1,2023,16340,NA
9,UAB,/team/9/15860,24312,C-USA,1,2022,15860,NA
9,UAB,/team/9/15580,24312,C-USA,1,2021,15580,NA
9,UAB,/team/9/15204,24312,C-USA,1,2020,15204,NA
9,UAB,/team/9/15204,24312,C-USA,1,2019,15204,NA
9,UAB,/team/9/12973,24312,C-USA,1,2018,12973,NA
9,UAB,/team/9/12560,24312,C-USA,1,2017,12560,NA
9,UAB,/team/9/12360,24312,C-USA,1,2016,12360,NA
9,UAB,/team/9/12080,24312,C-USA,1,2015,12080,NA
9,UAB,/team/9/11620,24312,C-USA,1,2014,11620,NA
9,UAB,/team/9/11320,24312,C-USA,1,2013,11320,NA
9,UAB,/team/9/10942,24312,C-USA,1,2012,10942,NA
9,UAB,/team/9/10561,24312,C-USA,1,2011,10561,NA
9,UAB,/team/9/10240,24312,C-USA,1,2010,10240,NA
14,UAlbany,/teams/614850,845,America East,1,2026,17040,614850
14,UAlbany,/teams/596482,845,America East,1,2025,16840,596482
14,UAlbany,/team/14/16580,845,America East,1,2024,16580,NA
14,UAlbany,/team/14/16340,845,America East,1,2023,16340,NA
14,UAlbany,/team/14/15860,845,America East,1,2022,15860,NA
14,UAlbany,/team/14/15580,845,America East,1,2021,15580,NA
14,UAlbany,/team/14/15204,845,America East,1,2020,15204,NA
14,UAlbany,/team/14/15204,845,America East,1,2019,15204,NA
14,UAlbany,/team/14/12973,845,America East,1,2018,12973,NA
14,UAlbany,/team/14/12560,845,America East,1,2017,12560,NA
14,UAlbany,/team/14/12360,845,America East,1,2016,12360,NA
14,UAlbany,/team/14/12080,845,America East,1,2015,12080,NA
14,UAlbany,/team/14/11620,845,America East,1,2014,11620,NA
14,UAlbany,/team/14/11320,845,America East,1,2013,11320,NA
14,UAlbany,/team/14/10942,845,America East,1,2012,10942,NA
14,UAlbany,/team/14/10561,845,America East,1,2011,10561,NA
14,UAlbany,/team/14/10240,845,America East,1,2010,10240,NA
108,UC Davis,/teams/614573,904,Big West,1,2026,17040,614573
108,UC Davis,/teams/596512,904,Big West,1,2025,16840,596512
108,UC Davis,/team/108/16580,904,Big West,1,2024,16580,NA
108,UC Davis,/team/108/16340,904,Big West,1,2023,16340,NA
108,UC Davis,/team/108/15860,904,Big West,1,2022,15860,NA
108,UC Davis,/team/108/15580,904,Big West,1,2021,15580,NA
108,UC Davis,/team/108/15204,904,Big West,1,2020,15204,NA
108,UC Davis,/team/108/15204,904,Big West,1,2019,15204,NA
108,UC Davis,/team/108/12973,904,Big West,1,2018,12973,NA
108,UC Davis,/team/108/12560,904,Big West,1,2017,12560,NA
108,UC Davis,/team/108/12360,904,Big West,1,2016,12360,NA
108,UC Davis,/team/108/12080,904,Big West,1,2015,12080,NA
108,UC Davis,/team/108/11620,904,Big West,1,2014,11620,NA
108,UC Davis,/team/108/11320,904,Big West,1,2013,11320,NA
108,UC Davis,/team/108/10942,904,Big West,1,2012,10942,NA
108,UC Davis,/team/108/10561,904,Big West,1,2011,10561,NA
108,UC Davis,/team/108/10240,904,Big West,1,2010,10240,NA
109,UC Irvine,/teams/614574,904,Big West,1,2026,17040,614574
109,UC Irvine,/teams/596513,904,Big West,1,2025,16840,596513
109,UC Irvine,/team/109/16580,904,Big West,1,2024,16580,NA
109,UC Irvine,/team/109/16340,904,Big West,1,2023,16340,NA
109,UC Irvine,/team/109/15860,904,Big West,1,2022,15860,NA
109,UC Irvine,/team/109/15580,904,Big West,1,2021,15580,NA
109,UC Irvine,/team/109/15204,904,Big West,1,2020,15204,NA
109,UC Irvine,/team/109/15204,904,Big West,1,2019,15204,NA
109,UC Irvine,/team/109/12973,904,Big West,1,2018,12973,NA
109,UC Irvine,/team/109/12560,904,Big West,1,2017,12560,NA
109,UC Irvine,/team/109/12360,904,Big West,1,2016,12360,NA
109,UC Irvine,/team/109/12080,904,Big West,1,2015,12080,NA
109,UC Irvine,/team/109/11620,904,Big West,1,2014,11620,NA
109,UC Irvine,/team/109/11320,904,Big West,1,2013,11320,NA
109,UC Irvine,/team/109/10942,904,Big West,1,2012,10942,NA
109,UC Irvine,/team/109/10561,904,Big West,1,2011,10561,NA
109,UC Irvine,/team/109/10240,904,Big West,1,2010,10240,NA
111,UC Riverside,/teams/614576,904,Big West,1,2026,17040,614576
111,UC Riverside,/teams/596515,904,Big West,1,2025,16840,596515
111,UC Riverside,/team/111/16580,904,Big West,1,2024,16580,NA
111,UC Riverside,/team/111/16340,904,Big West,1,2023,16340,NA
111,UC Riverside,/team/111/15860,904,Big West,1,2022,15860,NA
111,UC Riverside,/team/111/15580,904,Big West,1,2021,15580,NA
111,UC Riverside,/team/111/15204,904,Big West,1,2020,15204,NA
111,UC Riverside,/team/111/15204,904,Big West,1,2019,15204,NA
111,UC Riverside,/team/111/12973,904,Big West,1,2018,12973,NA
111,UC Riverside,/team/111/12560,904,Big West,1,2017,12560,NA
111,UC Riverside,/team/111/12360,904,Big West,1,2016,12360,NA
111,UC Riverside,/team/111/12080,904,Big West,1,2015,12080,NA
111,UC Riverside,/team/111/11620,904,Big West,1,2014,11620,NA
111,UC Riverside,/team/111/11320,904,Big West,1,2013,11320,NA
111,UC Riverside,/team/111/10942,904,Big West,1,2012,10942,NA
111,UC Riverside,/team/111/10561,904,Big West,1,2011,10561,NA
111,UC Riverside,/team/111/10240,904,Big West,1,2010,10240,NA
112,UC San Diego,/teams/614755,904,Big West,1,2026,17040,614755
112,UC San Diego,/teams/596694,904,Big West,1,2025,16840,596694
112,UC San Diego,/team/112/16580,904,Big West,1,2024,16580,NA
112,UC San Diego,/team/112/16340,904,Big West,1,2023,16340,NA
112,UC San Diego,/team/112/15860,904,Big West,1,2022,15860,NA
112,UC San Diego,/team/112/15580,904,Big West,1,2021,15580,NA
104,UC Santa Barbara,/teams/614571,904,Big West,1,2026,17040,614571
104,UC Santa Barbara,/teams/596510,904,Big West,1,2025,16840,596510
104,UC Santa Barbara,/team/104/16580,904,Big West,1,2024,16580,NA
104,UC Santa Barbara,/team/104/16340,904,Big West,1,2023,16340,NA
104,UC Santa Barbara,/team/104/15860,904,Big West,1,2022,15860,NA
104,UC Santa Barbara,/team/104/15580,904,Big West,1,2021,15580,NA
104,UC Santa Barbara,/team/104/15204,904,Big West,1,2020,15204,NA
104,UC Santa Barbara,/team/104/15204,904,Big West,1,2019,15204,NA
104,UC Santa Barbara,/team/104/12973,904,Big West,1,2018,12973,NA
104,UC Santa Barbara,/team/104/12560,904,Big West,1,2017,12560,NA
104,UC Santa Barbara,/team/104/12360,904,Big West,1,2016,12360,NA
104,UC Santa Barbara,/team/104/12080,904,Big West,1,2015,12080,NA
104,UC Santa Barbara,/team/104/11620,904,Big West,1,2014,11620,NA
104,UC Santa Barbara,/team/104/11320,904,Big West,1,2013,11320,NA
104,UC Santa Barbara,/team/104/10942,904,Big West,1,2012,10942,NA
104,UC Santa Barbara,/team/104/10561,904,Big West,1,2011,10561,NA
104,UC Santa Barbara,/team/104/10240,904,Big West,1,2010,10240,NA
128,UCF,/teams/614580,25354,Big 12,1,2026,17040,614580
128,UCF,/teams/596519,25354,Big 12,1,2025,16840,596519
128,UCF,/team/128/16580,25354,Big 12,1,2024,16580,NA
128,UCF,/team/128/16340,823,AAC,1,2023,16340,NA
128,UCF,/team/128/15860,823,AAC,1,2022,15860,NA
128,UCF,/team/128/15580,823,AAC,1,2021,15580,NA
128,UCF,/team/128/15204,823,AAC,1,2020,15204,NA
128,UCF,/team/128/15204,823,AAC,1,2019,15204,NA
128,UCF,/team/128/12973,823,AAC,1,2018,12973,NA
128,UCF,/team/128/12560,823,AAC,1,2017,12560,NA
128,UCF,/team/128/12360,823,AAC,1,2016,12360,NA
128,UCF,/team/128/12080,823,AAC,1,2015,12080,NA
128,UCF,/team/128/11620,823,AAC,1,2014,11620,NA
128,UCF,/team/128/11320,24312,C-USA,1,2013,11320,NA
128,UCF,/team/128/10942,24312,C-USA,1,2012,10942,NA
128,UCF,/team/128/10561,24312,C-USA,1,2011,10561,NA
128,UCF,/team/128/10240,24312,C-USA,1,2010,10240,NA
110,UCLA,/teams/614575,827,Big Ten,1,2026,17040,614575
110,UCLA,/teams/596514,827,Big Ten,1,2025,16840,596514
110,UCLA,/team/110/16580,905,Pac-12,1,2024,16580,NA
110,UCLA,/team/110/16340,905,Pac-12,1,2023,16340,NA
110,UCLA,/team/110/15860,905,Pac-12,1,2022,15860,NA
110,UCLA,/team/110/15580,905,Pac-12,1,2021,15580,NA
110,UCLA,/team/110/15204,905,Pac-12,1,2020,15204,NA
110,UCLA,/team/110/15204,905,Pac-12,1,2019,15204,NA
110,UCLA,/team/110/12973,905,Pac-12,1,2018,12973,NA
110,UCLA,/team/110/12560,905,Pac-12,1,2017,12560,NA
110,UCLA,/team/110/12360,905,Pac-12,1,2016,12360,NA
110,UCLA,/team/110/12080,905,Pac-12,1,2015,12080,NA
110,UCLA,/team/110/11620,905,Pac-12,1,2014,11620,NA
110,UCLA,/team/110/11320,905,Pac-12,1,2013,11320,NA
110,UCLA,/team/110/10942,905,Pac-12,1,2012,10942,NA
110,UCLA,/team/110/10561,905,Pac-12,1,2011,10561,NA
110,UCLA,/team/110/10240,905,Pac-12,1,2010,10240,NA
164,UConn,/teams/614587,30184,Big East,1,2026,17040,614587
164,UConn,/teams/596526,30184,Big East,1,2025,16840,596526
164,UConn,/team/164/16580,30184,Big East,1,2024,16580,NA
164,UConn,/team/164/16340,30184,Big East,1,2023,16340,NA
164,UConn,/team/164/15860,30184,Big East,1,2022,15860,NA
164,UConn,/team/164/15580,30184,Big East,1,2021,15580,NA
164,UConn,/team/164/15204,823,AAC,1,2020,15204,NA
164,UConn,/team/164/15204,823,AAC,1,2019,15204,NA
164,UConn,/team/164/12973,823,AAC,1,2018,12973,NA
164,UConn,/team/164/12560,823,AAC,1,2017,12560,NA
164,UConn,/team/164/12360,823,AAC,1,2016,12360,NA
164,UConn,/team/164/12080,823,AAC,1,2015,12080,NA
164,UConn,/team/164/11620,823,AAC,1,2014,11620,NA
164,UConn,/team/164/11320,823,AAC,1,2013,11320,NA
164,UConn,/team/164/10942,823,AAC,1,2012,10942,NA
164,UConn,/team/164/10561,823,AAC,1,2011,10561,NA
164,UConn,/team/164/10240,823,AAC,1,2010,10240,NA
302,UIC,/teams/614625,884,MVC,1,2026,17040,614625
302,UIC,/teams/596564,884,MVC,1,2025,16840,596564
302,UIC,/team/302/16580,884,MVC,1,2024,16580,NA
302,UIC,/team/302/16340,884,MVC,1,2023,16340,NA
302,UIC,/team/302/15860,881,Horizon,1,2022,15860,NA
302,UIC,/team/302/15580,881,Horizon,1,2021,15580,NA
302,UIC,/team/302/15204,881,Horizon,1,2020,15204,NA
302,UIC,/team/302/15204,881,Horizon,1,2019,15204,NA
302,UIC,/team/302/12973,881,Horizon,1,2018,12973,NA
302,UIC,/team/302/12560,881,Horizon,1,2017,12560,NA
302,UIC,/team/302/12360,881,Horizon,1,2016,12360,NA
302,UIC,/team/302/12080,881,Horizon,1,2015,12080,NA
302,UIC,/team/302/11620,881,Horizon,1,2014,11620,NA
302,UIC,/team/302/11320,881,Horizon,1,2013,11320,NA
302,UIC,/team/302/10942,881,Horizon,1,2012,10942,NA
302,UIC,/team/302/10561,881,Horizon,1,2011,10561,NA
302,UIC,/team/302/10240,881,Horizon,1,2010,10240,NA
2743,UIW,/teams/614836,914,Southland,1,2026,17040,614836
2743,UIW,/teams/596468,914,Southland,1,2025,16840,596468
2743,UIW,/team/2743/16580,914,Southland,1,2024,16580,NA
2743,UIW,/team/2743/16340,914,Southland,1,2023,16340,NA
2743,UIW,/team/2743/15860,914,Southland,1,2022,15860,NA
2743,UIW,/team/2743/15580,914,Southland,1,2021,15580,NA
2743,UIW,/team/2743/15204,914,Southland,1,2020,15204,NA
2743,UIW,/team/2743/15204,914,Southland,1,2019,15204,NA
2743,UIW,/team/2743/12973,914,Southland,1,2018,12973,NA
2743,UIW,/team/2743/12560,914,Southland,1,2017,12560,NA
2743,UIW,/team/2743/12360,914,Southland,1,2016,12360,NA
2743,UIW,/team/2743/12080,914,Southland,1,2015,12080,NA
2743,UIW,/team/2743/11620,914,Southland,1,2014,11620,NA
498,ULM,/teams/614691,818,Sun Belt,1,2026,17040,614691
498,ULM,/teams/596630,818,Sun Belt,1,2025,16840,596630
498,ULM,/team/498/16580,818,Sun Belt,1,2024,16580,NA
498,ULM,/team/498/16340,818,Sun Belt,1,2023,16340,NA
498,ULM,/team/498/15860,818,Sun Belt,1,2022,15860,NA
498,ULM,/team/498/15580,818,Sun Belt,1,2021,15580,NA
498,ULM,/team/498/15204,818,Sun Belt,1,2020,15204,NA
498,ULM,/team/498/15204,818,Sun Belt,1,2019,15204,NA
498,ULM,/team/498/12973,818,Sun Belt,1,2018,12973,NA
498,ULM,/team/498/12560,818,Sun Belt,1,2017,12560,NA
498,ULM,/team/498/12360,818,Sun Belt,1,2016,12360,NA
498,ULM,/team/498/12080,818,Sun Belt,1,2015,12080,NA
498,ULM,/team/498/11620,818,Sun Belt,1,2014,11620,NA
498,ULM,/team/498/11320,818,Sun Belt,1,2013,11320,NA
498,ULM,/team/498/10942,818,Sun Belt,1,2012,10942,NA
498,ULM,/team/498/10561,818,Sun Belt,1,2011,10561,NA
498,ULM,/team/498/10240,818,Sun Belt,1,2010,10240,NA
391,UMBC,/teams/614653,845,America East,1,2026,17040,614653
391,UMBC,/teams/596592,845,America East,1,2025,16840,596592
391,UMBC,/team/391/16580,845,America East,1,2024,16580,NA
391,UMBC,/team/391/16340,845,America East,1,2023,16340,NA
391,UMBC,/team/391/15860,845,America East,1,2022,15860,NA
391,UMBC,/team/391/15580,845,America East,1,2021,15580,NA
391,UMBC,/team/391/15204,845,America East,1,2020,15204,NA
391,UMBC,/team/391/15204,845,America East,1,2019,15204,NA
391,UMBC,/team/391/12973,845,America East,1,2018,12973,NA
391,UMBC,/team/391/12560,845,America East,1,2017,12560,NA
391,UMBC,/team/391/12360,845,America East,1,2016,12360,NA
391,UMBC,/team/391/12080,845,America East,1,2015,12080,NA
391,UMBC,/team/391/11620,845,America East,1,2014,11620,NA
391,UMBC,/team/391/11320,845,America East,1,2013,11320,NA
391,UMBC,/team/391/10942,845,America East,1,2012,10942,NA
391,UMBC,/team/391/10561,845,America East,1,2011,10561,NA
391,UMBC,/team/391/10240,845,America East,1,2010,10240,NA
393,UMES,/teams/614655,846,NEC,1,2026,17040,614655
393,UMES,/teams/596594,846,NEC,1,2025,16840,596594
393,UMES,/team/393/16580,846,NEC,1,2024,16580,NA
393,UMES,/team/393/16340,846,NEC,1,2023,16340,NA
393,UMES,/team/393/15860,876,MEAC,1,2022,15860,NA
393,UMES,/team/393/15580,876,MEAC,1,2021,15580,NA
393,UMES,/team/393/15204,876,MEAC,1,2020,15204,NA
393,UMES,/team/393/15204,876,MEAC,1,2019,15204,NA
393,UMES,/team/393/12973,876,MEAC,1,2018,12973,NA
393,UMES,/team/393/12560,876,MEAC,1,2017,12560,NA
393,UMES,/team/393/12360,876,MEAC,1,2016,12360,NA
393,UMES,/team/393/12080,876,MEAC,1,2015,12080,NA
393,UMES,/team/393/11620,876,MEAC,1,2014,11620,NA
393,UMES,/team/393/11320,876,MEAC,1,2013,11320,NA
393,UMES,/team/393/10942,876,MEAC,1,2012,10942,NA
393,UMES,/team/393/10561,876,MEAC,1,2011,10561,NA
393,UMES,/team/393/10240,876,MEAC,1,2010,10240,NA
368,UMass Lowell,/teams/614647,845,America East,1,2026,17040,614647
368,UMass Lowell,/teams/596586,845,America East,1,2025,16840,596586
368,UMass Lowell,/team/368/16580,845,America East,1,2024,16580,NA
368,UMass Lowell,/team/368/16340,845,America East,1,2023,16340,NA
368,UMass Lowell,/team/368/15860,845,America East,1,2022,15860,NA
368,UMass Lowell,/team/368/15580,845,America East,1,2021,15580,NA
368,UMass Lowell,/team/368/15204,845,America East,1,2020,15204,NA
368,UMass Lowell,/team/368/15204,845,America East,1,2019,15204,NA
368,UMass Lowell,/team/368/12973,845,America East,1,2018,12973,NA
368,UMass Lowell,/team/368/12560,845,America East,1,2017,12560,NA
368,UMass Lowell,/team/368/12360,845,America East,1,2016,12360,NA
368,UMass Lowell,/team/368/12080,845,America East,1,2015,12080,NA
368,UMass Lowell,/team/368/11620,845,America East,1,2014,11620,NA
456,UNC Asheville,/teams/614674,826,Big South,1,2026,17040,614674
456,UNC Asheville,/teams/596613,826,Big South,1,2025,16840,596613
456,UNC Asheville,/team/456/16580,826,Big South,1,2024,16580,NA
456,UNC Asheville,/team/456/16340,826,Big South,1,2023,16340,NA
456,UNC Asheville,/team/456/15860,826,Big South,1,2022,15860,NA
456,UNC Asheville,/team/456/15580,826,Big South,1,2021,15580,NA
456,UNC Asheville,/team/456/15204,826,Big South,1,2020,15204,NA
456,UNC Asheville,/team/456/15204,826,Big South,1,2019,15204,NA
456,UNC Asheville,/team/456/12973,826,Big South,1,2018,12973,NA
456,UNC Asheville,/team/456/12560,826,Big South,1,2017,12560,NA
456,UNC Asheville,/team/456/12360,826,Big South,1,2016,12360,NA
456,UNC Asheville,/team/456/12080,826,Big South,1,2015,12080,NA
456,UNC Asheville,/team/456/11620,826,Big South,1,2014,11620,NA
456,UNC Asheville,/team/456/11320,826,Big South,1,2013,11320,NA
456,UNC Asheville,/team/456/10942,826,Big South,1,2012,10942,NA
456,UNC Asheville,/team/456/10561,826,Big South,1,2011,10561,NA
456,UNC Asheville,/team/456/10240,826,Big South,1,2010,10240,NA
459,UNC Greensboro,/teams/614677,912,SoCon,1,2026,17040,614677
459,UNC Greensboro,/teams/596616,912,SoCon,1,2025,16840,596616
459,UNC Greensboro,/team/459/16580,912,SoCon,1,2024,16580,NA
459,UNC Greensboro,/team/459/16340,912,SoCon,1,2023,16340,NA
459,UNC Greensboro,/team/459/15860,912,SoCon,1,2022,15860,NA
459,UNC Greensboro,/team/459/15580,912,SoCon,1,2021,15580,NA
459,UNC Greensboro,/team/459/15204,912,SoCon,1,2020,15204,NA
459,UNC Greensboro,/team/459/15204,912,SoCon,1,2019,15204,NA
459,UNC Greensboro,/team/459/12973,912,SoCon,1,2018,12973,NA
459,UNC Greensboro,/team/459/12560,912,SoCon,1,2017,12560,NA
459,UNC Greensboro,/team/459/12360,912,SoCon,1,2016,12360,NA
459,UNC Greensboro,/team/459/12080,912,SoCon,1,2015,12080,NA
459,UNC Greensboro,/team/459/11620,912,SoCon,1,2014,11620,NA
459,UNC Greensboro,/team/459/11320,912,SoCon,1,2013,11320,NA
459,UNC Greensboro,/team/459/10942,912,SoCon,1,2012,10942,NA
459,UNC Greensboro,/team/459/10561,912,SoCon,1,2011,10561,NA
459,UNC Greensboro,/team/459/10240,912,SoCon,1,2010,10240,NA
460,UNCW,/teams/614678,837,CAA,1,2026,17040,614678
460,UNCW,/teams/596617,837,CAA,1,2025,16840,596617
460,UNCW,/team/460/16580,837,CAA,1,2024,16580,NA
460,UNCW,/team/460/16340,837,CAA,1,2023,16340,NA
460,UNCW,/team/460/15860,837,CAA,1,2022,15860,NA
460,UNCW,/team/460/15580,837,CAA,1,2021,15580,NA
460,UNCW,/team/460/15204,837,CAA,1,2020,15204,NA
460,UNCW,/team/460/15204,837,CAA,1,2019,15204,NA
460,UNCW,/team/460/12973,837,CAA,1,2018,12973,NA
460,UNCW,/team/460/12560,837,CAA,1,2017,12560,NA
460,UNCW,/team/460/12360,837,CAA,1,2016,12360,NA
460,UNCW,/team/460/12080,837,CAA,1,2015,12080,NA
460,UNCW,/team/460/11620,837,CAA,1,2014,11620,NA
460,UNCW,/team/460/11320,837,CAA,1,2013,11320,NA
460,UNCW,/team/460/10942,837,CAA,1,2012,10942,NA
460,UNCW,/team/460/10561,837,CAA,1,2011,10561,NA
460,UNCW,/team/460/10240,837,CAA,1,2010,10240,NA
465,UNLV,/teams/614680,5486,Mountain West,1,2026,17040,614680
465,UNLV,/teams/596619,5486,Mountain West,1,2025,16840,596619
465,UNLV,/team/465/16580,5486,Mountain West,1,2024,16580,NA
465,UNLV,/team/465/16340,5486,Mountain West,1,2023,16340,NA
465,UNLV,/team/465/15860,5486,Mountain West,1,2022,15860,NA
465,UNLV,/team/465/15580,5486,Mountain West,1,2021,15580,NA
465,UNLV,/team/465/15204,5486,Mountain West,1,2020,15204,NA
465,UNLV,/team/465/15204,5486,Mountain West,1,2019,15204,NA
465,UNLV,/team/465/12973,5486,Mountain West,1,2018,12973,NA
465,UNLV,/team/465/12560,5486,Mountain West,1,2017,12560,NA
465,UNLV,/team/465/12360,5486,Mountain West,1,2016,12360,NA
465,UNLV,/team/465/12080,5486,Mountain West,1,2015,12080,NA
465,UNLV,/team/465/11620,5486,Mountain West,1,2014,11620,NA
465,UNLV,/team/465/11320,5486,Mountain West,1,2013,11320,NA
465,UNLV,/team/465/10942,5486,Mountain West,1,2012,10942,NA
465,UNLV,/team/465/10561,5486,Mountain West,1,2011,10561,NA
465,UNLV,/team/465/10240,5486,Mountain West,1,2010,10240,NA
10411,USC Upstate,/teams/614837,826,Big South,1,2026,17040,614837
10411,USC Upstate,/teams/596469,826,Big South,1,2025,16840,596469
10411,USC Upstate,/team/10411/16580,826,Big South,1,2024,16580,NA
10411,USC Upstate,/team/10411/16340,826,Big South,1,2023,16340,NA
10411,USC Upstate,/team/10411/15860,826,Big South,1,2022,15860,NA
10411,USC Upstate,/team/10411/15580,826,Big South,1,2021,15580,NA
10411,USC Upstate,/team/10411/15204,826,Big South,1,2020,15204,NA
10411,USC Upstate,/team/10411/15204,826,Big South,1,2019,15204,NA
10411,USC Upstate,/team/10411/12973,920,ASUN,1,2018,12973,NA
10411,USC Upstate,/team/10411/12560,920,ASUN,1,2017,12560,NA
10411,USC Upstate,/team/10411/12360,920,ASUN,1,2016,12360,NA
10411,USC Upstate,/team/10411/12080,920,ASUN,1,2015,12080,NA
10411,USC Upstate,/team/10411/11620,920,ASUN,1,2014,11620,NA
10411,USC Upstate,/team/10411/11320,920,ASUN,1,2013,11320,NA
10411,USC Upstate,/team/10411/10942,920,ASUN,1,2012,10942,NA
10411,USC Upstate,/team/10411/10561,920,ASUN,1,2011,10561,NA
10411,USC Upstate,/team/10411/10240,920,ASUN,1,2010,10240,NA
702,UT Arlington,/teams/614792,923,WAC,1,2026,17040,614792
702,UT Arlington,/teams/596424,923,WAC,1,2025,16840,596424
702,UT Arlington,/team/702/16580,923,WAC,1,2024,16580,NA
702,UT Arlington,/team/702/16340,923,WAC,1,2023,16340,NA
702,UT Arlington,/team/702/15860,818,Sun Belt,1,2022,15860,NA
702,UT Arlington,/team/702/15580,818,Sun Belt,1,2021,15580,NA
702,UT Arlington,/team/702/15204,818,Sun Belt,1,2020,15204,NA
702,UT Arlington,/team/702/15204,818,Sun Belt,1,2019,15204,NA
702,UT Arlington,/team/702/12973,818,Sun Belt,1,2018,12973,NA
702,UT Arlington,/team/702/12560,818,Sun Belt,1,2017,12560,NA
702,UT Arlington,/team/702/12360,818,Sun Belt,1,2016,12360,NA
702,UT Arlington,/team/702/12080,818,Sun Belt,1,2015,12080,NA
702,UT Arlington,/team/702/11620,818,Sun Belt,1,2014,11620,NA
702,UT Arlington,/team/702/11320,923,WAC,1,2013,11320,NA
702,UT Arlington,/team/702/10942,914,Southland,1,2012,10942,NA
702,UT Arlington,/team/702/10561,914,Southland,1,2011,10561,NA
702,UT Arlington,/team/702/10240,914,Southland,1,2010,10240,NA
695,UT Martin,/teams/614753,902,OVC,1,2026,17040,614753
695,UT Martin,/teams/596692,902,OVC,1,2025,16840,596692
695,UT Martin,/team/695/16580,902,OVC,1,2024,16580,NA
695,UT Martin,/team/695/16340,902,OVC,1,2023,16340,NA
695,UT Martin,/team/695/15860,902,OVC,1,2022,15860,NA
695,UT Martin,/team/695/15580,902,OVC,1,2021,15580,NA
695,UT Martin,/team/695/15204,902,OVC,1,2020,15204,NA
695,UT Martin,/team/695/15204,902,OVC,1,2019,15204,NA
695,UT Martin,/team/695/12973,902,OVC,1,2018,12973,NA
695,UT Martin,/team/695/12560,902,OVC,1,2017,12560,NA
695,UT Martin,/team/695/12360,902,OVC,1,2016,12360,NA
695,UT Martin,/team/695/12080,902,OVC,1,2015,12080,NA
695,UT Martin,/team/695/11620,902,OVC,1,2014,11620,NA
695,UT Martin,/team/695/11320,902,OVC,1,2013,11320,NA
695,UT Martin,/team/695/10942,902,OVC,1,2012,10942,NA
695,UT Martin,/team/695/10561,902,OVC,1,2011,10561,NA
695,UT Martin,/team/695/10240,902,OVC,1,2010,10240,NA
536,UTRGV,/teams/614707,914,Southland,1,2026,17040,614707
536,UTRGV,/teams/596646,914,Southland,1,2025,16840,596646
536,UTRGV,/team/536/16580,923,WAC,1,2024,16580,NA
536,UTRGV,/team/536/16340,923,WAC,1,2023,16340,NA
536,UTRGV,/team/536/15860,923,WAC,1,2022,15860,NA
536,UTRGV,/team/536/15580,923,WAC,1,2021,15580,NA
536,UTRGV,/team/536/15204,923,WAC,1,2020,15204,NA
536,UTRGV,/team/536/15204,923,WAC,1,2019,15204,NA
536,UTRGV,/team/536/12973,923,WAC,1,2018,12973,NA
536,UTRGV,/team/536/12560,923,WAC,1,2017,12560,NA
536,UTRGV,/team/536/12360,923,WAC,1,2016,12360,NA
536,UTRGV,/team/536/12080,923,WAC,1,2015,12080,NA
536,UTRGV,/team/536/11620,923,WAC,1,2014,11620,NA
536,UTRGV,/team/536/11320,30156,GWC,1,2013,11320,NA
536,UTRGV,/team/536/10942,30062,GWC,1,2012,10942,NA
536,UTRGV,/team/536/10561,30062,GWC,1,2011,10561,NA
536,UTRGV,/team/536/10240,30062,GWC,1,2010,10240,NA
706,UTSA,/teams/614794,823,American,1,2026,17040,614794
706,UTSA,/teams/596426,823,American,1,2025,16840,596426
706,UTSA,/team/706/16580,823,AAC,1,2024,16580,NA
706,UTSA,/team/706/16340,24312,C-USA,1,2023,16340,NA
706,UTSA,/team/706/15860,24312,C-USA,1,2022,15860,NA
706,UTSA,/team/706/15580,24312,C-USA,1,2021,15580,NA
706,UTSA,/team/706/15204,24312,C-USA,1,2020,15204,NA
706,UTSA,/team/706/15204,24312,C-USA,1,2019,15204,NA
706,UTSA,/team/706/12973,24312,C-USA,1,2018,12973,NA
706,UTSA,/team/706/12560,24312,C-USA,1,2017,12560,NA
706,UTSA,/team/706/12360,24312,C-USA,1,2016,12360,NA
706,UTSA,/team/706/12080,24312,C-USA,1,2015,12080,NA
706,UTSA,/team/706/11620,24312,C-USA,1,2014,11620,NA
706,UTSA,/team/706/11320,923,WAC,1,2013,11320,NA
706,UTSA,/team/706/10942,914,Southland,1,2012,10942,NA
706,UTSA,/team/706/10561,914,Southland,1,2011,10561,NA
706,UTSA,/team/706/10240,914,Southland,1,2010,10240,NA
732,Utah,/teams/614800,25354,Big 12,1,2026,17040,614800
732,Utah,/teams/596432,25354,Big 12,1,2025,16840,596432
732,Utah,/team/732/16580,905,Pac-12,1,2024,16580,NA
732,Utah,/team/732/16340,905,Pac-12,1,2023,16340,NA
732,Utah,/team/732/15860,905,Pac-12,1,2022,15860,NA
732,Utah,/team/732/15580,905,Pac-12,1,2021,15580,NA
732,Utah,/team/732/15204,905,Pac-12,1,2020,15204,NA
732,Utah,/team/732/15204,905,Pac-12,1,2019,15204,NA
732,Utah,/team/732/12973,905,Pac-12,1,2018,12973,NA
732,Utah,/team/732/12560,905,Pac-12,1,2017,12560,NA
732,Utah,/team/732/12360,905,Pac-12,1,2016,12360,NA
732,Utah,/team/732/12080,905,Pac-12,1,2015,12080,NA
732,Utah,/team/732/11620,905,Pac-12,1,2014,11620,NA
732,Utah,/team/732/11320,905,Pac-12,1,2013,11320,NA
732,Utah,/team/732/10942,905,Pac-12,1,2012,10942,NA
732,Utah,/team/732/10561,5486,Mountain West,1,2011,10561,NA
732,Utah,/team/732/10240,5486,Mountain West,1,2010,10240,NA
30095,Utah Tech,/teams/614786,923,WAC,1,2026,17040,614786
30095,Utah Tech,/teams/596418,923,WAC,1,2025,16840,596418
30095,Utah Tech,/team/30095/16580,923,WAC,1,2024,16580,NA
30095,Utah Tech,/team/30095/16340,923,WAC,1,2023,16340,NA
30095,Utah Tech,/team/30095/15860,923,WAC,1,2022,15860,NA
30095,Utah Tech,/team/30095/15580,923,WAC,1,2021,15580,NA
30024,Utah Valley,/teams/614842,923,WAC,1,2026,17040,614842
30024,Utah Valley,/teams/596474,923,WAC,1,2025,16840,596474
30024,Utah Valley,/team/30024/16580,923,WAC,1,2024,16580,NA
30024,Utah Valley,/team/30024/16340,923,WAC,1,2023,16340,NA
30024,Utah Valley,/team/30024/15860,923,WAC,1,2022,15860,NA
30024,Utah Valley,/team/30024/15580,923,WAC,1,2021,15580,NA
30024,Utah Valley,/team/30024/15204,923,WAC,1,2020,15204,NA
30024,Utah Valley,/team/30024/15204,923,WAC,1,2019,15204,NA
30024,Utah Valley,/team/30024/12973,923,WAC,1,2018,12973,NA
30024,Utah Valley,/team/30024/12560,923,WAC,1,2017,12560,NA
30024,Utah Valley,/team/30024/12360,923,WAC,1,2016,12360,NA
30024,Utah Valley,/team/30024/12080,923,WAC,1,2015,12080,NA
30024,Utah Valley,/team/30024/11620,923,WAC,1,2014,11620,NA
30024,Utah Valley,/team/30024/11320,30156,GWC,1,2013,11320,NA
30024,Utah Valley,/team/30024/10942,30062,GWC,1,2012,10942,NA
30024,Utah Valley,/team/30024/10561,30062,GWC,1,2011,10561,NA
30024,Utah Valley,/team/30024/10240,30062,GWC,1,2010,10240,NA
740,VCU,/teams/614804,820,Atlantic 10,1,2026,17040,614804
740,VCU,/teams/596436,820,Atlantic 10,1,2025,16840,596436
740,VCU,/team/740/16580,820,Atlantic 10,1,2024,16580,NA
740,VCU,/team/740/16340,820,Atlantic 10,1,2023,16340,NA
740,VCU,/team/740/15860,820,Atlantic 10,1,2022,15860,NA
740,VCU,/team/740/15580,820,Atlantic 10,1,2021,15580,NA
740,VCU,/team/740/15204,820,Atlantic 10,1,2020,15204,NA
740,VCU,/team/740/15204,820,Atlantic 10,1,2019,15204,NA
740,VCU,/team/740/12973,820,Atlantic 10,1,2018,12973,NA
740,VCU,/team/740/12560,820,Atlantic 10,1,2017,12560,NA
740,VCU,/team/740/12360,820,Atlantic 10,1,2016,12360,NA
740,VCU,/team/740/12080,820,Atlantic 10,1,2015,12080,NA
740,VCU,/team/740/11620,820,Atlantic 10,1,2014,11620,NA
740,VCU,/team/740/11320,820,Atlantic 10,1,2013,11320,NA
740,VCU,/team/740/10942,837,CAA,1,2012,10942,NA
740,VCU,/team/740/10561,837,CAA,1,2011,10561,NA
740,VCU,/team/740/10240,837,CAA,1,2010,10240,NA
741,VMI,/teams/614805,912,SoCon,1,2026,17040,614805
741,VMI,/teams/596437,912,SoCon,1,2025,16840,596437
741,VMI,/team/741/16580,912,SoCon,1,2024,16580,NA
741,VMI,/team/741/16340,912,SoCon,1,2023,16340,NA
741,VMI,/team/741/15860,912,SoCon,1,2022,15860,NA
741,VMI,/team/741/15580,912,SoCon,1,2021,15580,NA
741,VMI,/team/741/15204,912,SoCon,1,2020,15204,NA
741,VMI,/team/741/15204,912,SoCon,1,2019,15204,NA
741,VMI,/team/741/12973,912,SoCon,1,2018,12973,NA
741,VMI,/team/741/12560,912,SoCon,1,2017,12560,NA
741,VMI,/team/741/12360,912,SoCon,1,2016,12360,NA
741,VMI,/team/741/12080,912,SoCon,1,2015,12080,NA
741,VMI,/team/741/11620,826,Big South,1,2014,11620,NA
741,VMI,/team/741/11320,826,Big South,1,2013,11320,NA
741,VMI,/team/741/10942,826,Big South,1,2012,10942,NA
741,VMI,/team/741/10561,826,Big South,1,2011,10561,NA
741,VMI,/team/741/10240,826,Big South,1,2010,10240,NA
735,Valparaiso,/teams/614801,884,MVC,1,2026,17040,614801
735,Valparaiso,/teams/596433,884,MVC,1,2025,16840,596433
735,Valparaiso,/team/735/16580,884,MVC,1,2024,16580,NA
735,Valparaiso,/team/735/16340,884,MVC,1,2023,16340,NA
735,Valparaiso,/team/735/15860,884,MVC,1,2022,15860,NA
735,Valparaiso,/team/735/15580,884,MVC,1,2021,15580,NA
735,Valparaiso,/team/735/15204,884,MVC,1,2020,15204,NA
735,Valparaiso,/team/735/15204,884,MVC,1,2019,15204,NA
735,Valparaiso,/team/735/12973,884,MVC,1,2018,12973,NA
735,Valparaiso,/team/735/12560,881,Horizon,1,2017,12560,NA
735,Valparaiso,/team/735/12360,881,Horizon,1,2016,12360,NA
735,Valparaiso,/team/735/12080,881,Horizon,1,2015,12080,NA
735,Valparaiso,/team/735/11620,881,Horizon,1,2014,11620,NA
735,Valparaiso,/team/735/11320,881,Horizon,1,2013,11320,NA
735,Valparaiso,/team/735/10942,881,Horizon,1,2012,10942,NA
735,Valparaiso,/team/735/10561,881,Horizon,1,2011,10561,NA
735,Valparaiso,/team/735/10240,881,Horizon,1,2010,10240,NA
736,Vanderbilt,/teams/614802,911,SEC,1,2026,17040,614802
736,Vanderbilt,/teams/596434,911,SEC,1,2025,16840,596434
736,Vanderbilt,/team/736/16580,911,SEC,1,2024,16580,NA
736,Vanderbilt,/team/736/16340,911,SEC,1,2023,16340,NA
736,Vanderbilt,/team/736/15860,911,SEC,1,2022,15860,NA
736,Vanderbilt,/team/736/15580,911,SEC,1,2021,15580,NA
736,Vanderbilt,/team/736/15204,911,SEC,1,2020,15204,NA
736,Vanderbilt,/team/736/15204,911,SEC,1,2019,15204,NA
736,Vanderbilt,/team/736/12973,911,SEC,1,2018,12973,NA
736,Vanderbilt,/team/736/12560,911,SEC,1,2017,12560,NA
736,Vanderbilt,/team/736/12360,911,SEC,1,2016,12360,NA
736,Vanderbilt,/team/736/12080,911,SEC,1,2015,12080,NA
736,Vanderbilt,/team/736/11620,911,SEC,1,2014,11620,NA
736,Vanderbilt,/team/736/11320,911,SEC,1,2013,11320,NA
736,Vanderbilt,/team/736/10942,911,SEC,1,2012,10942,NA
736,Vanderbilt,/team/736/10561,911,SEC,1,2011,10561,NA
736,Vanderbilt,/team/736/10240,911,SEC,1,2010,10240,NA
739,Villanova,/teams/614803,30184,Big East,1,2026,17040,614803
739,Villanova,/teams/596435,30184,Big East,1,2025,16840,596435
739,Villanova,/team/739/16580,30184,Big East,1,2024,16580,NA
739,Villanova,/team/739/16340,30184,Big East,1,2023,16340,NA
739,Villanova,/team/739/15860,30184,Big East,1,2022,15860,NA
739,Villanova,/team/739/15580,30184,Big East,1,2021,15580,NA
739,Villanova,/team/739/15204,30184,Big East,1,2020,15204,NA
739,Villanova,/team/739/15204,30184,Big East,1,2019,15204,NA
739,Villanova,/team/739/12973,30184,Big East,1,2018,12973,NA
739,Villanova,/team/739/12560,30184,Big East,1,2017,12560,NA
739,Villanova,/team/739/12360,30184,Big East,1,2016,12360,NA
739,Villanova,/team/739/12080,30184,Big East,1,2015,12080,NA
739,Villanova,/team/739/11620,30184,Big East,1,2014,11620,NA
739,Villanova,/team/739/11320,823,AAC,1,2013,11320,NA
739,Villanova,/team/739/10942,823,AAC,1,2012,10942,NA
739,Villanova,/team/739/10561,823,AAC,1,2011,10561,NA
739,Villanova,/team/739/10240,823,AAC,1,2010,10240,NA
746,Virginia,/teams/614807,821,ACC,1,2026,17040,614807
746,Virginia,/teams/596439,821,ACC,1,2025,16840,596439
746,Virginia,/team/746/16580,821,ACC,1,2024,16580,NA
746,Virginia,/team/746/16340,821,ACC,1,2023,16340,NA
746,Virginia,/team/746/15860,821,ACC,1,2022,15860,NA
746,Virginia,/team/746/15580,821,ACC,1,2021,15580,NA
746,Virginia,/team/746/15204,821,ACC,1,2020,15204,NA
746,Virginia,/team/746/15204,821,ACC,1,2019,15204,NA
746,Virginia,/team/746/12973,821,ACC,1,2018,12973,NA
746,Virginia,/team/746/12560,821,ACC,1,2017,12560,NA
746,Virginia,/team/746/12360,821,ACC,1,2016,12360,NA
746,Virginia,/team/746/12080,821,ACC,1,2015,12080,NA
746,Virginia,/team/746/11620,821,ACC,1,2014,11620,NA
746,Virginia,/team/746/11320,821,ACC,1,2013,11320,NA
746,Virginia,/team/746/10942,821,ACC,1,2012,10942,NA
746,Virginia,/team/746/10561,821,ACC,1,2011,10561,NA
746,Virginia,/team/746/10240,821,ACC,1,2010,10240,NA
742,Virginia Tech,/teams/614806,821,ACC,1,2026,17040,614806
742,Virginia Tech,/teams/596438,821,ACC,1,2025,16840,596438
742,Virginia Tech,/team/742/16580,821,ACC,1,2024,16580,NA
742,Virginia Tech,/team/742/16340,821,ACC,1,2023,16340,NA
742,Virginia Tech,/team/742/15860,821,ACC,1,2022,15860,NA
742,Virginia Tech,/team/742/15580,821,ACC,1,2021,15580,NA
742,Virginia Tech,/team/742/15204,821,ACC,1,2020,15204,NA
742,Virginia Tech,/team/742/15204,821,ACC,1,2019,15204,NA
742,Virginia Tech,/team/742/12973,821,ACC,1,2018,12973,NA
742,Virginia Tech,/team/742/12560,821,ACC,1,2017,12560,NA
742,Virginia Tech,/team/742/12360,821,ACC,1,2016,12360,NA
742,Virginia Tech,/team/742/12080,821,ACC,1,2015,12080,NA
742,Virginia Tech,/team/742/11620,821,ACC,1,2014,11620,NA
742,Virginia Tech,/team/742/11320,821,ACC,1,2013,11320,NA
742,Virginia Tech,/team/742/10942,821,ACC,1,2012,10942,NA
742,Virginia Tech,/team/742/10561,821,ACC,1,2011,10561,NA
742,Virginia Tech,/team/742/10240,821,ACC,1,2010,10240,NA
748,Wagner,/teams/614808,846,NEC,1,2026,17040,614808
748,Wagner,/teams/596440,846,NEC,1,2025,16840,596440
748,Wagner,/team/748/16580,846,NEC,1,2024,16580,NA
748,Wagner,/team/748/16340,846,NEC,1,2023,16340,NA
748,Wagner,/team/748/15860,846,NEC,1,2022,15860,NA
748,Wagner,/team/748/15580,846,NEC,1,2021,15580,NA
748,Wagner,/team/748/15204,846,NEC,1,2020,15204,NA
748,Wagner,/team/748/15204,846,NEC,1,2019,15204,NA
748,Wagner,/team/748/12973,846,NEC,1,2018,12973,NA
748,Wagner,/team/748/12560,846,NEC,1,2017,12560,NA
748,Wagner,/team/748/12360,846,NEC,1,2016,12360,NA
748,Wagner,/team/748/12080,846,NEC,1,2015,12080,NA
748,Wagner,/team/748/11620,846,NEC,1,2014,11620,NA
748,Wagner,/team/748/11320,846,NEC,1,2013,11320,NA
748,Wagner,/team/748/10942,846,NEC,1,2012,10942,NA
748,Wagner,/team/748/10561,846,NEC,1,2011,10561,NA
748,Wagner,/team/748/10240,846,NEC,1,2010,10240,NA
749,Wake Forest,/teams/614809,821,ACC,1,2026,17040,614809
749,Wake Forest,/teams/596441,821,ACC,1,2025,16840,596441
749,Wake Forest,/team/749/16580,821,ACC,1,2024,16580,NA
749,Wake Forest,/team/749/16340,821,ACC,1,2023,16340,NA
749,Wake Forest,/team/749/15860,821,ACC,1,2022,15860,NA
749,Wake Forest,/team/749/15580,821,ACC,1,2021,15580,NA
749,Wake Forest,/team/749/15204,821,ACC,1,2020,15204,NA
749,Wake Forest,/team/749/15204,821,ACC,1,2019,15204,NA
749,Wake Forest,/team/749/12973,821,ACC,1,2018,12973,NA
749,Wake Forest,/team/749/12560,821,ACC,1,2017,12560,NA
749,Wake Forest,/team/749/12360,821,ACC,1,2016,12360,NA
749,Wake Forest,/team/749/12080,821,ACC,1,2015,12080,NA
749,Wake Forest,/team/749/11620,821,ACC,1,2014,11620,NA
749,Wake Forest,/team/749/11320,821,ACC,1,2013,11320,NA
749,Wake Forest,/team/749/10942,821,ACC,1,2012,10942,NA
749,Wake Forest,/team/749/10561,821,ACC,1,2011,10561,NA
749,Wake Forest,/team/749/10240,821,ACC,1,2010,10240,NA
756,Washington,/teams/614811,827,Big Ten,1,2026,17040,614811
756,Washington,/teams/596443,827,Big Ten,1,2025,16840,596443
756,Washington,/team/756/16580,905,Pac-12,1,2024,16580,NA
756,Washington,/team/756/16340,905,Pac-12,1,2023,16340,NA
756,Washington,/team/756/15860,905,Pac-12,1,2022,15860,NA
756,Washington,/team/756/15580,905,Pac-12,1,2021,15580,NA
756,Washington,/team/756/15204,905,Pac-12,1,2020,15204,NA
756,Washington,/team/756/15204,905,Pac-12,1,2019,15204,NA
756,Washington,/team/756/12973,905,Pac-12,1,2018,12973,NA
756,Washington,/team/756/12560,905,Pac-12,1,2017,12560,NA
756,Washington,/team/756/12360,905,Pac-12,1,2016,12360,NA
756,Washington,/team/756/12080,905,Pac-12,1,2015,12080,NA
756,Washington,/team/756/11620,905,Pac-12,1,2014,11620,NA
756,Washington,/team/756/11320,905,Pac-12,1,2013,11320,NA
756,Washington,/team/756/10942,905,Pac-12,1,2012,10942,NA
756,Washington,/team/756/10561,905,Pac-12,1,2011,10561,NA
756,Washington,/team/756/10240,905,Pac-12,1,2010,10240,NA
754,Washington St.,/teams/614810,5486,Mountain West,1,2026,17040,614810
754,Washington St.,/teams/596442,5486,Mountain West,1,2025,16840,596442
754,Washington St.,/team/754/16580,905,Pac-12,1,2024,16580,NA
754,Washington St.,/team/754/16340,905,Pac-12,1,2023,16340,NA
754,Washington St.,/team/754/15860,905,Pac-12,1,2022,15860,NA
754,Washington St.,/team/754/15580,905,Pac-12,1,2021,15580,NA
754,Washington St.,/team/754/15204,905,Pac-12,1,2020,15204,NA
754,Washington St.,/team/754/15204,905,Pac-12,1,2019,15204,NA
754,Washington St.,/team/754/12973,905,Pac-12,1,2018,12973,NA
754,Washington St.,/team/754/12560,905,Pac-12,1,2017,12560,NA
754,Washington St.,/team/754/12360,905,Pac-12,1,2016,12360,NA
754,Washington St.,/team/754/12080,905,Pac-12,1,2015,12080,NA
754,Washington St.,/team/754/11620,905,Pac-12,1,2014,11620,NA
754,Washington St.,/team/754/11320,905,Pac-12,1,2013,11320,NA
754,Washington St.,/team/754/10942,905,Pac-12,1,2012,10942,NA
754,Washington St.,/team/754/10561,905,Pac-12,1,2011,10561,NA
754,Washington St.,/team/754/10240,905,Pac-12,1,2010,10240,NA
NA,West Ga.,/teams/614784,920,ASUN,1,2026,17040,614784
NA,West Ga.,/teams/596947,920,ASUN,1,2025,16840,596947
768,West Virginia,/teams/614812,25354,Big 12,1,2026,17040,614812
768,West Virginia,/teams/596444,25354,Big 12,1,2025,16840,596444
768,West Virginia,/team/768/16580,25354,Big 12,1,2024,16580,NA
768,West Virginia,/team/768/16340,25354,Big 12,1,2023,16340,NA
768,West Virginia,/team/768/15860,25354,Big 12,1,2022,15860,NA
768,West Virginia,/team/768/15580,25354,Big 12,1,2021,15580,NA
768,West Virginia,/team/768/15204,25354,Big 12,1,2020,15204,NA
768,West Virginia,/team/768/15204,25354,Big 12,1,2019,15204,NA
768,West Virginia,/team/768/12973,25354,Big 12,1,2018,12973,NA
768,West Virginia,/team/768/12560,25354,Big 12,1,2017,12560,NA
768,West Virginia,/team/768/12360,25354,Big 12,1,2016,12360,NA
768,West Virginia,/team/768/12080,25354,Big 12,1,2015,12080,NA
768,West Virginia,/team/768/11620,25354,Big 12,1,2014,11620,NA
768,West Virginia,/team/768/11320,25354,Big 12,1,2013,11320,NA
768,West Virginia,/team/768/10942,823,AAC,1,2012,10942,NA
768,West Virginia,/team/768/10561,823,AAC,1,2011,10561,NA
768,West Virginia,/team/768/10240,823,AAC,1,2010,10240,NA
769,Western Caro.,/teams/614813,912,SoCon,1,2026,17040,614813
769,Western Caro.,/teams/596445,912,SoCon,1,2025,16840,596445
769,Western Caro.,/team/769/16580,912,SoCon,1,2024,16580,NA
769,Western Caro.,/team/769/16340,912,SoCon,1,2023,16340,NA
769,Western Caro.,/team/769/15860,912,SoCon,1,2022,15860,NA
769,Western Caro.,/team/769/15580,912,SoCon,1,2021,15580,NA
769,Western Caro.,/team/769/15204,912,SoCon,1,2020,15204,NA
769,Western Caro.,/team/769/15204,912,SoCon,1,2019,15204,NA
769,Western Caro.,/team/769/12973,912,SoCon,1,2018,12973,NA
769,Western Caro.,/team/769/12560,912,SoCon,1,2017,12560,NA
769,Western Caro.,/team/769/12360,912,SoCon,1,2016,12360,NA
769,Western Caro.,/team/769/12080,912,SoCon,1,2015,12080,NA
769,Western Caro.,/team/769/11620,912,SoCon,1,2014,11620,NA
769,Western Caro.,/team/769/11320,912,SoCon,1,2013,11320,NA
769,Western Caro.,/team/769/10942,912,SoCon,1,2012,10942,NA
769,Western Caro.,/team/769/10561,912,SoCon,1,2011,10561,NA
769,Western Caro.,/team/769/10240,912,SoCon,1,2010,10240,NA
771,Western Ill.,/teams/614814,902,OVC,1,2026,17040,614814
771,Western Ill.,/teams/596446,902,OVC,1,2025,16840,596446
771,Western Ill.,/team/771/16580,902,OVC,1,2024,16580,NA
771,Western Ill.,/team/771/16340,819,Summit League,1,2023,16340,NA
771,Western Ill.,/team/771/15860,819,Summit League,1,2022,15860,NA
771,Western Ill.,/team/771/15580,819,Summit League,1,2021,15580,NA
771,Western Ill.,/team/771/15204,819,Summit League,1,2020,15204,NA
771,Western Ill.,/team/771/15204,819,Summit League,1,2019,15204,NA
771,Western Ill.,/team/771/12973,819,Summit League,1,2018,12973,NA
771,Western Ill.,/team/771/12560,819,Summit League,1,2017,12560,NA
771,Western Ill.,/team/771/12360,819,Summit League,1,2016,12360,NA
771,Western Ill.,/team/771/12080,819,Summit League,1,2015,12080,NA
771,Western Ill.,/team/771/11620,819,Summit League,1,2014,11620,NA
771,Western Ill.,/team/771/11320,819,Summit League,1,2013,11320,NA
771,Western Ill.,/team/771/10942,819,Summit League,1,2012,10942,NA
771,Western Ill.,/team/771/10561,819,Summit League,1,2011,10561,NA
771,Western Ill.,/team/771/10240,819,Summit League,1,2010,10240,NA
772,Western Ky.,/teams/614815,24312,CUSA,1,2026,17040,614815
772,Western Ky.,/teams/596447,24312,CUSA,1,2025,16840,596447
772,Western Ky.,/team/772/16580,24312,CUSA,1,2024,16580,NA
772,Western Ky.,/team/772/16340,24312,C-USA,1,2023,16340,NA
772,Western Ky.,/team/772/15860,24312,C-USA,1,2022,15860,NA
772,Western Ky.,/team/772/15580,24312,C-USA,1,2021,15580,NA
772,Western Ky.,/team/772/15204,24312,C-USA,1,2020,15204,NA
772,Western Ky.,/team/772/15204,24312,C-USA,1,2019,15204,NA
772,Western Ky.,/team/772/12973,24312,C-USA,1,2018,12973,NA
772,Western Ky.,/team/772/12560,24312,C-USA,1,2017,12560,NA
772,Western Ky.,/team/772/12360,24312,C-USA,1,2016,12360,NA
772,Western Ky.,/team/772/12080,24312,C-USA,1,2015,12080,NA
772,Western Ky.,/team/772/11620,818,Sun Belt,1,2014,11620,NA
772,Western Ky.,/team/772/11320,818,Sun Belt,1,2013,11320,NA
772,Western Ky.,/team/772/10942,818,Sun Belt,1,2012,10942,NA
772,Western Ky.,/team/772/10561,818,Sun Belt,1,2011,10561,NA
772,Western Ky.,/team/772/10240,818,Sun Belt,1,2010,10240,NA
774,Western Mich.,/teams/614816,875,MAC,1,2026,17040,614816
774,Western Mich.,/teams/596448,875,MAC,1,2025,16840,596448
774,Western Mich.,/team/774/16580,875,MAC,1,2024,16580,NA
774,Western Mich.,/team/774/16340,875,MAC,1,2023,16340,NA
774,Western Mich.,/team/774/15860,875,MAC,1,2022,15860,NA
774,Western Mich.,/team/774/15580,875,MAC,1,2021,15580,NA
774,Western Mich.,/team/774/15204,875,MAC,1,2020,15204,NA
774,Western Mich.,/team/774/15204,875,MAC,1,2019,15204,NA
774,Western Mich.,/team/774/12973,875,MAC,1,2018,12973,NA
774,Western Mich.,/team/774/12560,875,MAC,1,2017,12560,NA
774,Western Mich.,/team/774/12360,875,MAC,1,2016,12360,NA
774,Western Mich.,/team/774/12080,875,MAC,1,2015,12080,NA
774,Western Mich.,/team/774/11620,875,MAC,1,2014,11620,NA
774,Western Mich.,/team/774/11320,875,MAC,1,2013,11320,NA
774,Western Mich.,/team/774/10942,875,MAC,1,2012,10942,NA
774,Western Mich.,/team/774/10561,875,MAC,1,2011,10561,NA
774,Western Mich.,/team/774/10240,875,MAC,1,2010,10240,NA
782,Wichita St.,/teams/614817,823,American,1,2026,17040,614817
782,Wichita St.,/teams/596449,823,American,1,2025,16840,596449
782,Wichita St.,/team/782/16580,823,AAC,1,2024,16580,NA
782,Wichita St.,/team/782/16340,823,AAC,1,2023,16340,NA
782,Wichita St.,/team/782/15860,823,AAC,1,2022,15860,NA
782,Wichita St.,/team/782/15580,823,AAC,1,2021,15580,NA
782,Wichita St.,/team/782/15204,823,AAC,1,2020,15204,NA
782,Wichita St.,/team/782/15204,823,AAC,1,2019,15204,NA
782,Wichita St.,/team/782/12973,823,AAC,1,2018,12973,NA
782,Wichita St.,/team/782/12560,884,MVC,1,2017,12560,NA
782,Wichita St.,/team/782/12360,884,MVC,1,2016,12360,NA
782,Wichita St.,/team/782/12080,884,MVC,1,2015,12080,NA
782,Wichita St.,/team/782/11620,884,MVC,1,2014,11620,NA
782,Wichita St.,/team/782/11320,884,MVC,1,2013,11320,NA
782,Wichita St.,/team/782/10942,884,MVC,1,2012,10942,NA
782,Wichita St.,/team/782/10561,884,MVC,1,2011,10561,NA
782,Wichita St.,/team/782/10240,884,MVC,1,2010,10240,NA
786,William & Mary,/teams/614818,837,CAA,1,2026,17040,614818
786,William & Mary,/teams/596450,837,CAA,1,2025,16840,596450
786,William & Mary,/team/786/16580,837,CAA,1,2024,16580,NA
786,William & Mary,/team/786/16340,837,CAA,1,2023,16340,NA
786,William & Mary,/team/786/15860,837,CAA,1,2022,15860,NA
786,William & Mary,/team/786/15580,837,CAA,1,2021,15580,NA
786,William & Mary,/team/786/15204,837,CAA,1,2020,15204,NA
786,William & Mary,/team/786/15204,837,CAA,1,2019,15204,NA
786,William & Mary,/team/786/12973,837,CAA,1,2018,12973,NA
786,William & Mary,/team/786/12560,837,CAA,1,2017,12560,NA
786,William & Mary,/team/786/12360,837,CAA,1,2016,12360,NA
786,William & Mary,/team/786/12080,837,CAA,1,2015,12080,NA
786,William & Mary,/team/786/11620,837,CAA,1,2014,11620,NA
786,William & Mary,/team/786/11320,837,CAA,1,2013,11320,NA
786,William & Mary,/team/786/10942,837,CAA,1,2012,10942,NA
786,William & Mary,/team/786/10561,837,CAA,1,2011,10561,NA
786,William & Mary,/team/786/10240,837,CAA,1,2010,10240,NA
792,Winthrop,/teams/614819,826,Big South,1,2026,17040,614819
792,Winthrop,/teams/596451,826,Big South,1,2025,16840,596451
792,Winthrop,/team/792/16580,826,Big South,1,2024,16580,NA
792,Winthrop,/team/792/16340,826,Big South,1,2023,16340,NA
792,Winthrop,/team/792/15860,826,Big South,1,2022,15860,NA
792,Winthrop,/team/792/15580,826,Big South,1,2021,15580,NA
792,Winthrop,/team/792/15204,826,Big South,1,2020,15204,NA
792,Winthrop,/team/792/15204,826,Big South,1,2019,15204,NA
792,Winthrop,/team/792/12973,826,Big South,1,2018,12973,NA
792,Winthrop,/team/792/12560,826,Big South,1,2017,12560,NA
792,Winthrop,/team/792/12360,826,Big South,1,2016,12360,NA
792,Winthrop,/team/792/12080,826,Big South,1,2015,12080,NA
792,Winthrop,/team/792/11620,826,Big South,1,2014,11620,NA
792,Winthrop,/team/792/11320,826,Big South,1,2013,11320,NA
792,Winthrop,/team/792/10942,826,Big South,1,2012,10942,NA
792,Winthrop,/team/792/10561,826,Big South,1,2011,10561,NA
792,Winthrop,/team/792/10240,826,Big South,1,2010,10240,NA
2915,Wofford,/teams/614765,912,SoCon,1,2026,17040,614765
2915,Wofford,/teams/596704,912,SoCon,1,2025,16840,596704
2915,Wofford,/team/2915/16580,912,SoCon,1,2024,16580,NA
2915,Wofford,/team/2915/16340,912,SoCon,1,2023,16340,NA
2915,Wofford,/team/2915/15860,912,SoCon,1,2022,15860,NA
2915,Wofford,/team/2915/15580,912,SoCon,1,2021,15580,NA
2915,Wofford,/team/2915/15204,912,SoCon,1,2020,15204,NA
2915,Wofford,/team/2915/15204,912,SoCon,1,2019,15204,NA
2915,Wofford,/team/2915/12973,912,SoCon,1,2018,12973,NA
2915,Wofford,/team/2915/12560,912,SoCon,1,2017,12560,NA
2915,Wofford,/team/2915/12360,912,SoCon,1,2016,12360,NA
2915,Wofford,/team/2915/12080,912,SoCon,1,2015,12080,NA
2915,Wofford,/team/2915/11620,912,SoCon,1,2014,11620,NA
2915,Wofford,/team/2915/11320,912,SoCon,1,2013,11320,NA
2915,Wofford,/team/2915/10942,912,SoCon,1,2012,10942,NA
2915,Wofford,/team/2915/10561,912,SoCon,1,2011,10561,NA
2915,Wofford,/team/2915/10240,912,SoCon,1,2010,10240,NA
810,Wright St.,/teams/614821,881,Horizon,1,2026,17040,614821
810,Wright St.,/teams/596453,881,Horizon,1,2025,16840,596453
810,Wright St.,/team/810/16580,881,Horizon,1,2024,16580,NA
810,Wright St.,/team/810/16340,881,Horizon,1,2023,16340,NA
810,Wright St.,/team/810/15860,881,Horizon,1,2022,15860,NA
810,Wright St.,/team/810/15580,881,Horizon,1,2021,15580,NA
810,Wright St.,/team/810/15204,881,Horizon,1,2020,15204,NA
810,Wright St.,/team/810/15204,881,Horizon,1,2019,15204,NA
810,Wright St.,/team/810/12973,881,Horizon,1,2018,12973,NA
810,Wright St.,/team/810/12560,881,Horizon,1,2017,12560,NA
810,Wright St.,/team/810/12360,881,Horizon,1,2016,12360,NA
810,Wright St.,/team/810/12080,881,Horizon,1,2015,12080,NA
810,Wright St.,/team/810/11620,881,Horizon,1,2014,11620,NA
810,Wright St.,/team/810/11320,881,Horizon,1,2013,11320,NA
810,Wright St.,/team/810/10942,881,Horizon,1,2012,10942,NA
810,Wright St.,/team/810/10561,881,Horizon,1,2011,10561,NA
810,Wright St.,/team/810/10240,881,Horizon,1,2010,10240,NA
812,Xavier,/teams/614822,30184,Big East,1,2026,17040,614822
812,Xavier,/teams/596454,30184,Big East,1,2025,16840,596454
812,Xavier,/team/812/16580,30184,Big East,1,2024,16580,NA
812,Xavier,/team/812/16340,30184,Big East,1,2023,16340,NA
812,Xavier,/team/812/15860,30184,Big East,1,2022,15860,NA
812,Xavier,/team/812/15580,30184,Big East,1,2021,15580,NA
812,Xavier,/team/812/15204,30184,Big East,1,2020,15204,NA
812,Xavier,/team/812/15204,30184,Big East,1,2019,15204,NA
812,Xavier,/team/812/12973,30184,Big East,1,2018,12973,NA
812,Xavier,/team/812/12560,30184,Big East,1,2017,12560,NA
812,Xavier,/team/812/12360,30184,Big East,1,2016,12360,NA
812,Xavier,/team/812/12080,30184,Big East,1,2015,12080,NA
812,Xavier,/team/812/11620,30184,Big East,1,2014,11620,NA
812,Xavier,/team/812/11320,820,Atlantic 10,1,2013,11320,NA
812,Xavier,/team/812/10942,820,Atlantic 10,1,2012,10942,NA
812,Xavier,/team/812/10561,820,Atlantic 10,1,2011,10561,NA
812,Xavier,/team/812/10240,820,Atlantic 10,1,2010,10240,NA
813,Yale,/teams/614823,865,Ivy League,1,2026,17040,614823
813,Yale,/teams/596455,865,Ivy League,1,2025,16840,596455
813,Yale,/team/813/16580,865,Ivy League,1,2024,16580,NA
813,Yale,/team/813/16340,865,Ivy League,1,2023,16340,NA
813,Yale,/team/813/15860,865,Ivy League,1,2022,15860,NA
813,Yale,/team/813/15580,865,Ivy League,1,2021,15580,NA
813,Yale,/team/813/15204,865,Ivy League,1,2020,15204,NA
813,Yale,/team/813/15204,865,Ivy League,1,2019,15204,NA
813,Yale,/team/813/12973,865,Ivy League,1,2018,12973,NA
813,Yale,/team/813/12560,865,Ivy League,1,2017,12560,NA
813,Yale,/team/813/12360,865,Ivy League,1,2016,12360,NA
813,Yale,/team/813/12080,865,Ivy League,1,2015,12080,NA
813,Yale,/team/813/11620,865,Ivy League,1,2014,11620,NA
813,Yale,/team/813/11320,865,Ivy League,1,2013,11320,NA
813,Yale,/team/813/10942,865,Ivy League,1,2012,10942,NA
813,Yale,/team/813/10561,865,Ivy League,1,2011,10561,NA
813,Yale,/team/813/10240,865,Ivy League,1,2010,10240,NA
817,Youngstown St.,/teams/614824,881,Horizon,1,2026,17040,614824
817,Youngstown St.,/teams/596456,881,Horizon,1,2025,16840,596456
817,Youngstown St.,/team/817/16580,881,Horizon,1,2024,16580,NA
817,Youngstown St.,/team/817/16340,881,Horizon,1,2023,16340,NA
817,Youngstown St.,/team/817/15860,881,Horizon,1,2022,15860,NA
817,Youngstown St.,/team/817/15580,881,Horizon,1,2021,15580,NA
817,Youngstown St.,/team/817/15204,881,Horizon,1,2020,15204,NA
817,Youngstown St.,/team/817/15204,881,Horizon,1,2019,15204,NA
817,Youngstown St.,/team/817/12973,881,Horizon,1,2018,12973,NA
817,Youngstown St.,/team/817/12560,881,Horizon,1,2017,12560,NA
817,Youngstown St.,/team/817/12360,881,Horizon,1,2016,12360,NA
817,Youngstown St.,/team/817/12080,881,Horizon,1,2015,12080,NA
817,Youngstown St.,/team/817/11620,881,Horizon,1,2014,11620,NA
817,Youngstown St.,/team/817/11320,881,Horizon,1,2013,11320,NA
817,Youngstown St.,/team/817/10942,881,Horizon,1,2012,10942,NA
817,Youngstown St.,/team/817/10561,881,Horizon,1,2011,10561,NA
817,Youngstown St.,/team/817/10240,881,Horizon,1,2010,10240,NA
30093,AUM,/teams/614963,858,Gulf South,2,2026,17040,614963
30093,AUM,/teams/596813,858,Gulf South,2,2025,16840,596813
30093,AUM,/team/30093/16580,858,Gulf South,2,2024,16580,NA
30093,AUM,/team/30093/16340,858,Gulf South,2,2023,16340,NA
30093,AUM,/team/30093/15860,858,Gulf South,2,2022,15860,NA
30093,AUM,/team/30093/15580,858,Gulf South,2,2021,15580,NA
30093,AUM,/team/30093/15204,858,Gulf South,2,2020,15204,NA
30093,AUM,/team/30093/14781,858,Gulf South,2,2019,14781,NA
30093,AUM,/team/30093/12973,858,Gulf South,2,2018,12973,NA
2,Abilene Christian,/team/2/11320,868,Lone Star,2,2013,11320,NA
2,Abilene Christian,/team/2/10942,868,Lone Star,2,2012,10942,NA
2,Abilene Christian,/team/2/10561,868,Lone Star,2,2011,10561,NA
2,Abilene Christian,/team/2/10240,868,Lone Star,2,2010,10240,NA
30123,Academy of Art,/team/30123/16340,19591,PacWest,2,2023,16340,NA
30123,Academy of Art,/team/30123/15860,19591,PacWest,2,2022,15860,NA
30123,Academy of Art,/team/30123/15580,19591,PacWest,2,2021,15580,NA
30123,Academy of Art,/team/30123/15204,19591,PacWest,2,2020,15204,NA
30123,Academy of Art,/team/30123/14781,19591,PacWest,2,2019,14781,NA
30123,Academy of Art,/team/30123/12973,19591,PacWest,2,2018,12973,NA
30123,Academy of Art,/team/30123/12560,19591,PacWest,2,2017,12560,NA
30123,Academy of Art,/team/30123/12360,19591,PacWest,2,2016,12360,NA
30123,Academy of Art,/team/30123/12080,19591,PacWest,2,2015,12080,NA
30123,Academy of Art,/team/30123/11620,19591,PacWest,2,2014,11620,NA
30123,Academy of Art,/team/30123/11320,19591,PacWest,2,2013,11320,NA
30123,Academy of Art,/team/30123/10942,19591,PacWest,2,2012,10942,NA
30123,Academy of Art,/team/30123/10561,19591,PacWest,2,2011,10561,NA
30123,Academy of Art,/team/30123/10240,19591,PacWest,2,2010,10240,NA
929,Adams St.,/teams/615098,13128,RMAC,2,2026,17040,615098
929,Adams St.,/teams/596951,13128,RMAC,2,2025,16840,596951
929,Adams St.,/team/929/16580,13128,RMAC,2,2024,16580,NA
929,Adams St.,/team/929/16340,13128,RMAC,2,2023,16340,NA
929,Adams St.,/team/929/15860,13128,RMAC,2,2022,15860,NA
929,Adams St.,/team/929/15580,13128,RMAC,2,2021,15580,NA
929,Adams St.,/team/929/15204,13128,RMAC,2,2020,15204,NA
929,Adams St.,/team/929/14781,13128,RMAC,2,2019,14781,NA
929,Adams St.,/team/929/12973,13128,RMAC,2,2018,12973,NA
929,Adams St.,/team/929/12560,13128,RMAC,2,2017,12560,NA
929,Adams St.,/team/929/12360,13128,RMAC,2,2016,12360,NA
929,Adams St.,/team/929/12080,13128,RMAC,2,2015,12080,NA
929,Adams St.,/team/929/11620,13128,RMAC,2,2014,11620,NA
929,Adams St.,/team/929/11320,13128,RMAC,2,2013,11320,NA
3,Adelphi,/teams/614999,899,NE10,2,2026,17040,614999
3,Adelphi,/teams/596850,899,NE10,2,2025,16840,596850
3,Adelphi,/team/3/16580,899,NE10,2,2024,16580,NA
3,Adelphi,/team/3/16340,899,NE10,2,2023,16340,NA
3,Adelphi,/team/3/15860,899,NE10,2,2022,15860,NA
3,Adelphi,/team/3/15580,899,NE10,2,2021,15580,NA
3,Adelphi,/team/3/15204,899,NE10,2,2020,15204,NA
3,Adelphi,/team/3/14781,899,NE10,2,2019,14781,NA
3,Adelphi,/team/3/12973,899,NE10,2,2018,12973,NA
3,Adelphi,/team/3/12560,899,NE10,2,2017,12560,NA
3,Adelphi,/team/3/12360,899,NE10,2,2016,12360,NA
3,Adelphi,/team/3/12080,899,NE10,2,2015,12080,NA
3,Adelphi,/team/3/11620,899,NE10,2,2014,11620,NA
3,Adelphi,/team/3/11320,899,NE10,2,2013,11320,NA
3,Adelphi,/team/3/10942,899,NE10,2,2012,10942,NA
3,Adelphi,/team/3/10561,899,NE10,2,2011,10561,NA
3,Adelphi,/team/3/10240,899,NE10,2,2010,10240,NA
10,Alabama Huntsville,/team/10/16580,858,Gulf South,2,2024,16580,NA
10,Alabama Huntsville,/team/10/16340,858,Gulf South,2,2023,16340,NA
10,Alabama Huntsville,/team/10/15860,858,Gulf South,2,2022,15860,NA
10,Alabama Huntsville,/team/10/15580,858,Gulf South,2,2021,15580,NA
10,Alabama Huntsville,/team/10/15204,858,Gulf South,2,2020,15204,NA
10,Alabama Huntsville,/team/10/14781,858,Gulf South,2,2019,14781,NA
10,Alabama Huntsville,/team/10/12973,858,Gulf South,2,2018,12973,NA
10,Alabama Huntsville,/team/10/12560,858,Gulf South,2,2017,12560,NA
10,Alabama Huntsville,/team/10/12360,858,Gulf South,2,2016,12360,NA
10,Alabama Huntsville,/team/10/12080,858,Gulf South,2,2015,12080,NA
10,Alabama Huntsville,/team/10/11620,858,Gulf South,2,2014,11620,NA
10,Alabama Huntsville,/team/10/11320,858,Gulf South,2,2013,11320,NA
10,Alabama Huntsville,/team/10/10942,858,Gulf South,2,2012,10942,NA
10,Alabama Huntsville,/team/10/10561,858,Gulf South,2,2011,10561,NA
10,Alabama Huntsville,/team/10/10240,858,Gulf South,2,2010,10240,NA
13,Albany St. (GA),/teams/615001,913,SIAC,2,2026,17040,615001
13,Albany St. (GA),/teams/596852,913,SIAC,2,2025,16840,596852
13,Albany St. (GA),/team/13/16580,913,SIAC,2,2024,16580,NA
13,Albany St. (GA),/team/13/16340,913,SIAC,2,2023,16340,NA
13,Albany St. (GA),/team/13/15860,913,SIAC,2,2022,15860,NA
13,Albany St. (GA),/team/13/15580,913,SIAC,2,2021,15580,NA
13,Albany St. (GA),/team/13/15204,913,SIAC,2,2020,15204,NA
13,Albany St. (GA),/team/13/14781,913,SIAC,2,2019,14781,NA
13,Albany St. (GA),/team/13/12973,913,SIAC,2,2018,12973,NA
13,Albany St. (GA),/team/13/12560,913,SIAC,2,2017,12560,NA
13,Albany St. (GA),/team/13/12360,913,SIAC,2,2016,12360,NA
13,Albany St. (GA),/team/13/12080,913,SIAC,2,2015,12080,NA
13,Albany St. (GA),/team/13/11620,913,SIAC,2,2014,11620,NA
13,Albany St. (GA),/team/13/11320,913,SIAC,2,2013,11320,NA
13,Albany St. (GA),/team/13/10942,913,SIAC,2,2012,10942,NA
13,Albany St. (GA),/team/13/10561,913,SIAC,2,2011,10561,NA
13,Albany St. (GA),/team/13/10240,913,SIAC,2,2010,10240,NA
934,Alderson Broaddus,/team/934/16340,30183,MEC,2,2023,16340,NA
934,Alderson Broaddus,/team/934/15860,30183,MEC,2,2022,15860,NA
934,Alderson Broaddus,/team/934/15580,30183,MEC,2,2021,15580,NA
934,Alderson Broaddus,/team/934/15204,30182,G-MAC,2,2020,15204,NA
934,Alderson Broaddus,/team/934/14781,30182,G-MAC,2,2019,14781,NA
934,Alderson Broaddus,/team/934/12973,30182,G-MAC,2,2018,12973,NA
934,Alderson Broaddus,/team/934/12560,30182,G-MAC,2,2017,12560,NA
934,Alderson Broaddus,/team/934/12360,30182,G-MAC,2,2016,12360,NA
934,Alderson Broaddus,/team/934/12080,30182,G-MAC,2,2015,12080,NA
934,Alderson Broaddus,/team/934/11620,30182,G-MAC,2,2014,11620,NA
934,Alderson Broaddus,/team/934/11320,21344,WVIAC,2,2013,11320,NA
934,Alderson Broaddus,/team/934/10942,21344,WVIAC,2,2012,10942,NA
934,Alderson Broaddus,/team/934/10561,21344,WVIAC,2,2011,10561,NA
934,Alderson Broaddus,/team/934/10240,21344,WVIAC,2,2010,10240,NA
1277,Alliance,/team/1277/16340,28752,CACC,2,2023,16340,NA
1277,Alliance,/team/1277/15860,28752,CACC,2,2022,15860,NA
1277,Alliance,/team/1277/15580,28752,CACC,2,2021,15580,NA
1277,Alliance,/team/1277/15204,28752,CACC,2,2020,15204,NA
1277,Alliance,/team/1277/14781,28752,CACC,2,2019,14781,NA
1277,Alliance,/team/1277/12973,28752,CACC,2,2018,12973,NA
1277,Alliance,/team/1277/12560,28752,CACC,2,2017,12560,NA
1277,Alliance,/team/1277/12360,28752,CACC,2,2016,12360,NA
1277,Alliance,/team/1277/12080,28752,CACC,2,2015,12080,NA
1277,Alliance,/team/1277/11620,28752,CACC,2,2014,11620,NA
1277,Alliance,/team/1277/11320,28752,CACC,2,2013,11320,NA
1277,Alliance,/team/1277/10942,28752,CACC,2,2012,10942,NA
1277,Alliance,/team/1277/10561,28752,CACC,2,2011,10561,NA
1277,Alliance,/team/1277/10240,28752,CACC,2,2010,10240,NA
22,American Int'l,/teams/615002,899,NE10,2,2026,17040,615002
22,American Int'l,/teams/596853,899,NE10,2,2025,16840,596853
22,American Int'l,/team/22/16580,899,NE10,2,2024,16580,NA
22,American Int'l,/team/22/16340,899,NE10,2,2023,16340,NA
22,American Int'l,/team/22/15860,899,NE10,2,2022,15860,NA
22,American Int'l,/team/22/15580,899,NE10,2,2021,15580,NA
22,American Int'l,/team/22/15204,899,NE10,2,2020,15204,NA
22,American Int'l,/team/22/14781,899,NE10,2,2019,14781,NA
22,American Int'l,/team/22/12973,899,NE10,2,2018,12973,NA
22,American Int'l,/team/22/12560,899,NE10,2,2017,12560,NA
22,American Int'l,/team/22/12360,899,NE10,2,2016,12360,NA
22,American Int'l,/team/22/12080,899,NE10,2,2015,12080,NA
22,American Int'l,/team/22/11620,899,NE10,2,2014,11620,NA
22,American Int'l,/team/22/11320,899,NE10,2,2013,11320,NA
22,American Int'l,/team/22/10942,899,NE10,2,2012,10942,NA
22,American Int'l,/team/22/10561,899,NE10,2,2011,10561,NA
22,American Int'l,/team/22/10240,899,NE10,2,2010,10240,NA
13028,Anderson (SC),/teams/614941,12850,SAC,2,2026,17040,614941
13028,Anderson (SC),/teams/596791,12850,SAC,2,2025,16840,596791
13028,Anderson (SC),/team/13028/16580,12850,SAC,2,2024,16580,NA
13028,Anderson (SC),/team/13028/16340,12850,SAC,2,2023,16340,NA
13028,Anderson (SC),/team/13028/15860,12850,SAC,2,2022,15860,NA
13028,Anderson (SC),/team/13028/15580,12850,SAC,2,2021,15580,NA
13028,Anderson (SC),/team/13028/15204,12850,SAC,2,2020,15204,NA
13028,Anderson (SC),/team/13028/14781,12850,SAC,2,2019,14781,NA
13028,Anderson (SC),/team/13028/12973,12850,SAC,2,2018,12973,NA
13028,Anderson (SC),/team/13028/12560,12850,SAC,2,2017,12560,NA
13028,Anderson (SC),/team/13028/12360,12850,SAC,2,2016,12360,NA
13028,Anderson (SC),/team/13028/12080,12850,SAC,2,2015,12080,NA
13028,Anderson (SC),/team/13028/11620,12850,SAC,2,2014,11620,NA
13028,Anderson (SC),/team/13028/11320,12850,SAC,2,2013,11320,NA
13028,Anderson (SC),/team/13028/10942,12850,SAC,2,2012,10942,NA
13028,Anderson (SC),/team/13028/10561,12850,SAC,2,2011,10561,NA
13028,Anderson (SC),/team/13028/10240,4423,Conference Carolinas,2,2010,10240,NA
25,Angelo St.,/teams/615003,868,Lone Star,2,2026,17040,615003
25,Angelo St.,/teams/596854,868,Lone Star,2,2025,16840,596854
25,Angelo St.,/team/25/16580,868,Lone Star,2,2024,16580,NA
25,Angelo St.,/team/25/16340,868,Lone Star,2,2023,16340,NA
25,Angelo St.,/team/25/15860,868,Lone Star,2,2022,15860,NA
25,Angelo St.,/team/25/15580,868,Lone Star,2,2021,15580,NA
25,Angelo St.,/team/25/15204,868,Lone Star,2,2020,15204,NA
25,Angelo St.,/team/25/14781,868,Lone Star,2,2019,14781,NA
25,Angelo St.,/team/25/12973,868,Lone Star,2,2018,12973,NA
25,Angelo St.,/team/25/12560,868,Lone Star,2,2017,12560,NA
25,Angelo St.,/team/25/12360,868,Lone Star,2,2016,12360,NA
25,Angelo St.,/team/25/12080,868,Lone Star,2,2015,12080,NA
25,Angelo St.,/team/25/11620,868,Lone Star,2,2014,11620,NA
25,Angelo St.,/team/25/11320,868,Lone Star,2,2013,11320,NA
25,Angelo St.,/team/25/10942,868,Lone Star,2,2012,10942,NA
25,Angelo St.,/team/25/10561,868,Lone Star,2,2011,10561,NA
25,Angelo St.,/team/25/10240,868,Lone Star,2,2010,10240,NA
30105,Ark.-Fort Smith,/teams/614964,883,Mid-America Intercollegiate,2,2026,17040,614964
30105,Ark.-Fort Smith,/teams/596814,883,Mid-America Intercollegiate,2,2025,16840,596814
30105,Ark.-Fort Smith,/team/30105/16580,868,Lone Star,2,2024,16580,NA
30105,Ark.-Fort Smith,/team/30105/16340,868,Lone Star,2,2023,16340,NA
30105,Ark.-Fort Smith,/team/30105/15860,868,Lone Star,2,2022,15860,NA
30105,Ark.-Fort Smith,/team/30105/15580,868,Lone Star,2,2021,15580,NA
30105,Ark.-Fort Smith,/team/30105/15204,868,Lone Star,2,2020,15204,NA
30105,Ark.-Fort Smith,/team/30105/14781,28723,Heartland,2,2019,14781,NA
30105,Ark.-Fort Smith,/team/30105/12973,28723,Heartland,2,2018,12973,NA
30105,Ark.-Fort Smith,/team/30105/12560,28723,Heartland,2,2017,12560,NA
30105,Ark.-Fort Smith,/team/30105/12360,28723,Heartland,2,2016,12360,NA
30105,Ark.-Fort Smith,/team/30105/12080,28723,Heartland,2,2015,12080,NA
30105,Ark.-Fort Smith,/team/30105/11620,28723,Heartland,2,2014,11620,NA
30105,Ark.-Fort Smith,/team/30105/11320,28723,Heartland,2,2013,11320,NA
30105,Ark.-Fort Smith,/team/30105/10942,28723,Heartland,2,2012,10942,NA
30105,Ark.-Fort Smith,/team/30105/10561,28723,Heartland,2,2011,10561,NA
30105,Ark.-Fort Smith,/team/30105/10240,28723,Heartland,2,2010,10240,NA
8411,Ark.-Monticello,/teams/614918,30144,GAC,2,2026,17040,614918
8411,Ark.-Monticello,/teams/596768,30144,GAC,2,2025,16840,596768
8411,Ark.-Monticello,/team/8411/16580,30144,GAC,2,2024,16580,NA
8411,Ark.-Monticello,/team/8411/16340,30144,GAC,2,2023,16340,NA
8411,Ark.-Monticello,/team/8411/15860,30144,GAC,2,2022,15860,NA
8411,Ark.-Monticello,/team/8411/15580,30144,GAC,2,2021,15580,NA
8411,Ark.-Monticello,/team/8411/15204,30144,GAC,2,2020,15204,NA
8411,Ark.-Monticello,/team/8411/14781,30144,GAC,2,2019,14781,NA
8411,Ark.-Monticello,/team/8411/12973,30144,GAC,2,2018,12973,NA
8411,Ark.-Monticello,/team/8411/12560,30144,GAC,2,2017,12560,NA
8411,Ark.-Monticello,/team/8411/12360,30144,GAC,2,2016,12360,NA
8411,Ark.-Monticello,/team/8411/12080,30144,GAC,2,2015,12080,NA
8411,Ark.-Monticello,/team/8411/11620,30144,GAC,2,2014,11620,NA
8411,Ark.-Monticello,/team/8411/11320,30144,GAC,2,2013,11320,NA
8411,Ark.-Monticello,/team/8411/10942,30144,GAC,2,2012,10942,NA
8411,Ark.-Monticello,/team/8411/10561,858,Gulf South,2,2011,10561,NA
8411,Ark.-Monticello,/team/8411/10240,858,Gulf South,2,2010,10240,NA
947,Arkansas Tech,/teams/615099,30144,GAC,2,2026,17040,615099
947,Arkansas Tech,/teams/596952,30144,GAC,2,2025,16840,596952
947,Arkansas Tech,/team/947/16580,30144,GAC,2,2024,16580,NA
947,Arkansas Tech,/team/947/16340,30144,GAC,2,2023,16340,NA
947,Arkansas Tech,/team/947/15860,30144,GAC,2,2022,15860,NA
947,Arkansas Tech,/team/947/15580,30144,GAC,2,2021,15580,NA
947,Arkansas Tech,/team/947/15204,30144,GAC,2,2020,15204,NA
947,Arkansas Tech,/team/947/14781,30144,GAC,2,2019,14781,NA
947,Arkansas Tech,/team/947/12973,30144,GAC,2,2018,12973,NA
947,Arkansas Tech,/team/947/12560,30144,GAC,2,2017,12560,NA
947,Arkansas Tech,/team/947/12360,30144,GAC,2,2016,12360,NA
947,Arkansas Tech,/team/947/12080,30144,GAC,2,2015,12080,NA
947,Arkansas Tech,/team/947/11620,30144,GAC,2,2014,11620,NA
947,Arkansas Tech,/team/947/11320,30144,GAC,2,2013,11320,NA
947,Arkansas Tech,/team/947/10942,30144,GAC,2,2012,10942,NA
947,Arkansas Tech,/team/947/10561,858,Gulf South,2,2011,10561,NA
947,Arkansas Tech,/team/947/10240,858,Gulf South,2,2010,10240,NA
33,Armstrong St.,/team/33/12560,12923,Peach Belt,2,2017,12560,NA
33,Armstrong St.,/team/33/12360,12923,Peach Belt,2,2016,12360,NA
33,Armstrong St.,/team/33/12080,12923,Peach Belt,2,2015,12080,NA
33,Armstrong St.,/team/33/11620,12923,Peach Belt,2,2014,11620,NA
33,Armstrong St.,/team/33/11320,12923,Peach Belt,2,2013,11320,NA
33,Armstrong St.,/team/33/10942,12923,Peach Belt,2,2012,10942,NA
33,Armstrong St.,/team/33/10561,12923,Peach Belt,2,2011,10561,NA
33,Armstrong St.,/team/33/10240,12923,Peach Belt,2,2010,10240,NA
35,Ashland,/teams/615004,30182,G-MAC,2,2026,17040,615004
35,Ashland,/teams/596855,30182,G-MAC,2,2025,16840,596855
35,Ashland,/team/35/16580,30182,G-MAC,2,2024,16580,NA
35,Ashland,/team/35/16340,30182,G-MAC,2,2023,16340,NA
35,Ashland,/team/35/15860,30182,G-MAC,2,2022,15860,NA
35,Ashland,/team/35/15580,854,GLIAC,2,2021,15580,NA
35,Ashland,/team/35/15204,854,GLIAC,2,2020,15204,NA
35,Ashland,/team/35/14781,854,GLIAC,2,2019,14781,NA
35,Ashland,/team/35/12973,854,GLIAC,2,2018,12973,NA
35,Ashland,/team/35/12560,854,GLIAC,2,2017,12560,NA
35,Ashland,/team/35/12360,854,GLIAC,2,2016,12360,NA
35,Ashland,/team/35/12080,854,GLIAC,2,2015,12080,NA
35,Ashland,/team/35/11620,854,GLIAC,2,2014,11620,NA
35,Ashland,/team/35/11320,854,GLIAC,2,2013,11320,NA
35,Ashland,/team/35/10942,854,GLIAC,2,2012,10942,NA
35,Ashland,/team/35/10561,854,GLIAC,2,2011,10561,NA
35,Ashland,/team/35/10240,854,GLIAC,2,2010,10240,NA
36,Assumption,/teams/615005,899,NE10,2,2026,17040,615005
36,Assumption,/teams/596856,899,NE10,2,2025,16840,596856
36,Assumption,/team/36/16580,899,NE10,2,2024,16580,NA
36,Assumption,/team/36/16340,899,NE10,2,2023,16340,NA
36,Assumption,/team/36/15860,899,NE10,2,2022,15860,NA
36,Assumption,/team/36/15580,899,NE10,2,2021,15580,NA
36,Assumption,/team/36/15204,899,NE10,2,2020,15204,NA
36,Assumption,/team/36/14781,899,NE10,2,2019,14781,NA
36,Assumption,/team/36/12973,899,NE10,2,2018,12973,NA
36,Assumption,/team/36/12560,899,NE10,2,2017,12560,NA
36,Assumption,/team/36/12360,899,NE10,2,2016,12360,NA
36,Assumption,/team/36/12080,899,NE10,2,2015,12080,NA
36,Assumption,/team/36/11620,899,NE10,2,2014,11620,NA
36,Assumption,/team/36/11320,899,NE10,2,2013,11320,NA
36,Assumption,/team/36/10942,899,NE10,2,2012,10942,NA
36,Assumption,/team/36/10561,899,NE10,2,2011,10561,NA
36,Assumption,/team/36/10240,899,NE10,2,2010,10240,NA
39,Augusta,/teams/615006,12923,Peach Belt,2,2026,17040,615006
39,Augusta,/teams/596857,12923,Peach Belt,2,2025,16840,596857
39,Augusta,/team/39/16580,12923,Peach Belt,2,2024,16580,NA
39,Augusta,/team/39/16340,12923,Peach Belt,2,2023,16340,NA
39,Augusta,/team/39/15860,12923,Peach Belt,2,2022,15860,NA
39,Augusta,/team/39/15580,12923,Peach Belt,2,2021,15580,NA
39,Augusta,/team/39/15204,12923,Peach Belt,2,2020,15204,NA
39,Augusta,/team/39/14781,12923,Peach Belt,2,2019,14781,NA
39,Augusta,/team/39/12973,12923,Peach Belt,2,2018,12973,NA
39,Augusta,/team/39/12560,12923,Peach Belt,2,2017,12560,NA
39,Augusta,/team/39/12360,12923,Peach Belt,2,2016,12360,NA
39,Augusta,/team/39/12080,12923,Peach Belt,2,2015,12080,NA
39,Augusta,/team/39/11620,12923,Peach Belt,2,2014,11620,NA
39,Augusta,/team/39/11320,12923,Peach Belt,2,2013,11320,NA
39,Augusta,/team/39/10942,12923,Peach Belt,2,2012,10942,NA
39,Augusta,/team/39/10561,12923,Peach Belt,2,2011,10561,NA
39,Augusta,/team/39/10240,12923,Peach Belt,2,2010,10240,NA
41,Augustana (SD),/teams/615007,12853,NSIC,2,2026,17040,615007
41,Augustana (SD),/teams/596858,12853,NSIC,2,2025,16840,596858
41,Augustana (SD),/team/41/16580,12853,NSIC,2,2024,16580,NA
41,Augustana (SD),/team/41/16340,12853,NSIC,2,2023,16340,NA
41,Augustana (SD),/team/41/15860,12853,NSIC,2,2022,15860,NA
41,Augustana (SD),/team/41/15580,12853,NSIC,2,2021,15580,NA
41,Augustana (SD),/team/41/15204,12853,NSIC,2,2020,15204,NA
41,Augustana (SD),/team/41/14781,12853,NSIC,2,2019,14781,NA
41,Augustana (SD),/team/41/12973,12853,NSIC,2,2018,12973,NA
41,Augustana (SD),/team/41/12560,12853,NSIC,2,2017,12560,NA
41,Augustana (SD),/team/41/12360,12853,NSIC,2,2016,12360,NA
41,Augustana (SD),/team/41/12080,12853,NSIC,2,2015,12080,NA
41,Augustana (SD),/team/41/11620,12853,NSIC,2,2014,11620,NA
41,Augustana (SD),/team/41/11320,12853,NSIC,2,2013,11320,NA
41,Augustana (SD),/team/41/10942,12853,NSIC,2,2012,10942,NA
41,Augustana (SD),/team/41/10561,12853,NSIC,2,2011,10561,NA
41,Augustana (SD),/team/41/10240,12853,NSIC,2,2010,10240,NA
30146,Azusa Pacific,/teams/614973,19591,PacWest,2,2026,17040,614973
30146,Azusa Pacific,/teams/596824,19591,PacWest,2,2025,16840,596824
30146,Azusa Pacific,/team/30146/16580,19591,PacWest,2,2024,16580,NA
30146,Azusa Pacific,/team/30146/16340,19591,PacWest,2,2023,16340,NA
30146,Azusa Pacific,/team/30146/15860,19591,PacWest,2,2022,15860,NA
30146,Azusa Pacific,/team/30146/15580,19591,PacWest,2,2021,15580,NA
30146,Azusa Pacific,/team/30146/15204,19591,PacWest,2,2020,15204,NA
30146,Azusa Pacific,/team/30146/14781,19591,PacWest,2,2019,14781,NA
30146,Azusa Pacific,/team/30146/12973,19591,PacWest,2,2018,12973,NA
30146,Azusa Pacific,/team/30146/12560,19591,PacWest,2,2017,12560,NA
30146,Azusa Pacific,/team/30146/12360,19591,PacWest,2,2016,12360,NA
30146,Azusa Pacific,/team/30146/12080,19591,PacWest,2,2015,12080,NA
962,Bard,/team/962/11320,0,Independent,2,2013,11320,NA
49,Barry,/teams/615008,919,Sunshine State,2,2026,17040,615008
49,Barry,/teams/596859,919,Sunshine State,2,2025,16840,596859
49,Barry,/team/49/16580,919,Sunshine State,2,2024,16580,NA
49,Barry,/team/49/16340,919,Sunshine State,2,2023,16340,NA
49,Barry,/team/49/15860,919,Sunshine State,2,2022,15860,NA
49,Barry,/team/49/15580,919,Sunshine State,2,2021,15580,NA
49,Barry,/team/49/15204,919,Sunshine State,2,2020,15204,NA
49,Barry,/team/49/14781,919,Sunshine State,2,2019,14781,NA
49,Barry,/team/49/12973,919,Sunshine State,2,2018,12973,NA
49,Barry,/team/49/12560,919,Sunshine State,2,2017,12560,NA
49,Barry,/team/49/12360,919,Sunshine State,2,2016,12360,NA
49,Barry,/team/49/12080,919,Sunshine State,2,2015,12080,NA
49,Barry,/team/49/11620,919,Sunshine State,2,2014,11620,NA
49,Barry,/team/49/11320,919,Sunshine State,2,2013,11320,NA
49,Barry,/team/49/10942,919,Sunshine State,2,2012,10942,NA
49,Barry,/team/49/10561,919,Sunshine State,2,2011,10561,NA
49,Barry,/team/49/10240,919,Sunshine State,2,2010,10240,NA
15646,Barton,/teams/614942,4423,Conference Carolinas,2,2026,17040,614942
15646,Barton,/teams/596792,4423,Conference Carolinas,2,2025,16840,596792
15646,Barton,/team/15646/16580,4423,Conference Carolinas,2,2024,16580,NA
15646,Barton,/team/15646/16340,4423,Conference Carolinas,2,2023,16340,NA
15646,Barton,/team/15646/15860,4423,Conference Carolinas,2,2022,15860,NA
15646,Barton,/team/15646/15580,4423,Conference Carolinas,2,2021,15580,NA
15646,Barton,/team/15646/15204,4423,Conference Carolinas,2,2020,15204,NA
15646,Barton,/team/15646/14781,4423,Conference Carolinas,2,2019,14781,NA
15646,Barton,/team/15646/12973,4423,Conference Carolinas,2,2018,12973,NA
15646,Barton,/team/15646/12560,4423,Conference Carolinas,2,2017,12560,NA
15646,Barton,/team/15646/12360,4423,Conference Carolinas,2,2016,12360,NA
15646,Barton,/team/15646/12080,4423,Conference Carolinas,2,2015,12080,NA
15646,Barton,/team/15646/11620,4423,Conference Carolinas,2,2014,11620,NA
15646,Barton,/team/15646/11320,4423,Conference Carolinas,2,2013,11320,NA
15646,Barton,/team/15646/10942,4423,Conference Carolinas,2,2012,10942,NA
15646,Barton,/team/15646/10561,4423,Conference Carolinas,2,2011,10561,NA
15646,Barton,/team/15646/10240,4423,Conference Carolinas,2,2010,10240,NA
52,Bellarmine,/team/52/15204,855,GLVC,2,2020,15204,NA
52,Bellarmine,/team/52/14781,855,GLVC,2,2019,14781,NA
52,Bellarmine,/team/52/12973,855,GLVC,2,2018,12973,NA
52,Bellarmine,/team/52/12560,855,GLVC,2,2017,12560,NA
52,Bellarmine,/team/52/12360,855,GLVC,2,2016,12360,NA
52,Bellarmine,/team/52/12080,855,GLVC,2,2015,12080,NA
52,Bellarmine,/team/52/11620,855,GLVC,2,2014,11620,NA
52,Bellarmine,/team/52/11320,855,GLVC,2,2013,11320,NA
52,Bellarmine,/team/52/10942,855,GLVC,2,2012,10942,NA
52,Bellarmine,/team/52/10561,855,GLVC,2,2011,10561,NA
52,Bellarmine,/team/52/10240,855,GLVC,2,2010,10240,NA
2683,Belmont Abbey,/teams/614910,4423,Conference Carolinas,2,2026,17040,614910
2683,Belmont Abbey,/teams/596760,4423,Conference Carolinas,2,2025,16840,596760
2683,Belmont Abbey,/team/2683/16580,4423,Conference Carolinas,2,2024,16580,NA
2683,Belmont Abbey,/team/2683/16340,4423,Conference Carolinas,2,2023,16340,NA
2683,Belmont Abbey,/team/2683/15860,4423,Conference Carolinas,2,2022,15860,NA
2683,Belmont Abbey,/team/2683/15580,4423,Conference Carolinas,2,2021,15580,NA
2683,Belmont Abbey,/team/2683/15204,4423,Conference Carolinas,2,2020,15204,NA
2683,Belmont Abbey,/team/2683/14781,4423,Conference Carolinas,2,2019,14781,NA
2683,Belmont Abbey,/team/2683/12973,4423,Conference Carolinas,2,2018,12973,NA
2683,Belmont Abbey,/team/2683/12560,4423,Conference Carolinas,2,2017,12560,NA
2683,Belmont Abbey,/team/2683/12360,4423,Conference Carolinas,2,2016,12360,NA
2683,Belmont Abbey,/team/2683/12080,4423,Conference Carolinas,2,2015,12080,NA
2683,Belmont Abbey,/team/2683/11620,4423,Conference Carolinas,2,2014,11620,NA
2683,Belmont Abbey,/team/2683/11320,4423,Conference Carolinas,2,2013,11320,NA
2683,Belmont Abbey,/team/2683/10942,4423,Conference Carolinas,2,2012,10942,NA
2683,Belmont Abbey,/team/2683/10561,4423,Conference Carolinas,2,2011,10561,NA
2683,Belmont Abbey,/team/2683/10240,4423,Conference Carolinas,2,2010,10240,NA
54,Bemidji St.,/teams/615009,12853,NSIC,2,2026,17040,615009
54,Bemidji St.,/teams/596860,12853,NSIC,2,2025,16840,596860
54,Bemidji St.,/team/54/16580,12853,NSIC,2,2024,16580,NA
54,Bemidji St.,/team/54/16340,12853,NSIC,2,2023,16340,NA
54,Bemidji St.,/team/54/15860,12853,NSIC,2,2022,15860,NA
54,Bemidji St.,/team/54/15580,12853,NSIC,2,2021,15580,NA
54,Bemidji St.,/team/54/15204,12853,NSIC,2,2020,15204,NA
54,Bemidji St.,/team/54/14781,12853,NSIC,2,2019,14781,NA
54,Bemidji St.,/team/54/12973,12853,NSIC,2,2018,12973,NA
54,Bemidji St.,/team/54/12560,12853,NSIC,2,2017,12560,NA
54,Bemidji St.,/team/54/12360,12853,NSIC,2,2016,12360,NA
54,Bemidji St.,/team/54/12080,12853,NSIC,2,2015,12080,NA
54,Bemidji St.,/team/54/11620,12853,NSIC,2,2014,11620,NA
54,Bemidji St.,/team/54/11320,12853,NSIC,2,2013,11320,NA
54,Bemidji St.,/team/54/10942,12853,NSIC,2,2012,10942,NA
54,Bemidji St.,/team/54/10561,12853,NSIC,2,2011,10561,NA
54,Bemidji St.,/team/54/10240,12853,NSIC,2,2010,10240,NA
55,Benedict,/teams/615010,913,SIAC,2,2026,17040,615010
55,Benedict,/teams/596861,913,SIAC,2,2025,16840,596861
55,Benedict,/team/55/16580,913,SIAC,2,2024,16580,NA
55,Benedict,/team/55/16340,913,SIAC,2,2023,16340,NA
55,Benedict,/team/55/15860,913,SIAC,2,2022,15860,NA
55,Benedict,/team/55/15580,913,SIAC,2,2021,15580,NA
55,Benedict,/team/55/15204,913,SIAC,2,2020,15204,NA
55,Benedict,/team/55/14781,913,SIAC,2,2019,14781,NA
55,Benedict,/team/55/12973,913,SIAC,2,2018,12973,NA
55,Benedict,/team/55/12560,913,SIAC,2,2017,12560,NA
55,Benedict,/team/55/12360,913,SIAC,2,2016,12360,NA
55,Benedict,/team/55/12080,913,SIAC,2,2015,12080,NA
55,Benedict,/team/55/11620,913,SIAC,2,2014,11620,NA
55,Benedict,/team/55/11320,913,SIAC,2,2013,11320,NA
55,Benedict,/team/55/10942,913,SIAC,2,2012,10942,NA
55,Benedict,/team/55/10561,913,SIAC,2,2011,10561,NA
55,Benedict,/team/55/10240,913,SIAC,2,2010,10240,NA
56,Bentley,/teams/615011,899,NE10,2,2026,17040,615011
56,Bentley,/teams/596862,899,NE10,2,2025,16840,596862
56,Bentley,/team/56/16580,899,NE10,2,2024,16580,NA
56,Bentley,/team/56/16340,899,NE10,2,2023,16340,NA
56,Bentley,/team/56/15860,899,NE10,2,2022,15860,NA
56,Bentley,/team/56/15580,899,NE10,2,2021,15580,NA
56,Bentley,/team/56/15204,899,NE10,2,2020,15204,NA
56,Bentley,/team/56/14781,899,NE10,2,2019,14781,NA
56,Bentley,/team/56/12973,899,NE10,2,2018,12973,NA
56,Bentley,/team/56/12560,899,NE10,2,2017,12560,NA
56,Bentley,/team/56/12360,899,NE10,2,2016,12360,NA
56,Bentley,/team/56/12080,899,NE10,2,2015,12080,NA
56,Bentley,/team/56/11620,899,NE10,2,2014,11620,NA
56,Bentley,/team/56/11320,899,NE10,2,2013,11320,NA
56,Bentley,/team/56/10942,899,NE10,2,2012,10942,NA
56,Bentley,/team/56/10561,899,NE10,2,2011,10561,NA
56,Bentley,/team/56/10240,899,NE10,2,2010,10240,NA
30171,Berea,/team/30171/12560,0,Independent,2,2017,12560,NA
30220,Biola,/teams/614991,19591,PacWest,2,2026,17040,614991
30220,Biola,/teams/596842,19591,PacWest,2,2025,16840,596842
30220,Biola,/team/30220/16580,19591,PacWest,2,2024,16580,NA
30220,Biola,/team/30220/16340,19591,PacWest,2,2023,16340,NA
30220,Biola,/team/30220/15860,19591,PacWest,2,2022,15860,NA
30220,Biola,/team/30220/15580,19591,PacWest,2,2021,15580,NA
30220,Biola,/team/30220/15204,19591,PacWest,2,2020,15204,NA
30220,Biola,/team/30220/14781,19591,PacWest,2,2019,14781,NA
30220,Biola,/team/30220/12973,19591,PacWest,2,2018,12973,NA
984,Bloomfield,/teams/596953,28752,CACC,2,2025,16840,596953
984,Bloomfield,/team/984/16580,28752,CACC,2,2024,16580,NA
984,Bloomfield,/team/984/16340,28752,CACC,2,2023,16340,NA
984,Bloomfield,/team/984/15860,28752,CACC,2,2022,15860,NA
984,Bloomfield,/team/984/15580,28752,CACC,2,2021,15580,NA
984,Bloomfield,/team/984/15204,28752,CACC,2,2020,15204,NA
984,Bloomfield,/team/984/14781,28752,CACC,2,2019,14781,NA
984,Bloomfield,/team/984/12973,28752,CACC,2,2018,12973,NA
984,Bloomfield,/team/984/12560,28752,CACC,2,2017,12560,NA
984,Bloomfield,/team/984/12360,28752,CACC,2,2016,12360,NA
984,Bloomfield,/team/984/12080,28752,CACC,2,2015,12080,NA
984,Bloomfield,/team/984/11620,28752,CACC,2,2014,11620,NA
984,Bloomfield,/team/984/11320,28752,CACC,2,2013,11320,NA
984,Bloomfield,/team/984/10942,28752,CACC,2,2012,10942,NA
984,Bloomfield,/team/984/10561,28752,CACC,2,2011,10561,NA
984,Bloomfield,/team/984/10240,28752,CACC,2,2010,10240,NA
65,Bloomsburg,/teams/615012,906,PSAC,2,2026,17040,615012
65,Bloomsburg,/teams/596863,906,PSAC,2,2025,16840,596863
65,Bloomsburg,/team/65/16580,906,PSAC,2,2024,16580,NA
65,Bloomsburg,/team/65/16340,906,PSAC,2,2023,16340,NA
65,Bloomsburg,/team/65/15860,906,PSAC,2,2022,15860,NA
65,Bloomsburg,/team/65/15580,906,PSAC,2,2021,15580,NA
65,Bloomsburg,/team/65/15204,906,PSAC,2,2020,15204,NA
65,Bloomsburg,/team/65/14781,906,PSAC,2,2019,14781,NA
65,Bloomsburg,/team/65/12973,906,PSAC,2,2018,12973,NA
65,Bloomsburg,/team/65/12560,906,PSAC,2,2017,12560,NA
65,Bloomsburg,/team/65/12360,906,PSAC,2,2016,12360,NA
65,Bloomsburg,/team/65/12080,906,PSAC,2,2015,12080,NA
65,Bloomsburg,/team/65/11620,906,PSAC,2,2014,11620,NA
65,Bloomsburg,/team/65/11320,906,PSAC,2,2013,11320,NA
65,Bloomsburg,/team/65/10942,906,PSAC,2,2012,10942,NA
65,Bloomsburg,/team/65/10561,906,PSAC,2,2011,10561,NA
65,Bloomsburg,/team/65/10240,906,PSAC,2,2010,10240,NA
985,Bluefield St.,/teams/615101,99010,DII Independent,2,2026,17040,615101
985,Bluefield St.,/teams/596954,99010,DII Independent,2,2025,16840,596954
985,Bluefield St.,/team/985/16580,99010,DII Independent,2,2024,16580,NA
985,Bluefield St.,/team/985/16340,99010,DII Independent,2,2023,16340,NA
985,Bluefield St.,/team/985/15860,99010,DII Independent,2,2022,15860,NA
985,Bluefield St.,/team/985/15580,99010,DII Independent,2,2021,15580,NA
985,Bluefield St.,/team/985/15204,99010,DII Independent,2,2020,15204,NA
985,Bluefield St.,/team/985/14781,99010,DII Independent,2,2019,14781,NA
985,Bluefield St.,/team/985/12973,0,Independent,2,2018,12973,NA
985,Bluefield St.,/team/985/12560,0,Independent,2,2017,12560,NA
985,Bluefield St.,/team/985/12360,0,Independent,2,2016,12360,NA
985,Bluefield St.,/team/985/12080,0,Independent,2,2015,12080,NA
985,Bluefield St.,/team/985/11620,0,Independent,2,2014,11620,NA
985,Bluefield St.,/team/985/11320,21344,WVIAC,2,2013,11320,NA
985,Bluefield St.,/team/985/10942,21344,WVIAC,2,2012,10942,NA
985,Bluefield St.,/team/985/10561,21344,WVIAC,2,2011,10561,NA
985,Bluefield St.,/team/985/10240,21344,WVIAC,2,2010,10240,NA
30094,Brevard,/team/30094/12560,12850,SAC,2,2017,12560,NA
30094,Brevard,/team/30094/12360,12850,SAC,2,2016,12360,NA
30094,Brevard,/team/30094/12080,12850,SAC,2,2015,12080,NA
30094,Brevard,/team/30094/11620,12850,SAC,2,2014,11620,NA
30094,Brevard,/team/30094/11320,12850,SAC,2,2013,11320,NA
30094,Brevard,/team/30094/10942,12850,SAC,2,2012,10942,NA
30094,Brevard,/team/30094/10561,12850,SAC,2,2011,10561,NA
30094,Brevard,/team/30094/10240,12850,SAC,2,2010,10240,NA
74,Bridgeport,/teams/615013,28752,CACC,2,2026,17040,615013
74,Bridgeport,/teams/596864,28752,CACC,2,2025,16840,596864
74,Bridgeport,/team/74/16580,28752,CACC,2,2024,16580,NA
74,Bridgeport,/team/74/16340,28752,CACC,2,2023,16340,NA
74,Bridgeport,/team/74/15860,11265,ECC,2,2022,15860,NA
74,Bridgeport,/team/74/15580,11265,ECC,2,2021,15580,NA
74,Bridgeport,/team/74/15204,11265,ECC,2,2020,15204,NA
74,Bridgeport,/team/74/14781,11265,ECC,2,2019,14781,NA
74,Bridgeport,/team/74/12973,11265,ECC,2,2018,12973,NA
74,Bridgeport,/team/74/12560,11265,ECC,2,2017,12560,NA
74,Bridgeport,/team/74/12360,11265,ECC,2,2016,12360,NA
74,Bridgeport,/team/74/12080,11265,ECC,2,2015,12080,NA
74,Bridgeport,/team/74/11620,11265,ECC,2,2014,11620,NA
74,Bridgeport,/team/74/11320,11265,ECC,2,2013,11320,NA
74,Bridgeport,/team/74/10942,11265,ECC,2,2012,10942,NA
74,Bridgeport,/team/74/10561,11265,ECC,2,2011,10561,NA
74,Bridgeport,/team/74/10240,11265,ECC,2,2010,10240,NA
2720,CSU Pueblo,/teams/614913,13128,RMAC,2,2026,17040,614913
2720,CSU Pueblo,/teams/596763,13128,RMAC,2,2025,16840,596763
2720,CSU Pueblo,/team/2720/16580,13128,RMAC,2,2024,16580,NA
2720,CSU Pueblo,/team/2720/16340,13128,RMAC,2,2023,16340,NA
2720,CSU Pueblo,/team/2720/15860,13128,RMAC,2,2022,15860,NA
2720,CSU Pueblo,/team/2720/15580,13128,RMAC,2,2021,15580,NA
2720,CSU Pueblo,/team/2720/15204,13128,RMAC,2,2020,15204,NA
2720,CSU Pueblo,/team/2720/14781,13128,RMAC,2,2019,14781,NA
2720,CSU Pueblo,/team/2720/12973,13128,RMAC,2,2018,12973,NA
2720,CSU Pueblo,/team/2720/12560,13128,RMAC,2,2017,12560,NA
2720,CSU Pueblo,/team/2720/12360,13128,RMAC,2,2016,12360,NA
2720,CSU Pueblo,/team/2720/12080,13128,RMAC,2,2015,12080,NA
2720,CSU Pueblo,/team/2720/11620,13128,RMAC,2,2014,11620,NA
2720,CSU Pueblo,/team/2720/11320,13128,RMAC,2,2013,11320,NA
2720,CSU Pueblo,/team/2720/10942,13128,RMAC,2,2012,10942,NA
2720,CSU Pueblo,/team/2720/10561,13128,RMAC,2,2011,10561,NA
2720,CSU Pueblo,/team/2720/10240,13128,RMAC,2,2010,10240,NA
93,CSUSB,/teams/615016,828,CCAA,2,2026,17040,615016
93,CSUSB,/teams/596867,828,CCAA,2,2025,16840,596867
93,CSUSB,/team/93/16580,828,CCAA,2,2024,16580,NA
30199,CUI,/teams/614989,19591,PacWest,2,2026,17040,614989
30199,CUI,/teams/596840,19591,PacWest,2,2025,16840,596840
30199,CUI,/team/30199/16580,19591,PacWest,2,2024,16580,NA
30199,CUI,/team/30199/16340,19591,PacWest,2,2023,16340,NA
30199,CUI,/team/30199/15860,19591,PacWest,2,2022,15860,NA
30199,CUI,/team/30199/15580,19591,PacWest,2,2021,15580,NA
30199,CUI,/team/30199/15204,19591,PacWest,2,2020,15204,NA
30199,CUI,/team/30199/14781,19591,PacWest,2,2019,14781,NA
30199,CUI,/team/30199/12973,19591,PacWest,2,2018,12973,NA
30199,CUI,/team/30199/12560,19591,PacWest,2,2017,12560,NA
30199,CUI,/team/30199/12360,19591,PacWest,2,2016,12360,NA
91,Cal Poly Pomona,/teams/615014,828,CCAA,2,2026,17040,615014
91,Cal Poly Pomona,/teams/596865,828,CCAA,2,2025,16840,596865
91,Cal Poly Pomona,/team/91/16580,828,CCAA,2,2024,16580,NA
91,Cal Poly Pomona,/team/91/16340,828,CCAA,2,2023,16340,NA
91,Cal Poly Pomona,/team/91/15860,828,CCAA,2,2022,15860,NA
91,Cal Poly Pomona,/team/91/15580,828,CCAA,2,2021,15580,NA
91,Cal Poly Pomona,/team/91/15204,828,CCAA,2,2020,15204,NA
91,Cal Poly Pomona,/team/91/14781,828,CCAA,2,2019,14781,NA
91,Cal Poly Pomona,/team/91/12973,828,CCAA,2,2018,12973,NA
91,Cal Poly Pomona,/team/91/12560,828,CCAA,2,2017,12560,NA
91,Cal Poly Pomona,/team/91/12360,828,CCAA,2,2016,12360,NA
91,Cal Poly Pomona,/team/91/12080,828,CCAA,2,2015,12080,NA
91,Cal Poly Pomona,/team/91/11620,828,CCAA,2,2014,11620,NA
91,Cal Poly Pomona,/team/91/11320,828,CCAA,2,2013,11320,NA
91,Cal Poly Pomona,/team/91/10942,828,CCAA,2,2012,10942,NA
91,Cal Poly Pomona,/team/91/10561,828,CCAA,2,2011,10561,NA
91,Cal Poly Pomona,/team/91/10240,828,CCAA,2,2010,10240,NA
92,Cal St. Dom. Hills,/teams/615015,828,CCAA,2,2026,17040,615015
92,Cal St. Dom. Hills,/teams/596866,828,CCAA,2,2025,16840,596866
92,Cal St. Dom. Hills,/team/92/16580,828,CCAA,2,2024,16580,NA
92,Cal St. Dom. Hills,/team/92/16340,828,CCAA,2,2023,16340,NA
92,Cal St. Dom. Hills,/team/92/15860,828,CCAA,2,2022,15860,NA
92,Cal St. Dom. Hills,/team/92/15580,828,CCAA,2,2021,15580,NA
92,Cal St. Dom. Hills,/team/92/15204,828,CCAA,2,2020,15204,NA
92,Cal St. Dom. Hills,/team/92/14781,828,CCAA,2,2019,14781,NA
92,Cal St. Dom. Hills,/team/92/12973,828,CCAA,2,2018,12973,NA
92,Cal St. Dom. Hills,/team/92/12560,828,CCAA,2,2017,12560,NA
92,Cal St. Dom. Hills,/team/92/12360,828,CCAA,2,2016,12360,NA
92,Cal St. Dom. Hills,/team/92/12080,828,CCAA,2,2015,12080,NA
92,Cal St. Dom. Hills,/team/92/11620,828,CCAA,2,2014,11620,NA
92,Cal St. Dom. Hills,/team/92/11320,828,CCAA,2,2013,11320,NA
92,Cal St. Dom. Hills,/team/92/10942,828,CCAA,2,2012,10942,NA
92,Cal St. Dom. Hills,/team/92/10561,828,CCAA,2,2011,10561,NA
92,Cal St. Dom. Hills,/team/92/10240,828,CCAA,2,2010,10240,NA
98,Cal St. East Bay,/teams/615018,828,CCAA,2,2026,17040,615018
98,Cal St. East Bay,/teams/596869,828,CCAA,2,2025,16840,596869
98,Cal St. East Bay,/team/98/16580,828,CCAA,2,2024,16580,NA
98,Cal St. East Bay,/team/98/16340,828,CCAA,2,2023,16340,NA
98,Cal St. East Bay,/team/98/15860,828,CCAA,2,2022,15860,NA
98,Cal St. East Bay,/team/98/15580,828,CCAA,2,2021,15580,NA
98,Cal St. East Bay,/team/98/15204,828,CCAA,2,2020,15204,NA
98,Cal St. East Bay,/team/98/14781,828,CCAA,2,2019,14781,NA
98,Cal St. East Bay,/team/98/12973,828,CCAA,2,2018,12973,NA
98,Cal St. East Bay,/team/98/12560,828,CCAA,2,2017,12560,NA
98,Cal St. East Bay,/team/98/12360,828,CCAA,2,2016,12360,NA
98,Cal St. East Bay,/team/98/12080,828,CCAA,2,2015,12080,NA
98,Cal St. East Bay,/team/98/11620,828,CCAA,2,2014,11620,NA
98,Cal St. East Bay,/team/98/11320,828,CCAA,2,2013,11320,NA
98,Cal St. East Bay,/team/98/10942,828,CCAA,2,2012,10942,NA
98,Cal St. East Bay,/team/98/10561,828,CCAA,2,2011,10561,NA
98,Cal St. East Bay,/team/98/10240,828,CCAA,2,2010,10240,NA
30055,Cal St. Monterey Bay,/teams/614956,828,CCAA,2,2026,17040,614956
30055,Cal St. Monterey Bay,/teams/596806,828,CCAA,2,2025,16840,596806
30055,Cal St. Monterey Bay,/team/30055/16580,828,CCAA,2,2024,16580,NA
30055,Cal St. Monterey Bay,/team/30055/16340,828,CCAA,2,2023,16340,NA
30055,Cal St. Monterey Bay,/team/30055/15860,828,CCAA,2,2022,15860,NA
30055,Cal St. Monterey Bay,/team/30055/15580,828,CCAA,2,2021,15580,NA
30055,Cal St. Monterey Bay,/team/30055/15204,828,CCAA,2,2020,15204,NA
30055,Cal St. Monterey Bay,/team/30055/14781,828,CCAA,2,2019,14781,NA
30055,Cal St. Monterey Bay,/team/30055/12973,828,CCAA,2,2018,12973,NA
30055,Cal St. Monterey Bay,/team/30055/12560,828,CCAA,2,2017,12560,NA
30055,Cal St. Monterey Bay,/team/30055/12360,828,CCAA,2,2016,12360,NA
30055,Cal St. Monterey Bay,/team/30055/12080,828,CCAA,2,2015,12080,NA
30055,Cal St. Monterey Bay,/team/30055/11620,828,CCAA,2,2014,11620,NA
30055,Cal St. Monterey Bay,/team/30055/11320,828,CCAA,2,2013,11320,NA
30055,Cal St. Monterey Bay,/team/30055/10942,828,CCAA,2,2012,10942,NA
30055,Cal St. Monterey Bay,/team/30055/10561,828,CCAA,2,2011,10561,NA
30055,Cal St. Monterey Bay,/team/30055/10240,828,CCAA,2,2010,10240,NA
93,Cal St. San B'dino,/team/93/16340,828,CCAA,2,2023,16340,NA
93,Cal St. San B'dino,/team/93/15860,828,CCAA,2,2022,15860,NA
93,Cal St. San B'dino,/team/93/15580,828,CCAA,2,2021,15580,NA
93,Cal St. San B'dino,/team/93/15204,828,CCAA,2,2020,15204,NA
93,Cal St. San B'dino,/team/93/14781,828,CCAA,2,2019,14781,NA
93,Cal St. San B'dino,/team/93/12973,828,CCAA,2,2018,12973,NA
93,Cal St. San B'dino,/team/93/12560,828,CCAA,2,2017,12560,NA
93,Cal St. San B'dino,/team/93/12360,828,CCAA,2,2016,12360,NA
93,Cal St. San B'dino,/team/93/12080,828,CCAA,2,2015,12080,NA
93,Cal St. San B'dino,/team/93/11620,828,CCAA,2,2014,11620,NA
93,Cal St. San B'dino,/team/93/11320,828,CCAA,2,2013,11320,NA
93,Cal St. San B'dino,/team/93/10942,828,CCAA,2,2012,10942,NA
93,Cal St. San B'dino,/team/93/10561,828,CCAA,2,2011,10561,NA
93,Cal St. San B'dino,/team/93/10240,828,CCAA,2,2010,10240,NA
30198,Cal St. San Marcos,/teams/614988,828,CCAA,2,2026,17040,614988
30198,Cal St. San Marcos,/teams/596839,828,CCAA,2,2025,16840,596839
30198,Cal St. San Marcos,/team/30198/16580,828,CCAA,2,2024,16580,NA
30198,Cal St. San Marcos,/team/30198/16340,828,CCAA,2,2023,16340,NA
30198,Cal St. San Marcos,/team/30198/15860,828,CCAA,2,2022,15860,NA
30198,Cal St. San Marcos,/team/30198/15580,828,CCAA,2,2021,15580,NA
30198,Cal St. San Marcos,/team/30198/15204,828,CCAA,2,2020,15204,NA
30198,Cal St. San Marcos,/team/30198/14781,828,CCAA,2,2019,14781,NA
30198,Cal St. San Marcos,/team/30198/12973,828,CCAA,2,2018,12973,NA
30198,Cal St. San Marcos,/team/30198/12560,828,CCAA,2,2017,12560,NA
30198,Cal St. San Marcos,/team/30198/12360,828,CCAA,2,2016,12360,NA
100,Cal State LA,/teams/615019,828,CCAA,2,2026,17040,615019
100,Cal State LA,/teams/596870,828,CCAA,2,2025,16840,596870
100,Cal State LA,/team/100/16580,828,CCAA,2,2024,16580,NA
100,Cal State LA,/team/100/16340,828,CCAA,2,2023,16340,NA
100,Cal State LA,/team/100/15860,828,CCAA,2,2022,15860,NA
100,Cal State LA,/team/100/15580,828,CCAA,2,2021,15580,NA
100,Cal State LA,/team/100/15204,828,CCAA,2,2020,15204,NA
100,Cal State LA,/team/100/14781,828,CCAA,2,2019,14781,NA
100,Cal State LA,/team/100/12973,828,CCAA,2,2018,12973,NA
100,Cal State LA,/team/100/12560,828,CCAA,2,2017,12560,NA
100,Cal State LA,/team/100/12360,828,CCAA,2,2016,12360,NA
100,Cal State LA,/team/100/12080,828,CCAA,2,2015,12080,NA
100,Cal State LA,/team/100/11620,828,CCAA,2,2014,11620,NA
100,Cal State LA,/team/100/11320,828,CCAA,2,2013,11320,NA
100,Cal State LA,/team/100/10942,828,CCAA,2,2012,10942,NA
100,Cal State LA,/team/100/10561,828,CCAA,2,2011,10561,NA
100,Cal State LA,/team/100/10240,828,CCAA,2,2010,10240,NA
995,Caldwell,/teams/615102,28752,CACC,2,2026,17040,615102
995,Caldwell,/teams/596955,28752,CACC,2,2025,16840,596955
995,Caldwell,/team/995/16580,28752,CACC,2,2024,16580,NA
995,Caldwell,/team/995/16340,28752,CACC,2,2023,16340,NA
995,Caldwell,/team/995/15860,28752,CACC,2,2022,15860,NA
995,Caldwell,/team/995/15580,28752,CACC,2,2021,15580,NA
995,Caldwell,/team/995/15204,28752,CACC,2,2020,15204,NA
995,Caldwell,/team/995/14781,28752,CACC,2,2019,14781,NA
995,Caldwell,/team/995/12973,28752,CACC,2,2018,12973,NA
995,Caldwell,/team/995/12560,28752,CACC,2,2017,12560,NA
995,Caldwell,/team/995/12360,28752,CACC,2,2016,12360,NA
995,Caldwell,/team/995/12080,28752,CACC,2,2015,12080,NA
995,Caldwell,/team/995/11620,28752,CACC,2,2014,11620,NA
995,Caldwell,/team/995/11320,28752,CACC,2,2013,11320,NA
995,Caldwell,/team/995/10942,28752,CACC,2,2012,10942,NA
995,Caldwell,/team/995/10561,28752,CACC,2,2011,10561,NA
995,Caldwell,/team/995/10240,28752,CACC,2,2010,10240,NA
106,California (PA),/teams/615021,906,PSAC,2,2026,17040,615021
106,California (PA),/teams/596872,906,PSAC,2,2025,16840,596872
106,California (PA),/team/106/16580,906,PSAC,2,2024,16580,NA
106,California (PA),/team/106/16340,906,PSAC,2,2023,16340,NA
106,California (PA),/team/106/15860,906,PSAC,2,2022,15860,NA
106,California (PA),/team/106/15580,906,PSAC,2,2021,15580,NA
106,California (PA),/team/106/15204,906,PSAC,2,2020,15204,NA
106,California (PA),/team/106/14781,906,PSAC,2,2019,14781,NA
106,California (PA),/team/106/12973,906,PSAC,2,2018,12973,NA
106,California (PA),/team/106/12560,906,PSAC,2,2017,12560,NA
106,California (PA),/team/106/12360,906,PSAC,2,2016,12360,NA
106,California (PA),/team/106/12080,906,PSAC,2,2015,12080,NA
106,California (PA),/team/106/11620,906,PSAC,2,2014,11620,NA
106,California (PA),/team/106/11320,906,PSAC,2,2013,11320,NA
106,California (PA),/team/106/10942,906,PSAC,2,2012,10942,NA
106,California (PA),/team/106/10561,906,PSAC,2,2011,10561,NA
106,California (PA),/team/106/10240,906,PSAC,2,2010,10240,NA
30135,California Baptist,/team/30135/12973,19591,PacWest,2,2018,12973,NA
30135,California Baptist,/team/30135/12560,19591,PacWest,2,2017,12560,NA
30135,California Baptist,/team/30135/12360,19591,PacWest,2,2016,12360,NA
30135,California Baptist,/team/30135/12080,19591,PacWest,2,2015,12080,NA
30135,California Baptist,/team/30135/11620,19591,PacWest,2,2014,11620,NA
30135,California Baptist,/team/30135/11320,19591,PacWest,2,2013,11320,NA
30135,California Baptist,/team/30135/10942,19591,PacWest,2,2012,10942,NA
996,Cameron,/teams/615103,868,Lone Star,2,2026,17040,615103
996,Cameron,/teams/596956,868,Lone Star,2,2025,16840,596956
996,Cameron,/team/996/16580,868,Lone Star,2,2024,16580,NA
996,Cameron,/team/996/16340,868,Lone Star,2,2023,16340,NA
996,Cameron,/team/996/15860,868,Lone Star,2,2022,15860,NA
996,Cameron,/team/996/15580,868,Lone Star,2,2021,15580,NA
996,Cameron,/team/996/15204,868,Lone Star,2,2020,15204,NA
996,Cameron,/team/996/14781,868,Lone Star,2,2019,14781,NA
996,Cameron,/team/996/12973,868,Lone Star,2,2018,12973,NA
996,Cameron,/team/996/12560,868,Lone Star,2,2017,12560,NA
996,Cameron,/team/996/12360,868,Lone Star,2,2016,12360,NA
996,Cameron,/team/996/12080,868,Lone Star,2,2015,12080,NA
996,Cameron,/team/996/11620,868,Lone Star,2,2014,11620,NA
996,Cameron,/team/996/11320,868,Lone Star,2,2013,11320,NA
996,Cameron,/team/996/10942,868,Lone Star,2,2012,10942,NA
996,Cameron,/team/996/10561,868,Lone Star,2,2011,10561,NA
996,Cameron,/team/996/10240,868,Lone Star,2,2010,10240,NA
1000,Carson-Newman,/teams/615104,12850,SAC,2,2026,17040,615104
1000,Carson-Newman,/teams/596957,12850,SAC,2,2025,16840,596957
1000,Carson-Newman,/team/1000/16580,12850,SAC,2,2024,16580,NA
1000,Carson-Newman,/team/1000/16340,12850,SAC,2,2023,16340,NA
1000,Carson-Newman,/team/1000/15860,12850,SAC,2,2022,15860,NA
1000,Carson-Newman,/team/1000/15580,12850,SAC,2,2021,15580,NA
1000,Carson-Newman,/team/1000/15204,12850,SAC,2,2020,15204,NA
1000,Carson-Newman,/team/1000/14781,12850,SAC,2,2019,14781,NA
1000,Carson-Newman,/team/1000/12973,12850,SAC,2,2018,12973,NA
1000,Carson-Newman,/team/1000/12560,12850,SAC,2,2017,12560,NA
1000,Carson-Newman,/team/1000/12360,12850,SAC,2,2016,12360,NA
1000,Carson-Newman,/team/1000/12080,12850,SAC,2,2015,12080,NA
1000,Carson-Newman,/team/1000/11620,12850,SAC,2,2014,11620,NA
1000,Carson-Newman,/team/1000/11320,12850,SAC,2,2013,11320,NA
1000,Carson-Newman,/team/1000/10942,12850,SAC,2,2012,10942,NA
1000,Carson-Newman,/team/1000/10561,12850,SAC,2,2011,10561,NA
1000,Carson-Newman,/team/1000/10240,12850,SAC,2,2010,10240,NA
1001,Catawba,/teams/615105,12850,SAC,2,2026,17040,615105
1001,Catawba,/teams/596958,12850,SAC,2,2025,16840,596958
1001,Catawba,/team/1001/16580,12850,SAC,2,2024,16580,NA
1001,Catawba,/team/1001/16340,12850,SAC,2,2023,16340,NA
1001,Catawba,/team/1001/15860,12850,SAC,2,2022,15860,NA
1001,Catawba,/team/1001/15580,12850,SAC,2,2021,15580,NA
1001,Catawba,/team/1001/15204,12850,SAC,2,2020,15204,NA
1001,Catawba,/team/1001/14781,12850,SAC,2,2019,14781,NA
1001,Catawba,/team/1001/12973,12850,SAC,2,2018,12973,NA
1001,Catawba,/team/1001/12560,12850,SAC,2,2017,12560,NA
1001,Catawba,/team/1001/12360,12850,SAC,2,2016,12360,NA
1001,Catawba,/team/1001/12080,12850,SAC,2,2015,12080,NA
1001,Catawba,/team/1001/11620,12850,SAC,2,2014,11620,NA
1001,Catawba,/team/1001/11320,12850,SAC,2,2013,11320,NA
1001,Catawba,/team/1001/10942,12850,SAC,2,2012,10942,NA
1001,Catawba,/team/1001/10561,12850,SAC,2,2011,10561,NA
1001,Catawba,/team/1001/10240,12850,SAC,2,2010,10240,NA
30124,Cedarville,/teams/614967,30182,G-MAC,2,2026,17040,614967
30124,Cedarville,/teams/596817,30182,G-MAC,2,2025,16840,596817
30124,Cedarville,/team/30124/16580,30182,G-MAC,2,2024,16580,NA
30124,Cedarville,/team/30124/16340,30182,G-MAC,2,2023,16340,NA
30124,Cedarville,/team/30124/15860,30182,G-MAC,2,2022,15860,NA
30124,Cedarville,/team/30124/15580,30182,G-MAC,2,2021,15580,NA
30124,Cedarville,/team/30124/15204,30182,G-MAC,2,2020,15204,NA
30124,Cedarville,/team/30124/14781,30182,G-MAC,2,2019,14781,NA
30124,Cedarville,/team/30124/12973,30182,G-MAC,2,2018,12973,NA
30124,Cedarville,/team/30124/12560,30182,G-MAC,2,2017,12560,NA
30124,Cedarville,/team/30124/12360,30182,G-MAC,2,2016,12360,NA
30124,Cedarville,/team/30124/12080,30182,G-MAC,2,2015,12080,NA
30124,Cedarville,/team/30124/11620,30182,G-MAC,2,2014,11620,NA
130,Central Mo.,/teams/615022,883,Mid-America Intercollegiate,2,2026,17040,615022
130,Central Mo.,/teams/596873,883,Mid-America Intercollegiate,2,2025,16840,596873
130,Central Mo.,/team/130/16580,883,Mid-America Intercollegiate,2,2024,16580,NA
130,Central Mo.,/team/130/16340,883,Mid-America Intercollegiate,2,2023,16340,NA
130,Central Mo.,/team/130/15860,883,Mid-America Intercollegiate,2,2022,15860,NA
130,Central Mo.,/team/130/15580,883,Mid-America Intercollegiate,2,2021,15580,NA
130,Central Mo.,/team/130/15204,883,Mid-America Intercollegiate,2,2020,15204,NA
130,Central Mo.,/team/130/14781,883,Mid-America Intercollegiate,2,2019,14781,NA
130,Central Mo.,/team/130/12973,883,Mid-America Intercollegiate,2,2018,12973,NA
130,Central Mo.,/team/130/12560,883,Mid-America Intercollegiate,2,2017,12560,NA
130,Central Mo.,/team/130/12360,883,Mid-America Intercollegiate,2,2016,12360,NA
130,Central Mo.,/team/130/12080,883,Mid-America Intercollegiate,2,2015,12080,NA
130,Central Mo.,/team/130/11620,883,Mid-America Intercollegiate,2,2014,11620,NA
130,Central Mo.,/team/130/11320,883,Mid-America Intercollegiate,2,2013,11320,NA
130,Central Mo.,/team/130/10942,883,Mid-America Intercollegiate,2,2012,10942,NA
130,Central Mo.,/team/130/10561,883,Mid-America Intercollegiate,2,2011,10561,NA
130,Central Mo.,/team/130/10240,883,Mid-America Intercollegiate,2,2010,10240,NA
1009,Central Okla.,/teams/615106,883,Mid-America Intercollegiate,2,2026,17040,615106
1009,Central Okla.,/teams/596959,883,Mid-America Intercollegiate,2,2025,16840,596959
1009,Central Okla.,/team/1009/16580,883,Mid-America Intercollegiate,2,2024,16580,NA
1009,Central Okla.,/team/1009/16340,883,Mid-America Intercollegiate,2,2023,16340,NA
1009,Central Okla.,/team/1009/15860,883,Mid-America Intercollegiate,2,2022,15860,NA
1009,Central Okla.,/team/1009/15580,883,Mid-America Intercollegiate,2,2021,15580,NA
1009,Central Okla.,/team/1009/15204,883,Mid-America Intercollegiate,2,2020,15204,NA
1009,Central Okla.,/team/1009/14781,883,Mid-America Intercollegiate,2,2019,14781,NA
1009,Central Okla.,/team/1009/12973,883,Mid-America Intercollegiate,2,2018,12973,NA
1009,Central Okla.,/team/1009/12560,883,Mid-America Intercollegiate,2,2017,12560,NA
1009,Central Okla.,/team/1009/12360,883,Mid-America Intercollegiate,2,2016,12360,NA
1009,Central Okla.,/team/1009/12080,883,Mid-America Intercollegiate,2,2015,12080,NA
1009,Central Okla.,/team/1009/11620,883,Mid-America Intercollegiate,2,2014,11620,NA
1009,Central Okla.,/team/1009/11320,883,Mid-America Intercollegiate,2,2013,11320,NA
1009,Central Okla.,/team/1009/10561,868,Lone Star,2,2011,10561,NA
1009,Central Okla.,/team/1009/10240,868,Lone Star,2,2010,10240,NA
1010,Central Wash.,/teams/615107,30012,Great Northwest,2,2026,17040,615107
1010,Central Wash.,/teams/596960,30012,Great Northwest,2,2025,16840,596960
1010,Central Wash.,/team/1010/16580,30012,Great Northwest,2,2024,16580,NA
1010,Central Wash.,/team/1010/16340,30012,Great Northwest,2,2023,16340,NA
1010,Central Wash.,/team/1010/15860,30012,Great Northwest,2,2022,15860,NA
1010,Central Wash.,/team/1010/15580,30012,Great Northwest,2,2021,15580,NA
1010,Central Wash.,/team/1010/15204,30012,Great Northwest,2,2020,15204,NA
1010,Central Wash.,/team/1010/14781,30012,Great Northwest,2,2019,14781,NA
1010,Central Wash.,/team/1010/12973,30012,Great Northwest,2,2018,12973,NA
1010,Central Wash.,/team/1010/12560,30012,Great Northwest,2,2017,12560,NA
1010,Central Wash.,/team/1010/12360,30012,Great Northwest,2,2016,12360,NA
1010,Central Wash.,/team/1010/12080,30012,Great Northwest,2,2015,12080,NA
1010,Central Wash.,/team/1010/11620,30012,Great Northwest,2,2014,11620,NA
1010,Central Wash.,/team/1010/11320,30012,Great Northwest,2,2013,11320,NA
1010,Central Wash.,/team/1010/10942,30012,Great Northwest,2,2012,10942,NA
1010,Central Wash.,/team/1010/10561,30012,Great Northwest,2,2011,10561,NA
1010,Central Wash.,/team/1010/10240,30012,Great Northwest,2,2010,10240,NA
133,Chaminade,/teams/615123,19591,PacWest,2,2026,17040,615123
133,Chaminade,/teams/596976,19591,PacWest,2,2025,16840,596976
133,Chaminade,/team/133/16580,19591,PacWest,2,2024,16580,NA
1013,Charleston (WV),/teams/615108,30183,MEC,2,2026,17040,615108
1013,Charleston (WV),/teams/596961,30183,MEC,2,2025,16840,596961
1013,Charleston (WV),/team/1013/16580,30183,MEC,2,2024,16580,NA
1013,Charleston (WV),/team/1013/16340,30183,MEC,2,2023,16340,NA
1013,Charleston (WV),/team/1013/15860,30183,MEC,2,2022,15860,NA
1013,Charleston (WV),/team/1013/15580,30183,MEC,2,2021,15580,NA
1013,Charleston (WV),/team/1013/15204,30183,MEC,2,2020,15204,NA
1013,Charleston (WV),/team/1013/14781,30183,MEC,2,2019,14781,NA
1013,Charleston (WV),/team/1013/12973,30183,MEC,2,2018,12973,NA
1013,Charleston (WV),/team/1013/12560,30183,MEC,2,2017,12560,NA
1013,Charleston (WV),/team/1013/12360,30183,MEC,2,2016,12360,NA
1013,Charleston (WV),/team/1013/12080,30183,MEC,2,2015,12080,NA
1013,Charleston (WV),/team/1013/11620,30183,MEC,2,2014,11620,NA
1013,Charleston (WV),/team/1013/11320,21344,WVIAC,2,2013,11320,NA
1013,Charleston (WV),/team/1013/10942,21344,WVIAC,2,2012,10942,NA
1013,Charleston (WV),/team/1013/10561,21344,WVIAC,2,2011,10561,NA
1013,Charleston (WV),/team/1013/10240,21344,WVIAC,2,2010,10240,NA
21323,Chestnut Hill,/teams/614945,28752,CACC,2,2026,17040,614945
21323,Chestnut Hill,/teams/596795,28752,CACC,2,2025,16840,596795
21323,Chestnut Hill,/team/21323/16580,28752,CACC,2,2024,16580,NA
21323,Chestnut Hill,/team/21323/16340,28752,CACC,2,2023,16340,NA
21323,Chestnut Hill,/team/21323/15860,28752,CACC,2,2022,15860,NA
21323,Chestnut Hill,/team/21323/15580,28752,CACC,2,2021,15580,NA
21323,Chestnut Hill,/team/21323/15204,28752,CACC,2,2020,15204,NA
21323,Chestnut Hill,/team/21323/14781,28752,CACC,2,2019,14781,NA
21323,Chestnut Hill,/team/21323/12973,28752,CACC,2,2018,12973,NA
21323,Chestnut Hill,/team/21323/12560,28752,CACC,2,2017,12560,NA
21323,Chestnut Hill,/team/21323/12360,28752,CACC,2,2016,12360,NA
21323,Chestnut Hill,/team/21323/12080,28752,CACC,2,2015,12080,NA
21323,Chestnut Hill,/team/21323/11620,28752,CACC,2,2014,11620,NA
21323,Chestnut Hill,/team/21323/11320,28752,CACC,2,2013,11320,NA
21323,Chestnut Hill,/team/21323/10942,28752,CACC,2,2012,10942,NA
21323,Chestnut Hill,/team/21323/10561,28752,CACC,2,2011,10561,NA
21323,Chestnut Hill,/team/21323/10240,28752,CACC,2,2010,10240,NA
95,Chico St.,/teams/615017,828,CCAA,2,2026,17040,615017
95,Chico St.,/teams/596868,828,CCAA,2,2025,16840,596868
95,Chico St.,/team/95/16580,828,CCAA,2,2024,16580,NA
95,Chico St.,/team/95/16340,828,CCAA,2,2023,16340,NA
95,Chico St.,/team/95/15860,828,CCAA,2,2022,15860,NA
95,Chico St.,/team/95/15580,828,CCAA,2,2021,15580,NA
95,Chico St.,/team/95/15204,828,CCAA,2,2020,15204,NA
95,Chico St.,/team/95/14781,828,CCAA,2,2019,14781,NA
95,Chico St.,/team/95/12973,828,CCAA,2,2018,12973,NA
95,Chico St.,/team/95/12560,828,CCAA,2,2017,12560,NA
95,Chico St.,/team/95/12360,828,CCAA,2,2016,12360,NA
95,Chico St.,/team/95/12080,828,CCAA,2,2015,12080,NA
95,Chico St.,/team/95/11620,828,CCAA,2,2014,11620,NA
95,Chico St.,/team/95/11320,828,CCAA,2,2013,11320,NA
95,Chico St.,/team/95/10942,828,CCAA,2,2012,10942,NA
95,Chico St.,/team/95/10561,828,CCAA,2,2011,10561,NA
95,Chico St.,/team/95/10240,828,CCAA,2,2010,10240,NA
8875,Chowan,/teams/614922,4423,Conference Carolinas,2,2026,17040,614922
8875,Chowan,/teams/596772,4423,Conference Carolinas,2,2025,16840,596772
8875,Chowan,/team/8875/16580,4423,Conference Carolinas,2,2024,16580,NA
8875,Chowan,/team/8875/16340,4423,Conference Carolinas,2,2023,16340,NA
8875,Chowan,/team/8875/15860,4423,Conference Carolinas,2,2022,15860,NA
8875,Chowan,/team/8875/15580,4423,Conference Carolinas,2,2021,15580,NA
8875,Chowan,/team/8875/15204,4423,Conference Carolinas,2,2020,15204,NA
8875,Chowan,/team/8875/14781,4423,Conference Carolinas,2,2019,14781,NA
8875,Chowan,/team/8875/12973,99010,DII Independent,2,2018,12973,NA
8875,Chowan,/team/8875/12560,832,CIAA,2,2017,12560,NA
8875,Chowan,/team/8875/12360,832,CIAA,2,2016,12360,NA
8875,Chowan,/team/8875/12080,832,CIAA,2,2015,12080,NA
8875,Chowan,/team/8875/11620,832,CIAA,2,2014,11620,NA
8875,Chowan,/team/8875/11320,832,CIAA,2,2013,11320,NA
8875,Chowan,/team/8875/10942,832,CIAA,2,2012,10942,NA
8875,Chowan,/team/8875/10561,832,CIAA,2,2011,10561,NA
8875,Chowan,/team/8875/10240,832,CIAA,2,2010,10240,NA
1015,Christian Brothers,/teams/615109,858,Gulf South,2,2026,17040,615109
1015,Christian Brothers,/teams/596962,858,Gulf South,2,2025,16840,596962
1015,Christian Brothers,/team/1015/16580,858,Gulf South,2,2024,16580,NA
1015,Christian Brothers,/team/1015/16340,858,Gulf South,2,2023,16340,NA
1015,Christian Brothers,/team/1015/15860,858,Gulf South,2,2022,15860,NA
1015,Christian Brothers,/team/1015/15580,858,Gulf South,2,2021,15580,NA
1015,Christian Brothers,/team/1015/15204,858,Gulf South,2,2020,15204,NA
1015,Christian Brothers,/team/1015/14781,858,Gulf South,2,2019,14781,NA
1015,Christian Brothers,/team/1015/12973,858,Gulf South,2,2018,12973,NA
1015,Christian Brothers,/team/1015/12560,858,Gulf South,2,2017,12560,NA
1015,Christian Brothers,/team/1015/12360,858,Gulf South,2,2016,12360,NA
1015,Christian Brothers,/team/1015/12080,858,Gulf South,2,2015,12080,NA
1015,Christian Brothers,/team/1015/11620,858,Gulf South,2,2014,11620,NA
1015,Christian Brothers,/team/1015/11320,858,Gulf South,2,2013,11320,NA
1015,Christian Brothers,/team/1015/10942,858,Gulf South,2,2012,10942,NA
1015,Christian Brothers,/team/1015/10561,858,Gulf South,2,2011,10561,NA
1015,Christian Brothers,/team/1015/10240,858,Gulf South,2,2010,10240,NA
30058,Claflin,/teams/614957,12923,Peach Belt,2,2026,17040,614957
30058,Claflin,/teams/596807,12923,Peach Belt,2,2025,16840,596807
30058,Claflin,/team/30058/16580,12923,Peach Belt,2,2024,16580,NA
30058,Claflin,/team/30058/16340,12923,Peach Belt,2,2023,16340,NA
30058,Claflin,/team/30058/15860,12923,Peach Belt,2,2022,15860,NA
30058,Claflin,/team/30058/15580,12923,Peach Belt,2,2021,15580,NA
30058,Claflin,/team/30058/15204,12923,Peach Belt,2,2020,15204,NA
30058,Claflin,/team/30058/14781,99010,DII Independent,2,2019,14781,NA
30058,Claflin,/team/30058/12973,913,SIAC,2,2018,12973,NA
30058,Claflin,/team/30058/12560,913,SIAC,2,2017,12560,NA
30058,Claflin,/team/30058/12360,913,SIAC,2,2016,12360,NA
30058,Claflin,/team/30058/12080,913,SIAC,2,2015,12080,NA
30058,Claflin,/team/30058/11620,913,SIAC,2,2014,11620,NA
30058,Claflin,/team/30058/11320,913,SIAC,2,2013,11320,NA
30058,Claflin,/team/30058/10942,913,SIAC,2,2012,10942,NA
30058,Claflin,/team/30058/10561,913,SIAC,2,2011,10561,NA
30058,Claflin,/team/30058/10240,913,SIAC,2,2010,10240,NA
143,Clarion,/teams/615023,906,PSAC,2,2026,17040,615023
143,Clarion,/teams/596874,906,PSAC,2,2025,16840,596874
143,Clarion,/team/143/16580,906,PSAC,2,2024,16580,NA
143,Clarion,/team/143/16340,906,PSAC,2,2023,16340,NA
143,Clarion,/team/143/15860,906,PSAC,2,2022,15860,NA
143,Clarion,/team/143/15580,906,PSAC,2,2021,15580,NA
143,Clarion,/team/143/15204,906,PSAC,2,2020,15204,NA
143,Clarion,/team/143/14781,906,PSAC,2,2019,14781,NA
143,Clarion,/team/143/12973,906,PSAC,2,2018,12973,NA
143,Clarion,/team/143/12560,906,PSAC,2,2017,12560,NA
143,Clarion,/team/143/12360,906,PSAC,2,2016,12360,NA
143,Clarion,/team/143/12080,906,PSAC,2,2015,12080,NA
143,Clarion,/team/143/11620,906,PSAC,2,2014,11620,NA
143,Clarion,/team/143/11320,906,PSAC,2,2013,11320,NA
143,Clarion,/team/143/10942,906,PSAC,2,2012,10942,NA
143,Clarion,/team/143/10561,906,PSAC,2,2011,10561,NA
143,Clarion,/team/143/10240,906,PSAC,2,2010,10240,NA
144,Clark Atlanta,/teams/615024,913,SIAC,2,2026,17040,615024
144,Clark Atlanta,/teams/596875,913,SIAC,2,2025,16840,596875
144,Clark Atlanta,/team/144/16580,913,SIAC,2,2024,16580,NA
144,Clark Atlanta,/team/144/16340,913,SIAC,2,2023,16340,NA
144,Clark Atlanta,/team/144/15860,913,SIAC,2,2022,15860,NA
144,Clark Atlanta,/team/144/15580,913,SIAC,2,2021,15580,NA
144,Clark Atlanta,/team/144/15204,913,SIAC,2,2020,15204,NA
144,Clark Atlanta,/team/144/14781,913,SIAC,2,2019,14781,NA
144,Clark Atlanta,/team/144/12973,913,SIAC,2,2018,12973,NA
144,Clark Atlanta,/team/144/12560,913,SIAC,2,2017,12560,NA
144,Clark Atlanta,/team/144/12360,913,SIAC,2,2016,12360,NA
144,Clark Atlanta,/team/144/12080,913,SIAC,2,2015,12080,NA
144,Clark Atlanta,/team/144/11620,913,SIAC,2,2014,11620,NA
144,Clark Atlanta,/team/144/11320,913,SIAC,2,2013,11320,NA
144,Clark Atlanta,/team/144/10942,913,SIAC,2,2012,10942,NA
144,Clark Atlanta,/team/144/10561,913,SIAC,2,2011,10561,NA
144,Clark Atlanta,/team/144/10240,913,SIAC,2,2010,10240,NA
1023,Coker,/teams/615110,12850,SAC,2,2026,17040,615110
1023,Coker,/teams/596963,12850,SAC,2,2025,16840,596963
1023,Coker,/team/1023/16580,12850,SAC,2,2024,16580,NA
1023,Coker,/team/1023/16340,12850,SAC,2,2023,16340,NA
1023,Coker,/team/1023/15860,12850,SAC,2,2022,15860,NA
1023,Coker,/team/1023/15580,12850,SAC,2,2021,15580,NA
1023,Coker,/team/1023/15204,12850,SAC,2,2020,15204,NA
1023,Coker,/team/1023/14781,12850,SAC,2,2019,14781,NA
1023,Coker,/team/1023/12973,12850,SAC,2,2018,12973,NA
1023,Coker,/team/1023/12560,12850,SAC,2,2017,12560,NA
1023,Coker,/team/1023/12360,12850,SAC,2,2016,12360,NA
1023,Coker,/team/1023/12080,12850,SAC,2,2015,12080,NA
1023,Coker,/team/1023/11620,12850,SAC,2,2014,11620,NA
1023,Coker,/team/1023/11320,4423,Conference Carolinas,2,2013,11320,NA
1023,Coker,/team/1023/10942,4423,Conference Carolinas,2,2012,10942,NA
1023,Coker,/team/1023/10561,4423,Conference Carolinas,2,2011,10561,NA
1023,Coker,/team/1023/10240,4423,Conference Carolinas,2,2010,10240,NA
11403,Colo. Christian,/teams/614935,13128,RMAC,2,2026,17040,614935
11403,Colo. Christian,/teams/596785,13128,RMAC,2,2025,16840,596785
11403,Colo. Christian,/team/11403/16580,13128,RMAC,2,2024,16580,NA
11403,Colo. Christian,/team/11403/16340,13128,RMAC,2,2023,16340,NA
11403,Colo. Christian,/team/11403/15860,13128,RMAC,2,2022,15860,NA
11403,Colo. Christian,/team/11403/15580,13128,RMAC,2,2021,15580,NA
11403,Colo. Christian,/team/11403/15204,13128,RMAC,2,2020,15204,NA
11403,Colo. Christian,/team/11403/14781,13128,RMAC,2,2019,14781,NA
11403,Colo. Christian,/team/11403/12973,13128,RMAC,2,2018,12973,NA
11403,Colo. Christian,/team/11403/12560,13128,RMAC,2,2017,12560,NA
11403,Colo. Christian,/team/11403/12360,13128,RMAC,2,2016,12360,NA
11403,Colo. Christian,/team/11403/12080,13128,RMAC,2,2015,12080,NA
11403,Colo. Christian,/team/11403/11620,13128,RMAC,2,2014,11620,NA
11403,Colo. Christian,/team/11403/11320,13128,RMAC,2,2013,11320,NA
11403,Colo. Christian,/team/11403/10942,13128,RMAC,2,2012,10942,NA
11403,Colo. Christian,/team/11403/10561,13128,RMAC,2,2011,10561,NA
11403,Colo. Christian,/team/11403/10240,13128,RMAC,2,2010,10240,NA
155,Colo. Sch. of Mines,/teams/615025,13128,RMAC,2,2026,17040,615025
155,Colo. Sch. of Mines,/teams/596876,13128,RMAC,2,2025,16840,596876
155,Colo. Sch. of Mines,/team/155/16580,13128,RMAC,2,2024,16580,NA
155,Colo. Sch. of Mines,/team/155/16340,13128,RMAC,2,2023,16340,NA
155,Colo. Sch. of Mines,/team/155/15860,13128,RMAC,2,2022,15860,NA
155,Colo. Sch. of Mines,/team/155/15580,13128,RMAC,2,2021,15580,NA
155,Colo. Sch. of Mines,/team/155/15204,13128,RMAC,2,2020,15204,NA
155,Colo. Sch. of Mines,/team/155/14781,13128,RMAC,2,2019,14781,NA
155,Colo. Sch. of Mines,/team/155/12973,13128,RMAC,2,2018,12973,NA
155,Colo. Sch. of Mines,/team/155/12560,13128,RMAC,2,2017,12560,NA
155,Colo. Sch. of Mines,/team/155/12360,13128,RMAC,2,2016,12360,NA
155,Colo. Sch. of Mines,/team/155/12080,13128,RMAC,2,2015,12080,NA
155,Colo. Sch. of Mines,/team/155/11620,13128,RMAC,2,2014,11620,NA
155,Colo. Sch. of Mines,/team/155/11320,13128,RMAC,2,2013,11320,NA
155,Colo. Sch. of Mines,/team/155/10942,13128,RMAC,2,2012,10942,NA
155,Colo. Sch. of Mines,/team/155/10561,13128,RMAC,2,2011,10561,NA
155,Colo. Sch. of Mines,/team/155/10240,13128,RMAC,2,2010,10240,NA
11416,Colorado Mesa,/teams/614936,13128,RMAC,2,2026,17040,614936
11416,Colorado Mesa,/teams/596786,13128,RMAC,2,2025,16840,596786
11416,Colorado Mesa,/team/11416/16580,13128,RMAC,2,2024,16580,NA
11416,Colorado Mesa,/team/11416/16340,13128,RMAC,2,2023,16340,NA
11416,Colorado Mesa,/team/11416/15860,13128,RMAC,2,2022,15860,NA
11416,Colorado Mesa,/team/11416/15580,13128,RMAC,2,2021,15580,NA
11416,Colorado Mesa,/team/11416/15204,13128,RMAC,2,2020,15204,NA
11416,Colorado Mesa,/team/11416/14781,13128,RMAC,2,2019,14781,NA
11416,Colorado Mesa,/team/11416/12973,13128,RMAC,2,2018,12973,NA
11416,Colorado Mesa,/team/11416/12560,13128,RMAC,2,2017,12560,NA
11416,Colorado Mesa,/team/11416/12360,13128,RMAC,2,2016,12360,NA
11416,Colorado Mesa,/team/11416/12080,13128,RMAC,2,2015,12080,NA
11416,Colorado Mesa,/team/11416/11620,13128,RMAC,2,2014,11620,NA
11416,Colorado Mesa,/team/11416/11320,13128,RMAC,2,2013,11320,NA
11416,Colorado Mesa,/team/11416/10942,13128,RMAC,2,2012,10942,NA
11416,Colorado Mesa,/team/11416/10561,13128,RMAC,2,2011,10561,NA
11416,Colorado Mesa,/team/11416/10240,13128,RMAC,2,2010,10240,NA
159,Columbus St.,/teams/615026,12923,Peach Belt,2,2026,17040,615026
159,Columbus St.,/teams/596877,12923,Peach Belt,2,2025,16840,596877
159,Columbus St.,/team/159/16580,12923,Peach Belt,2,2024,16580,NA
159,Columbus St.,/team/159/16340,12923,Peach Belt,2,2023,16340,NA
159,Columbus St.,/team/159/15860,12923,Peach Belt,2,2022,15860,NA
159,Columbus St.,/team/159/15580,12923,Peach Belt,2,2021,15580,NA
159,Columbus St.,/team/159/15204,12923,Peach Belt,2,2020,15204,NA
159,Columbus St.,/team/159/14781,12923,Peach Belt,2,2019,14781,NA
159,Columbus St.,/team/159/12973,12923,Peach Belt,2,2018,12973,NA
159,Columbus St.,/team/159/12560,12923,Peach Belt,2,2017,12560,NA
159,Columbus St.,/team/159/12360,12923,Peach Belt,2,2016,12360,NA
159,Columbus St.,/team/159/12080,12923,Peach Belt,2,2015,12080,NA
159,Columbus St.,/team/159/11620,12923,Peach Belt,2,2014,11620,NA
159,Columbus St.,/team/159/11320,12923,Peach Belt,2,2013,11320,NA
159,Columbus St.,/team/159/10942,12923,Peach Belt,2,2012,10942,NA
159,Columbus St.,/team/159/10561,12923,Peach Belt,2,2011,10561,NA
159,Columbus St.,/team/159/10240,12923,Peach Belt,2,2010,10240,NA
1028,Concord,/teams/615111,30183,MEC,2,2026,17040,615111
1028,Concord,/teams/596964,30183,MEC,2,2025,16840,596964
1028,Concord,/team/1028/16580,30183,MEC,2,2024,16580,NA
1028,Concord,/team/1028/16340,30183,MEC,2,2023,16340,NA
1028,Concord,/team/1028/15860,30183,MEC,2,2022,15860,NA
1028,Concord,/team/1028/15580,30183,MEC,2,2021,15580,NA
1028,Concord,/team/1028/15204,30183,MEC,2,2020,15204,NA
1028,Concord,/team/1028/14781,30183,MEC,2,2019,14781,NA
1028,Concord,/team/1028/12973,30183,MEC,2,2018,12973,NA
1028,Concord,/team/1028/12560,30183,MEC,2,2017,12560,NA
1028,Concord,/team/1028/12360,30183,MEC,2,2016,12360,NA
1028,Concord,/team/1028/12080,30183,MEC,2,2015,12080,NA
1028,Concord,/team/1028/11620,30183,MEC,2,2014,11620,NA
1028,Concord,/team/1028/11320,21344,WVIAC,2,2013,11320,NA
1028,Concord,/team/1028/10942,21344,WVIAC,2,2012,10942,NA
1028,Concord,/team/1028/10561,21344,WVIAC,2,2011,10561,NA
1028,Concord,/team/1028/10240,21344,WVIAC,2,2010,10240,NA
162,Concordia (NY),/team/162/15580,28752,CACC,2,2021,15580,NA
162,Concordia (NY),/team/162/15204,28752,CACC,2,2020,15204,NA
162,Concordia (NY),/team/162/14781,28752,CACC,2,2019,14781,NA
162,Concordia (NY),/team/162/12973,28752,CACC,2,2018,12973,NA
162,Concordia (NY),/team/162/12560,28752,CACC,2,2017,12560,NA
162,Concordia (NY),/team/162/12360,28752,CACC,2,2016,12360,NA
162,Concordia (NY),/team/162/12080,28752,CACC,2,2015,12080,NA
162,Concordia (NY),/team/162/11620,28752,CACC,2,2014,11620,NA
162,Concordia (NY),/team/162/11320,28752,CACC,2,2013,11320,NA
162,Concordia (NY),/team/162/10942,28752,CACC,2,2012,10942,NA
162,Concordia (NY),/team/162/10561,28752,CACC,2,2011,10561,NA
162,Concordia (NY),/team/162/10240,28752,CACC,2,2010,10240,NA
30200,Concordia Portland,/team/30200/15204,30012,Great Northwest,2,2020,15204,NA
30200,Concordia Portland,/team/30200/14781,30012,Great Northwest,2,2019,14781,NA
30200,Concordia Portland,/team/30200/12973,30012,Great Northwest,2,2018,12973,NA
30200,Concordia Portland,/team/30200/12560,30012,Great Northwest,2,2017,12560,NA
30200,Concordia Portland,/team/30200/12360,30012,Great Northwest,2,2016,12360,NA
9081,Concordia-St. Paul,/teams/614928,12853,NSIC,2,2026,17040,614928
9081,Concordia-St. Paul,/teams/596778,12853,NSIC,2,2025,16840,596778
9081,Concordia-St. Paul,/team/9081/16580,12853,NSIC,2,2024,16580,NA
9081,Concordia-St. Paul,/team/9081/16340,12853,NSIC,2,2023,16340,NA
9081,Concordia-St. Paul,/team/9081/15860,12853,NSIC,2,2022,15860,NA
9081,Concordia-St. Paul,/team/9081/15580,12853,NSIC,2,2021,15580,NA
9081,Concordia-St. Paul,/team/9081/15204,12853,NSIC,2,2020,15204,NA
9081,Concordia-St. Paul,/team/9081/14781,12853,NSIC,2,2019,14781,NA
9081,Concordia-St. Paul,/team/9081/12973,12853,NSIC,2,2018,12973,NA
9081,Concordia-St. Paul,/team/9081/12560,12853,NSIC,2,2017,12560,NA
9081,Concordia-St. Paul,/team/9081/12360,12853,NSIC,2,2016,12360,NA
9081,Concordia-St. Paul,/team/9081/12080,12853,NSIC,2,2015,12080,NA
9081,Concordia-St. Paul,/team/9081/11620,12853,NSIC,2,2014,11620,NA
9081,Concordia-St. Paul,/team/9081/11320,12853,NSIC,2,2013,11320,NA
9081,Concordia-St. Paul,/team/9081/10942,12853,NSIC,2,2012,10942,NA
9081,Concordia-St. Paul,/team/9081/10561,12853,NSIC,2,2011,10561,NA
9081,Concordia-St. Paul,/team/9081/10240,12853,NSIC,2,2010,10240,NA
1059,D'Youville,/teams/614998,11265,ECC,2,2026,17040,614998
1059,D'Youville,/teams/596849,11265,ECC,2,2025,16840,596849
1059,D'Youville,/team/1059/16580,11265,ECC,2,2024,16580,NA
1059,D'Youville,/team/1059/16340,11265,ECC,2,2023,16340,NA
1059,D'Youville,/team/1059/15860,11265,ECC,2,2022,15860,NA
1059,D'Youville,/team/1059/15580,11265,ECC,2,2021,15580,NA
30221,Davenport,/teams/614992,854,GLIAC,2,2026,17040,614992
30221,Davenport,/teams/596843,854,GLIAC,2,2025,16840,596843
30221,Davenport,/team/30221/16580,854,GLIAC,2,2024,16580,NA
30221,Davenport,/team/30221/16340,854,GLIAC,2,2023,16340,NA
30221,Davenport,/team/30221/15860,854,GLIAC,2,2022,15860,NA
30221,Davenport,/team/30221/15580,854,GLIAC,2,2021,15580,NA
30221,Davenport,/team/30221/15204,854,GLIAC,2,2020,15204,NA
30221,Davenport,/team/30221/14781,854,GLIAC,2,2019,14781,NA
30221,Davenport,/team/30221/12973,854,GLIAC,2,2018,12973,NA
174,Davis & Elkins,/teams/615028,30183,MEC,2,2026,17040,615028
174,Davis & Elkins,/teams/596879,30183,MEC,2,2025,16840,596879
174,Davis & Elkins,/team/174/16580,30183,MEC,2,2024,16580,NA
174,Davis & Elkins,/team/174/16340,30183,MEC,2,2023,16340,NA
174,Davis & Elkins,/team/174/15860,30183,MEC,2,2022,15860,NA
174,Davis & Elkins,/team/174/15580,30183,MEC,2,2021,15580,NA
174,Davis & Elkins,/team/174/15204,30183,MEC,2,2020,15204,NA
174,Davis & Elkins,/team/174/14781,30182,G-MAC,2,2019,14781,NA
174,Davis & Elkins,/team/174/12973,30182,G-MAC,2,2018,12973,NA
174,Davis & Elkins,/team/174/12560,30182,G-MAC,2,2017,12560,NA
174,Davis & Elkins,/team/174/12360,30182,G-MAC,2,2016,12360,NA
174,Davis & Elkins,/team/174/12080,30182,G-MAC,2,2015,12080,NA
174,Davis & Elkins,/team/174/11620,30182,G-MAC,2,2014,11620,NA
174,Davis & Elkins,/team/174/11320,21344,WVIAC,2,2013,11320,NA
174,Davis & Elkins,/team/174/10942,21344,WVIAC,2,2012,10942,NA
174,Davis & Elkins,/team/174/10561,21344,WVIAC,2,2011,10561,NA
174,Davis & Elkins,/team/174/10240,21344,WVIAC,2,2010,10240,NA
181,Delta St.,/teams/615029,858,Gulf South,2,2026,17040,615029
181,Delta St.,/teams/596880,858,Gulf South,2,2025,16840,596880
181,Delta St.,/team/181/16580,858,Gulf South,2,2024,16580,NA
181,Delta St.,/team/181/16340,858,Gulf South,2,2023,16340,NA
181,Delta St.,/team/181/15860,858,Gulf South,2,2022,15860,NA
181,Delta St.,/team/181/15580,858,Gulf South,2,2021,15580,NA
181,Delta St.,/team/181/15204,858,Gulf South,2,2020,15204,NA
181,Delta St.,/team/181/14781,858,Gulf South,2,2019,14781,NA
181,Delta St.,/team/181/12973,858,Gulf South,2,2018,12973,NA
181,Delta St.,/team/181/12560,858,Gulf South,2,2017,12560,NA
181,Delta St.,/team/181/12360,858,Gulf South,2,2016,12360,NA
181,Delta St.,/team/181/12080,858,Gulf South,2,2015,12080,NA
181,Delta St.,/team/181/11620,858,Gulf South,2,2014,11620,NA
181,Delta St.,/team/181/11320,858,Gulf South,2,2013,11320,NA
181,Delta St.,/team/181/10942,858,Gulf South,2,2012,10942,NA
181,Delta St.,/team/181/10561,858,Gulf South,2,2011,10561,NA
181,Delta St.,/team/181/10240,858,Gulf South,2,2010,10240,NA
8956,Dominican (NY),/teams/614923,28752,CACC,2,2026,17040,614923
8956,Dominican (NY),/teams/596773,28752,CACC,2,2025,16840,596773
8956,Dominican (NY),/team/8956/16580,28752,CACC,2,2024,16580,NA
8956,Dominican (NY),/team/8956/16340,28752,CACC,2,2023,16340,NA
8956,Dominican (NY),/team/8956/15860,28752,CACC,2,2022,15860,NA
8956,Dominican (NY),/team/8956/15580,28752,CACC,2,2021,15580,NA
8956,Dominican (NY),/team/8956/15204,28752,CACC,2,2020,15204,NA
8956,Dominican (NY),/team/8956/14781,28752,CACC,2,2019,14781,NA
8956,Dominican (NY),/team/8956/12973,28752,CACC,2,2018,12973,NA
8956,Dominican (NY),/team/8956/12560,28752,CACC,2,2017,12560,NA
8956,Dominican (NY),/team/8956/12360,28752,CACC,2,2016,12360,NA
8956,Dominican (NY),/team/8956/12080,28752,CACC,2,2015,12080,NA
8956,Dominican (NY),/team/8956/11620,28752,CACC,2,2014,11620,NA
8956,Dominican (NY),/team/8956/11320,28752,CACC,2,2013,11320,NA
8956,Dominican (NY),/team/8956/10942,28752,CACC,2,2012,10942,NA
8956,Dominican (NY),/team/8956/10561,28752,CACC,2,2011,10561,NA
8956,Dominican (NY),/team/8956/10240,28752,CACC,2,2010,10240,NA
2692,Dowling,/team/2692/12973,11265,ECC,2,2018,12973,NA
2692,Dowling,/team/2692/12560,11265,ECC,2,2017,12560,NA
2692,Dowling,/team/2692/12360,11265,ECC,2,2016,12360,NA
2692,Dowling,/team/2692/12080,11265,ECC,2,2015,12080,NA
2692,Dowling,/team/2692/11620,11265,ECC,2,2014,11620,NA
2692,Dowling,/team/2692/11320,11265,ECC,2,2013,11320,NA
2692,Dowling,/team/2692/10942,11265,ECC,2,2012,10942,NA
2692,Dowling,/team/2692/10561,11265,ECC,2,2011,10561,NA
2692,Dowling,/team/2692/10240,11265,ECC,2,2010,10240,NA
1057,Drury,/teams/615112,855,GLVC,2,2026,17040,615112
1057,Drury,/teams/596965,855,GLVC,2,2025,16840,596965
1057,Drury,/team/1057/16580,855,GLVC,2,2024,16580,NA
1057,Drury,/team/1057/16340,855,GLVC,2,2023,16340,NA
1057,Drury,/team/1057/15860,855,GLVC,2,2022,15860,NA
1057,Drury,/team/1057/15580,855,GLVC,2,2021,15580,NA
1057,Drury,/team/1057/15204,855,GLVC,2,2020,15204,NA
1057,Drury,/team/1057/14781,855,GLVC,2,2019,14781,NA
1057,Drury,/team/1057/12973,855,GLVC,2,2018,12973,NA
1057,Drury,/team/1057/12560,855,GLVC,2,2017,12560,NA
1057,Drury,/team/1057/12360,855,GLVC,2,2016,12360,NA
1057,Drury,/team/1057/12080,855,GLVC,2,2015,12080,NA
1057,Drury,/team/1057/11620,855,GLVC,2,2014,11620,NA
1057,Drury,/team/1057/11320,855,GLVC,2,2013,11320,NA
1057,Drury,/team/1057/10942,855,GLVC,2,2012,10942,NA
1057,Drury,/team/1057/10561,855,GLVC,2,2011,10561,NA
1057,Drury,/team/1057/10240,855,GLVC,2,2010,10240,NA
8965,East Central,/teams/614924,30144,GAC,2,2026,17040,614924
8965,East Central,/teams/596774,30144,GAC,2,2025,16840,596774
8965,East Central,/team/8965/16580,30144,GAC,2,2024,16580,NA
8965,East Central,/team/8965/16340,30144,GAC,2,2023,16340,NA
8965,East Central,/team/8965/15860,30144,GAC,2,2022,15860,NA
8965,East Central,/team/8965/15580,30144,GAC,2,2021,15580,NA
8965,East Central,/team/8965/15204,30144,GAC,2,2020,15204,NA
8965,East Central,/team/8965/14781,30144,GAC,2,2019,14781,NA
8965,East Central,/team/8965/12973,30144,GAC,2,2018,12973,NA
8965,East Central,/team/8965/12560,30144,GAC,2,2017,12560,NA
8965,East Central,/team/8965/12360,30144,GAC,2,2016,12360,NA
8965,East Central,/team/8965/12080,30144,GAC,2,2015,12080,NA
8965,East Central,/team/8965/11620,30144,GAC,2,2014,11620,NA
8965,East Central,/team/8965/11320,30144,GAC,2,2013,11320,NA
8965,East Central,/team/8965/10942,30144,GAC,2,2012,10942,NA
8965,East Central,/team/8965/10561,868,Lone Star,2,2011,10561,NA
8965,East Central,/team/8965/10240,868,Lone Star,2,2010,10240,NA
197,East Stroudsburg,/teams/615030,906,PSAC,2,2026,17040,615030
197,East Stroudsburg,/teams/596881,906,PSAC,2,2025,16840,596881
197,East Stroudsburg,/team/197/16580,906,PSAC,2,2024,16580,NA
197,East Stroudsburg,/team/197/16340,906,PSAC,2,2023,16340,NA
197,East Stroudsburg,/team/197/15860,906,PSAC,2,2022,15860,NA
197,East Stroudsburg,/team/197/15580,906,PSAC,2,2021,15580,NA
197,East Stroudsburg,/team/197/15204,906,PSAC,2,2020,15204,NA
197,East Stroudsburg,/team/197/14781,906,PSAC,2,2019,14781,NA
197,East Stroudsburg,/team/197/12973,906,PSAC,2,2018,12973,NA
197,East Stroudsburg,/team/197/12560,906,PSAC,2,2017,12560,NA
197,East Stroudsburg,/team/197/12360,906,PSAC,2,2016,12360,NA
197,East Stroudsburg,/team/197/12080,906,PSAC,2,2015,12080,NA
197,East Stroudsburg,/team/197/11620,906,PSAC,2,2014,11620,NA
197,East Stroudsburg,/team/197/11320,906,PSAC,2,2013,11320,NA
197,East Stroudsburg,/team/197/10942,906,PSAC,2,2012,10942,NA
197,East Stroudsburg,/team/197/10561,906,PSAC,2,2011,10561,NA
197,East Stroudsburg,/team/197/10240,906,PSAC,2,2010,10240,NA
206,Eastern N.M.,/teams/615032,868,Lone Star,2,2026,17040,615032
206,Eastern N.M.,/teams/596883,868,Lone Star,2,2025,16840,596883
206,Eastern N.M.,/team/206/16580,868,Lone Star,2,2024,16580,NA
206,Eastern N.M.,/team/206/16340,868,Lone Star,2,2023,16340,NA
206,Eastern N.M.,/team/206/15860,868,Lone Star,2,2022,15860,NA
206,Eastern N.M.,/team/206/15580,868,Lone Star,2,2021,15580,NA
206,Eastern N.M.,/team/206/15204,868,Lone Star,2,2020,15204,NA
206,Eastern N.M.,/team/206/14781,868,Lone Star,2,2019,14781,NA
206,Eastern N.M.,/team/206/12973,868,Lone Star,2,2018,12973,NA
206,Eastern N.M.,/team/206/12560,868,Lone Star,2,2017,12560,NA
206,Eastern N.M.,/team/206/12360,868,Lone Star,2,2016,12360,NA
206,Eastern N.M.,/team/206/12080,868,Lone Star,2,2015,12080,NA
206,Eastern N.M.,/team/206/11620,868,Lone Star,2,2014,11620,NA
206,Eastern N.M.,/team/206/11320,868,Lone Star,2,2013,11320,NA
206,Eastern N.M.,/team/206/10942,868,Lone Star,2,2012,10942,NA
206,Eastern N.M.,/team/206/10561,868,Lone Star,2,2011,10561,NA
206,Eastern N.M.,/team/206/10240,868,Lone Star,2,2010,10240,NA
208,Eckerd,/teams/615033,919,Sunshine State,2,2026,17040,615033
208,Eckerd,/teams/596884,919,Sunshine State,2,2025,16840,596884
208,Eckerd,/team/208/16580,919,Sunshine State,2,2024,16580,NA
208,Eckerd,/team/208/16340,919,Sunshine State,2,2023,16340,NA
208,Eckerd,/team/208/15860,919,Sunshine State,2,2022,15860,NA
208,Eckerd,/team/208/15580,919,Sunshine State,2,2021,15580,NA
208,Eckerd,/team/208/15204,919,Sunshine State,2,2020,15204,NA
208,Eckerd,/team/208/14781,919,Sunshine State,2,2019,14781,NA
208,Eckerd,/team/208/12973,919,Sunshine State,2,2018,12973,NA
208,Eckerd,/team/208/12560,919,Sunshine State,2,2017,12560,NA
208,Eckerd,/team/208/12360,919,Sunshine State,2,2016,12360,NA
208,Eckerd,/team/208/12080,919,Sunshine State,2,2015,12080,NA
208,Eckerd,/team/208/11620,919,Sunshine State,2,2014,11620,NA
208,Eckerd,/team/208/11320,919,Sunshine State,2,2013,11320,NA
208,Eckerd,/team/208/10942,919,Sunshine State,2,2012,10942,NA
208,Eckerd,/team/208/10561,919,Sunshine State,2,2011,10561,NA
208,Eckerd,/team/208/10240,919,Sunshine State,2,2010,10240,NA
30244,Edward Waters,/teams/615115,913,SIAC,2,2026,17040,615115
30244,Edward Waters,/teams/596968,913,SIAC,2,2025,16840,596968
30244,Edward Waters,/team/30244/16580,913,SIAC,2,2024,16580,NA
30244,Edward Waters,/team/30244/16340,913,SIAC,2,2023,16340,NA
30244,Edward Waters,/team/30244/15860,913,SIAC,2,2022,15860,NA
210,Elizabeth City St.,/team/210/12080,832,CIAA,2,2015,12080,NA
210,Elizabeth City St.,/team/210/11620,832,CIAA,2,2014,11620,NA
210,Elizabeth City St.,/team/210/11320,832,CIAA,2,2013,11320,NA
210,Elizabeth City St.,/team/210/10942,832,CIAA,2,2012,10942,NA
210,Elizabeth City St.,/team/210/10561,832,CIAA,2,2011,10561,NA
210,Elizabeth City St.,/team/210/10240,832,CIAA,2,2010,10240,NA
9680,Embry-Riddle (FL),/teams/614931,919,Sunshine State,2,2026,17040,614931
9680,Embry-Riddle (FL),/teams/596781,919,Sunshine State,2,2025,16840,596781
9680,Embry-Riddle (FL),/team/9680/16580,919,Sunshine State,2,2024,16580,NA
9680,Embry-Riddle (FL),/team/9680/16340,919,Sunshine State,2,2023,16340,NA
9680,Embry-Riddle (FL),/team/9680/15860,919,Sunshine State,2,2022,15860,NA
9680,Embry-Riddle (FL),/team/9680/15580,919,Sunshine State,2,2021,15580,NA
9680,Embry-Riddle (FL),/team/9680/15204,919,Sunshine State,2,2020,15204,NA
9680,Embry-Riddle (FL),/team/9680/14781,919,Sunshine State,2,2019,14781,NA
9680,Embry-Riddle (FL),/team/9680/12973,919,Sunshine State,2,2018,12973,NA
9680,Embry-Riddle (FL),/team/9680/12560,919,Sunshine State,2,2017,12560,NA
9680,Embry-Riddle (FL),/team/9680/12360,919,Sunshine State,2,2016,12360,NA
30193,Emmanuel (GA),/teams/614987,4423,Conference Carolinas,2,2026,17040,614987
30193,Emmanuel (GA),/teams/596838,4423,Conference Carolinas,2,2025,16840,596838
30193,Emmanuel (GA),/team/30193/16580,4423,Conference Carolinas,2,2024,16580,NA
30193,Emmanuel (GA),/team/30193/16340,4423,Conference Carolinas,2,2023,16340,NA
30193,Emmanuel (GA),/team/30193/15860,4423,Conference Carolinas,2,2022,15860,NA
30193,Emmanuel (GA),/team/30193/15580,4423,Conference Carolinas,2,2021,15580,NA
30193,Emmanuel (GA),/team/30193/15204,4423,Conference Carolinas,2,2020,15204,NA
30193,Emmanuel (GA),/team/30193/14781,4423,Conference Carolinas,2,2019,14781,NA
30193,Emmanuel (GA),/team/30193/12973,4423,Conference Carolinas,2,2018,12973,NA
30193,Emmanuel (GA),/team/30193/12560,4423,Conference Carolinas,2,2017,12560,NA
30193,Emmanuel (GA),/team/30193/12360,4423,Conference Carolinas,2,2016,12360,NA
30193,Emmanuel (GA),/team/30193/12080,4423,Conference Carolinas,2,2015,12080,NA
30193,Emmanuel (GA),/team/30193/11620,4423,Conference Carolinas,2,2014,11620,NA
216,Emory & Henry,/teams/615027,12850,SAC,2,2026,17040,615027
216,Emory & Henry,/teams/596878,12850,SAC,2,2025,16840,596878
216,Emory & Henry,/team/216/16580,12850,SAC,2,2024,16580,NA
216,Emory & Henry,/team/216/16340,12850,SAC,2,2023,16340,NA
216,Emory & Henry,/team/216/15860,99010,DII Independent,2,2022,15860,NA
1071,Emporia St.,/teams/615113,883,Mid-America Intercollegiate,2,2026,17040,615113
1071,Emporia St.,/teams/596966,883,Mid-America Intercollegiate,2,2025,16840,596966
1071,Emporia St.,/team/1071/16580,883,Mid-America Intercollegiate,2,2024,16580,NA
1071,Emporia St.,/team/1071/16340,883,Mid-America Intercollegiate,2,2023,16340,NA
1071,Emporia St.,/team/1071/15860,883,Mid-America Intercollegiate,2,2022,15860,NA
1071,Emporia St.,/team/1071/15580,883,Mid-America Intercollegiate,2,2021,15580,NA
1071,Emporia St.,/team/1071/15204,883,Mid-America Intercollegiate,2,2020,15204,NA
1071,Emporia St.,/team/1071/14781,883,Mid-America Intercollegiate,2,2019,14781,NA
1071,Emporia St.,/team/1071/12973,883,Mid-America Intercollegiate,2,2018,12973,NA
1071,Emporia St.,/team/1071/12560,883,Mid-America Intercollegiate,2,2017,12560,NA
1071,Emporia St.,/team/1071/12360,883,Mid-America Intercollegiate,2,2016,12360,NA
1071,Emporia St.,/team/1071/12080,883,Mid-America Intercollegiate,2,2015,12080,NA
1071,Emporia St.,/team/1071/11620,883,Mid-America Intercollegiate,2,2014,11620,NA
1071,Emporia St.,/team/1071/11320,883,Mid-America Intercollegiate,2,2013,11320,NA
1071,Emporia St.,/team/1071/10942,883,Mid-America Intercollegiate,2,2012,10942,NA
1071,Emporia St.,/team/1071/10561,883,Mid-America Intercollegiate,2,2011,10561,NA
1071,Emporia St.,/team/1071/10240,883,Mid-America Intercollegiate,2,2010,10240,NA
1072,Erskine,/teams/615114,4423,Conference Carolinas,2,2026,17040,615114
1072,Erskine,/teams/596967,4423,Conference Carolinas,2,2025,16840,596967
1072,Erskine,/team/1072/16580,4423,Conference Carolinas,2,2024,16580,NA
1072,Erskine,/team/1072/16340,4423,Conference Carolinas,2,2023,16340,NA
1072,Erskine,/team/1072/15860,4423,Conference Carolinas,2,2022,15860,NA
1072,Erskine,/team/1072/15580,4423,Conference Carolinas,2,2021,15580,NA
1072,Erskine,/team/1072/15204,4423,Conference Carolinas,2,2020,15204,NA
1072,Erskine,/team/1072/14781,4423,Conference Carolinas,2,2019,14781,NA
1072,Erskine,/team/1072/12973,4423,Conference Carolinas,2,2018,12973,NA
1072,Erskine,/team/1072/12560,4423,Conference Carolinas,2,2017,12560,NA
1072,Erskine,/team/1072/12360,4423,Conference Carolinas,2,2016,12360,NA
1072,Erskine,/team/1072/12080,4423,Conference Carolinas,2,2015,12080,NA
1072,Erskine,/team/1072/11620,4423,Conference Carolinas,2,2014,11620,NA
1072,Erskine,/team/1072/11320,4423,Conference Carolinas,2,2013,11320,NA
1072,Erskine,/team/1072/10942,4423,Conference Carolinas,2,2012,10942,NA
1072,Erskine,/team/1072/10561,4423,Conference Carolinas,2,2011,10561,NA
1072,Erskine,/team/1072/10240,4423,Conference Carolinas,2,2010,10240,NA
1076,Fairmont St.,/teams/614874,30183,MEC,2,2026,17040,614874
1076,Fairmont St.,/teams/596724,30183,MEC,2,2025,16840,596724
1076,Fairmont St.,/team/1076/16580,30183,MEC,2,2024,16580,NA
1076,Fairmont St.,/team/1076/16340,30183,MEC,2,2023,16340,NA
1076,Fairmont St.,/team/1076/15860,30183,MEC,2,2022,15860,NA
1076,Fairmont St.,/team/1076/15580,30183,MEC,2,2021,15580,NA
1076,Fairmont St.,/team/1076/15204,30183,MEC,2,2020,15204,NA
1076,Fairmont St.,/team/1076/14781,30183,MEC,2,2019,14781,NA
1076,Fairmont St.,/team/1076/12973,30183,MEC,2,2018,12973,NA
1076,Fairmont St.,/team/1076/12560,30183,MEC,2,2017,12560,NA
1076,Fairmont St.,/team/1076/12360,30183,MEC,2,2016,12360,NA
1076,Fairmont St.,/team/1076/12080,30183,MEC,2,2015,12080,NA
1076,Fairmont St.,/team/1076/11620,30183,MEC,2,2014,11620,NA
1076,Fairmont St.,/team/1076/11320,21344,WVIAC,2,2013,11320,NA
1076,Fairmont St.,/team/1076/10942,21344,WVIAC,2,2012,10942,NA
1076,Fairmont St.,/team/1076/10561,21344,WVIAC,2,2011,10561,NA
1076,Fairmont St.,/team/1076/10240,21344,WVIAC,2,2010,10240,NA
23157,Felician,/teams/614946,28752,CACC,2,2026,17040,614946
23157,Felician,/teams/596796,28752,CACC,2,2025,16840,596796
23157,Felician,/team/23157/16580,28752,CACC,2,2024,16580,NA
23157,Felician,/team/23157/16340,28752,CACC,2,2023,16340,NA
23157,Felician,/team/23157/15860,28752,CACC,2,2022,15860,NA
23157,Felician,/team/23157/15580,28752,CACC,2,2021,15580,NA
23157,Felician,/team/23157/15204,28752,CACC,2,2020,15204,NA
23157,Felician,/team/23157/14781,28752,CACC,2,2019,14781,NA
23157,Felician,/team/23157/12973,28752,CACC,2,2018,12973,NA
23157,Felician,/team/23157/12560,28752,CACC,2,2017,12560,NA
23157,Felician,/team/23157/12360,28752,CACC,2,2016,12360,NA
23157,Felician,/team/23157/12080,28752,CACC,2,2015,12080,NA
23157,Felician,/team/23157/11620,28752,CACC,2,2014,11620,NA
23157,Felician,/team/23157/11320,28752,CACC,2,2013,11320,NA
23157,Felician,/team/23157/10942,28752,CACC,2,2012,10942,NA
23157,Felician,/team/23157/10561,28752,CACC,2,2011,10561,NA
23157,Felician,/team/23157/10240,28752,CACC,2,2010,10240,NA
NA,Ferrum,/teams/615208,4423,Conference Carolinas,2,2026,17040,615208
1079,Findlay,/teams/614876,30182,G-MAC,2,2026,17040,614876
1079,Findlay,/teams/596725,30182,G-MAC,2,2025,16840,596725
1079,Findlay,/team/1079/16580,30182,G-MAC,2,2024,16580,NA
1079,Findlay,/team/1079/16340,30182,G-MAC,2,2023,16340,NA
1079,Findlay,/team/1079/15860,30182,G-MAC,2,2022,15860,NA
1079,Findlay,/team/1079/15580,30182,G-MAC,2,2021,15580,NA
1079,Findlay,/team/1079/15204,30182,G-MAC,2,2020,15204,NA
1079,Findlay,/team/1079/14781,30182,G-MAC,2,2019,14781,NA
1079,Findlay,/team/1079/12973,30182,G-MAC,2,2018,12973,NA
1079,Findlay,/team/1079/12560,854,GLIAC,2,2017,12560,NA
1079,Findlay,/team/1079/12360,854,GLIAC,2,2016,12360,NA
1079,Findlay,/team/1079/12080,854,GLIAC,2,2015,12080,NA
1079,Findlay,/team/1079/11620,854,GLIAC,2,2014,11620,NA
1079,Findlay,/team/1079/11320,854,GLIAC,2,2013,11320,NA
1079,Findlay,/team/1079/10942,854,GLIAC,2,2012,10942,NA
1079,Findlay,/team/1079/10561,854,GLIAC,2,2011,10561,NA
1079,Findlay,/team/1079/10240,854,GLIAC,2,2010,10240,NA
233,Fla. Southern,/teams/615035,919,Sunshine State,2,2026,17040,615035
233,Fla. Southern,/teams/596886,919,Sunshine State,2,2025,16840,596886
233,Fla. Southern,/team/233/16580,919,Sunshine State,2,2024,16580,NA
233,Fla. Southern,/team/233/16340,919,Sunshine State,2,2023,16340,NA
233,Fla. Southern,/team/233/15860,919,Sunshine State,2,2022,15860,NA
233,Fla. Southern,/team/233/15580,919,Sunshine State,2,2021,15580,NA
233,Fla. Southern,/team/233/15204,919,Sunshine State,2,2020,15204,NA
233,Fla. Southern,/team/233/14781,919,Sunshine State,2,2019,14781,NA
233,Fla. Southern,/team/233/12973,919,Sunshine State,2,2018,12973,NA
233,Fla. Southern,/team/233/12560,919,Sunshine State,2,2017,12560,NA
233,Fla. Southern,/team/233/12360,919,Sunshine State,2,2016,12360,NA
233,Fla. Southern,/team/233/12080,919,Sunshine State,2,2015,12080,NA
233,Fla. Southern,/team/233/11620,919,Sunshine State,2,2014,11620,NA
233,Fla. Southern,/team/233/11320,919,Sunshine State,2,2013,11320,NA
233,Fla. Southern,/team/233/10942,919,Sunshine State,2,2012,10942,NA
233,Fla. Southern,/team/233/10561,919,Sunshine State,2,2011,10561,NA
233,Fla. Southern,/team/233/10240,919,Sunshine State,2,2010,10240,NA
30092,Flagler,/teams/614962,12923,Peach Belt,2,2026,17040,614962
30092,Flagler,/teams/596812,12923,Peach Belt,2,2025,16840,596812
30092,Flagler,/team/30092/16580,12923,Peach Belt,2,2024,16580,NA
30092,Flagler,/team/30092/16340,12923,Peach Belt,2,2023,16340,NA
30092,Flagler,/team/30092/15860,12923,Peach Belt,2,2022,15860,NA
30092,Flagler,/team/30092/15580,12923,Peach Belt,2,2021,15580,NA
30092,Flagler,/team/30092/15204,12923,Peach Belt,2,2020,15204,NA
30092,Flagler,/team/30092/14781,12923,Peach Belt,2,2019,14781,NA
30092,Flagler,/team/30092/12973,12923,Peach Belt,2,2018,12973,NA
30092,Flagler,/team/30092/12560,12923,Peach Belt,2,2017,12560,NA
30092,Flagler,/team/30092/12360,12923,Peach Belt,2,2016,12360,NA
30092,Flagler,/team/30092/12080,12923,Peach Belt,2,2015,12080,NA
30092,Flagler,/team/30092/11620,12923,Peach Belt,2,2014,11620,NA
30092,Flagler,/team/30092/11320,12923,Peach Belt,2,2013,11320,NA
30092,Flagler,/team/30092/10942,12923,Peach Belt,2,2012,10942,NA
30092,Flagler,/team/30092/10561,12923,Peach Belt,2,2011,10561,NA
30092,Flagler,/team/30092/10240,12923,Peach Belt,2,2010,10240,NA
230,Florida Tech,/teams/615034,919,Sunshine State,2,2026,17040,615034
230,Florida Tech,/teams/596885,919,Sunshine State,2,2025,16840,596885
230,Florida Tech,/team/230/16580,919,Sunshine State,2,2024,16580,NA
230,Florida Tech,/team/230/16340,919,Sunshine State,2,2023,16340,NA
230,Florida Tech,/team/230/15860,919,Sunshine State,2,2022,15860,NA
230,Florida Tech,/team/230/15580,919,Sunshine State,2,2021,15580,NA
230,Florida Tech,/team/230/15204,919,Sunshine State,2,2020,15204,NA
230,Florida Tech,/team/230/14781,919,Sunshine State,2,2019,14781,NA
230,Florida Tech,/team/230/12973,919,Sunshine State,2,2018,12973,NA
230,Florida Tech,/team/230/12560,919,Sunshine State,2,2017,12560,NA
230,Florida Tech,/team/230/12360,919,Sunshine State,2,2016,12360,NA
230,Florida Tech,/team/230/12080,919,Sunshine State,2,2015,12080,NA
230,Florida Tech,/team/230/11620,919,Sunshine State,2,2014,11620,NA
230,Florida Tech,/team/230/11320,919,Sunshine State,2,2013,11320,NA
230,Florida Tech,/team/230/10942,919,Sunshine State,2,2012,10942,NA
230,Florida Tech,/team/230/10561,919,Sunshine State,2,2011,10561,NA
230,Florida Tech,/team/230/10240,919,Sunshine State,2,2010,10240,NA
9011,Fort Hays St.,/teams/614925,883,Mid-America Intercollegiate,2,2026,17040,614925
9011,Fort Hays St.,/teams/596775,883,Mid-America Intercollegiate,2,2025,16840,596775
9011,Fort Hays St.,/team/9011/16580,883,Mid-America Intercollegiate,2,2024,16580,NA
9011,Fort Hays St.,/team/9011/16340,883,Mid-America Intercollegiate,2,2023,16340,NA
9011,Fort Hays St.,/team/9011/15860,883,Mid-America Intercollegiate,2,2022,15860,NA
9011,Fort Hays St.,/team/9011/15580,883,Mid-America Intercollegiate,2,2021,15580,NA
9011,Fort Hays St.,/team/9011/15204,883,Mid-America Intercollegiate,2,2020,15204,NA
9011,Fort Hays St.,/team/9011/14781,883,Mid-America Intercollegiate,2,2019,14781,NA
9011,Fort Hays St.,/team/9011/12973,883,Mid-America Intercollegiate,2,2018,12973,NA
9011,Fort Hays St.,/team/9011/12560,883,Mid-America Intercollegiate,2,2017,12560,NA
9011,Fort Hays St.,/team/9011/12360,883,Mid-America Intercollegiate,2,2016,12360,NA
9011,Fort Hays St.,/team/9011/12080,883,Mid-America Intercollegiate,2,2015,12080,NA
9011,Fort Hays St.,/team/9011/11620,883,Mid-America Intercollegiate,2,2014,11620,NA
9011,Fort Hays St.,/team/9011/11320,883,Mid-America Intercollegiate,2,2013,11320,NA
9011,Fort Hays St.,/team/9011/10942,883,Mid-America Intercollegiate,2,2012,10942,NA
9011,Fort Hays St.,/team/9011/10561,883,Mid-America Intercollegiate,2,2011,10561,NA
9011,Fort Hays St.,/team/9011/10240,883,Mid-America Intercollegiate,2,2010,10240,NA
1085,Francis Marion,/teams/614877,4423,Conference Carolinas,2,2026,17040,614877
1085,Francis Marion,/teams/596726,4423,Conference Carolinas,2,2025,16840,596726
1085,Francis Marion,/team/1085/16580,4423,Conference Carolinas,2,2024,16580,NA
1085,Francis Marion,/team/1085/16340,4423,Conference Carolinas,2,2023,16340,NA
1085,Francis Marion,/team/1085/15860,4423,Conference Carolinas,2,2022,15860,NA
1085,Francis Marion,/team/1085/15580,12923,Peach Belt,2,2021,15580,NA
1085,Francis Marion,/team/1085/15204,12923,Peach Belt,2,2020,15204,NA
1085,Francis Marion,/team/1085/14781,12923,Peach Belt,2,2019,14781,NA
1085,Francis Marion,/team/1085/12973,12923,Peach Belt,2,2018,12973,NA
1085,Francis Marion,/team/1085/12560,12923,Peach Belt,2,2017,12560,NA
1085,Francis Marion,/team/1085/12360,12923,Peach Belt,2,2016,12360,NA
1085,Francis Marion,/team/1085/12080,12923,Peach Belt,2,2015,12080,NA
1085,Francis Marion,/team/1085/11620,12923,Peach Belt,2,2014,11620,NA
1085,Francis Marion,/team/1085/11320,12923,Peach Belt,2,2013,11320,NA
1085,Francis Marion,/team/1085/10942,12923,Peach Belt,2,2012,10942,NA
1085,Francis Marion,/team/1085/10561,12923,Peach Belt,2,2011,10561,NA
1085,Francis Marion,/team/1085/10240,12923,Peach Belt,2,2010,10240,NA
241,Franklin Pierce,/teams/615036,899,NE10,2,2026,17040,615036
241,Franklin Pierce,/teams/596887,899,NE10,2,2025,16840,596887
241,Franklin Pierce,/team/241/16580,899,NE10,2,2024,16580,NA
241,Franklin Pierce,/team/241/16340,899,NE10,2,2023,16340,NA
241,Franklin Pierce,/team/241/15860,899,NE10,2,2022,15860,NA
241,Franklin Pierce,/team/241/15580,899,NE10,2,2021,15580,NA
241,Franklin Pierce,/team/241/15204,899,NE10,2,2020,15204,NA
241,Franklin Pierce,/team/241/14781,899,NE10,2,2019,14781,NA
241,Franklin Pierce,/team/241/12973,899,NE10,2,2018,12973,NA
241,Franklin Pierce,/team/241/12560,899,NE10,2,2017,12560,NA
241,Franklin Pierce,/team/241/12360,899,NE10,2,2016,12360,NA
241,Franklin Pierce,/team/241/12080,899,NE10,2,2015,12080,NA
241,Franklin Pierce,/team/241/11620,899,NE10,2,2014,11620,NA
241,Franklin Pierce,/team/241/11320,899,NE10,2,2013,11320,NA
241,Franklin Pierce,/team/241/10942,899,NE10,2,2012,10942,NA
241,Franklin Pierce,/team/241/10561,899,NE10,2,2011,10561,NA
241,Franklin Pierce,/team/241/10240,899,NE10,2,2010,10240,NA
30147,Fresno Pacific,/teams/614974,19591,PacWest,2,2026,17040,614974
30147,Fresno Pacific,/teams/596825,19591,PacWest,2,2025,16840,596825
30147,Fresno Pacific,/team/30147/16580,19591,PacWest,2,2024,16580,NA
30147,Fresno Pacific,/team/30147/16340,19591,PacWest,2,2023,16340,NA
30147,Fresno Pacific,/team/30147/15860,19591,PacWest,2,2022,15860,NA
30147,Fresno Pacific,/team/30147/15580,19591,PacWest,2,2021,15580,NA
30147,Fresno Pacific,/team/30147/15204,19591,PacWest,2,2020,15204,NA
30147,Fresno Pacific,/team/30147/14781,19591,PacWest,2,2019,14781,NA
30147,Fresno Pacific,/team/30147/12973,19591,PacWest,2,2018,12973,NA
30147,Fresno Pacific,/team/30147/12560,19591,PacWest,2,2017,12560,NA
30147,Fresno Pacific,/team/30147/12360,19591,PacWest,2,2016,12360,NA
30147,Fresno Pacific,/team/30147/12080,19591,PacWest,2,2015,12080,NA
243,Frostburg St.,/teams/614996,30183,MEC,2,2026,17040,614996
243,Frostburg St.,/teams/596847,30183,MEC,2,2025,16840,596847
243,Frostburg St.,/team/243/16580,30183,MEC,2,2024,16580,NA
243,Frostburg St.,/team/243/16340,30183,MEC,2,2023,16340,NA
243,Frostburg St.,/team/243/15860,30183,MEC,2,2022,15860,NA
243,Frostburg St.,/team/243/15580,30183,MEC,2,2021,15580,NA
243,Frostburg St.,/team/243/15204,30183,MEC,2,2020,15204,NA
1097,Ga. Southwestern,/teams/614879,12923,Peach Belt,2,2026,17040,614879
1097,Ga. Southwestern,/teams/596728,12923,Peach Belt,2,2025,16840,596728
1097,Ga. Southwestern,/team/1097/16580,12923,Peach Belt,2,2024,16580,NA
1097,Ga. Southwestern,/team/1097/16340,12923,Peach Belt,2,2023,16340,NA
1097,Ga. Southwestern,/team/1097/15860,12923,Peach Belt,2,2022,15860,NA
1097,Ga. Southwestern,/team/1097/15580,12923,Peach Belt,2,2021,15580,NA
1097,Ga. Southwestern,/team/1097/15204,12923,Peach Belt,2,2020,15204,NA
1097,Ga. Southwestern,/team/1097/14781,12923,Peach Belt,2,2019,14781,NA
1097,Ga. Southwestern,/team/1097/12973,12923,Peach Belt,2,2018,12973,NA
1097,Ga. Southwestern,/team/1097/12560,12923,Peach Belt,2,2017,12560,NA
1097,Ga. Southwestern,/team/1097/12360,12923,Peach Belt,2,2016,12360,NA
1097,Ga. Southwestern,/team/1097/12080,12923,Peach Belt,2,2015,12080,NA
1097,Ga. Southwestern,/team/1097/11620,12923,Peach Belt,2,2014,11620,NA
1097,Ga. Southwestern,/team/1097/11320,12923,Peach Belt,2,2013,11320,NA
1097,Ga. Southwestern,/team/1097/10942,12923,Peach Belt,2,2012,10942,NA
1097,Ga. Southwestern,/team/1097/10561,12923,Peach Belt,2,2011,10561,NA
1097,Ga. Southwestern,/team/1097/10240,12923,Peach Belt,2,2010,10240,NA
246,Gannon,/teams/615037,906,PSAC,2,2026,17040,615037
246,Gannon,/teams/596888,906,PSAC,2,2025,16840,596888
246,Gannon,/team/246/16580,906,PSAC,2,2024,16580,NA
246,Gannon,/team/246/16340,906,PSAC,2,2023,16340,NA
246,Gannon,/team/246/15860,906,PSAC,2,2022,15860,NA
246,Gannon,/team/246/15580,906,PSAC,2,2021,15580,NA
246,Gannon,/team/246/15204,906,PSAC,2,2020,15204,NA
246,Gannon,/team/246/14781,906,PSAC,2,2019,14781,NA
246,Gannon,/team/246/12973,906,PSAC,2,2018,12973,NA
246,Gannon,/team/246/12560,906,PSAC,2,2017,12560,NA
246,Gannon,/team/246/12360,906,PSAC,2,2016,12360,NA
246,Gannon,/team/246/12080,906,PSAC,2,2015,12080,NA
246,Gannon,/team/246/11620,906,PSAC,2,2014,11620,NA
246,Gannon,/team/246/11320,906,PSAC,2,2013,11320,NA
246,Gannon,/team/246/10942,906,PSAC,2,2012,10942,NA
246,Gannon,/team/246/10561,906,PSAC,2,2011,10561,NA
246,Gannon,/team/246/10240,906,PSAC,2,2010,10240,NA
30161,Georgetown (KY),/team/30161/11320,0,Independent,2,2013,11320,NA
1096,Georgia College,/teams/614878,12923,Peach Belt,2,2026,17040,614878
1096,Georgia College,/teams/596727,12923,Peach Belt,2,2025,16840,596727
1096,Georgia College,/team/1096/16580,12923,Peach Belt,2,2024,16580,NA
1096,Georgia College,/team/1096/16340,12923,Peach Belt,2,2023,16340,NA
1096,Georgia College,/team/1096/15860,12923,Peach Belt,2,2022,15860,NA
1096,Georgia College,/team/1096/15580,12923,Peach Belt,2,2021,15580,NA
1096,Georgia College,/team/1096/15204,12923,Peach Belt,2,2020,15204,NA
1096,Georgia College,/team/1096/14781,12923,Peach Belt,2,2019,14781,NA
1096,Georgia College,/team/1096/12973,12923,Peach Belt,2,2018,12973,NA
1096,Georgia College,/team/1096/12560,12923,Peach Belt,2,2017,12560,NA
1096,Georgia College,/team/1096/12360,12923,Peach Belt,2,2016,12360,NA
1096,Georgia College,/team/1096/12080,12923,Peach Belt,2,2015,12080,NA
1096,Georgia College,/team/1096/11620,12923,Peach Belt,2,2014,11620,NA
1096,Georgia College,/team/1096/11320,12923,Peach Belt,2,2013,11320,NA
1096,Georgia College,/team/1096/10942,12923,Peach Belt,2,2012,10942,NA
1096,Georgia College,/team/1096/10561,12923,Peach Belt,2,2011,10561,NA
1096,Georgia College,/team/1096/10240,12923,Peach Belt,2,2010,10240,NA
NA,Georgian Court,/teams/614871,28752,CACC,2,2026,17040,614871
NA,Georgian Court,/teams/601301,28752,CACC,2,2025,16840,601301
1098,Glenville St.,/teams/614880,30183,MEC,2,2026,17040,614880
1098,Glenville St.,/teams/596729,30183,MEC,2,2025,16840,596729
1098,Glenville St.,/team/1098/16580,30183,MEC,2,2024,16580,NA
1098,Glenville St.,/team/1098/16340,30183,MEC,2,2023,16340,NA
1098,Glenville St.,/team/1098/15860,30183,MEC,2,2022,15860,NA
1098,Glenville St.,/team/1098/15580,30183,MEC,2,2021,15580,NA
1098,Glenville St.,/team/1098/15204,30183,MEC,2,2020,15204,NA
1098,Glenville St.,/team/1098/14781,30183,MEC,2,2019,14781,NA
1098,Glenville St.,/team/1098/12973,30183,MEC,2,2018,12973,NA
1098,Glenville St.,/team/1098/12560,30183,MEC,2,2017,12560,NA
1098,Glenville St.,/team/1098/12360,30183,MEC,2,2016,12360,NA
1098,Glenville St.,/team/1098/12080,30183,MEC,2,2015,12080,NA
1098,Glenville St.,/team/1098/11620,30183,MEC,2,2014,11620,NA
1098,Glenville St.,/team/1098/11320,21344,WVIAC,2,2013,11320,NA
1098,Glenville St.,/team/1098/10942,21344,WVIAC,2,2012,10942,NA
8366,Goldey-Beacom,/teams/614917,28752,CACC,2,2026,17040,614917
8366,Goldey-Beacom,/teams/596767,28752,CACC,2,2025,16840,596767
8366,Goldey-Beacom,/team/8366/16580,28752,CACC,2,2024,16580,NA
8366,Goldey-Beacom,/team/8366/16340,28752,CACC,2,2023,16340,NA
8366,Goldey-Beacom,/team/8366/15860,28752,CACC,2,2022,15860,NA
8366,Goldey-Beacom,/team/8366/15580,28752,CACC,2,2021,15580,NA
8366,Goldey-Beacom,/team/8366/15204,28752,CACC,2,2020,15204,NA
8366,Goldey-Beacom,/team/8366/14781,28752,CACC,2,2019,14781,NA
8366,Goldey-Beacom,/team/8366/12973,28752,CACC,2,2018,12973,NA
8366,Goldey-Beacom,/team/8366/12560,28752,CACC,2,2017,12560,NA
1104,Grand Canyon,/team/1104/11320,19591,PacWest,2,2013,11320,NA
1104,Grand Canyon,/team/1104/10942,19591,PacWest,2,2012,10942,NA
1104,Grand Canyon,/team/1104/10561,19591,PacWest,2,2011,10561,NA
1104,Grand Canyon,/team/1104/10240,19591,PacWest,2,2010,10240,NA
262,Grand Valley St.,/teams/615038,854,GLIAC,2,2026,17040,615038
262,Grand Valley St.,/teams/596889,854,GLIAC,2,2025,16840,596889
262,Grand Valley St.,/team/262/16580,854,GLIAC,2,2024,16580,NA
262,Grand Valley St.,/team/262/16340,854,GLIAC,2,2023,16340,NA
262,Grand Valley St.,/team/262/15860,854,GLIAC,2,2022,15860,NA
262,Grand Valley St.,/team/262/15580,854,GLIAC,2,2021,15580,NA
262,Grand Valley St.,/team/262/15204,854,GLIAC,2,2020,15204,NA
262,Grand Valley St.,/team/262/14781,854,GLIAC,2,2019,14781,NA
262,Grand Valley St.,/team/262/12973,854,GLIAC,2,2018,12973,NA
262,Grand Valley St.,/team/262/12560,854,GLIAC,2,2017,12560,NA
262,Grand Valley St.,/team/262/12360,854,GLIAC,2,2016,12360,NA
262,Grand Valley St.,/team/262/12080,854,GLIAC,2,2015,12080,NA
262,Grand Valley St.,/team/262/11620,854,GLIAC,2,2014,11620,NA
262,Grand Valley St.,/team/262/11320,854,GLIAC,2,2013,11320,NA
262,Grand Valley St.,/team/262/10942,854,GLIAC,2,2012,10942,NA
262,Grand Valley St.,/team/262/10561,854,GLIAC,2,2011,10561,NA
262,Grand Valley St.,/team/262/10240,854,GLIAC,2,2010,10240,NA
1116,Harding,/teams/614881,30144,GAC,2,2026,17040,614881
1116,Harding,/teams/596730,30144,GAC,2,2025,16840,596730
1116,Harding,/team/1116/16580,30144,GAC,2,2024,16580,NA
1116,Harding,/team/1116/16340,30144,GAC,2,2023,16340,NA
1116,Harding,/team/1116/15860,30144,GAC,2,2022,15860,NA
1116,Harding,/team/1116/15580,30144,GAC,2,2021,15580,NA
1116,Harding,/team/1116/15204,30144,GAC,2,2020,15204,NA
1116,Harding,/team/1116/14781,30144,GAC,2,2019,14781,NA
1116,Harding,/team/1116/12973,30144,GAC,2,2018,12973,NA
1116,Harding,/team/1116/12560,30144,GAC,2,2017,12560,NA
1116,Harding,/team/1116/12360,30144,GAC,2,2016,12360,NA
1116,Harding,/team/1116/12080,30144,GAC,2,2015,12080,NA
1116,Harding,/team/1116/11620,30144,GAC,2,2014,11620,NA
1116,Harding,/team/1116/11320,30144,GAC,2,2013,11320,NA
1116,Harding,/team/1116/10942,30144,GAC,2,2012,10942,NA
1116,Harding,/team/1116/10561,858,Gulf South,2,2011,10561,NA
1116,Harding,/team/1116/10240,858,Gulf South,2,2010,10240,NA
2697,Hawaii Hilo,/teams/614912,19591,PacWest,2,2026,17040,614912
2697,Hawaii Hilo,/teams/596762,19591,PacWest,2,2025,16840,596762
2697,Hawaii Hilo,/team/2697/16580,19591,PacWest,2,2024,16580,NA
2697,Hawaii Hilo,/team/2697/16340,19591,PacWest,2,2023,16340,NA
2697,Hawaii Hilo,/team/2697/15860,19591,PacWest,2,2022,15860,NA
2697,Hawaii Hilo,/team/2697/15580,19591,PacWest,2,2021,15580,NA
2697,Hawaii Hilo,/team/2697/15204,19591,PacWest,2,2020,15204,NA
2697,Hawaii Hilo,/team/2697/14781,19591,PacWest,2,2019,14781,NA
2697,Hawaii Hilo,/team/2697/12973,19591,PacWest,2,2018,12973,NA
2697,Hawaii Hilo,/team/2697/12560,19591,PacWest,2,2017,12560,NA
2697,Hawaii Hilo,/team/2697/12360,19591,PacWest,2,2016,12360,NA
2697,Hawaii Hilo,/team/2697/12080,19591,PacWest,2,2015,12080,NA
2697,Hawaii Hilo,/team/2697/11620,19591,PacWest,2,2014,11620,NA
2697,Hawaii Hilo,/team/2697/11320,19591,PacWest,2,2013,11320,NA
2697,Hawaii Hilo,/team/2697/10942,19591,PacWest,2,2012,10942,NA
2697,Hawaii Hilo,/team/2697/10561,19591,PacWest,2,2011,10561,NA
2697,Hawaii Hilo,/team/2697/10240,19591,PacWest,2,2010,10240,NA
2696,Hawaii Pacific,/teams/614911,19591,PacWest,2,2026,17040,614911
2696,Hawaii Pacific,/teams/596761,19591,PacWest,2,2025,16840,596761
2696,Hawaii Pacific,/team/2696/16580,19591,PacWest,2,2024,16580,NA
2696,Hawaii Pacific,/team/2696/16340,19591,PacWest,2,2023,16340,NA
2696,Hawaii Pacific,/team/2696/15860,19591,PacWest,2,2022,15860,NA
2696,Hawaii Pacific,/team/2696/15580,19591,PacWest,2,2021,15580,NA
2696,Hawaii Pacific,/team/2696/15204,19591,PacWest,2,2020,15204,NA
2696,Hawaii Pacific,/team/2696/14781,19591,PacWest,2,2019,14781,NA
2696,Hawaii Pacific,/team/2696/12973,19591,PacWest,2,2018,12973,NA
2696,Hawaii Pacific,/team/2696/12560,19591,PacWest,2,2017,12560,NA
2696,Hawaii Pacific,/team/2696/12360,19591,PacWest,2,2016,12360,NA
2696,Hawaii Pacific,/team/2696/12080,19591,PacWest,2,2015,12080,NA
2696,Hawaii Pacific,/team/2696/11620,19591,PacWest,2,2014,11620,NA
2696,Hawaii Pacific,/team/2696/11320,19591,PacWest,2,2013,11320,NA
2696,Hawaii Pacific,/team/2696/10942,19591,PacWest,2,2012,10942,NA
2696,Hawaii Pacific,/team/2696/10561,19591,PacWest,2,2011,10561,NA
2696,Hawaii Pacific,/team/2696/10240,19591,PacWest,2,2010,10240,NA
1123,Henderson St.,/teams/614882,30144,GAC,2,2026,17040,614882
1123,Henderson St.,/teams/596731,30144,GAC,2,2025,16840,596731
1123,Henderson St.,/team/1123/16580,30144,GAC,2,2024,16580,NA
1123,Henderson St.,/team/1123/16340,30144,GAC,2,2023,16340,NA
1123,Henderson St.,/team/1123/15860,30144,GAC,2,2022,15860,NA
1123,Henderson St.,/team/1123/15580,30144,GAC,2,2021,15580,NA
1123,Henderson St.,/team/1123/15204,30144,GAC,2,2020,15204,NA
1123,Henderson St.,/team/1123/14781,30144,GAC,2,2019,14781,NA
1123,Henderson St.,/team/1123/12973,30144,GAC,2,2018,12973,NA
1123,Henderson St.,/team/1123/12560,30144,GAC,2,2017,12560,NA
1123,Henderson St.,/team/1123/12360,30144,GAC,2,2016,12360,NA
1123,Henderson St.,/team/1123/12080,30144,GAC,2,2015,12080,NA
1123,Henderson St.,/team/1123/11620,30144,GAC,2,2014,11620,NA
1123,Henderson St.,/team/1123/11320,30144,GAC,2,2013,11320,NA
1123,Henderson St.,/team/1123/10942,30144,GAC,2,2012,10942,NA
1123,Henderson St.,/team/1123/10561,858,Gulf South,2,2011,10561,NA
1123,Henderson St.,/team/1123/10240,858,Gulf South,2,2010,10240,NA
280,Hillsdale,/teams/615039,30182,G-MAC,2,2026,17040,615039
280,Hillsdale,/teams/596890,30182,G-MAC,2,2025,16840,596890
280,Hillsdale,/team/280/16580,30182,G-MAC,2,2024,16580,NA
280,Hillsdale,/team/280/16340,30182,G-MAC,2,2023,16340,NA
280,Hillsdale,/team/280/15860,30182,G-MAC,2,2022,15860,NA
280,Hillsdale,/team/280/15580,30182,G-MAC,2,2021,15580,NA
280,Hillsdale,/team/280/15204,30182,G-MAC,2,2020,15204,NA
280,Hillsdale,/team/280/14781,30182,G-MAC,2,2019,14781,NA
280,Hillsdale,/team/280/12973,30182,G-MAC,2,2018,12973,NA
280,Hillsdale,/team/280/12560,854,GLIAC,2,2017,12560,NA
280,Hillsdale,/team/280/12360,854,GLIAC,2,2016,12360,NA
280,Hillsdale,/team/280/12080,854,GLIAC,2,2015,12080,NA
280,Hillsdale,/team/280/11620,854,GLIAC,2,2014,11620,NA
280,Hillsdale,/team/280/11320,854,GLIAC,2,2013,11320,NA
280,Hillsdale,/team/280/10942,854,GLIAC,2,2012,10942,NA
280,Hillsdale,/team/280/10561,854,GLIAC,2,2011,10561,NA
280,Hillsdale,/team/280/10240,854,GLIAC,2,2010,10240,NA
NA,Holy Family,/teams/615122,28752,CACC,2,2026,17040,615122
NA,Holy Family,/teams/596975,28752,CACC,2,2025,16840,596975
30175,Holy Names,/team/30175/16340,19591,PacWest,2,2023,16340,NA
30175,Holy Names,/team/30175/15860,19591,PacWest,2,2022,15860,NA
30175,Holy Names,/team/30175/15580,19591,PacWest,2,2021,15580,NA
30175,Holy Names,/team/30175/15204,19591,PacWest,2,2020,15204,NA
30175,Holy Names,/team/30175/14781,19591,PacWest,2,2019,14781,NA
30175,Holy Names,/team/30175/12973,19591,PacWest,2,2018,12973,NA
30175,Holy Names,/team/30175/12560,19591,PacWest,2,2017,12560,NA
30050,Ill. Springfield,/teams/614952,855,GLVC,2,2026,17040,614952
30050,Ill. Springfield,/teams/596802,855,GLVC,2,2025,16840,596802
30050,Ill. Springfield,/team/30050/16580,855,GLVC,2,2024,16580,NA
30050,Ill. Springfield,/team/30050/16340,855,GLVC,2,2023,16340,NA
30050,Ill. Springfield,/team/30050/15860,855,GLVC,2,2022,15860,NA
30050,Ill. Springfield,/team/30050/15580,855,GLVC,2,2021,15580,NA
30050,Ill. Springfield,/team/30050/15204,855,GLVC,2,2020,15204,NA
30050,Ill. Springfield,/team/30050/14781,855,GLVC,2,2019,14781,NA
30050,Ill. Springfield,/team/30050/12973,855,GLVC,2,2018,12973,NA
30050,Ill. Springfield,/team/30050/12560,855,GLVC,2,2017,12560,NA
30050,Ill. Springfield,/team/30050/12360,855,GLVC,2,2016,12360,NA
30050,Ill. Springfield,/team/30050/12080,855,GLVC,2,2015,12080,NA
30050,Ill. Springfield,/team/30050/11620,855,GLVC,2,2014,11620,NA
30050,Ill. Springfield,/team/30050/11320,855,GLVC,2,2013,11320,NA
30050,Ill. Springfield,/team/30050/10942,855,GLVC,2,2012,10942,NA
30050,Ill. Springfield,/team/30050/10561,855,GLVC,2,2011,10561,NA
307,Indiana (PA),/teams/615040,906,PSAC,2,2026,17040,615040
307,Indiana (PA),/teams/596891,906,PSAC,2,2025,16840,596891
307,Indiana (PA),/team/307/16580,906,PSAC,2,2024,16580,NA
307,Indiana (PA),/team/307/16340,906,PSAC,2,2023,16340,NA
307,Indiana (PA),/team/307/15860,906,PSAC,2,2022,15860,NA
307,Indiana (PA),/team/307/15580,906,PSAC,2,2021,15580,NA
307,Indiana (PA),/team/307/15204,906,PSAC,2,2020,15204,NA
307,Indiana (PA),/team/307/14781,906,PSAC,2,2019,14781,NA
307,Indiana (PA),/team/307/12973,906,PSAC,2,2018,12973,NA
307,Indiana (PA),/team/307/12560,906,PSAC,2,2017,12560,NA
307,Indiana (PA),/team/307/12360,906,PSAC,2,2016,12360,NA
307,Indiana (PA),/team/307/12080,906,PSAC,2,2015,12080,NA
307,Indiana (PA),/team/307/11620,906,PSAC,2,2014,11620,NA
307,Indiana (PA),/team/307/11320,906,PSAC,2,2013,11320,NA
307,Indiana (PA),/team/307/10942,906,PSAC,2,2012,10942,NA
307,Indiana (PA),/team/307/10561,906,PSAC,2,2011,10561,NA
307,Indiana (PA),/team/307/10240,906,PSAC,2,2010,10240,NA
NA,Jamestown,/teams/621463,12853,NSIC,2,2026,17040,621463
543,Jefferson,/teams/615071,28752,CACC,2,2026,17040,615071
543,Jefferson,/teams/596923,28752,CACC,2,2025,16840,596923
543,Jefferson,/team/543/16580,28752,CACC,2,2024,16580,NA
543,Jefferson,/team/543/16340,28752,CACC,2,2023,16340,NA
543,Jefferson,/team/543/15860,28752,CACC,2,2022,15860,NA
543,Jefferson,/team/543/15580,28752,CACC,2,2021,15580,NA
543,Jefferson,/team/543/15204,28752,CACC,2,2020,15204,NA
543,Jefferson,/team/543/14781,28752,CACC,2,2019,14781,NA
543,Jefferson,/team/543/12973,28752,CACC,2,2018,12973,NA
543,Jefferson,/team/543/12560,28752,CACC,2,2017,12560,NA
543,Jefferson,/team/543/12360,28752,CACC,2,2016,12360,NA
543,Jefferson,/team/543/12080,28752,CACC,2,2015,12080,NA
543,Jefferson,/team/543/11620,28752,CACC,2,2014,11620,NA
543,Jefferson,/team/543/11320,28752,CACC,2,2013,11320,NA
543,Jefferson,/team/543/10942,28752,CACC,2,2012,10942,NA
543,Jefferson,/team/543/10561,28752,CACC,2,2011,10561,NA
543,Jefferson,/team/543/10240,28752,CACC,2,2010,10240,NA
30262,Jessup,/teams/615121,19591,PacWest,2,2026,17040,615121
30262,Jessup,/teams/596974,19591,PacWest,2,2025,16840,596974
30262,Jessup,/team/30262/16580,99010,DII Independent,2,2024,16580,NA
332,Kentucky St.,/teams/615042,913,SIAC,2,2026,17040,615042
332,Kentucky St.,/teams/596893,913,SIAC,2,2025,16840,596893
332,Kentucky St.,/team/332/16580,913,SIAC,2,2024,16580,NA
332,Kentucky St.,/team/332/16340,913,SIAC,2,2023,16340,NA
332,Kentucky St.,/team/332/15860,913,SIAC,2,2022,15860,NA
332,Kentucky St.,/team/332/15580,913,SIAC,2,2021,15580,NA
332,Kentucky St.,/team/332/15204,913,SIAC,2,2020,15204,NA
332,Kentucky St.,/team/332/14781,913,SIAC,2,2019,14781,NA
332,Kentucky St.,/team/332/12973,913,SIAC,2,2018,12973,NA
332,Kentucky St.,/team/332/12560,913,SIAC,2,2017,12560,NA
332,Kentucky St.,/team/332/12360,913,SIAC,2,2016,12360,NA
332,Kentucky St.,/team/332/12080,913,SIAC,2,2015,12080,NA
332,Kentucky St.,/team/332/11620,913,SIAC,2,2014,11620,NA
332,Kentucky St.,/team/332/11320,913,SIAC,2,2013,11320,NA
332,Kentucky St.,/team/332/10942,913,SIAC,2,2012,10942,NA
332,Kentucky St.,/team/332/10561,913,SIAC,2,2011,10561,NA
332,Kentucky St.,/team/332/10240,913,SIAC,2,2010,10240,NA
30051,King (TN),/teams/614953,4423,Conference Carolinas,2,2026,17040,614953
30051,King (TN),/teams/596803,4423,Conference Carolinas,2,2025,16840,596803
30051,King (TN),/team/30051/16580,4423,Conference Carolinas,2,2024,16580,NA
30051,King (TN),/team/30051/16340,4423,Conference Carolinas,2,2023,16340,NA
30051,King (TN),/team/30051/15860,4423,Conference Carolinas,2,2022,15860,NA
30051,King (TN),/team/30051/15580,4423,Conference Carolinas,2,2021,15580,NA
30051,King (TN),/team/30051/15204,4423,Conference Carolinas,2,2020,15204,NA
30051,King (TN),/team/30051/14781,4423,Conference Carolinas,2,2019,14781,NA
30051,King (TN),/team/30051/12973,4423,Conference Carolinas,2,2018,12973,NA
30051,King (TN),/team/30051/12560,4423,Conference Carolinas,2,2017,12560,NA
30051,King (TN),/team/30051/12360,4423,Conference Carolinas,2,2016,12360,NA
30051,King (TN),/team/30051/12080,4423,Conference Carolinas,2,2015,12080,NA
30051,King (TN),/team/30051/11620,4423,Conference Carolinas,2,2014,11620,NA
30051,King (TN),/team/30051/11320,4423,Conference Carolinas,2,2013,11320,NA
30051,King (TN),/team/30051/10942,4423,Conference Carolinas,2,2012,10942,NA
339,Kutztown,/teams/615044,906,PSAC,2,2026,17040,615044
339,Kutztown,/teams/596895,906,PSAC,2,2025,16840,596895
339,Kutztown,/team/339/16580,906,PSAC,2,2024,16580,NA
339,Kutztown,/team/339/16340,906,PSAC,2,2023,16340,NA
339,Kutztown,/team/339/15860,906,PSAC,2,2022,15860,NA
339,Kutztown,/team/339/15580,906,PSAC,2,2021,15580,NA
339,Kutztown,/team/339/15204,906,PSAC,2,2020,15204,NA
339,Kutztown,/team/339/14781,906,PSAC,2,2019,14781,NA
339,Kutztown,/team/339/12973,906,PSAC,2,2018,12973,NA
339,Kutztown,/team/339/12560,906,PSAC,2,2017,12560,NA
339,Kutztown,/team/339/12360,906,PSAC,2,2016,12360,NA
339,Kutztown,/team/339/12080,906,PSAC,2,2015,12080,NA
339,Kutztown,/team/339/11620,906,PSAC,2,2014,11620,NA
339,Kutztown,/team/339/11320,906,PSAC,2,2013,11320,NA
339,Kutztown,/team/339/10942,906,PSAC,2,2012,10942,NA
339,Kutztown,/team/339/10561,906,PSAC,2,2011,10561,NA
339,Kutztown,/team/339/10240,906,PSAC,2,2010,10240,NA
333,Ky. Wesleyan,/teams/615043,30182,G-MAC,2,2026,17040,615043
333,Ky. Wesleyan,/teams/596894,30182,G-MAC,2,2025,16840,596894
333,Ky. Wesleyan,/team/333/16580,30182,G-MAC,2,2024,16580,NA
333,Ky. Wesleyan,/team/333/16340,30182,G-MAC,2,2023,16340,NA
333,Ky. Wesleyan,/team/333/15860,30182,G-MAC,2,2022,15860,NA
333,Ky. Wesleyan,/team/333/15580,30182,G-MAC,2,2021,15580,NA
333,Ky. Wesleyan,/team/333/15204,30182,G-MAC,2,2020,15204,NA
333,Ky. Wesleyan,/team/333/14781,30182,G-MAC,2,2019,14781,NA
333,Ky. Wesleyan,/team/333/12973,30182,G-MAC,2,2018,12973,NA
333,Ky. Wesleyan,/team/333/12560,30182,G-MAC,2,2017,12560,NA
333,Ky. Wesleyan,/team/333/12360,30182,G-MAC,2,2016,12360,NA
333,Ky. Wesleyan,/team/333/12080,30182,G-MAC,2,2015,12080,NA
333,Ky. Wesleyan,/team/333/11620,30182,G-MAC,2,2014,11620,NA
333,Ky. Wesleyan,/team/333/11320,855,GLVC,2,2013,11320,NA
333,Ky. Wesleyan,/team/333/10942,855,GLVC,2,2012,10942,NA
333,Ky. Wesleyan,/team/333/10561,855,GLVC,2,2011,10561,NA
333,Ky. Wesleyan,/team/333/10240,855,GLVC,2,2010,10240,NA
362,LIU Post,/team/362/14781,11265,ECC,2,2019,14781,NA
362,LIU Post,/team/362/12973,11265,ECC,2,2018,12973,NA
362,LIU Post,/team/362/12560,11265,ECC,2,2017,12560,NA
362,LIU Post,/team/362/12360,11265,ECC,2,2016,12360,NA
362,LIU Post,/team/362/12080,11265,ECC,2,2015,12080,NA
362,LIU Post,/team/362/11620,11265,ECC,2,2014,11620,NA
362,LIU Post,/team/362/11320,11265,ECC,2,2013,11320,NA
362,LIU Post,/team/362/10942,11265,ECC,2,2012,10942,NA
362,LIU Post,/team/362/10561,11265,ECC,2,2011,10561,NA
362,LIU Post,/team/362/10240,11265,ECC,2,2010,10240,NA
2746,Lake Erie,/teams/614914,30182,G-MAC,2,2026,17040,614914
2746,Lake Erie,/teams/596764,30182,G-MAC,2,2025,16840,596764
2746,Lake Erie,/team/2746/16580,30182,G-MAC,2,2024,16580,NA
2746,Lake Erie,/team/2746/16340,30182,G-MAC,2,2023,16340,NA
2746,Lake Erie,/team/2746/15860,30182,G-MAC,2,2022,15860,NA
2746,Lake Erie,/team/2746/15580,30182,G-MAC,2,2021,15580,NA
2746,Lake Erie,/team/2746/15204,30182,G-MAC,2,2020,15204,NA
2746,Lake Erie,/team/2746/14781,30182,G-MAC,2,2019,14781,NA
2746,Lake Erie,/team/2746/12973,30182,G-MAC,2,2018,12973,NA
2746,Lake Erie,/team/2746/12560,854,GLIAC,2,2017,12560,NA
2746,Lake Erie,/team/2746/12360,854,GLIAC,2,2016,12360,NA
2746,Lake Erie,/team/2746/12080,854,GLIAC,2,2015,12080,NA
2746,Lake Erie,/team/2746/11620,854,GLIAC,2,2014,11620,NA
2746,Lake Erie,/team/2746/11320,854,GLIAC,2,2013,11320,NA
2746,Lake Erie,/team/2746/10942,854,GLIAC,2,2012,10942,NA
2746,Lake Erie,/team/2746/10561,854,GLIAC,2,2011,10561,NA
1167,Lander,/teams/614883,12923,Peach Belt,2,2026,17040,614883
1167,Lander,/teams/596732,12923,Peach Belt,2,2025,16840,596732
1167,Lander,/team/1167/16580,12923,Peach Belt,2,2024,16580,NA
1167,Lander,/team/1167/16340,12923,Peach Belt,2,2023,16340,NA
1167,Lander,/team/1167/15860,12923,Peach Belt,2,2022,15860,NA
1167,Lander,/team/1167/15580,12923,Peach Belt,2,2021,15580,NA
1167,Lander,/team/1167/15204,12923,Peach Belt,2,2020,15204,NA
1167,Lander,/team/1167/14781,12923,Peach Belt,2,2019,14781,NA
1167,Lander,/team/1167/12973,12923,Peach Belt,2,2018,12973,NA
1167,Lander,/team/1167/12560,12923,Peach Belt,2,2017,12560,NA
1167,Lander,/team/1167/12360,12923,Peach Belt,2,2016,12360,NA
1167,Lander,/team/1167/12080,12923,Peach Belt,2,2015,12080,NA
1167,Lander,/team/1167/11620,12923,Peach Belt,2,2014,11620,NA
1167,Lander,/team/1167/11320,12923,Peach Belt,2,2013,11320,NA
1167,Lander,/team/1167/10942,12923,Peach Belt,2,2012,10942,NA
1167,Lander,/team/1167/10561,12923,Peach Belt,2,2011,10561,NA
1167,Lander,/team/1167/10240,12923,Peach Belt,2,2010,10240,NA
347,Lane,/teams/615045,913,SIAC,2,2026,17040,615045
347,Lane,/teams/596896,913,SIAC,2,2025,16840,596896
347,Lane,/team/347/16580,913,SIAC,2,2024,16580,NA
347,Lane,/team/347/16340,913,SIAC,2,2023,16340,NA
347,Lane,/team/347/15860,913,SIAC,2,2022,15860,NA
347,Lane,/team/347/15580,913,SIAC,2,2021,15580,NA
347,Lane,/team/347/15204,913,SIAC,2,2020,15204,NA
347,Lane,/team/347/14781,913,SIAC,2,2019,14781,NA
347,Lane,/team/347/12973,913,SIAC,2,2018,12973,NA
347,Lane,/team/347/12560,913,SIAC,2,2017,12560,NA
347,Lane,/team/347/12360,913,SIAC,2,2016,12360,NA
347,Lane,/team/347/12080,913,SIAC,2,2015,12080,NA
347,Lane,/team/347/11620,913,SIAC,2,2014,11620,NA
347,Lane,/team/347/11320,913,SIAC,2,2013,11320,NA
347,Lane,/team/347/10942,913,SIAC,2,2012,10942,NA
347,Lane,/team/347/10561,913,SIAC,2,2011,10561,NA
347,Lane,/team/347/10240,913,SIAC,2,2010,10240,NA
349,Le Moyne,/team/349/16340,899,NE10,2,2023,16340,NA
349,Le Moyne,/team/349/15860,899,NE10,2,2022,15860,NA
349,Le Moyne,/team/349/15580,899,NE10,2,2021,15580,NA
349,Le Moyne,/team/349/15204,899,NE10,2,2020,15204,NA
349,Le Moyne,/team/349/14781,899,NE10,2,2019,14781,NA
349,Le Moyne,/team/349/12973,899,NE10,2,2018,12973,NA
349,Le Moyne,/team/349/12560,899,NE10,2,2017,12560,NA
349,Le Moyne,/team/349/12360,899,NE10,2,2016,12360,NA
349,Le Moyne,/team/349/12080,899,NE10,2,2015,12080,NA
349,Le Moyne,/team/349/11620,899,NE10,2,2014,11620,NA
349,Le Moyne,/team/349/11320,899,NE10,2,2013,11320,NA
349,Le Moyne,/team/349/10942,899,NE10,2,2012,10942,NA
350,LeMoyne-Owen,/teams/615046,913,SIAC,2,2026,17040,615046
350,LeMoyne-Owen,/teams/596897,913,SIAC,2,2025,16840,596897
350,LeMoyne-Owen,/team/350/16580,913,SIAC,2,2024,16580,NA
350,LeMoyne-Owen,/team/350/16340,913,SIAC,2,2023,16340,NA
350,LeMoyne-Owen,/team/350/15860,913,SIAC,2,2022,15860,NA
350,LeMoyne-Owen,/team/350/15580,913,SIAC,2,2021,15580,NA
350,LeMoyne-Owen,/team/350/15204,913,SIAC,2,2020,15204,NA
350,LeMoyne-Owen,/team/350/14781,913,SIAC,2,2019,14781,NA
350,LeMoyne-Owen,/team/350/12973,913,SIAC,2,2018,12973,NA
350,LeMoyne-Owen,/team/350/12560,913,SIAC,2,2017,12560,NA
350,LeMoyne-Owen,/team/350/12360,913,SIAC,2,2016,12360,NA
350,LeMoyne-Owen,/team/350/12080,913,SIAC,2,2015,12080,NA
350,LeMoyne-Owen,/team/350/11620,913,SIAC,2,2014,11620,NA
350,LeMoyne-Owen,/team/350/11320,913,SIAC,2,2013,11320,NA
350,LeMoyne-Owen,/team/350/10942,913,SIAC,2,2012,10942,NA
350,LeMoyne-Owen,/team/350/10561,913,SIAC,2,2011,10561,NA
350,LeMoyne-Owen,/team/350/10240,913,SIAC,2,2010,10240,NA
30013,Lee,/teams/614950,858,Gulf South,2,2026,17040,614950
30013,Lee,/teams/596800,858,Gulf South,2,2025,16840,596800
30013,Lee,/team/30013/16580,858,Gulf South,2,2024,16580,NA
30013,Lee,/team/30013/16340,858,Gulf South,2,2023,16340,NA
30013,Lee,/team/30013/15860,858,Gulf South,2,2022,15860,NA
30013,Lee,/team/30013/15580,858,Gulf South,2,2021,15580,NA
30013,Lee,/team/30013/15204,858,Gulf South,2,2020,15204,NA
30013,Lee,/team/30013/14781,858,Gulf South,2,2019,14781,NA
30013,Lee,/team/30013/12973,858,Gulf South,2,2018,12973,NA
30013,Lee,/team/30013/12560,858,Gulf South,2,2017,12560,NA
30013,Lee,/team/30013/12360,858,Gulf South,2,2016,12360,NA
1170,Lenoir-Rhyne,/teams/614884,12850,SAC,2,2026,17040,614884
1170,Lenoir-Rhyne,/teams/596733,12850,SAC,2,2025,16840,596733
1170,Lenoir-Rhyne,/team/1170/16580,12850,SAC,2,2024,16580,NA
1170,Lenoir-Rhyne,/team/1170/16340,12850,SAC,2,2023,16340,NA
1170,Lenoir-Rhyne,/team/1170/15860,12850,SAC,2,2022,15860,NA
1170,Lenoir-Rhyne,/team/1170/15580,12850,SAC,2,2021,15580,NA
1170,Lenoir-Rhyne,/team/1170/15204,12850,SAC,2,2020,15204,NA
1170,Lenoir-Rhyne,/team/1170/14781,12850,SAC,2,2019,14781,NA
1170,Lenoir-Rhyne,/team/1170/12973,12850,SAC,2,2018,12973,NA
1170,Lenoir-Rhyne,/team/1170/12560,12850,SAC,2,2017,12560,NA
1170,Lenoir-Rhyne,/team/1170/12360,12850,SAC,2,2016,12360,NA
1170,Lenoir-Rhyne,/team/1170/12080,12850,SAC,2,2015,12080,NA
1170,Lenoir-Rhyne,/team/1170/11620,12850,SAC,2,2014,11620,NA
1170,Lenoir-Rhyne,/team/1170/11320,12850,SAC,2,2013,11320,NA
1170,Lenoir-Rhyne,/team/1170/10942,12850,SAC,2,2012,10942,NA
1170,Lenoir-Rhyne,/team/1170/10561,12850,SAC,2,2011,10561,NA
1170,Lenoir-Rhyne,/team/1170/10240,12850,SAC,2,2010,10240,NA
354,Lewis,/teams/615047,855,GLVC,2,2026,17040,615047
354,Lewis,/teams/596898,855,GLVC,2,2025,16840,596898
354,Lewis,/team/354/16580,855,GLVC,2,2024,16580,NA
354,Lewis,/team/354/16340,855,GLVC,2,2023,16340,NA
354,Lewis,/team/354/15860,855,GLVC,2,2022,15860,NA
354,Lewis,/team/354/15580,855,GLVC,2,2021,15580,NA
354,Lewis,/team/354/15204,855,GLVC,2,2020,15204,NA
354,Lewis,/team/354/14781,855,GLVC,2,2019,14781,NA
354,Lewis,/team/354/12973,855,GLVC,2,2018,12973,NA
354,Lewis,/team/354/12560,855,GLVC,2,2017,12560,NA
354,Lewis,/team/354/12360,855,GLVC,2,2016,12360,NA
354,Lewis,/team/354/12080,855,GLVC,2,2015,12080,NA
354,Lewis,/team/354/11620,855,GLVC,2,2014,11620,NA
354,Lewis,/team/354/11320,855,GLVC,2,2013,11320,NA
354,Lewis,/team/354/10942,855,GLVC,2,2012,10942,NA
354,Lewis,/team/354/10561,855,GLVC,2,2011,10561,NA
354,Lewis,/team/354/10240,855,GLVC,2,2010,10240,NA
1174,Limestone,/teams/596734,12850,SAC,2,2025,16840,596734
1174,Limestone,/team/1174/16580,12850,SAC,2,2024,16580,NA
1174,Limestone,/team/1174/16340,12850,SAC,2,2023,16340,NA
1174,Limestone,/team/1174/15860,12850,SAC,2,2022,15860,NA
1174,Limestone,/team/1174/15580,12850,SAC,2,2021,15580,NA
1174,Limestone,/team/1174/15204,4423,Conference Carolinas,2,2020,15204,NA
1174,Limestone,/team/1174/14781,4423,Conference Carolinas,2,2019,14781,NA
1174,Limestone,/team/1174/12973,4423,Conference Carolinas,2,2018,12973,NA
1174,Limestone,/team/1174/12560,4423,Conference Carolinas,2,2017,12560,NA
1174,Limestone,/team/1174/12360,4423,Conference Carolinas,2,2016,12360,NA
1174,Limestone,/team/1174/12080,4423,Conference Carolinas,2,2015,12080,NA
1174,Limestone,/team/1174/11620,4423,Conference Carolinas,2,2014,11620,NA
1174,Limestone,/team/1174/11320,4423,Conference Carolinas,2,2013,11320,NA
1174,Limestone,/team/1174/10942,4423,Conference Carolinas,2,2012,10942,NA
1174,Limestone,/team/1174/10561,4423,Conference Carolinas,2,2011,10561,NA
1174,Limestone,/team/1174/10240,4423,Conference Carolinas,2,2010,10240,NA
356,Lincoln (MO),/teams/614870,855,GLVC,2,2026,17040,614870
356,Lincoln (MO),/teams/599994,855,GLVC,2,2025,16840,599994
356,Lincoln (MO),/team/356/12973,883,Mid-America Intercollegiate,2,2018,12973,NA
356,Lincoln (MO),/team/356/12560,883,Mid-America Intercollegiate,2,2017,12560,NA
356,Lincoln (MO),/team/356/12360,883,Mid-America Intercollegiate,2,2016,12360,NA
356,Lincoln (MO),/team/356/12080,883,Mid-America Intercollegiate,2,2015,12080,NA
356,Lincoln (MO),/team/356/11620,883,Mid-America Intercollegiate,2,2014,11620,NA
356,Lincoln (MO),/team/356/11320,883,Mid-America Intercollegiate,2,2013,11320,NA
356,Lincoln (MO),/team/356/10942,883,Mid-America Intercollegiate,2,2012,10942,NA
356,Lincoln (MO),/team/356/10561,883,Mid-America Intercollegiate,2,2011,10561,NA
356,Lincoln (MO),/team/356/10240,28723,Heartland,2,2010,10240,NA
357,Lincoln (PA),/teams/615048,28752,CACC,2,2026,17040,615048
357,Lincoln (PA),/teams/596899,28752,CACC,2,2025,16840,596899
357,Lincoln (PA),/team/357/16580,11265,ECC,2,2024,16580,NA
357,Lincoln (PA),/team/357/16340,11265,ECC,2,2023,16340,NA
357,Lincoln (PA),/team/357/15860,11265,ECC,2,2022,15860,NA
357,Lincoln (PA),/team/357/15580,11265,ECC,2,2021,15580,NA
357,Lincoln (PA),/team/357/15204,11265,ECC,2,2020,15204,NA
357,Lincoln (PA),/team/357/14781,11265,ECC,2,2019,14781,NA
357,Lincoln (PA),/team/357/12973,99010,DII Independent,2,2018,12973,NA
357,Lincoln (PA),/team/357/12560,832,CIAA,2,2017,12560,NA
357,Lincoln (PA),/team/357/12360,832,CIAA,2,2016,12360,NA
357,Lincoln (PA),/team/357/12080,832,CIAA,2,2015,12080,NA
357,Lincoln (PA),/team/357/11620,832,CIAA,2,2014,11620,NA
357,Lincoln (PA),/team/357/11320,832,CIAA,2,2013,11320,NA
357,Lincoln (PA),/team/357/10942,832,CIAA,2,2012,10942,NA
357,Lincoln (PA),/team/357/10561,832,CIAA,2,2011,10561,NA
1176,Lincoln Memorial,/teams/614886,12850,SAC,2,2026,17040,614886
1176,Lincoln Memorial,/teams/596735,12850,SAC,2,2025,16840,596735
1176,Lincoln Memorial,/team/1176/16580,12850,SAC,2,2024,16580,NA
1176,Lincoln Memorial,/team/1176/16340,12850,SAC,2,2023,16340,NA
1176,Lincoln Memorial,/team/1176/15860,12850,SAC,2,2022,15860,NA
1176,Lincoln Memorial,/team/1176/15580,12850,SAC,2,2021,15580,NA
1176,Lincoln Memorial,/team/1176/15204,12850,SAC,2,2020,15204,NA
1176,Lincoln Memorial,/team/1176/14781,12850,SAC,2,2019,14781,NA
1176,Lincoln Memorial,/team/1176/12973,12850,SAC,2,2018,12973,NA
1176,Lincoln Memorial,/team/1176/12560,12850,SAC,2,2017,12560,NA
1176,Lincoln Memorial,/team/1176/12360,12850,SAC,2,2016,12360,NA
1176,Lincoln Memorial,/team/1176/12080,12850,SAC,2,2015,12080,NA
1176,Lincoln Memorial,/team/1176/11620,12850,SAC,2,2014,11620,NA
1176,Lincoln Memorial,/team/1176/11320,12850,SAC,2,2013,11320,NA
1176,Lincoln Memorial,/team/1176/10942,12850,SAC,2,2012,10942,NA
1176,Lincoln Memorial,/team/1176/10561,12850,SAC,2,2011,10561,NA
1176,Lincoln Memorial,/team/1176/10240,12850,SAC,2,2010,10240,NA
30136,Lindenwood,/team/30136/15860,855,GLVC,2,2022,15860,NA
30136,Lindenwood,/team/30136/15580,855,GLVC,2,2021,15580,NA
30136,Lindenwood,/team/30136/15204,855,GLVC,2,2020,15204,NA
30136,Lindenwood,/team/30136/14781,883,Mid-America Intercollegiate,2,2019,14781,NA
30136,Lindenwood,/team/30136/12973,883,Mid-America Intercollegiate,2,2018,12973,NA
30136,Lindenwood,/team/30136/12560,883,Mid-America Intercollegiate,2,2017,12560,NA
30136,Lindenwood,/team/30136/12360,883,Mid-America Intercollegiate,2,2016,12360,NA
30136,Lindenwood,/team/30136/12080,883,Mid-America Intercollegiate,2,2015,12080,NA
30136,Lindenwood,/team/30136/11620,883,Mid-America Intercollegiate,2,2014,11620,NA
30136,Lindenwood,/team/30136/11320,883,Mid-America Intercollegiate,2,2013,11320,NA
360,Lock Haven,/teams/615050,906,PSAC,2,2026,17040,615050
360,Lock Haven,/teams/596901,906,PSAC,2,2025,16840,596901
360,Lock Haven,/team/360/16580,906,PSAC,2,2024,16580,NA
360,Lock Haven,/team/360/16340,906,PSAC,2,2023,16340,NA
360,Lock Haven,/team/360/15860,906,PSAC,2,2022,15860,NA
360,Lock Haven,/team/360/15580,906,PSAC,2,2021,15580,NA
360,Lock Haven,/team/360/15204,906,PSAC,2,2020,15204,NA
360,Lock Haven,/team/360/14781,906,PSAC,2,2019,14781,NA
360,Lock Haven,/team/360/12973,906,PSAC,2,2018,12973,NA
360,Lock Haven,/team/360/12560,906,PSAC,2,2017,12560,NA
360,Lock Haven,/team/360/12360,906,PSAC,2,2016,12360,NA
360,Lock Haven,/team/360/12080,906,PSAC,2,2015,12080,NA
360,Lock Haven,/team/360/11620,906,PSAC,2,2014,11620,NA
360,Lock Haven,/team/360/11320,906,PSAC,2,2013,11320,NA
360,Lock Haven,/team/360/10942,906,PSAC,2,2012,10942,NA
360,Lock Haven,/team/360/10561,906,PSAC,2,2011,10561,NA
360,Lock Haven,/team/360/10240,906,PSAC,2,2010,10240,NA
30177,Lubbock Christian,/teams/614980,868,Lone Star,2,2026,17040,614980
30177,Lubbock Christian,/teams/596831,868,Lone Star,2,2025,16840,596831
30177,Lubbock Christian,/team/30177/16580,868,Lone Star,2,2024,16580,NA
30177,Lubbock Christian,/team/30177/16340,868,Lone Star,2,2023,16340,NA
30177,Lubbock Christian,/team/30177/15860,868,Lone Star,2,2022,15860,NA
30177,Lubbock Christian,/team/30177/15580,868,Lone Star,2,2021,15580,NA
30177,Lubbock Christian,/team/30177/15204,868,Lone Star,2,2020,15204,NA
30177,Lubbock Christian,/team/30177/14781,28723,Heartland,2,2019,14781,NA
30177,Lubbock Christian,/team/30177/12973,28723,Heartland,2,2018,12973,NA
30177,Lubbock Christian,/team/30177/12560,28723,Heartland,2,2017,12560,NA
30177,Lubbock Christian,/team/30177/12360,28723,Heartland,2,2016,12360,NA
20794,Lynn,/teams/614944,919,Sunshine State,2,2026,17040,614944
20794,Lynn,/teams/596794,919,Sunshine State,2,2025,16840,596794
20794,Lynn,/team/20794/16580,919,Sunshine State,2,2024,16580,NA
20794,Lynn,/team/20794/16340,919,Sunshine State,2,2023,16340,NA
20794,Lynn,/team/20794/15860,919,Sunshine State,2,2022,15860,NA
20794,Lynn,/team/20794/15580,919,Sunshine State,2,2021,15580,NA
20794,Lynn,/team/20794/15204,919,Sunshine State,2,2020,15204,NA
20794,Lynn,/team/20794/14781,919,Sunshine State,2,2019,14781,NA
20794,Lynn,/team/20794/12973,919,Sunshine State,2,2018,12973,NA
20794,Lynn,/team/20794/12560,919,Sunshine State,2,2017,12560,NA
20794,Lynn,/team/20794/12360,919,Sunshine State,2,2016,12360,NA
20794,Lynn,/team/20794/12080,919,Sunshine State,2,2015,12080,NA
20794,Lynn,/team/20794/11620,919,Sunshine State,2,2014,11620,NA
20794,Lynn,/team/20794/11320,919,Sunshine State,2,2013,11320,NA
20794,Lynn,/team/20794/10942,919,Sunshine State,2,2012,10942,NA
20794,Lynn,/team/20794/10561,919,Sunshine State,2,2011,10561,NA
20794,Lynn,/team/20794/10240,919,Sunshine State,2,2010,10240,NA
413,MSU Denver,/teams/615055,13128,RMAC,2,2026,17040,615055
413,MSU Denver,/teams/596907,13128,RMAC,2,2025,16840,596907
413,MSU Denver,/team/413/16580,13128,RMAC,2,2024,16580,NA
413,MSU Denver,/team/413/16340,13128,RMAC,2,2023,16340,NA
413,MSU Denver,/team/413/15860,13128,RMAC,2,2022,15860,NA
413,MSU Denver,/team/413/15580,13128,RMAC,2,2021,15580,NA
413,MSU Denver,/team/413/15204,13128,RMAC,2,2020,15204,NA
413,MSU Denver,/team/413/14781,13128,RMAC,2,2019,14781,NA
413,MSU Denver,/team/413/12973,13128,RMAC,2,2018,12973,NA
413,MSU Denver,/team/413/12560,13128,RMAC,2,2017,12560,NA
413,MSU Denver,/team/413/12360,13128,RMAC,2,2016,12360,NA
413,MSU Denver,/team/413/12080,13128,RMAC,2,2015,12080,NA
413,MSU Denver,/team/413/11620,13128,RMAC,2,2014,11620,NA
413,MSU Denver,/team/413/11320,13128,RMAC,2,2013,11320,NA
413,MSU Denver,/team/413/10942,13128,RMAC,2,2012,10942,NA
413,MSU Denver,/team/413/10561,13128,RMAC,2,2011,10561,NA
413,MSU Denver,/team/413/10240,13128,RMAC,2,2010,10240,NA
30137,Malone,/teams/614970,30182,G-MAC,2,2026,17040,614970
30137,Malone,/teams/596821,30182,G-MAC,2,2025,16840,596821
30137,Malone,/team/30137/16580,30182,G-MAC,2,2024,16580,NA
30137,Malone,/team/30137/16340,30182,G-MAC,2,2023,16340,NA
30137,Malone,/team/30137/15860,30182,G-MAC,2,2022,15860,NA
30137,Malone,/team/30137/15580,30182,G-MAC,2,2021,15580,NA
30137,Malone,/team/30137/15204,30182,G-MAC,2,2020,15204,NA
30137,Malone,/team/30137/14781,30182,G-MAC,2,2019,14781,NA
30137,Malone,/team/30137/12973,30182,G-MAC,2,2018,12973,NA
30137,Malone,/team/30137/12560,30182,G-MAC,2,2017,12560,NA
30137,Malone,/team/30137/12360,854,GLIAC,2,2016,12360,NA
30137,Malone,/team/30137/12080,854,GLIAC,2,2015,12080,NA
30137,Malone,/team/30137/11620,854,GLIAC,2,2014,11620,NA
384,Mansfield,/teams/615052,906,PSAC,2,2026,17040,615052
384,Mansfield,/teams/596903,906,PSAC,2,2025,16840,596903
384,Mansfield,/team/384/16580,906,PSAC,2,2024,16580,NA
384,Mansfield,/team/384/16340,906,PSAC,2,2023,16340,NA
384,Mansfield,/team/384/15860,906,PSAC,2,2022,15860,NA
384,Mansfield,/team/384/15580,906,PSAC,2,2021,15580,NA
384,Mansfield,/team/384/15204,906,PSAC,2,2020,15204,NA
384,Mansfield,/team/384/14781,906,PSAC,2,2019,14781,NA
384,Mansfield,/team/384/12973,906,PSAC,2,2018,12973,NA
384,Mansfield,/team/384/12560,906,PSAC,2,2017,12560,NA
384,Mansfield,/team/384/12360,906,PSAC,2,2016,12360,NA
384,Mansfield,/team/384/12080,906,PSAC,2,2015,12080,NA
384,Mansfield,/team/384/11620,906,PSAC,2,2014,11620,NA
384,Mansfield,/team/384/11320,906,PSAC,2,2013,11320,NA
384,Mansfield,/team/384/10942,906,PSAC,2,2012,10942,NA
384,Mansfield,/team/384/10561,906,PSAC,2,2011,10561,NA
384,Mansfield,/team/384/10240,906,PSAC,2,2010,10240,NA
1199,Mars Hill,/teams/614887,12850,SAC,2,2026,17040,614887
1199,Mars Hill,/teams/596736,12850,SAC,2,2025,16840,596736
1199,Mars Hill,/team/1199/16580,12850,SAC,2,2024,16580,NA
1199,Mars Hill,/team/1199/16340,12850,SAC,2,2023,16340,NA
1199,Mars Hill,/team/1199/15860,12850,SAC,2,2022,15860,NA
1199,Mars Hill,/team/1199/15580,12850,SAC,2,2021,15580,NA
1199,Mars Hill,/team/1199/15204,12850,SAC,2,2020,15204,NA
1199,Mars Hill,/team/1199/14781,12850,SAC,2,2019,14781,NA
1199,Mars Hill,/team/1199/12973,12850,SAC,2,2018,12973,NA
1199,Mars Hill,/team/1199/12560,12850,SAC,2,2017,12560,NA
1199,Mars Hill,/team/1199/12360,12850,SAC,2,2016,12360,NA
1199,Mars Hill,/team/1199/12080,12850,SAC,2,2015,12080,NA
1199,Mars Hill,/team/1199/11620,12850,SAC,2,2014,11620,NA
1199,Mars Hill,/team/1199/11320,12850,SAC,2,2013,11320,NA
1199,Mars Hill,/team/1199/10942,12850,SAC,2,2012,10942,NA
1199,Mars Hill,/team/1199/10561,12850,SAC,2,2011,10561,NA
1199,Mars Hill,/team/1199/10240,12850,SAC,2,2010,10240,NA
30075,Mary,/teams/614959,12853,NSIC,2,2026,17040,614959
30075,Mary,/teams/596809,12853,NSIC,2,2025,16840,596809
30075,Mary,/team/30075/16580,12853,NSIC,2,2024,16580,NA
30075,Mary,/team/30075/16340,12853,NSIC,2,2023,16340,NA
30075,Mary,/team/30075/15860,12853,NSIC,2,2022,15860,NA
30075,Mary,/team/30075/15580,12853,NSIC,2,2021,15580,NA
30075,Mary,/team/30075/15204,12853,NSIC,2,2020,15204,NA
30075,Mary,/team/30075/14781,12853,NSIC,2,2019,14781,NA
30075,Mary,/team/30075/12973,12853,NSIC,2,2018,12973,NA
30075,Mary,/team/30075/12560,12853,NSIC,2,2017,12560,NA
30075,Mary,/team/30075/12360,12853,NSIC,2,2016,12360,NA
30075,Mary,/team/30075/12080,12853,NSIC,2,2015,12080,NA
30075,Mary,/team/30075/11620,12853,NSIC,2,2014,11620,NA
30075,Mary,/team/30075/11320,12853,NSIC,2,2013,11320,NA
30075,Mary,/team/30075/10942,12853,NSIC,2,2012,10942,NA
30075,Mary,/team/30075/10561,12853,NSIC,2,2011,10561,NA
30075,Mary,/team/30075/10240,12853,NSIC,2,2010,10240,NA
395,Maryville (MO),/teams/615053,855,GLVC,2,2026,17040,615053
395,Maryville (MO),/teams/596904,855,GLVC,2,2025,16840,596904
395,Maryville (MO),/team/395/16580,855,GLVC,2,2024,16580,NA
395,Maryville (MO),/team/395/16340,855,GLVC,2,2023,16340,NA
395,Maryville (MO),/team/395/15860,855,GLVC,2,2022,15860,NA
395,Maryville (MO),/team/395/15580,855,GLVC,2,2021,15580,NA
395,Maryville (MO),/team/395/15204,855,GLVC,2,2020,15204,NA
395,Maryville (MO),/team/395/14781,855,GLVC,2,2019,14781,NA
395,Maryville (MO),/team/395/12973,855,GLVC,2,2018,12973,NA
395,Maryville (MO),/team/395/12560,855,GLVC,2,2017,12560,NA
395,Maryville (MO),/team/395/12360,855,GLVC,2,2016,12360,NA
395,Maryville (MO),/team/395/12080,855,GLVC,2,2015,12080,NA
395,Maryville (MO),/team/395/11620,855,GLVC,2,2014,11620,NA
395,Maryville (MO),/team/395/11320,855,GLVC,2,2013,11320,NA
395,Maryville (MO),/team/395/10942,855,GLVC,2,2012,10942,NA
395,Maryville (MO),/team/395/10561,855,GLVC,2,2011,10561,NA
395,Maryville (MO),/team/395/10240,855,GLVC,2,2010,10240,NA
30138,McKendree,/teams/614971,855,GLVC,2,2026,17040,614971
30138,McKendree,/teams/596822,855,GLVC,2,2025,16840,596822
30138,McKendree,/team/30138/16580,855,GLVC,2,2024,16580,NA
30138,McKendree,/team/30138/16340,855,GLVC,2,2023,16340,NA
30138,McKendree,/team/30138/15860,855,GLVC,2,2022,15860,NA
30138,McKendree,/team/30138/15580,855,GLVC,2,2021,15580,NA
30138,McKendree,/team/30138/15204,855,GLVC,2,2020,15204,NA
30138,McKendree,/team/30138/14781,855,GLVC,2,2019,14781,NA
30138,McKendree,/team/30138/12973,855,GLVC,2,2018,12973,NA
30138,McKendree,/team/30138/12560,855,GLVC,2,2017,12560,NA
30138,McKendree,/team/30138/12360,855,GLVC,2,2016,12360,NA
30138,McKendree,/team/30138/12080,855,GLVC,2,2015,12080,NA
30138,McKendree,/team/30138/11620,855,GLVC,2,2014,11620,NA
30138,McKendree,/team/30138/11320,855,GLVC,2,2013,11320,NA
8530,McMurry,/team/8530/11620,28723,Heartland,2,2014,11620,NA
8530,McMurry,/team/8530/11320,28723,Heartland,2,2013,11320,NA
405,Menlo,/teams/615118,19591,PacWest,2,2026,17040,615118
405,Menlo,/teams/596971,19591,PacWest,2,2025,16840,596971
405,Menlo,/team/405/16580,99010,DII Independent,2,2024,16580,NA
407,Mercy,/teams/615054,11265,ECC,2,2026,17040,615054
407,Mercy,/teams/596905,11265,ECC,2,2025,16840,596905
407,Mercy,/team/407/16580,11265,ECC,2,2024,16580,NA
407,Mercy,/team/407/16340,11265,ECC,2,2023,16340,NA
407,Mercy,/team/407/15860,11265,ECC,2,2022,15860,NA
407,Mercy,/team/407/15580,11265,ECC,2,2021,15580,NA
407,Mercy,/team/407/15204,11265,ECC,2,2020,15204,NA
407,Mercy,/team/407/14781,11265,ECC,2,2019,14781,NA
407,Mercy,/team/407/12973,11265,ECC,2,2018,12973,NA
407,Mercy,/team/407/12560,11265,ECC,2,2017,12560,NA
407,Mercy,/team/407/12360,11265,ECC,2,2016,12360,NA
407,Mercy,/team/407/12080,11265,ECC,2,2015,12080,NA
407,Mercy,/team/407/11620,11265,ECC,2,2014,11620,NA
407,Mercy,/team/407/11320,11265,ECC,2,2013,11320,NA
407,Mercy,/team/407/10942,11265,ECC,2,2012,10942,NA
407,Mercy,/team/407/10561,11265,ECC,2,2011,10561,NA
407,Mercy,/team/407/10240,11265,ECC,2,2010,10240,NA
408,Mercyhurst,/team/408/16580,906,PSAC,2,2024,16580,NA
408,Mercyhurst,/team/408/16340,906,PSAC,2,2023,16340,NA
408,Mercyhurst,/team/408/15860,906,PSAC,2,2022,15860,NA
408,Mercyhurst,/team/408/15580,906,PSAC,2,2021,15580,NA
408,Mercyhurst,/team/408/15204,906,PSAC,2,2020,15204,NA
408,Mercyhurst,/team/408/14781,906,PSAC,2,2019,14781,NA
408,Mercyhurst,/team/408/12973,906,PSAC,2,2018,12973,NA
408,Mercyhurst,/team/408/12560,906,PSAC,2,2017,12560,NA
408,Mercyhurst,/team/408/12360,906,PSAC,2,2016,12360,NA
408,Mercyhurst,/team/408/12080,906,PSAC,2,2015,12080,NA
408,Mercyhurst,/team/408/11620,906,PSAC,2,2014,11620,NA
408,Mercyhurst,/team/408/11320,906,PSAC,2,2013,11320,NA
408,Mercyhurst,/team/408/10942,906,PSAC,2,2012,10942,NA
408,Mercyhurst,/team/408/10561,906,PSAC,2,2011,10561,NA
408,Mercyhurst,/team/408/10240,906,PSAC,2,2010,10240,NA
410,Merrimack,/team/410/14781,899,NE10,2,2019,14781,NA
410,Merrimack,/team/410/12973,899,NE10,2,2018,12973,NA
410,Merrimack,/team/410/12560,899,NE10,2,2017,12560,NA
410,Merrimack,/team/410/12360,899,NE10,2,2016,12360,NA
410,Merrimack,/team/410/12080,899,NE10,2,2015,12080,NA
410,Merrimack,/team/410/11620,899,NE10,2,2014,11620,NA
410,Merrimack,/team/410/11320,899,NE10,2,2013,11320,NA
410,Merrimack,/team/410/10942,899,NE10,2,2012,10942,NA
410,Merrimack,/team/410/10561,899,NE10,2,2011,10561,NA
410,Merrimack,/team/410/10240,899,NE10,2,2010,10240,NA
NA,Middle Georgia,/teams/617152,12923,Peach Belt,2,2026,17040,617152
422,Miles,/teams/615056,913,SIAC,2,2026,17040,615056
422,Miles,/teams/596908,913,SIAC,2,2025,16840,596908
422,Miles,/team/422/16580,913,SIAC,2,2024,16580,NA
422,Miles,/team/422/16340,913,SIAC,2,2023,16340,NA
422,Miles,/team/422/15860,913,SIAC,2,2022,15860,NA
422,Miles,/team/422/15580,913,SIAC,2,2021,15580,NA
422,Miles,/team/422/15204,913,SIAC,2,2020,15204,NA
422,Miles,/team/422/14781,913,SIAC,2,2019,14781,NA
422,Miles,/team/422/12973,913,SIAC,2,2018,12973,NA
422,Miles,/team/422/12560,913,SIAC,2,2017,12560,NA
422,Miles,/team/422/12360,913,SIAC,2,2016,12360,NA
422,Miles,/team/422/12080,913,SIAC,2,2015,12080,NA
422,Miles,/team/422/11620,913,SIAC,2,2014,11620,NA
422,Miles,/team/422/11320,913,SIAC,2,2013,11320,NA
422,Miles,/team/422/10942,913,SIAC,2,2012,10942,NA
422,Miles,/team/422/10561,913,SIAC,2,2011,10561,NA
422,Miles,/team/422/10240,913,SIAC,2,2010,10240,NA
423,Millersville,/teams/615057,906,PSAC,2,2026,17040,615057
423,Millersville,/teams/596909,906,PSAC,2,2025,16840,596909
423,Millersville,/team/423/16580,906,PSAC,2,2024,16580,NA
423,Millersville,/team/423/16340,906,PSAC,2,2023,16340,NA
423,Millersville,/team/423/15860,906,PSAC,2,2022,15860,NA
423,Millersville,/team/423/15580,906,PSAC,2,2021,15580,NA
423,Millersville,/team/423/15204,906,PSAC,2,2020,15204,NA
423,Millersville,/team/423/14781,906,PSAC,2,2019,14781,NA
423,Millersville,/team/423/12973,906,PSAC,2,2018,12973,NA
423,Millersville,/team/423/12560,906,PSAC,2,2017,12560,NA
423,Millersville,/team/423/12360,906,PSAC,2,2016,12360,NA
423,Millersville,/team/423/12080,906,PSAC,2,2015,12080,NA
423,Millersville,/team/423/11620,906,PSAC,2,2014,11620,NA
423,Millersville,/team/423/11320,906,PSAC,2,2013,11320,NA
423,Millersville,/team/423/10942,906,PSAC,2,2012,10942,NA
423,Millersville,/team/423/10561,906,PSAC,2,2011,10561,NA
423,Millersville,/team/423/10240,906,PSAC,2,2010,10240,NA
427,Minn. Duluth,/teams/615058,12853,NSIC,2,2026,17040,615058
427,Minn. Duluth,/teams/596910,12853,NSIC,2,2025,16840,596910
427,Minn. Duluth,/team/427/16580,12853,NSIC,2,2024,16580,NA
427,Minn. Duluth,/team/427/16340,12853,NSIC,2,2023,16340,NA
427,Minn. Duluth,/team/427/15860,12853,NSIC,2,2022,15860,NA
427,Minn. Duluth,/team/427/15580,12853,NSIC,2,2021,15580,NA
427,Minn. Duluth,/team/427/15204,12853,NSIC,2,2020,15204,NA
427,Minn. Duluth,/team/427/14781,12853,NSIC,2,2019,14781,NA
427,Minn. Duluth,/team/427/12973,12853,NSIC,2,2018,12973,NA
427,Minn. Duluth,/team/427/12560,12853,NSIC,2,2017,12560,NA
427,Minn. Duluth,/team/427/12360,12853,NSIC,2,2016,12360,NA
427,Minn. Duluth,/team/427/12080,12853,NSIC,2,2015,12080,NA
427,Minn. Duluth,/team/427/11620,12853,NSIC,2,2014,11620,NA
427,Minn. Duluth,/team/427/11320,12853,NSIC,2,2013,11320,NA
427,Minn. Duluth,/team/427/10942,12853,NSIC,2,2012,10942,NA
427,Minn. Duluth,/team/427/10561,12853,NSIC,2,2011,10561,NA
427,Minn. Duluth,/team/427/10240,12853,NSIC,2,2010,10240,NA
27854,Minn.-Crookston,/teams/614948,12853,NSIC,2,2026,17040,614948
27854,Minn.-Crookston,/teams/596798,12853,NSIC,2,2025,16840,596798
27854,Minn.-Crookston,/team/27854/16580,12853,NSIC,2,2024,16580,NA
27854,Minn.-Crookston,/team/27854/16340,12853,NSIC,2,2023,16340,NA
27854,Minn.-Crookston,/team/27854/15860,12853,NSIC,2,2022,15860,NA
27854,Minn.-Crookston,/team/27854/15580,12853,NSIC,2,2021,15580,NA
27854,Minn.-Crookston,/team/27854/15204,12853,NSIC,2,2020,15204,NA
27854,Minn.-Crookston,/team/27854/14781,12853,NSIC,2,2019,14781,NA
27854,Minn.-Crookston,/team/27854/12973,12853,NSIC,2,2018,12973,NA
27854,Minn.-Crookston,/team/27854/12560,12853,NSIC,2,2017,12560,NA
27854,Minn.-Crookston,/team/27854/12360,12853,NSIC,2,2016,12360,NA
27854,Minn.-Crookston,/team/27854/12080,12853,NSIC,2,2015,12080,NA
27854,Minn.-Crookston,/team/27854/11620,12853,NSIC,2,2014,11620,NA
27854,Minn.-Crookston,/team/27854/11320,12853,NSIC,2,2013,11320,NA
27854,Minn.-Crookston,/team/27854/10942,12853,NSIC,2,2012,10942,NA
27854,Minn.-Crookston,/team/27854/10561,12853,NSIC,2,2011,10561,NA
27854,Minn.-Crookston,/team/27854/10240,12853,NSIC,2,2010,10240,NA
383,Minnesota St.,/teams/615051,12853,NSIC,2,2026,17040,615051
383,Minnesota St.,/teams/596902,12853,NSIC,2,2025,16840,596902
383,Minnesota St.,/team/383/16580,12853,NSIC,2,2024,16580,NA
383,Minnesota St.,/team/383/16340,12853,NSIC,2,2023,16340,NA
383,Minnesota St.,/team/383/15860,12853,NSIC,2,2022,15860,NA
383,Minnesota St.,/team/383/15580,12853,NSIC,2,2021,15580,NA
383,Minnesota St.,/team/383/15204,12853,NSIC,2,2020,15204,NA
383,Minnesota St.,/team/383/14781,12853,NSIC,2,2019,14781,NA
383,Minnesota St.,/team/383/12973,12853,NSIC,2,2018,12973,NA
383,Minnesota St.,/team/383/12560,12853,NSIC,2,2017,12560,NA
383,Minnesota St.,/team/383/12360,12853,NSIC,2,2016,12360,NA
383,Minnesota St.,/team/383/12080,12853,NSIC,2,2015,12080,NA
383,Minnesota St.,/team/383/11620,12853,NSIC,2,2014,11620,NA
383,Minnesota St.,/team/383/11320,12853,NSIC,2,2013,11320,NA
383,Minnesota St.,/team/383/10942,12853,NSIC,2,2012,10942,NA
383,Minnesota St.,/team/383/10561,12853,NSIC,2,2011,10561,NA
383,Minnesota St.,/team/383/10240,12853,NSIC,2,2010,10240,NA
30125,Minot St.,/teams/614968,12853,NSIC,2,2026,17040,614968
30125,Minot St.,/teams/596818,12853,NSIC,2,2025,16840,596818
30125,Minot St.,/team/30125/16580,12853,NSIC,2,2024,16580,NA
30125,Minot St.,/team/30125/16340,12853,NSIC,2,2023,16340,NA
30125,Minot St.,/team/30125/15860,12853,NSIC,2,2022,15860,NA
30125,Minot St.,/team/30125/15580,12853,NSIC,2,2021,15580,NA
30125,Minot St.,/team/30125/15204,12853,NSIC,2,2020,15204,NA
30125,Minot St.,/team/30125/14781,12853,NSIC,2,2019,14781,NA
30125,Minot St.,/team/30125/12973,12853,NSIC,2,2018,12973,NA
30125,Minot St.,/team/30125/12560,12853,NSIC,2,2017,12560,NA
30125,Minot St.,/team/30125/12360,12853,NSIC,2,2016,12360,NA
30125,Minot St.,/team/30125/12080,12853,NSIC,2,2015,12080,NA
30125,Minot St.,/team/30125/11620,12853,NSIC,2,2014,11620,NA
30125,Minot St.,/team/30125/11320,12853,NSIC,2,2013,11320,NA
429,Mississippi Col.,/teams/615059,858,Gulf South,2,2026,17040,615059
429,Mississippi Col.,/teams/596911,858,Gulf South,2,2025,16840,596911
429,Mississippi Col.,/team/429/16580,858,Gulf South,2,2024,16580,NA
429,Mississippi Col.,/team/429/16340,858,Gulf South,2,2023,16340,NA
429,Mississippi Col.,/team/429/15860,858,Gulf South,2,2022,15860,NA
429,Mississippi Col.,/team/429/15580,858,Gulf South,2,2021,15580,NA
429,Mississippi Col.,/team/429/15204,858,Gulf South,2,2020,15204,NA
429,Mississippi Col.,/team/429/14781,858,Gulf South,2,2019,14781,NA
429,Mississippi Col.,/team/429/12973,858,Gulf South,2,2018,12973,NA
429,Mississippi Col.,/team/429/12560,858,Gulf South,2,2017,12560,NA
429,Mississippi Col.,/team/429/12360,858,Gulf South,2,2016,12360,NA
429,Mississippi Col.,/team/429/12080,858,Gulf South,2,2015,12080,NA
435,Missouri S&T,/teams/615060,855,GLVC,2,2026,17040,615060
435,Missouri S&T,/teams/596912,855,GLVC,2,2025,16840,596912
435,Missouri S&T,/team/435/16580,855,GLVC,2,2024,16580,NA
435,Missouri S&T,/team/435/16340,855,GLVC,2,2023,16340,NA
435,Missouri S&T,/team/435/15860,855,GLVC,2,2022,15860,NA
435,Missouri S&T,/team/435/15580,855,GLVC,2,2021,15580,NA
435,Missouri S&T,/team/435/15204,855,GLVC,2,2020,15204,NA
435,Missouri S&T,/team/435/14781,855,GLVC,2,2019,14781,NA
435,Missouri S&T,/team/435/12973,855,GLVC,2,2018,12973,NA
435,Missouri S&T,/team/435/12560,855,GLVC,2,2017,12560,NA
435,Missouri S&T,/team/435/12360,855,GLVC,2,2016,12360,NA
435,Missouri S&T,/team/435/12080,855,GLVC,2,2015,12080,NA
435,Missouri S&T,/team/435/11620,855,GLVC,2,2014,11620,NA
435,Missouri S&T,/team/435/11320,855,GLVC,2,2013,11320,NA
435,Missouri S&T,/team/435/10942,855,GLVC,2,2012,10942,NA
435,Missouri S&T,/team/435/10561,855,GLVC,2,2011,10561,NA
435,Missouri S&T,/team/435/10240,855,GLVC,2,2010,10240,NA
9013,Missouri Western,/teams/614927,883,Mid-America Intercollegiate,2,2026,17040,614927
9013,Missouri Western,/teams/596777,883,Mid-America Intercollegiate,2,2025,16840,596777
9013,Missouri Western,/team/9013/16580,883,Mid-America Intercollegiate,2,2024,16580,NA
9013,Missouri Western,/team/9013/16340,883,Mid-America Intercollegiate,2,2023,16340,NA
9013,Missouri Western,/team/9013/15860,883,Mid-America Intercollegiate,2,2022,15860,NA
9013,Missouri Western,/team/9013/15580,883,Mid-America Intercollegiate,2,2021,15580,NA
9013,Missouri Western,/team/9013/15204,883,Mid-America Intercollegiate,2,2020,15204,NA
9013,Missouri Western,/team/9013/14781,883,Mid-America Intercollegiate,2,2019,14781,NA
9013,Missouri Western,/team/9013/12973,883,Mid-America Intercollegiate,2,2018,12973,NA
9013,Missouri Western,/team/9013/12560,883,Mid-America Intercollegiate,2,2017,12560,NA
9013,Missouri Western,/team/9013/12360,883,Mid-America Intercollegiate,2,2016,12360,NA
9013,Missouri Western,/team/9013/12080,883,Mid-America Intercollegiate,2,2015,12080,NA
9013,Missouri Western,/team/9013/11620,883,Mid-America Intercollegiate,2,2014,11620,NA
9013,Missouri Western,/team/9013/11320,883,Mid-America Intercollegiate,2,2013,11320,NA
9013,Missouri Western,/team/9013/10942,883,Mid-America Intercollegiate,2,2012,10942,NA
9013,Missouri Western,/team/9013/10561,883,Mid-America Intercollegiate,2,2011,10561,NA
9013,Missouri Western,/team/9013/10240,883,Mid-America Intercollegiate,2,2010,10240,NA
9012,Mo. Southern St.,/teams/614926,883,Mid-America Intercollegiate,2,2026,17040,614926
9012,Mo. Southern St.,/teams/596776,883,Mid-America Intercollegiate,2,2025,16840,596776
9012,Mo. Southern St.,/team/9012/16580,883,Mid-America Intercollegiate,2,2024,16580,NA
9012,Mo. Southern St.,/team/9012/16340,883,Mid-America Intercollegiate,2,2023,16340,NA
9012,Mo. Southern St.,/team/9012/15860,883,Mid-America Intercollegiate,2,2022,15860,NA
9012,Mo. Southern St.,/team/9012/15580,883,Mid-America Intercollegiate,2,2021,15580,NA
9012,Mo. Southern St.,/team/9012/15204,883,Mid-America Intercollegiate,2,2020,15204,NA
9012,Mo. Southern St.,/team/9012/14781,883,Mid-America Intercollegiate,2,2019,14781,NA
9012,Mo. Southern St.,/team/9012/12973,883,Mid-America Intercollegiate,2,2018,12973,NA
9012,Mo. Southern St.,/team/9012/12560,883,Mid-America Intercollegiate,2,2017,12560,NA
9012,Mo. Southern St.,/team/9012/12360,883,Mid-America Intercollegiate,2,2016,12360,NA
9012,Mo. Southern St.,/team/9012/12080,883,Mid-America Intercollegiate,2,2015,12080,NA
9012,Mo. Southern St.,/team/9012/11620,883,Mid-America Intercollegiate,2,2014,11620,NA
9012,Mo. Southern St.,/team/9012/11320,883,Mid-America Intercollegiate,2,2013,11320,NA
9012,Mo. Southern St.,/team/9012/10942,883,Mid-America Intercollegiate,2,2012,10942,NA
9012,Mo. Southern St.,/team/9012/10561,883,Mid-America Intercollegiate,2,2011,10561,NA
9012,Mo. Southern St.,/team/9012/10240,883,Mid-America Intercollegiate,2,2010,10240,NA
436,Mo.-St. Louis,/teams/615061,855,GLVC,2,2026,17040,615061
436,Mo.-St. Louis,/teams/596913,855,GLVC,2,2025,16840,596913
436,Mo.-St. Louis,/team/436/16580,855,GLVC,2,2024,16580,NA
436,Mo.-St. Louis,/team/436/16340,855,GLVC,2,2023,16340,NA
436,Mo.-St. Louis,/team/436/15860,855,GLVC,2,2022,15860,NA
436,Mo.-St. Louis,/team/436/15580,855,GLVC,2,2021,15580,NA
436,Mo.-St. Louis,/team/436/15204,855,GLVC,2,2020,15204,NA
436,Mo.-St. Louis,/team/436/14781,855,GLVC,2,2019,14781,NA
436,Mo.-St. Louis,/team/436/12973,855,GLVC,2,2018,12973,NA
436,Mo.-St. Louis,/team/436/12560,855,GLVC,2,2017,12560,NA
436,Mo.-St. Louis,/team/436/12360,855,GLVC,2,2016,12360,NA
436,Mo.-St. Louis,/team/436/12080,855,GLVC,2,2015,12080,NA
436,Mo.-St. Louis,/team/436/11620,855,GLVC,2,2014,11620,NA
436,Mo.-St. Louis,/team/436/11320,855,GLVC,2,2013,11320,NA
436,Mo.-St. Louis,/team/436/10942,855,GLVC,2,2012,10942,NA
436,Mo.-St. Louis,/team/436/10561,855,GLVC,2,2011,10561,NA
436,Mo.-St. Louis,/team/436/10240,855,GLVC,2,2010,10240,NA
437,Molloy,/teams/615062,11265,ECC,2,2026,17040,615062
437,Molloy,/teams/596914,11265,ECC,2,2025,16840,596914
437,Molloy,/team/437/16580,11265,ECC,2,2024,16580,NA
437,Molloy,/team/437/16340,11265,ECC,2,2023,16340,NA
437,Molloy,/team/437/15860,11265,ECC,2,2022,15860,NA
437,Molloy,/team/437/15580,11265,ECC,2,2021,15580,NA
437,Molloy,/team/437/15204,11265,ECC,2,2020,15204,NA
437,Molloy,/team/437/14781,11265,ECC,2,2019,14781,NA
437,Molloy,/team/437/12973,11265,ECC,2,2018,12973,NA
437,Molloy,/team/437/12560,11265,ECC,2,2017,12560,NA
437,Molloy,/team/437/12360,11265,ECC,2,2016,12360,NA
437,Molloy,/team/437/12080,11265,ECC,2,2015,12080,NA
437,Molloy,/team/437/11620,11265,ECC,2,2014,11620,NA
437,Molloy,/team/437/11320,11265,ECC,2,2013,11320,NA
437,Molloy,/team/437/10942,11265,ECC,2,2012,10942,NA
437,Molloy,/team/437/10561,11265,ECC,2,2011,10561,NA
437,Molloy,/team/437/10240,11265,ECC,2,2010,10240,NA
205,Mont. St. Billings,/teams/615031,30012,Great Northwest,2,2026,17040,615031
205,Mont. St. Billings,/teams/596882,30012,Great Northwest,2,2025,16840,596882
205,Mont. St. Billings,/team/205/16580,30012,Great Northwest,2,2024,16580,NA
205,Mont. St. Billings,/team/205/16340,30012,Great Northwest,2,2023,16340,NA
205,Mont. St. Billings,/team/205/15860,30012,Great Northwest,2,2022,15860,NA
205,Mont. St. Billings,/team/205/15580,30012,Great Northwest,2,2021,15580,NA
205,Mont. St. Billings,/team/205/15204,30012,Great Northwest,2,2020,15204,NA
205,Mont. St. Billings,/team/205/14781,30012,Great Northwest,2,2019,14781,NA
205,Mont. St. Billings,/team/205/12973,30012,Great Northwest,2,2018,12973,NA
205,Mont. St. Billings,/team/205/12560,30012,Great Northwest,2,2017,12560,NA
205,Mont. St. Billings,/team/205/12360,30012,Great Northwest,2,2016,12360,NA
205,Mont. St. Billings,/team/205/12080,30012,Great Northwest,2,2015,12080,NA
205,Mont. St. Billings,/team/205/11620,30012,Great Northwest,2,2014,11620,NA
205,Mont. St. Billings,/team/205/11320,30012,Great Northwest,2,2013,11320,NA
205,Mont. St. Billings,/team/205/10942,30012,Great Northwest,2,2012,10942,NA
205,Mont. St. Billings,/team/205/10561,30012,Great Northwest,2,2011,10561,NA
205,Mont. St. Billings,/team/205/10240,30012,Great Northwest,2,2010,10240,NA
1238,Montevallo,/teams/614888,858,Gulf South,2,2026,17040,614888
1238,Montevallo,/teams/596737,858,Gulf South,2,2025,16840,596737
1238,Montevallo,/team/1238/16580,858,Gulf South,2,2024,16580,NA
1238,Montevallo,/team/1238/16340,858,Gulf South,2,2023,16340,NA
1238,Montevallo,/team/1238/15860,858,Gulf South,2,2022,15860,NA
1238,Montevallo,/team/1238/15580,858,Gulf South,2,2021,15580,NA
1238,Montevallo,/team/1238/15204,858,Gulf South,2,2020,15204,NA
1238,Montevallo,/team/1238/14781,858,Gulf South,2,2019,14781,NA
1238,Montevallo,/team/1238/12973,858,Gulf South,2,2018,12973,NA
1238,Montevallo,/team/1238/12560,12923,Peach Belt,2,2017,12560,NA
1238,Montevallo,/team/1238/12360,12923,Peach Belt,2,2016,12360,NA
1238,Montevallo,/team/1238/12080,12923,Peach Belt,2,2015,12080,NA
1238,Montevallo,/team/1238/11620,12923,Peach Belt,2,2014,11620,NA
1238,Montevallo,/team/1238/11320,12923,Peach Belt,2,2013,11320,NA
1238,Montevallo,/team/1238/10942,12923,Peach Belt,2,2012,10942,NA
1238,Montevallo,/team/1238/10561,12923,Peach Belt,2,2011,10561,NA
1238,Montevallo,/team/1238/10240,12923,Peach Belt,2,2010,10240,NA
445,Morehouse,/teams/615063,913,SIAC,2,2026,17040,615063
445,Morehouse,/teams/596915,913,SIAC,2,2025,16840,596915
445,Morehouse,/team/445/16580,913,SIAC,2,2024,16580,NA
445,Morehouse,/team/445/16340,913,SIAC,2,2023,16340,NA
445,Morehouse,/team/445/15860,913,SIAC,2,2022,15860,NA
445,Morehouse,/team/445/15580,913,SIAC,2,2021,15580,NA
445,Morehouse,/team/445/15204,913,SIAC,2,2020,15204,NA
445,Morehouse,/team/445/14781,913,SIAC,2,2019,14781,NA
445,Morehouse,/team/445/12973,913,SIAC,2,2018,12973,NA
445,Morehouse,/team/445/12560,913,SIAC,2,2017,12560,NA
445,Morehouse,/team/445/12360,913,SIAC,2,2016,12360,NA
445,Morehouse,/team/445/12080,913,SIAC,2,2015,12080,NA
445,Morehouse,/team/445/11620,913,SIAC,2,2014,11620,NA
445,Morehouse,/team/445/11320,913,SIAC,2,2013,11320,NA
445,Morehouse,/team/445/10942,913,SIAC,2,2012,10942,NA
445,Morehouse,/team/445/10561,913,SIAC,2,2011,10561,NA
445,Morehouse,/team/445/10240,913,SIAC,2,2010,10240,NA
1245,Mount Olive,/teams/614889,4423,Conference Carolinas,2,2026,17040,614889
1245,Mount Olive,/teams/596738,4423,Conference Carolinas,2,2025,16840,596738
1245,Mount Olive,/team/1245/16580,4423,Conference Carolinas,2,2024,16580,NA
1245,Mount Olive,/team/1245/16340,4423,Conference Carolinas,2,2023,16340,NA
1245,Mount Olive,/team/1245/15860,4423,Conference Carolinas,2,2022,15860,NA
1245,Mount Olive,/team/1245/15580,4423,Conference Carolinas,2,2021,15580,NA
1245,Mount Olive,/team/1245/15204,4423,Conference Carolinas,2,2020,15204,NA
1245,Mount Olive,/team/1245/14781,4423,Conference Carolinas,2,2019,14781,NA
1245,Mount Olive,/team/1245/12973,4423,Conference Carolinas,2,2018,12973,NA
1245,Mount Olive,/team/1245/12560,4423,Conference Carolinas,2,2017,12560,NA
1245,Mount Olive,/team/1245/12360,4423,Conference Carolinas,2,2016,12360,NA
1245,Mount Olive,/team/1245/12080,4423,Conference Carolinas,2,2015,12080,NA
1245,Mount Olive,/team/1245/11620,4423,Conference Carolinas,2,2014,11620,NA
1245,Mount Olive,/team/1245/11320,4423,Conference Carolinas,2,2013,11320,NA
1245,Mount Olive,/team/1245/10942,4423,Conference Carolinas,2,2012,10942,NA
1245,Mount Olive,/team/1245/10561,4423,Conference Carolinas,2,2011,10561,NA
1245,Mount Olive,/team/1245/10240,4423,Conference Carolinas,2,2010,10240,NA
8577,N.M. Highlands,/teams/614919,13128,RMAC,2,2026,17040,614919
8577,N.M. Highlands,/teams/596769,13128,RMAC,2,2025,16840,596769
8577,N.M. Highlands,/team/8577/16580,13128,RMAC,2,2024,16580,NA
8577,N.M. Highlands,/team/8577/16340,13128,RMAC,2,2023,16340,NA
8577,N.M. Highlands,/team/8577/15860,13128,RMAC,2,2022,15860,NA
8577,N.M. Highlands,/team/8577/15580,13128,RMAC,2,2021,15580,NA
8577,N.M. Highlands,/team/8577/15204,13128,RMAC,2,2020,15204,NA
8577,N.M. Highlands,/team/8577/14781,13128,RMAC,2,2019,14781,NA
8577,N.M. Highlands,/team/8577/12973,13128,RMAC,2,2018,12973,NA
8577,N.M. Highlands,/team/8577/12560,13128,RMAC,2,2017,12560,NA
8577,N.M. Highlands,/team/8577/12360,13128,RMAC,2,2016,12360,NA
8577,N.M. Highlands,/team/8577/12080,13128,RMAC,2,2015,12080,NA
8577,N.M. Highlands,/team/8577/11620,13128,RMAC,2,2014,11620,NA
8577,N.M. Highlands,/team/8577/11320,13128,RMAC,2,2013,11320,NA
8577,N.M. Highlands,/team/8577/10942,13128,RMAC,2,2012,10942,NA
8577,N.M. Highlands,/team/8577/10561,13128,RMAC,2,2011,10561,NA
8577,N.M. Highlands,/team/8577/10240,13128,RMAC,2,2010,10240,NA
471,NJIT,/team/471/12080,0,Independent,2,2015,12080,NA
1156,Neb.-Kearney,/team/1156/12973,883,Mid-America Intercollegiate,2,2018,12973,NA
1156,Neb.-Kearney,/team/1156/12560,883,Mid-America Intercollegiate,2,2017,12560,NA
1156,Neb.-Kearney,/team/1156/12360,883,Mid-America Intercollegiate,2,2016,12360,NA
1156,Neb.-Kearney,/team/1156/12080,883,Mid-America Intercollegiate,2,2015,12080,NA
1156,Neb.-Kearney,/team/1156/11620,883,Mid-America Intercollegiate,2,2014,11620,NA
1156,Neb.-Kearney,/team/1156/11320,883,Mid-America Intercollegiate,2,2013,11320,NA
1156,Neb.-Kearney,/team/1156/10942,13128,RMAC,2,2012,10942,NA
1156,Neb.-Kearney,/team/1156/10561,13128,RMAC,2,2011,10561,NA
1156,Neb.-Kearney,/team/1156/10240,13128,RMAC,2,2010,10240,NA
470,New Haven,/teams/596917,899,NE10,2,2025,16840,596917
470,New Haven,/team/470/16580,899,NE10,2,2024,16580,NA
470,New Haven,/team/470/16340,899,NE10,2,2023,16340,NA
470,New Haven,/team/470/15860,899,NE10,2,2022,15860,NA
470,New Haven,/team/470/15580,899,NE10,2,2021,15580,NA
470,New Haven,/team/470/15204,899,NE10,2,2020,15204,NA
470,New Haven,/team/470/14781,899,NE10,2,2019,14781,NA
470,New Haven,/team/470/12973,899,NE10,2,2018,12973,NA
470,New Haven,/team/470/12560,899,NE10,2,2017,12560,NA
470,New Haven,/team/470/12360,899,NE10,2,2016,12360,NA
470,New Haven,/team/470/12080,899,NE10,2,2015,12080,NA
470,New Haven,/team/470/11620,899,NE10,2,2014,11620,NA
470,New Haven,/team/470/11320,899,NE10,2,2013,11320,NA
470,New Haven,/team/470/10942,899,NE10,2,2012,10942,NA
470,New Haven,/team/470/10561,899,NE10,2,2011,10561,NA
470,New Haven,/team/470/10240,899,NE10,2,2010,10240,NA
474,New Orleans,/team/474/10942,858,Gulf South,2,2012,10942,NA
477,New York Tech,/team/477/15580,11265,ECC,2,2021,15580,NA
477,New York Tech,/team/477/15204,11265,ECC,2,2020,15204,NA
477,New York Tech,/team/477/14781,11265,ECC,2,2019,14781,NA
477,New York Tech,/team/477/12973,11265,ECC,2,2018,12973,NA
477,New York Tech,/team/477/12560,0,Independent,2,2017,12560,NA
477,New York Tech,/team/477/12360,0,Independent,2,2016,12360,NA
477,New York Tech,/team/477/12080,0,Independent,2,2015,12080,NA
1257,Newberry,/teams/614890,12850,SAC,2,2026,17040,614890
1257,Newberry,/teams/596739,12850,SAC,2,2025,16840,596739
1257,Newberry,/team/1257/16580,12850,SAC,2,2024,16580,NA
1257,Newberry,/team/1257/16340,12850,SAC,2,2023,16340,NA
1257,Newberry,/team/1257/15860,12850,SAC,2,2022,15860,NA
1257,Newberry,/team/1257/15580,12850,SAC,2,2021,15580,NA
1257,Newberry,/team/1257/15204,12850,SAC,2,2020,15204,NA
1257,Newberry,/team/1257/14781,12850,SAC,2,2019,14781,NA
1257,Newberry,/team/1257/12973,12850,SAC,2,2018,12973,NA
1257,Newberry,/team/1257/12560,12850,SAC,2,2017,12560,NA
1257,Newberry,/team/1257/12360,12850,SAC,2,2016,12360,NA
1257,Newberry,/team/1257/12080,12850,SAC,2,2015,12080,NA
1257,Newberry,/team/1257/11620,12850,SAC,2,2014,11620,NA
1257,Newberry,/team/1257/11320,12850,SAC,2,2013,11320,NA
1257,Newberry,/team/1257/10942,12850,SAC,2,2012,10942,NA
1257,Newberry,/team/1257/10561,12850,SAC,2,2011,10561,NA
1257,Newberry,/team/1257/10240,12850,SAC,2,2010,10240,NA
30054,Newman,/teams/614955,883,Mid-America Intercollegiate,2,2026,17040,614955
30054,Newman,/teams/596805,883,Mid-America Intercollegiate,2,2025,16840,596805
30054,Newman,/team/30054/16580,883,Mid-America Intercollegiate,2,2024,16580,NA
30054,Newman,/team/30054/16340,883,Mid-America Intercollegiate,2,2023,16340,NA
30054,Newman,/team/30054/15860,883,Mid-America Intercollegiate,2,2022,15860,NA
30054,Newman,/team/30054/15580,883,Mid-America Intercollegiate,2,2021,15580,NA
30054,Newman,/team/30054/15204,883,Mid-America Intercollegiate,2,2020,15204,NA
30054,Newman,/team/30054/14781,28723,Heartland,2,2019,14781,NA
30054,Newman,/team/30054/12973,28723,Heartland,2,2018,12973,NA
30054,Newman,/team/30054/12560,28723,Heartland,2,2017,12560,NA
30054,Newman,/team/30054/12360,28723,Heartland,2,2016,12360,NA
30054,Newman,/team/30054/12080,28723,Heartland,2,2015,12080,NA
30054,Newman,/team/30054/11620,28723,Heartland,2,2014,11620,NA
30054,Newman,/team/30054/11320,28723,Heartland,2,2013,11320,NA
30054,Newman,/team/30054/10942,28723,Heartland,2,2012,10942,NA
30054,Newman,/team/30054/10561,28723,Heartland,2,2011,10561,NA
30054,Newman,/team/30054/10240,28723,Heartland,2,2010,10240,NA
487,North Ala.,/team/487/12973,858,Gulf South,2,2018,12973,NA
487,North Ala.,/team/487/12560,858,Gulf South,2,2017,12560,NA
487,North Ala.,/team/487/12360,858,Gulf South,2,2016,12360,NA
487,North Ala.,/team/487/12080,858,Gulf South,2,2015,12080,NA
487,North Ala.,/team/487/11620,858,Gulf South,2,2014,11620,NA
487,North Ala.,/team/487/11320,858,Gulf South,2,2013,11320,NA
487,North Ala.,/team/487/10942,858,Gulf South,2,2012,10942,NA
487,North Ala.,/team/487/10561,858,Gulf South,2,2011,10561,NA
487,North Ala.,/team/487/10240,858,Gulf South,2,2010,10240,NA
30052,North Georgia,/teams/614954,12923,Peach Belt,2,2026,17040,614954
30052,North Georgia,/teams/596804,12923,Peach Belt,2,2025,16840,596804
30052,North Georgia,/team/30052/16580,12923,Peach Belt,2,2024,16580,NA
30052,North Georgia,/team/30052/16340,12923,Peach Belt,2,2023,16340,NA
30052,North Georgia,/team/30052/15860,12923,Peach Belt,2,2022,15860,NA
30052,North Georgia,/team/30052/15580,12923,Peach Belt,2,2021,15580,NA
30052,North Georgia,/team/30052/15204,12923,Peach Belt,2,2020,15204,NA
30052,North Georgia,/team/30052/14781,12923,Peach Belt,2,2019,14781,NA
30052,North Georgia,/team/30052/12973,12923,Peach Belt,2,2018,12973,NA
30052,North Georgia,/team/30052/12560,12923,Peach Belt,2,2017,12560,NA
30052,North Georgia,/team/30052/12360,12923,Peach Belt,2,2016,12360,NA
30052,North Georgia,/team/30052/12080,12923,Peach Belt,2,2015,12080,NA
30052,North Georgia,/team/30052/11620,12923,Peach Belt,2,2014,11620,NA
30052,North Georgia,/team/30052/11320,12923,Peach Belt,2,2013,11320,NA
30052,North Georgia,/team/30052/10942,12923,Peach Belt,2,2012,10942,NA
30052,North Georgia,/team/30052/10561,12923,Peach Belt,2,2011,10561,NA
30052,North Georgia,/team/30052/10240,12923,Peach Belt,2,2010,10240,NA
9223,North Greenville,/teams/614929,4423,Conference Carolinas,2,2026,17040,614929
9223,North Greenville,/teams/596779,4423,Conference Carolinas,2,2025,16840,596779
9223,North Greenville,/team/9223/16580,4423,Conference Carolinas,2,2024,16580,NA
9223,North Greenville,/team/9223/16340,4423,Conference Carolinas,2,2023,16340,NA
9223,North Greenville,/team/9223/15860,4423,Conference Carolinas,2,2022,15860,NA
9223,North Greenville,/team/9223/15580,4423,Conference Carolinas,2,2021,15580,NA
9223,North Greenville,/team/9223/15204,4423,Conference Carolinas,2,2020,15204,NA
9223,North Greenville,/team/9223/14781,4423,Conference Carolinas,2,2019,14781,NA
9223,North Greenville,/team/9223/12973,4423,Conference Carolinas,2,2018,12973,NA
9223,North Greenville,/team/9223/12560,4423,Conference Carolinas,2,2017,12560,NA
9223,North Greenville,/team/9223/12360,4423,Conference Carolinas,2,2016,12360,NA
9223,North Greenville,/team/9223/12080,4423,Conference Carolinas,2,2015,12080,NA
9223,North Greenville,/team/9223/11620,4423,Conference Carolinas,2,2014,11620,NA
9223,North Greenville,/team/9223/11320,4423,Conference Carolinas,2,2013,11320,NA
9223,North Greenville,/team/9223/10942,4423,Conference Carolinas,2,2012,10942,NA
12810,Northeastern St.,/teams/614939,883,Mid-America Intercollegiate,2,2026,17040,614939
12810,Northeastern St.,/teams/596789,883,Mid-America Intercollegiate,2,2025,16840,596789
12810,Northeastern St.,/team/12810/16580,883,Mid-America Intercollegiate,2,2024,16580,NA
12810,Northeastern St.,/team/12810/16340,883,Mid-America Intercollegiate,2,2023,16340,NA
12810,Northeastern St.,/team/12810/15860,883,Mid-America Intercollegiate,2,2022,15860,NA
12810,Northeastern St.,/team/12810/15580,883,Mid-America Intercollegiate,2,2021,15580,NA
12810,Northeastern St.,/team/12810/15204,883,Mid-America Intercollegiate,2,2020,15204,NA
12810,Northeastern St.,/team/12810/14781,883,Mid-America Intercollegiate,2,2019,14781,NA
12810,Northeastern St.,/team/12810/12973,883,Mid-America Intercollegiate,2,2018,12973,NA
12810,Northeastern St.,/team/12810/12560,883,Mid-America Intercollegiate,2,2017,12560,NA
12810,Northeastern St.,/team/12810/12360,883,Mid-America Intercollegiate,2,2016,12360,NA
12810,Northeastern St.,/team/12810/12080,883,Mid-America Intercollegiate,2,2015,12080,NA
12810,Northeastern St.,/team/12810/11620,883,Mid-America Intercollegiate,2,2014,11620,NA
12810,Northeastern St.,/team/12810/11320,883,Mid-America Intercollegiate,2,2013,11320,NA
12810,Northeastern St.,/team/12810/10561,868,Lone Star,2,2011,10561,NA
12810,Northeastern St.,/team/12810/10240,868,Lone Star,2,2010,10240,NA
505,Northern Ky.,/team/505/10942,855,GLVC,2,2012,10942,NA
505,Northern Ky.,/team/505/10561,855,GLVC,2,2011,10561,NA
505,Northern Ky.,/team/505/10240,855,GLVC,2,2010,10240,NA
1266,Northern St.,/teams/614891,12853,NSIC,2,2026,17040,614891
1266,Northern St.,/teams/596740,12853,NSIC,2,2025,16840,596740
1266,Northern St.,/team/1266/16580,12853,NSIC,2,2024,16580,NA
1266,Northern St.,/team/1266/16340,12853,NSIC,2,2023,16340,NA
1266,Northern St.,/team/1266/15860,12853,NSIC,2,2022,15860,NA
1266,Northern St.,/team/1266/15580,12853,NSIC,2,2021,15580,NA
1266,Northern St.,/team/1266/15204,12853,NSIC,2,2020,15204,NA
1266,Northern St.,/team/1266/14781,12853,NSIC,2,2019,14781,NA
1266,Northern St.,/team/1266/12973,12853,NSIC,2,2018,12973,NA
1266,Northern St.,/team/1266/12560,12853,NSIC,2,2017,12560,NA
1266,Northern St.,/team/1266/12360,12853,NSIC,2,2016,12360,NA
1266,Northern St.,/team/1266/12080,12853,NSIC,2,2015,12080,NA
1266,Northern St.,/team/1266/11620,12853,NSIC,2,2014,11620,NA
1266,Northern St.,/team/1266/11320,12853,NSIC,2,2013,11320,NA
1266,Northern St.,/team/1266/10942,12853,NSIC,2,2012,10942,NA
1266,Northern St.,/team/1266/10561,12853,NSIC,2,2011,10561,NA
1266,Northern St.,/team/1266/10240,12853,NSIC,2,2010,10240,NA
507,Northwest Mo. St.,/teams/615067,883,Mid-America Intercollegiate,2,2026,17040,615067
507,Northwest Mo. St.,/teams/596919,883,Mid-America Intercollegiate,2,2025,16840,596919
507,Northwest Mo. St.,/team/507/16580,883,Mid-America Intercollegiate,2,2024,16580,NA
507,Northwest Mo. St.,/team/507/16340,883,Mid-America Intercollegiate,2,2023,16340,NA
507,Northwest Mo. St.,/team/507/15860,883,Mid-America Intercollegiate,2,2022,15860,NA
507,Northwest Mo. St.,/team/507/15580,883,Mid-America Intercollegiate,2,2021,15580,NA
507,Northwest Mo. St.,/team/507/15204,883,Mid-America Intercollegiate,2,2020,15204,NA
507,Northwest Mo. St.,/team/507/14781,883,Mid-America Intercollegiate,2,2019,14781,NA
507,Northwest Mo. St.,/team/507/12973,883,Mid-America Intercollegiate,2,2018,12973,NA
507,Northwest Mo. St.,/team/507/12560,883,Mid-America Intercollegiate,2,2017,12560,NA
507,Northwest Mo. St.,/team/507/12360,883,Mid-America Intercollegiate,2,2016,12360,NA
507,Northwest Mo. St.,/team/507/12080,883,Mid-America Intercollegiate,2,2015,12080,NA
507,Northwest Mo. St.,/team/507/11620,883,Mid-America Intercollegiate,2,2014,11620,NA
507,Northwest Mo. St.,/team/507/11320,883,Mid-America Intercollegiate,2,2013,11320,NA
507,Northwest Mo. St.,/team/507/10942,883,Mid-America Intercollegiate,2,2012,10942,NA
507,Northwest Mo. St.,/team/507/10561,883,Mid-America Intercollegiate,2,2011,10561,NA
507,Northwest Mo. St.,/team/507/10240,883,Mid-America Intercollegiate,2,2010,10240,NA
1274,Northwest Nazarene,/teams/614892,30012,Great Northwest,2,2026,17040,614892
1274,Northwest Nazarene,/teams/596741,30012,Great Northwest,2,2025,16840,596741
1274,Northwest Nazarene,/team/1274/16580,30012,Great Northwest,2,2024,16580,NA
1274,Northwest Nazarene,/team/1274/16340,30012,Great Northwest,2,2023,16340,NA
1274,Northwest Nazarene,/team/1274/15860,30012,Great Northwest,2,2022,15860,NA
1274,Northwest Nazarene,/team/1274/15580,30012,Great Northwest,2,2021,15580,NA
1274,Northwest Nazarene,/team/1274/15204,30012,Great Northwest,2,2020,15204,NA
1274,Northwest Nazarene,/team/1274/14781,30012,Great Northwest,2,2019,14781,NA
1274,Northwest Nazarene,/team/1274/12973,30012,Great Northwest,2,2018,12973,NA
1274,Northwest Nazarene,/team/1274/12560,30012,Great Northwest,2,2017,12560,NA
1274,Northwest Nazarene,/team/1274/12360,30012,Great Northwest,2,2016,12360,NA
1274,Northwest Nazarene,/team/1274/12080,30012,Great Northwest,2,2015,12080,NA
1274,Northwest Nazarene,/team/1274/11620,30012,Great Northwest,2,2014,11620,NA
1274,Northwest Nazarene,/team/1274/11320,30012,Great Northwest,2,2013,11320,NA
1274,Northwest Nazarene,/team/1274/10942,30012,Great Northwest,2,2012,10942,NA
1274,Northwest Nazarene,/team/1274/10561,30012,Great Northwest,2,2011,10561,NA
1274,Northwest Nazarene,/team/1274/10240,30012,Great Northwest,2,2010,10240,NA
30178,Northwestern Okla.,/teams/614981,30144,GAC,2,2026,17040,614981
30178,Northwestern Okla.,/teams/596832,30144,GAC,2,2025,16840,596832
30178,Northwestern Okla.,/team/30178/16580,30144,GAC,2,2024,16580,NA
30178,Northwestern Okla.,/team/30178/16340,30144,GAC,2,2023,16340,NA
30178,Northwestern Okla.,/team/30178/15860,30144,GAC,2,2022,15860,NA
30178,Northwestern Okla.,/team/30178/15580,30144,GAC,2,2021,15580,NA
30178,Northwestern Okla.,/team/30178/15204,30144,GAC,2,2020,15204,NA
30178,Northwestern Okla.,/team/30178/14781,30144,GAC,2,2019,14781,NA
30178,Northwestern Okla.,/team/30178/12973,30144,GAC,2,2018,12973,NA
30178,Northwestern Okla.,/team/30178/12560,30144,GAC,2,2017,12560,NA
30178,Northwestern Okla.,/team/30178/12360,30144,GAC,2,2016,12360,NA
510,Northwood,/teams/615068,30182,G-MAC,2,2026,17040,615068
510,Northwood,/teams/596920,30182,G-MAC,2,2025,16840,596920
510,Northwood,/team/510/16580,30182,G-MAC,2,2024,16580,NA
510,Northwood,/team/510/16340,30182,G-MAC,2,2023,16340,NA
510,Northwood,/team/510/15860,854,GLIAC,2,2022,15860,NA
510,Northwood,/team/510/15580,854,GLIAC,2,2021,15580,NA
510,Northwood,/team/510/15204,854,GLIAC,2,2020,15204,NA
510,Northwood,/team/510/14781,854,GLIAC,2,2019,14781,NA
510,Northwood,/team/510/12973,854,GLIAC,2,2018,12973,NA
510,Northwood,/team/510/12560,854,GLIAC,2,2017,12560,NA
510,Northwood,/team/510/12360,854,GLIAC,2,2016,12360,NA
510,Northwood,/team/510/12080,854,GLIAC,2,2015,12080,NA
510,Northwood,/team/510/11620,854,GLIAC,2,2014,11620,NA
510,Northwood,/team/510/11320,854,GLIAC,2,2013,11320,NA
510,Northwood,/team/510/10942,854,GLIAC,2,2012,10942,NA
510,Northwood,/team/510/10561,854,GLIAC,2,2011,10561,NA
510,Northwood,/team/510/10240,854,GLIAC,2,2010,10240,NA
30126,Notre Dame (OH),/team/30126/16580,30183,MEC,2,2024,16580,NA
30126,Notre Dame (OH),/team/30126/16340,30183,MEC,2,2023,16340,NA
30126,Notre Dame (OH),/team/30126/15860,30183,MEC,2,2022,15860,NA
30126,Notre Dame (OH),/team/30126/15580,30183,MEC,2,2021,15580,NA
30126,Notre Dame (OH),/team/30126/15204,30183,MEC,2,2020,15204,NA
30126,Notre Dame (OH),/team/30126/14781,30183,MEC,2,2019,14781,NA
30126,Notre Dame (OH),/team/30126/12973,30183,MEC,2,2018,12973,NA
30126,Notre Dame (OH),/team/30126/12560,30183,MEC,2,2017,12560,NA
30126,Notre Dame (OH),/team/30126/12360,30183,MEC,2,2016,12360,NA
30126,Notre Dame (OH),/team/30126/12080,30183,MEC,2,2015,12080,NA
30126,Notre Dame (OH),/team/30126/11620,30183,MEC,2,2014,11620,NA
24639,Nova Southeastern,/teams/614947,919,Sunshine State,2,2026,17040,614947
24639,Nova Southeastern,/teams/596797,919,Sunshine State,2,2025,16840,596797
24639,Nova Southeastern,/team/24639/16580,919,Sunshine State,2,2024,16580,NA
24639,Nova Southeastern,/team/24639/16340,919,Sunshine State,2,2023,16340,NA
24639,Nova Southeastern,/team/24639/15860,919,Sunshine State,2,2022,15860,NA
24639,Nova Southeastern,/team/24639/15580,919,Sunshine State,2,2021,15580,NA
24639,Nova Southeastern,/team/24639/15204,919,Sunshine State,2,2020,15204,NA
24639,Nova Southeastern,/team/24639/14781,919,Sunshine State,2,2019,14781,NA
24639,Nova Southeastern,/team/24639/12973,919,Sunshine State,2,2018,12973,NA
24639,Nova Southeastern,/team/24639/12560,919,Sunshine State,2,2017,12560,NA
24639,Nova Southeastern,/team/24639/12360,919,Sunshine State,2,2016,12360,NA
24639,Nova Southeastern,/team/24639/12080,919,Sunshine State,2,2015,12080,NA
24639,Nova Southeastern,/team/24639/11620,919,Sunshine State,2,2014,11620,NA
24639,Nova Southeastern,/team/24639/11320,919,Sunshine State,2,2013,11320,NA
24639,Nova Southeastern,/team/24639/10942,919,Sunshine State,2,2012,10942,NA
24639,Nova Southeastern,/team/24639/10561,919,Sunshine State,2,2011,10561,NA
24639,Nova Southeastern,/team/24639/10240,919,Sunshine State,2,2010,10240,NA
1278,Oakland City,/team/1278/15580,99010,DII Independent,2,2021,15580,NA
1278,Oakland City,/team/1278/15204,99010,DII Independent,2,2020,15204,NA
1278,Oakland City,/team/1278/14781,99010,DII Independent,2,2019,14781,NA
1278,Oakland City,/team/1278/12973,0,Independent,2,2018,12973,NA
1278,Oakland City,/team/1278/12560,0,Independent,2,2017,12560,NA
1278,Oakland City,/team/1278/12360,0,Independent,2,2016,12360,NA
1278,Oakland City,/team/1278/12080,0,Independent,2,2015,12080,NA
1278,Oakland City,/team/1278/11620,0,Independent,2,2014,11620,NA
30119,Ohio Dominican,/teams/614965,30182,G-MAC,2,2026,17040,614965
30119,Ohio Dominican,/teams/596815,30182,G-MAC,2,2025,16840,596815
30119,Ohio Dominican,/team/30119/16580,30182,G-MAC,2,2024,16580,NA
30119,Ohio Dominican,/team/30119/16340,30182,G-MAC,2,2023,16340,NA
30119,Ohio Dominican,/team/30119/15860,30182,G-MAC,2,2022,15860,NA
30119,Ohio Dominican,/team/30119/15580,30182,G-MAC,2,2021,15580,NA
30119,Ohio Dominican,/team/30119/15204,30182,G-MAC,2,2020,15204,NA
30119,Ohio Dominican,/team/30119/14781,30182,G-MAC,2,2019,14781,NA
30119,Ohio Dominican,/team/30119/12973,30182,G-MAC,2,2018,12973,NA
30119,Ohio Dominican,/team/30119/12560,854,GLIAC,2,2017,12560,NA
30119,Ohio Dominican,/team/30119/12360,854,GLIAC,2,2016,12360,NA
30119,Ohio Dominican,/team/30119/12080,854,GLIAC,2,2015,12080,NA
30119,Ohio Dominican,/team/30119/11620,854,GLIAC,2,2014,11620,NA
30119,Ohio Dominican,/team/30119/11320,854,GLIAC,2,2013,11320,NA
30119,Ohio Dominican,/team/30119/10942,854,GLIAC,2,2012,10942,NA
30119,Ohio Dominican,/team/30119/10561,854,GLIAC,2,2011,10561,NA
15207,Ohio Valley,/team/15207/15580,30182,G-MAC,2,2021,15580,NA
15207,Ohio Valley,/team/15207/15204,30182,G-MAC,2,2020,15204,NA
15207,Ohio Valley,/team/15207/14781,30182,G-MAC,2,2019,14781,NA
15207,Ohio Valley,/team/15207/12973,30182,G-MAC,2,2018,12973,NA
15207,Ohio Valley,/team/15207/12560,30182,G-MAC,2,2017,12560,NA
15207,Ohio Valley,/team/15207/12360,30182,G-MAC,2,2016,12360,NA
15207,Ohio Valley,/team/15207/12080,30182,G-MAC,2,2015,12080,NA
15207,Ohio Valley,/team/15207/11620,30182,G-MAC,2,2014,11620,NA
15207,Ohio Valley,/team/15207/11320,21344,WVIAC,2,2013,11320,NA
15207,Ohio Valley,/team/15207/10942,21344,WVIAC,2,2012,10942,NA
15207,Ohio Valley,/team/15207/10561,21344,WVIAC,2,2011,10561,NA
15207,Ohio Valley,/team/15207/10240,21344,WVIAC,2,2010,10240,NA
30202,Okla. Baptist,/teams/614990,30144,GAC,2,2026,17040,614990
30202,Okla. Baptist,/teams/596841,30144,GAC,2,2025,16840,596841
30202,Okla. Baptist,/team/30202/16580,30144,GAC,2,2024,16580,NA
30202,Okla. Baptist,/team/30202/16340,30144,GAC,2,2023,16340,NA
30202,Okla. Baptist,/team/30202/15860,30144,GAC,2,2022,15860,NA
30202,Okla. Baptist,/team/30202/15580,30144,GAC,2,2021,15580,NA
30202,Okla. Baptist,/team/30202/15204,30144,GAC,2,2020,15204,NA
30202,Okla. Baptist,/team/30202/14781,30144,GAC,2,2019,14781,NA
30202,Okla. Baptist,/team/30202/12973,30144,GAC,2,2018,12973,NA
30202,Okla. Baptist,/team/30202/12560,30144,GAC,2,2017,12560,NA
30202,Okla. Baptist,/team/30202/12360,30144,GAC,2,2016,12360,NA
30179,Okla. Christian,/teams/614982,868,Lone Star,2,2026,17040,614982
30179,Okla. Christian,/teams/596833,868,Lone Star,2,2025,16840,596833
30179,Okla. Christian,/team/30179/16580,868,Lone Star,2,2024,16580,NA
30179,Okla. Christian,/team/30179/16340,868,Lone Star,2,2023,16340,NA
30179,Okla. Christian,/team/30179/15860,868,Lone Star,2,2022,15860,NA
30179,Okla. Christian,/team/30179/15580,868,Lone Star,2,2021,15580,NA
30179,Okla. Christian,/team/30179/15204,868,Lone Star,2,2020,15204,NA
30179,Okla. Christian,/team/30179/14781,28723,Heartland,2,2019,14781,NA
30179,Okla. Christian,/team/30179/12973,28723,Heartland,2,2018,12973,NA
30179,Okla. Christian,/team/30179/12560,28723,Heartland,2,2017,12560,NA
30179,Okla. Christian,/team/30179/12360,28723,Heartland,2,2016,12360,NA
30179,Okla. Christian,/team/30179/12080,28723,Heartland,2,2015,12080,NA
30179,Okla. Christian,/team/30179/11620,28723,Heartland,2,2014,11620,NA
24342,Okla. Panhandle,/team/24342/12560,28723,Heartland,2,2017,12560,NA
24342,Okla. Panhandle,/team/24342/12360,28723,Heartland,2,2016,12360,NA
24342,Okla. Panhandle,/team/24342/12080,28723,Heartland,2,2015,12080,NA
24342,Okla. Panhandle,/team/24342/11620,28723,Heartland,2,2014,11620,NA
24342,Okla. Panhandle,/team/24342/11320,28723,Heartland,2,2013,11320,NA
24342,Okla. Panhandle,/team/24342/10942,28723,Heartland,2,2012,10942,NA
24342,Okla. Panhandle,/team/24342/10561,28723,Heartland,2,2011,10561,NA
24342,Okla. Panhandle,/team/24342/10240,28723,Heartland,2,2010,10240,NA
464,Omaha,/team/464/10561,883,Mid-America Intercollegiate,2,2011,10561,NA
464,Omaha,/team/464/10240,883,Mid-America Intercollegiate,2,2010,10240,NA
1289,Ouachita Baptist,/teams/614893,30144,GAC,2,2026,17040,614893
1289,Ouachita Baptist,/teams/596742,30144,GAC,2,2025,16840,596742
1289,Ouachita Baptist,/team/1289/16580,30144,GAC,2,2024,16580,NA
1289,Ouachita Baptist,/team/1289/16340,30144,GAC,2,2023,16340,NA
1289,Ouachita Baptist,/team/1289/15860,30144,GAC,2,2022,15860,NA
1289,Ouachita Baptist,/team/1289/15580,30144,GAC,2,2021,15580,NA
1289,Ouachita Baptist,/team/1289/15204,30144,GAC,2,2020,15204,NA
1289,Ouachita Baptist,/team/1289/14781,30144,GAC,2,2019,14781,NA
1289,Ouachita Baptist,/team/1289/12973,30144,GAC,2,2018,12973,NA
1289,Ouachita Baptist,/team/1289/12560,30144,GAC,2,2017,12560,NA
1289,Ouachita Baptist,/team/1289/12360,30144,GAC,2,2016,12360,NA
1289,Ouachita Baptist,/team/1289/12080,30144,GAC,2,2015,12080,NA
1289,Ouachita Baptist,/team/1289/11620,30144,GAC,2,2014,11620,NA
1289,Ouachita Baptist,/team/1289/11320,30144,GAC,2,2013,11320,NA
1289,Ouachita Baptist,/team/1289/10942,30144,GAC,2,2012,10942,NA
1289,Ouachita Baptist,/team/1289/10561,858,Gulf South,2,2011,10561,NA
1289,Ouachita Baptist,/team/1289/10240,858,Gulf South,2,2010,10240,NA
2682,P.R.-Bayamon,/team/2682/12973,0,Independent,2,2018,12973,NA
2682,P.R.-Bayamon,/team/2682/12560,0,Independent,2,2017,12560,NA
2682,P.R.-Bayamon,/team/2682/12360,0,Independent,2,2016,12360,NA
2682,P.R.-Bayamon,/team/2682/12080,0,Independent,2,2015,12080,NA
2682,P.R.-Bayamon,/team/2682/11620,0,Independent,2,2014,11620,NA
1321,P.R.-Cayey,/team/1321/12973,0,Independent,2,2018,12973,NA
1321,P.R.-Cayey,/team/1321/12560,0,Independent,2,2017,12560,NA
1321,P.R.-Cayey,/team/1321/12360,0,Independent,2,2016,12360,NA
1321,P.R.-Cayey,/team/1321/12080,0,Independent,2,2015,12080,NA
1321,P.R.-Cayey,/team/1321/11620,0,Independent,2,2014,11620,NA
27859,P.R.-Humacao,/team/27859/12973,0,Independent,2,2018,12973,NA
27859,P.R.-Humacao,/team/27859/12560,0,Independent,2,2017,12560,NA
27859,P.R.-Humacao,/team/27859/12360,0,Independent,2,2016,12360,NA
27859,P.R.-Humacao,/team/27859/12080,0,Independent,2,2015,12080,NA
27859,P.R.-Humacao,/team/27859/11620,0,Independent,2,2014,11620,NA
24361,P.R.-Mayaguez,/team/24361/12973,0,Independent,2,2018,12973,NA
24361,P.R.-Mayaguez,/team/24361/12560,0,Independent,2,2017,12560,NA
24361,P.R.-Mayaguez,/team/24361/12360,0,Independent,2,2016,12360,NA
24361,P.R.-Mayaguez,/team/24361/12080,0,Independent,2,2015,12080,NA
24361,P.R.-Mayaguez,/team/24361/11620,0,Independent,2,2014,11620,NA
2716,P.R.-Rio Piedras,/team/2716/12973,0,Independent,2,2018,12973,NA
2716,P.R.-Rio Piedras,/team/2716/12560,0,Independent,2,2017,12560,NA
2716,P.R.-Rio Piedras,/team/2716/12360,0,Independent,2,2016,12360,NA
2716,P.R.-Rio Piedras,/team/2716/12080,0,Independent,2,2015,12080,NA
2716,P.R.-Rio Piedras,/team/2716/11620,0,Independent,2,2014,11620,NA
2716,P.R.-Rio Piedras,/team/2716/11320,0,Independent,2,2013,11320,NA
533,Pace,/teams/615069,899,NE10,2,2026,17040,615069
533,Pace,/teams/596921,899,NE10,2,2025,16840,596921
533,Pace,/team/533/16580,899,NE10,2,2024,16580,NA
533,Pace,/team/533/16340,899,NE10,2,2023,16340,NA
533,Pace,/team/533/15860,899,NE10,2,2022,15860,NA
533,Pace,/team/533/15580,899,NE10,2,2021,15580,NA
533,Pace,/team/533/15204,899,NE10,2,2020,15204,NA
533,Pace,/team/533/14781,899,NE10,2,2019,14781,NA
533,Pace,/team/533/12973,899,NE10,2,2018,12973,NA
533,Pace,/team/533/12560,899,NE10,2,2017,12560,NA
533,Pace,/team/533/12360,899,NE10,2,2016,12360,NA
533,Pace,/team/533/12080,899,NE10,2,2015,12080,NA
533,Pace,/team/533/11620,899,NE10,2,2014,11620,NA
533,Pace,/team/533/11320,899,NE10,2,2013,11320,NA
533,Pace,/team/533/10942,899,NE10,2,2012,10942,NA
533,Pace,/team/533/10561,899,NE10,2,2011,10561,NA
533,Pace,/team/533/10240,899,NE10,2,2010,10240,NA
535,Paine,/team/535/15580,913,SIAC,2,2021,15580,NA
535,Paine,/team/535/15204,913,SIAC,2,2020,15204,NA
535,Paine,/team/535/14781,913,SIAC,2,2019,14781,NA
535,Paine,/team/535/12973,913,SIAC,2,2018,12973,NA
535,Paine,/team/535/12560,913,SIAC,2,2017,12560,NA
535,Paine,/team/535/12360,913,SIAC,2,2016,12360,NA
535,Paine,/team/535/12080,913,SIAC,2,2015,12080,NA
535,Paine,/team/535/11620,913,SIAC,2,2014,11620,NA
535,Paine,/team/535/11320,913,SIAC,2,2013,11320,NA
535,Paine,/team/535/10942,913,SIAC,2,2012,10942,NA
535,Paine,/team/535/10561,913,SIAC,2,2011,10561,NA
535,Paine,/team/535/10240,913,SIAC,2,2010,10240,NA
30045,Palm Beach Atl.,/teams/614951,919,Sunshine State,2,2026,17040,614951
30045,Palm Beach Atl.,/teams/596801,919,Sunshine State,2,2025,16840,596801
30045,Palm Beach Atl.,/team/30045/16580,919,Sunshine State,2,2024,16580,NA
30045,Palm Beach Atl.,/team/30045/16340,919,Sunshine State,2,2023,16340,NA
30045,Palm Beach Atl.,/team/30045/15860,919,Sunshine State,2,2022,15860,NA
30045,Palm Beach Atl.,/team/30045/15580,919,Sunshine State,2,2021,15580,NA
30045,Palm Beach Atl.,/team/30045/15204,919,Sunshine State,2,2020,15204,NA
30045,Palm Beach Atl.,/team/30045/14781,919,Sunshine State,2,2019,14781,NA
30045,Palm Beach Atl.,/team/30045/12973,919,Sunshine State,2,2018,12973,NA
30045,Palm Beach Atl.,/team/30045/12560,0,Independent,2,2017,12560,NA
30045,Palm Beach Atl.,/team/30045/12360,0,Independent,2,2016,12360,NA
30045,Palm Beach Atl.,/team/30045/12080,0,Independent,2,2015,12080,NA
30045,Palm Beach Atl.,/team/30045/11620,0,Independent,2,2014,11620,NA
30045,Palm Beach Atl.,/team/30045/11320,0,Independent,2,2013,11320,NA
542,Pfeiffer,/team/542/12560,4423,Conference Carolinas,2,2017,12560,NA
542,Pfeiffer,/team/542/12360,4423,Conference Carolinas,2,2016,12360,NA
542,Pfeiffer,/team/542/12080,4423,Conference Carolinas,2,2015,12080,NA
542,Pfeiffer,/team/542/11620,4423,Conference Carolinas,2,2014,11620,NA
542,Pfeiffer,/team/542/10561,4423,Conference Carolinas,2,2011,10561,NA
542,Pfeiffer,/team/542/10240,4423,Conference Carolinas,2,2010,10240,NA
546,Pitt.-Johnstown,/teams/615072,906,PSAC,2,2026,17040,615072
546,Pitt.-Johnstown,/teams/596924,906,PSAC,2,2025,16840,596924
546,Pitt.-Johnstown,/team/546/16580,906,PSAC,2,2024,16580,NA
546,Pitt.-Johnstown,/team/546/16340,906,PSAC,2,2023,16340,NA
546,Pitt.-Johnstown,/team/546/15860,906,PSAC,2,2022,15860,NA
546,Pitt.-Johnstown,/team/546/15580,906,PSAC,2,2021,15580,NA
546,Pitt.-Johnstown,/team/546/15204,906,PSAC,2,2020,15204,NA
546,Pitt.-Johnstown,/team/546/14781,906,PSAC,2,2019,14781,NA
546,Pitt.-Johnstown,/team/546/12973,906,PSAC,2,2018,12973,NA
546,Pitt.-Johnstown,/team/546/12560,906,PSAC,2,2017,12560,NA
546,Pitt.-Johnstown,/team/546/12360,906,PSAC,2,2016,12360,NA
546,Pitt.-Johnstown,/team/546/12080,906,PSAC,2,2015,12080,NA
546,Pitt.-Johnstown,/team/546/11620,906,PSAC,2,2014,11620,NA
546,Pitt.-Johnstown,/team/546/11320,21344,WVIAC,2,2013,11320,NA
546,Pitt.-Johnstown,/team/546/10942,21344,WVIAC,2,2012,10942,NA
546,Pitt.-Johnstown,/team/546/10561,21344,WVIAC,2,2011,10561,NA
546,Pitt.-Johnstown,/team/546/10240,21344,WVIAC,2,2010,10240,NA
1314,Pittsburg St.,/teams/614894,883,Mid-America Intercollegiate,2,2026,17040,614894
1314,Pittsburg St.,/teams/596743,883,Mid-America Intercollegiate,2,2025,16840,596743
1314,Pittsburg St.,/team/1314/16580,883,Mid-America Intercollegiate,2,2024,16580,NA
1314,Pittsburg St.,/team/1314/16340,883,Mid-America Intercollegiate,2,2023,16340,NA
1314,Pittsburg St.,/team/1314/15860,883,Mid-America Intercollegiate,2,2022,15860,NA
1314,Pittsburg St.,/team/1314/15580,883,Mid-America Intercollegiate,2,2021,15580,NA
1314,Pittsburg St.,/team/1314/15204,883,Mid-America Intercollegiate,2,2020,15204,NA
1314,Pittsburg St.,/team/1314/14781,883,Mid-America Intercollegiate,2,2019,14781,NA
1314,Pittsburg St.,/team/1314/12973,883,Mid-America Intercollegiate,2,2018,12973,NA
1314,Pittsburg St.,/team/1314/12560,883,Mid-America Intercollegiate,2,2017,12560,NA
1314,Pittsburg St.,/team/1314/12360,883,Mid-America Intercollegiate,2,2016,12360,NA
1314,Pittsburg St.,/team/1314/12080,883,Mid-America Intercollegiate,2,2015,12080,NA
1314,Pittsburg St.,/team/1314/11620,883,Mid-America Intercollegiate,2,2014,11620,NA
1314,Pittsburg St.,/team/1314/11320,883,Mid-America Intercollegiate,2,2013,11320,NA
1314,Pittsburg St.,/team/1314/10942,883,Mid-America Intercollegiate,2,2012,10942,NA
1314,Pittsburg St.,/team/1314/10561,883,Mid-America Intercollegiate,2,2011,10561,NA
1314,Pittsburg St.,/team/1314/10240,883,Mid-America Intercollegiate,2,2010,10240,NA
30149,Point Loma,/teams/614975,19591,PacWest,2,2026,17040,614975
30149,Point Loma,/teams/596826,19591,PacWest,2,2025,16840,596826
30149,Point Loma,/team/30149/16580,19591,PacWest,2,2024,16580,NA
30149,Point Loma,/team/30149/16340,19591,PacWest,2,2023,16340,NA
30149,Point Loma,/team/30149/15860,19591,PacWest,2,2022,15860,NA
30149,Point Loma,/team/30149/15580,19591,PacWest,2,2021,15580,NA
30149,Point Loma,/team/30149/15204,19591,PacWest,2,2020,15204,NA
30149,Point Loma,/team/30149/14781,19591,PacWest,2,2019,14781,NA
30149,Point Loma,/team/30149/12973,19591,PacWest,2,2018,12973,NA
30149,Point Loma,/team/30149/12560,19591,PacWest,2,2017,12560,NA
30149,Point Loma,/team/30149/12360,19591,PacWest,2,2016,12360,NA
30149,Point Loma,/team/30149/12080,19591,PacWest,2,2015,12080,NA
NA,Point Park,/teams/614875,30183,MEC,2,2026,17040,614875
NA,Point Park,/teams/597522,30183,MEC,2,2025,16840,597522
1318,Post,/teams/614895,28752,CACC,2,2026,17040,614895
1318,Post,/teams/596744,28752,CACC,2,2025,16840,596744
1318,Post,/team/1318/16580,28752,CACC,2,2024,16580,NA
1318,Post,/team/1318/16340,28752,CACC,2,2023,16340,NA
1318,Post,/team/1318/15860,28752,CACC,2,2022,15860,NA
1318,Post,/team/1318/15580,28752,CACC,2,2021,15580,NA
1318,Post,/team/1318/15204,28752,CACC,2,2020,15204,NA
1318,Post,/team/1318/14781,28752,CACC,2,2019,14781,NA
1318,Post,/team/1318/12973,28752,CACC,2,2018,12973,NA
1318,Post,/team/1318/12560,28752,CACC,2,2017,12560,NA
1318,Post,/team/1318/12360,28752,CACC,2,2016,12360,NA
1318,Post,/team/1318/12080,28752,CACC,2,2015,12080,NA
1318,Post,/team/1318/11620,28752,CACC,2,2014,11620,NA
1318,Post,/team/1318/11320,28752,CACC,2,2013,11320,NA
1318,Post,/team/1318/10942,28752,CACC,2,2012,10942,NA
1318,Post,/team/1318/10561,28752,CACC,2,2011,10561,NA
1318,Post,/team/1318/10240,28752,CACC,2,2010,10240,NA
30034,Presentation,/team/30034/11620,0,Independent,2,2014,11620,NA
30222,Purdue Northwest,/teams/614993,854,GLIAC,2,2026,17040,614993
30222,Purdue Northwest,/teams/596844,854,GLIAC,2,2025,16840,596844
30222,Purdue Northwest,/team/30222/16580,854,GLIAC,2,2024,16580,NA
30222,Purdue Northwest,/team/30222/16340,854,GLIAC,2,2023,16340,NA
30222,Purdue Northwest,/team/30222/15860,854,GLIAC,2,2022,15860,NA
30222,Purdue Northwest,/team/30222/15580,854,GLIAC,2,2021,15580,NA
30222,Purdue Northwest,/team/30222/15204,854,GLIAC,2,2020,15204,NA
30222,Purdue Northwest,/team/30222/14781,854,GLIAC,2,2019,14781,NA
30222,Purdue Northwest,/team/30222/12973,854,GLIAC,2,2018,12973,NA
30222,Purdue Northwest,/team/30222/12560,854,GLIAC,2,2017,12560,NA
11504,Queens (NC),/team/11504/15860,12850,SAC,2,2022,15860,NA
11504,Queens (NC),/team/11504/15580,12850,SAC,2,2021,15580,NA
11504,Queens (NC),/team/11504/15204,12850,SAC,2,2020,15204,NA
11504,Queens (NC),/team/11504/14781,12850,SAC,2,2019,14781,NA
560,Queens (NY),/teams/615073,11265,ECC,2,2026,17040,615073
560,Queens (NY),/teams/596925,11265,ECC,2,2025,16840,596925
560,Queens (NY),/team/560/16580,11265,ECC,2,2024,16580,NA
560,Queens (NY),/team/560/16340,11265,ECC,2,2023,16340,NA
560,Queens (NY),/team/560/15860,11265,ECC,2,2022,15860,NA
560,Queens (NY),/team/560/15580,11265,ECC,2,2021,15580,NA
560,Queens (NY),/team/560/15204,11265,ECC,2,2020,15204,NA
560,Queens (NY),/team/560/14781,11265,ECC,2,2019,14781,NA
560,Queens (NY),/team/560/12973,11265,ECC,2,2018,12973,NA
560,Queens (NY),/team/560/12560,11265,ECC,2,2017,12560,NA
560,Queens (NY),/team/560/12360,11265,ECC,2,2016,12360,NA
560,Queens (NY),/team/560/12080,11265,ECC,2,2015,12080,NA
560,Queens (NY),/team/560/11620,11265,ECC,2,2014,11620,NA
560,Queens (NY),/team/560/11320,11265,ECC,2,2013,11320,NA
560,Queens (NY),/team/560/10942,11265,ECC,2,2012,10942,NA
560,Queens (NY),/team/560/10561,11265,ECC,2,2011,10561,NA
560,Queens (NY),/team/560/10240,11265,ECC,2,2010,10240,NA
561,Quincy,/teams/615074,855,GLVC,2,2026,17040,615074
561,Quincy,/teams/596926,855,GLVC,2,2025,16840,596926
561,Quincy,/team/561/16580,855,GLVC,2,2024,16580,NA
561,Quincy,/team/561/16340,855,GLVC,2,2023,16340,NA
561,Quincy,/team/561/15860,855,GLVC,2,2022,15860,NA
561,Quincy,/team/561/15580,855,GLVC,2,2021,15580,NA
561,Quincy,/team/561/15204,855,GLVC,2,2020,15204,NA
561,Quincy,/team/561/14781,855,GLVC,2,2019,14781,NA
561,Quincy,/team/561/12973,855,GLVC,2,2018,12973,NA
561,Quincy,/team/561/12560,855,GLVC,2,2017,12560,NA
561,Quincy,/team/561/12360,855,GLVC,2,2016,12360,NA
561,Quincy,/team/561/12080,855,GLVC,2,2015,12080,NA
561,Quincy,/team/561/11620,855,GLVC,2,2014,11620,NA
561,Quincy,/team/561/11320,855,GLVC,2,2013,11320,NA
561,Quincy,/team/561/10942,855,GLVC,2,2012,10942,NA
561,Quincy,/team/561/10561,855,GLVC,2,2011,10561,NA
561,Quincy,/team/561/10240,855,GLVC,2,2010,10240,NA
568,Regis (CO),/teams/615075,13128,RMAC,2,2026,17040,615075
568,Regis (CO),/teams/596927,13128,RMAC,2,2025,16840,596927
568,Regis (CO),/team/568/16580,13128,RMAC,2,2024,16580,NA
568,Regis (CO),/team/568/16340,13128,RMAC,2,2023,16340,NA
568,Regis (CO),/team/568/15860,13128,RMAC,2,2022,15860,NA
568,Regis (CO),/team/568/15580,13128,RMAC,2,2021,15580,NA
568,Regis (CO),/team/568/15204,13128,RMAC,2,2020,15204,NA
568,Regis (CO),/team/568/14781,13128,RMAC,2,2019,14781,NA
568,Regis (CO),/team/568/12973,13128,RMAC,2,2018,12973,NA
568,Regis (CO),/team/568/12560,13128,RMAC,2,2017,12560,NA
568,Regis (CO),/team/568/12360,13128,RMAC,2,2016,12360,NA
568,Regis (CO),/team/568/12080,13128,RMAC,2,2015,12080,NA
568,Regis (CO),/team/568/11620,13128,RMAC,2,2014,11620,NA
568,Regis (CO),/team/568/11320,13128,RMAC,2,2013,11320,NA
568,Regis (CO),/team/568/10942,13128,RMAC,2,2012,10942,NA
568,Regis (CO),/team/568/10561,13128,RMAC,2,2011,10561,NA
568,Regis (CO),/team/568/10240,13128,RMAC,2,2010,10240,NA
1328,Rockhurst,/teams/614896,855,GLVC,2,2026,17040,614896
1328,Rockhurst,/teams/596745,855,GLVC,2,2025,16840,596745
1328,Rockhurst,/team/1328/16580,855,GLVC,2,2024,16580,NA
1328,Rockhurst,/team/1328/16340,855,GLVC,2,2023,16340,NA
1328,Rockhurst,/team/1328/15860,855,GLVC,2,2022,15860,NA
1328,Rockhurst,/team/1328/15580,855,GLVC,2,2021,15580,NA
1328,Rockhurst,/team/1328/15204,855,GLVC,2,2020,15204,NA
1328,Rockhurst,/team/1328/14781,855,GLVC,2,2019,14781,NA
1328,Rockhurst,/team/1328/12973,855,GLVC,2,2018,12973,NA
1328,Rockhurst,/team/1328/12560,855,GLVC,2,2017,12560,NA
1328,Rockhurst,/team/1328/12360,855,GLVC,2,2016,12360,NA
1328,Rockhurst,/team/1328/12080,855,GLVC,2,2015,12080,NA
1328,Rockhurst,/team/1328/11620,855,GLVC,2,2014,11620,NA
1328,Rockhurst,/team/1328/11320,855,GLVC,2,2013,11320,NA
1328,Rockhurst,/team/1328/10942,855,GLVC,2,2012,10942,NA
1328,Rockhurst,/team/1328/10561,855,GLVC,2,2011,10561,NA
1328,Rockhurst,/team/1328/10240,855,GLVC,2,2010,10240,NA
30180,Rogers St.,/teams/614983,883,Mid-America Intercollegiate,2,2026,17040,614983
30180,Rogers St.,/teams/596834,883,Mid-America Intercollegiate,2,2025,16840,596834
30180,Rogers St.,/team/30180/16580,883,Mid-America Intercollegiate,2,2024,16580,NA
30180,Rogers St.,/team/30180/16340,883,Mid-America Intercollegiate,2,2023,16340,NA
30180,Rogers St.,/team/30180/15860,883,Mid-America Intercollegiate,2,2022,15860,NA
30180,Rogers St.,/team/30180/15580,883,Mid-America Intercollegiate,2,2021,15580,NA
30180,Rogers St.,/team/30180/15204,883,Mid-America Intercollegiate,2,2020,15204,NA
30180,Rogers St.,/team/30180/14781,28723,Heartland,2,2019,14781,NA
30180,Rogers St.,/team/30180/12973,28723,Heartland,2,2018,12973,NA
30180,Rogers St.,/team/30180/12560,28723,Heartland,2,2017,12560,NA
584,Rollins,/teams/615076,919,Sunshine State,2,2026,17040,615076
584,Rollins,/teams/596928,919,Sunshine State,2,2025,16840,596928
584,Rollins,/team/584/16580,919,Sunshine State,2,2024,16580,NA
584,Rollins,/team/584/16340,919,Sunshine State,2,2023,16340,NA
584,Rollins,/team/584/15860,919,Sunshine State,2,2022,15860,NA
584,Rollins,/team/584/15580,919,Sunshine State,2,2021,15580,NA
584,Rollins,/team/584/15204,919,Sunshine State,2,2020,15204,NA
584,Rollins,/team/584/14781,919,Sunshine State,2,2019,14781,NA
584,Rollins,/team/584/12973,919,Sunshine State,2,2018,12973,NA
584,Rollins,/team/584/12560,919,Sunshine State,2,2017,12560,NA
584,Rollins,/team/584/12360,919,Sunshine State,2,2016,12360,NA
584,Rollins,/team/584/12080,919,Sunshine State,2,2015,12080,NA
584,Rollins,/team/584/11620,919,Sunshine State,2,2014,11620,NA
584,Rollins,/team/584/11320,919,Sunshine State,2,2013,11320,NA
584,Rollins,/team/584/10942,919,Sunshine State,2,2012,10942,NA
584,Rollins,/team/584/10561,919,Sunshine State,2,2011,10561,NA
584,Rollins,/team/584/10240,919,Sunshine State,2,2010,10240,NA
2807,Roosevelt,/teams/615119,854,GLIAC,2,2026,17040,615119
2807,Roosevelt,/teams/596972,854,GLIAC,2,2025,16840,596972
2807,Roosevelt,/team/2807/16580,99010,DII Independent,2,2024,16580,NA
586,Rust,/team/586/12560,0,Independent,2,2017,12560,NA
591,Saginaw Valley,/teams/615077,854,GLIAC,2,2026,17040,615077
591,Saginaw Valley,/teams/596929,854,GLIAC,2,2025,16840,596929
591,Saginaw Valley,/team/591/16580,854,GLIAC,2,2024,16580,NA
591,Saginaw Valley,/team/591/16340,854,GLIAC,2,2023,16340,NA
591,Saginaw Valley,/team/591/15860,854,GLIAC,2,2022,15860,NA
591,Saginaw Valley,/team/591/15580,854,GLIAC,2,2021,15580,NA
591,Saginaw Valley,/team/591/15204,854,GLIAC,2,2020,15204,NA
591,Saginaw Valley,/team/591/14781,854,GLIAC,2,2019,14781,NA
591,Saginaw Valley,/team/591/12560,854,GLIAC,2,2017,12560,NA
591,Saginaw Valley,/team/591/12360,854,GLIAC,2,2016,12360,NA
591,Saginaw Valley,/team/591/12080,854,GLIAC,2,2015,12080,NA
591,Saginaw Valley,/team/591/11620,854,GLIAC,2,2014,11620,NA
591,Saginaw Valley,/team/591/11320,854,GLIAC,2,2013,11320,NA
591,Saginaw Valley,/team/591/10942,854,GLIAC,2,2012,10942,NA
591,Saginaw Valley,/team/591/10561,854,GLIAC,2,2011,10561,NA
591,Saginaw Valley,/team/591/10240,854,GLIAC,2,2010,10240,NA
NA,Saint Anselm,/teams/615078,899,NE10,2,2026,17040,615078
NA,Saint Anselm,/teams/596930,899,NE10,2,2025,16840,596930
594,Saint Augustine's,/team/594/12973,99010,DII Independent,2,2018,12973,NA
594,Saint Augustine's,/team/594/12560,832,CIAA,2,2017,12560,NA
594,Saint Augustine's,/team/594/12360,832,CIAA,2,2016,12360,NA
594,Saint Augustine's,/team/594/12080,832,CIAA,2,2015,12080,NA
594,Saint Augustine's,/team/594/11620,832,CIAA,2,2014,11620,NA
594,Saint Augustine's,/team/594/11320,832,CIAA,2,2013,11320,NA
594,Saint Augustine's,/team/594/10942,832,CIAA,2,2012,10942,NA
594,Saint Augustine's,/team/594/10561,832,CIAA,2,2011,10561,NA
594,Saint Augustine's,/team/594/10240,832,CIAA,2,2010,10240,NA
608,Saint Leo,/teams/615080,919,Sunshine State,2,2026,17040,615080
608,Saint Leo,/teams/596932,919,Sunshine State,2,2025,16840,596932
608,Saint Leo,/team/608/16580,919,Sunshine State,2,2024,16580,NA
608,Saint Leo,/team/608/16340,919,Sunshine State,2,2023,16340,NA
608,Saint Leo,/team/608/15860,919,Sunshine State,2,2022,15860,NA
608,Saint Leo,/team/608/15580,919,Sunshine State,2,2021,15580,NA
608,Saint Leo,/team/608/15204,919,Sunshine State,2,2020,15204,NA
608,Saint Leo,/team/608/14781,919,Sunshine State,2,2019,14781,NA
608,Saint Leo,/team/608/12973,919,Sunshine State,2,2018,12973,NA
608,Saint Leo,/team/608/12560,919,Sunshine State,2,2017,12560,NA
608,Saint Leo,/team/608/12360,919,Sunshine State,2,2016,12360,NA
608,Saint Leo,/team/608/12080,919,Sunshine State,2,2015,12080,NA
608,Saint Leo,/team/608/11620,919,Sunshine State,2,2014,11620,NA
608,Saint Leo,/team/608/11320,919,Sunshine State,2,2013,11320,NA
608,Saint Leo,/team/608/10942,919,Sunshine State,2,2012,10942,NA
608,Saint Leo,/team/608/10561,919,Sunshine State,2,2011,10561,NA
608,Saint Leo,/team/608/10240,919,Sunshine State,2,2010,10240,NA
1343,Saint Martin's,/teams/614898,30012,Great Northwest,2,2026,17040,614898
1343,Saint Martin's,/teams/596747,30012,Great Northwest,2,2025,16840,596747
1343,Saint Martin's,/team/1343/16580,30012,Great Northwest,2,2024,16580,NA
1343,Saint Martin's,/team/1343/16340,30012,Great Northwest,2,2023,16340,NA
1343,Saint Martin's,/team/1343/15860,30012,Great Northwest,2,2022,15860,NA
1343,Saint Martin's,/team/1343/15580,30012,Great Northwest,2,2021,15580,NA
1343,Saint Martin's,/team/1343/15204,30012,Great Northwest,2,2020,15204,NA
1343,Saint Martin's,/team/1343/14781,30012,Great Northwest,2,2019,14781,NA
1343,Saint Martin's,/team/1343/12973,30012,Great Northwest,2,2018,12973,NA
1343,Saint Martin's,/team/1343/12560,30012,Great Northwest,2,2017,12560,NA
1343,Saint Martin's,/team/1343/12360,30012,Great Northwest,2,2016,12360,NA
1343,Saint Martin's,/team/1343/12080,30012,Great Northwest,2,2015,12080,NA
1343,Saint Martin's,/team/1343/11620,30012,Great Northwest,2,2014,11620,NA
1343,Saint Martin's,/team/1343/11320,30012,Great Northwest,2,2013,11320,NA
1343,Saint Martin's,/team/1343/10942,30012,Great Northwest,2,2012,10942,NA
1343,Saint Martin's,/team/1343/10561,30012,Great Northwest,2,2011,10561,NA
1343,Saint Martin's,/team/1343/10240,30012,Great Northwest,2,2010,10240,NA
613,Saint Michael's,/teams/615081,899,NE10,2,2026,17040,615081
613,Saint Michael's,/teams/596933,899,NE10,2,2025,16840,596933
613,Saint Michael's,/team/613/16580,899,NE10,2,2024,16580,NA
613,Saint Michael's,/team/613/16340,899,NE10,2,2023,16340,NA
613,Saint Michael's,/team/613/15860,899,NE10,2,2022,15860,NA
613,Saint Michael's,/team/613/15580,899,NE10,2,2021,15580,NA
613,Saint Michael's,/team/613/15204,899,NE10,2,2020,15204,NA
613,Saint Michael's,/team/613/14781,899,NE10,2,2019,14781,NA
613,Saint Michael's,/team/613/12973,899,NE10,2,2018,12973,NA
613,Saint Michael's,/team/613/12560,899,NE10,2,2017,12560,NA
613,Saint Michael's,/team/613/12360,899,NE10,2,2016,12360,NA
613,Saint Michael's,/team/613/12080,899,NE10,2,2015,12080,NA
613,Saint Michael's,/team/613/11620,899,NE10,2,2014,11620,NA
613,Saint Michael's,/team/613/11320,899,NE10,2,2013,11320,NA
613,Saint Michael's,/team/613/10942,899,NE10,2,2012,10942,NA
1347,Saint Rose,/team/1347/16580,899,NE10,2,2024,16580,NA
1347,Saint Rose,/team/1347/16340,899,NE10,2,2023,16340,NA
1347,Saint Rose,/team/1347/15860,899,NE10,2,2022,15860,NA
1347,Saint Rose,/team/1347/15580,899,NE10,2,2021,15580,NA
1347,Saint Rose,/team/1347/15204,899,NE10,2,2020,15204,NA
1347,Saint Rose,/team/1347/14781,899,NE10,2,2019,14781,NA
1347,Saint Rose,/team/1347/12973,899,NE10,2,2018,12973,NA
1347,Saint Rose,/team/1347/12560,899,NE10,2,2017,12560,NA
1347,Saint Rose,/team/1347/12360,899,NE10,2,2016,12360,NA
1347,Saint Rose,/team/1347/12080,899,NE10,2,2015,12080,NA
1347,Saint Rose,/team/1347/11620,899,NE10,2,2014,11620,NA
1347,Saint Rose,/team/1347/11320,899,NE10,2,2013,11320,NA
1347,Saint Rose,/team/1347/10942,899,NE10,2,2012,10942,NA
1347,Saint Rose,/team/1347/10561,899,NE10,2,2011,10561,NA
1347,Saint Rose,/team/1347/10240,899,NE10,2,2010,10240,NA
19117,Salem (WV),/teams/614943,99010,DII Independent,2,2026,17040,614943
19117,Salem (WV),/teams/596793,99010,DII Independent,2,2025,16840,596793
19117,Salem (WV),/team/19117/16580,99010,DII Independent,2,2024,16580,NA
19117,Salem (WV),/team/19117/16340,99010,DII Independent,2,2023,16340,NA
19117,Salem (WV),/team/19117/15860,99010,DII Independent,2,2022,15860,NA
19117,Salem (WV),/team/19117/15580,99010,DII Independent,2,2021,15580,NA
19117,Salem (WV),/team/19117/15204,99010,DII Independent,2,2020,15204,NA
19117,Salem (WV),/team/19117/14781,99010,DII Independent,2,2019,14781,NA
19117,Salem (WV),/team/19117/12973,0,Independent,2,2018,12973,NA
19117,Salem (WV),/team/19117/12560,0,Independent,2,2017,12560,NA
19117,Salem (WV),/team/19117/12360,30182,G-MAC,2,2016,12360,NA
19117,Salem (WV),/team/19117/12080,30182,G-MAC,2,2015,12080,NA
19117,Salem (WV),/team/19117/11620,30182,G-MAC,2,2014,11620,NA
19117,Salem (WV),/team/19117/10240,21344,WVIAC,2,2010,10240,NA
628,San Fran. St.,/teams/596934,828,CCAA,2,2025,16840,596934
628,San Fran. St.,/team/628/16580,828,CCAA,2,2024,16580,NA
628,San Fran. St.,/team/628/16340,828,CCAA,2,2023,16340,NA
628,San Fran. St.,/team/628/15860,828,CCAA,2,2022,15860,NA
628,San Fran. St.,/team/628/15580,828,CCAA,2,2021,15580,NA
628,San Fran. St.,/team/628/15204,828,CCAA,2,2020,15204,NA
628,San Fran. St.,/team/628/14781,828,CCAA,2,2019,14781,NA
628,San Fran. St.,/team/628/12973,828,CCAA,2,2018,12973,NA
628,San Fran. St.,/team/628/12560,828,CCAA,2,2017,12560,NA
628,San Fran. St.,/team/628/12360,828,CCAA,2,2016,12360,NA
628,San Fran. St.,/team/628/12080,828,CCAA,2,2015,12080,NA
628,San Fran. St.,/team/628/11620,828,CCAA,2,2014,11620,NA
628,San Fran. St.,/team/628/11320,828,CCAA,2,2013,11320,NA
628,San Fran. St.,/team/628/10942,828,CCAA,2,2012,10942,NA
628,San Fran. St.,/team/628/10561,828,CCAA,2,2011,10561,NA
628,San Fran. St.,/team/628/10240,828,CCAA,2,2010,10240,NA
632,Savannah St.,/teams/614997,913,SIAC,2,2026,17040,614997
632,Savannah St.,/teams/596848,913,SIAC,2,2025,16840,596848
632,Savannah St.,/team/632/16580,913,SIAC,2,2024,16580,NA
632,Savannah St.,/team/632/16340,913,SIAC,2,2023,16340,NA
632,Savannah St.,/team/632/15860,913,SIAC,2,2022,15860,NA
632,Savannah St.,/team/632/15580,913,SIAC,2,2021,15580,NA
632,Savannah St.,/team/632/15204,913,SIAC,2,2020,15204,NA
30063,Seton Hill,/teams/614958,906,PSAC,2,2026,17040,614958
30063,Seton Hill,/teams/596808,906,PSAC,2,2025,16840,596808
30063,Seton Hill,/team/30063/16580,906,PSAC,2,2024,16580,NA
30063,Seton Hill,/team/30063/16340,906,PSAC,2,2023,16340,NA
30063,Seton Hill,/team/30063/15860,906,PSAC,2,2022,15860,NA
30063,Seton Hill,/team/30063/15580,906,PSAC,2,2021,15580,NA
30063,Seton Hill,/team/30063/15204,906,PSAC,2,2020,15204,NA
30063,Seton Hill,/team/30063/14781,906,PSAC,2,2019,14781,NA
30063,Seton Hill,/team/30063/12973,906,PSAC,2,2018,12973,NA
30063,Seton Hill,/team/30063/12560,906,PSAC,2,2017,12560,NA
30063,Seton Hill,/team/30063/12360,906,PSAC,2,2016,12360,NA
30063,Seton Hill,/team/30063/12080,906,PSAC,2,2015,12080,NA
30063,Seton Hill,/team/30063/11620,906,PSAC,2,2014,11620,NA
30063,Seton Hill,/team/30063/11320,21344,WVIAC,2,2013,11320,NA
30063,Seton Hill,/team/30063/10942,21344,WVIAC,2,2012,10942,NA
30063,Seton Hill,/team/30063/10561,21344,WVIAC,2,2011,10561,NA
30063,Seton Hill,/team/30063/10240,21344,WVIAC,2,2010,10240,NA
636,Shaw,/team/636/11320,832,CIAA,2,2013,11320,NA
636,Shaw,/team/636/10942,832,CIAA,2,2012,10942,NA
636,Shaw,/team/636/10561,832,CIAA,2,2011,10561,NA
636,Shaw,/team/636/10240,832,CIAA,2,2010,10240,NA
10870,Shepherd,/teams/614933,906,PSAC,2,2026,17040,614933
10870,Shepherd,/teams/596783,906,PSAC,2,2025,16840,596783
10870,Shepherd,/team/10870/16580,906,PSAC,2,2024,16580,NA
10870,Shepherd,/team/10870/16340,906,PSAC,2,2023,16340,NA
10870,Shepherd,/team/10870/15860,906,PSAC,2,2022,15860,NA
10870,Shepherd,/team/10870/15580,906,PSAC,2,2021,15580,NA
10870,Shepherd,/team/10870/15204,906,PSAC,2,2020,15204,NA
10870,Shepherd,/team/10870/14781,30183,MEC,2,2019,14781,NA
10870,Shepherd,/team/10870/12973,30183,MEC,2,2018,12973,NA
10870,Shepherd,/team/10870/12560,30183,MEC,2,2017,12560,NA
10870,Shepherd,/team/10870/12360,30183,MEC,2,2016,12360,NA
10870,Shepherd,/team/10870/12080,30183,MEC,2,2015,12080,NA
10870,Shepherd,/team/10870/11620,30183,MEC,2,2014,11620,NA
10870,Shepherd,/team/10870/11320,21344,WVIAC,2,2013,11320,NA
10870,Shepherd,/team/10870/10942,21344,WVIAC,2,2012,10942,NA
10870,Shepherd,/team/10870/10561,21344,WVIAC,2,2011,10561,NA
10870,Shepherd,/team/10870/10240,21344,WVIAC,2,2010,10240,NA
638,Shippensburg,/teams/615083,906,PSAC,2,2026,17040,615083
638,Shippensburg,/teams/596935,906,PSAC,2,2025,16840,596935
638,Shippensburg,/team/638/16580,906,PSAC,2,2024,16580,NA
638,Shippensburg,/team/638/16340,906,PSAC,2,2023,16340,NA
638,Shippensburg,/team/638/15860,906,PSAC,2,2022,15860,NA
638,Shippensburg,/team/638/15580,906,PSAC,2,2021,15580,NA
638,Shippensburg,/team/638/15204,906,PSAC,2,2020,15204,NA
638,Shippensburg,/team/638/14781,906,PSAC,2,2019,14781,NA
638,Shippensburg,/team/638/12973,906,PSAC,2,2018,12973,NA
638,Shippensburg,/team/638/12560,906,PSAC,2,2017,12560,NA
638,Shippensburg,/team/638/12360,906,PSAC,2,2016,12360,NA
638,Shippensburg,/team/638/12080,906,PSAC,2,2015,12080,NA
638,Shippensburg,/team/638/11620,906,PSAC,2,2014,11620,NA
638,Shippensburg,/team/638/11320,906,PSAC,2,2013,11320,NA
638,Shippensburg,/team/638/10942,906,PSAC,2,2012,10942,NA
638,Shippensburg,/team/638/10561,906,PSAC,2,2011,10561,NA
638,Shippensburg,/team/638/10240,906,PSAC,2,2010,10240,NA
30151,Shorter,/teams/614976,4423,Conference Carolinas,2,2026,17040,614976
30151,Shorter,/teams/596827,4423,Conference Carolinas,2,2025,16840,596827
30151,Shorter,/team/30151/16580,858,Gulf South,2,2024,16580,NA
30151,Shorter,/team/30151/16340,858,Gulf South,2,2023,16340,NA
30151,Shorter,/team/30151/15860,858,Gulf South,2,2022,15860,NA
30151,Shorter,/team/30151/15580,858,Gulf South,2,2021,15580,NA
30151,Shorter,/team/30151/15204,858,Gulf South,2,2020,15204,NA
30151,Shorter,/team/30151/14781,858,Gulf South,2,2019,14781,NA
30151,Shorter,/team/30151/12973,858,Gulf South,2,2018,12973,NA
30151,Shorter,/team/30151/12560,858,Gulf South,2,2017,12560,NA
30151,Shorter,/team/30151/12360,858,Gulf South,2,2016,12360,NA
30151,Shorter,/team/30151/12080,858,Gulf South,2,2015,12080,NA
30128,Sioux Falls,/teams/614969,12853,NSIC,2,2026,17040,614969
30128,Sioux Falls,/teams/596820,12853,NSIC,2,2025,16840,596820
30128,Sioux Falls,/team/30128/16580,12853,NSIC,2,2024,16580,NA
30128,Sioux Falls,/team/30128/16340,12853,NSIC,2,2023,16340,NA
30128,Sioux Falls,/team/30128/15860,12853,NSIC,2,2022,15860,NA
30128,Sioux Falls,/team/30128/15580,12853,NSIC,2,2021,15580,NA
30128,Sioux Falls,/team/30128/15204,12853,NSIC,2,2020,15204,NA
30128,Sioux Falls,/team/30128/14781,12853,NSIC,2,2019,14781,NA
30128,Sioux Falls,/team/30128/12973,12853,NSIC,2,2018,12973,NA
30128,Sioux Falls,/team/30128/12560,12853,NSIC,2,2017,12560,NA
30128,Sioux Falls,/team/30128/12360,12853,NSIC,2,2016,12360,NA
30128,Sioux Falls,/team/30128/12080,12853,NSIC,2,2015,12080,NA
30128,Sioux Falls,/team/30128/11620,12853,NSIC,2,2014,11620,NA
30128,Sioux Falls,/team/30128/11320,12853,NSIC,2,2013,11320,NA
643,Slippery Rock,/teams/615084,906,PSAC,2,2026,17040,615084
643,Slippery Rock,/teams/596936,906,PSAC,2,2025,16840,596936
643,Slippery Rock,/team/643/16580,906,PSAC,2,2024,16580,NA
643,Slippery Rock,/team/643/16340,906,PSAC,2,2023,16340,NA
643,Slippery Rock,/team/643/15860,906,PSAC,2,2022,15860,NA
643,Slippery Rock,/team/643/15580,906,PSAC,2,2021,15580,NA
643,Slippery Rock,/team/643/15204,906,PSAC,2,2020,15204,NA
643,Slippery Rock,/team/643/14781,906,PSAC,2,2019,14781,NA
643,Slippery Rock,/team/643/12973,906,PSAC,2,2018,12973,NA
643,Slippery Rock,/team/643/12560,906,PSAC,2,2017,12560,NA
643,Slippery Rock,/team/643/12360,906,PSAC,2,2016,12360,NA
643,Slippery Rock,/team/643/12080,906,PSAC,2,2015,12080,NA
643,Slippery Rock,/team/643/11620,906,PSAC,2,2014,11620,NA
643,Slippery Rock,/team/643/11320,906,PSAC,2,2013,11320,NA
643,Slippery Rock,/team/643/10942,906,PSAC,2,2012,10942,NA
643,Slippery Rock,/team/643/10561,906,PSAC,2,2011,10561,NA
643,Slippery Rock,/team/643/10240,906,PSAC,2,2010,10240,NA
645,Sonoma St.,/teams/596937,828,CCAA,2,2025,16840,596937
645,Sonoma St.,/team/645/16580,828,CCAA,2,2024,16580,NA
645,Sonoma St.,/team/645/16340,828,CCAA,2,2023,16340,NA
645,Sonoma St.,/team/645/15860,828,CCAA,2,2022,15860,NA
645,Sonoma St.,/team/645/15580,828,CCAA,2,2021,15580,NA
645,Sonoma St.,/team/645/15204,828,CCAA,2,2020,15204,NA
645,Sonoma St.,/team/645/14781,828,CCAA,2,2019,14781,NA
645,Sonoma St.,/team/645/12973,828,CCAA,2,2018,12973,NA
645,Sonoma St.,/team/645/12560,828,CCAA,2,2017,12560,NA
645,Sonoma St.,/team/645/12360,828,CCAA,2,2016,12360,NA
645,Sonoma St.,/team/645/12080,828,CCAA,2,2015,12080,NA
645,Sonoma St.,/team/645/11620,828,CCAA,2,2014,11620,NA
645,Sonoma St.,/team/645/11320,828,CCAA,2,2013,11320,NA
645,Sonoma St.,/team/645/10942,828,CCAA,2,2012,10942,NA
645,Sonoma St.,/team/645/10561,828,CCAA,2,2011,10561,NA
645,Sonoma St.,/team/645/10240,828,CCAA,2,2010,10240,NA
1371,Southeastern Okla.,/teams/614901,30144,GAC,2,2026,17040,614901
1371,Southeastern Okla.,/teams/596751,30144,GAC,2,2025,16840,596751
1371,Southeastern Okla.,/team/1371/16580,30144,GAC,2,2024,16580,NA
1371,Southeastern Okla.,/team/1371/16340,30144,GAC,2,2023,16340,NA
1371,Southeastern Okla.,/team/1371/15860,30144,GAC,2,2022,15860,NA
1371,Southeastern Okla.,/team/1371/15580,30144,GAC,2,2021,15580,NA
1371,Southeastern Okla.,/team/1371/15204,30144,GAC,2,2020,15204,NA
1371,Southeastern Okla.,/team/1371/14781,30144,GAC,2,2019,14781,NA
1371,Southeastern Okla.,/team/1371/12973,30144,GAC,2,2018,12973,NA
1371,Southeastern Okla.,/team/1371/12560,30144,GAC,2,2017,12560,NA
1371,Southeastern Okla.,/team/1371/12360,30144,GAC,2,2016,12360,NA
1371,Southeastern Okla.,/team/1371/12080,30144,GAC,2,2015,12080,NA
1371,Southeastern Okla.,/team/1371/11620,30144,GAC,2,2014,11620,NA
1371,Southeastern Okla.,/team/1371/11320,30144,GAC,2,2013,11320,NA
1371,Southeastern Okla.,/team/1371/10942,30144,GAC,2,2012,10942,NA
1371,Southeastern Okla.,/team/1371/10561,868,Lone Star,2,2011,10561,NA
1371,Southeastern Okla.,/team/1371/10240,868,Lone Star,2,2010,10240,NA
1376,Southern Ark.,/teams/614902,30144,GAC,2,2026,17040,614902
1376,Southern Ark.,/teams/596752,30144,GAC,2,2025,16840,596752
1376,Southern Ark.,/team/1376/16580,30144,GAC,2,2024,16580,NA
1376,Southern Ark.,/team/1376/16340,30144,GAC,2,2023,16340,NA
1376,Southern Ark.,/team/1376/15860,30144,GAC,2,2022,15860,NA
1376,Southern Ark.,/team/1376/15580,30144,GAC,2,2021,15580,NA
1376,Southern Ark.,/team/1376/15204,30144,GAC,2,2020,15204,NA
1376,Southern Ark.,/team/1376/14781,30144,GAC,2,2019,14781,NA
1376,Southern Ark.,/team/1376/12973,30144,GAC,2,2018,12973,NA
1376,Southern Ark.,/team/1376/12560,30144,GAC,2,2017,12560,NA
1376,Southern Ark.,/team/1376/12360,30144,GAC,2,2016,12360,NA
1376,Southern Ark.,/team/1376/12080,30144,GAC,2,2015,12080,NA
1376,Southern Ark.,/team/1376/11620,30144,GAC,2,2014,11620,NA
1376,Southern Ark.,/team/1376/11320,30144,GAC,2,2013,11320,NA
1376,Southern Ark.,/team/1376/10942,30144,GAC,2,2012,10942,NA
1376,Southern Ark.,/team/1376/10561,858,Gulf South,2,2011,10561,NA
1376,Southern Ark.,/team/1376/10240,858,Gulf South,2,2010,10240,NA
658,Southern Conn. St.,/teams/615086,899,NE10,2,2026,17040,615086
658,Southern Conn. St.,/teams/596938,899,NE10,2,2025,16840,596938
658,Southern Conn. St.,/team/658/16580,899,NE10,2,2024,16580,NA
658,Southern Conn. St.,/team/658/16340,899,NE10,2,2023,16340,NA
658,Southern Conn. St.,/team/658/15860,899,NE10,2,2022,15860,NA
658,Southern Conn. St.,/team/658/15580,899,NE10,2,2021,15580,NA
658,Southern Conn. St.,/team/658/15204,899,NE10,2,2020,15204,NA
658,Southern Conn. St.,/team/658/14781,899,NE10,2,2019,14781,NA
658,Southern Conn. St.,/team/658/12973,899,NE10,2,2018,12973,NA
658,Southern Conn. St.,/team/658/12560,899,NE10,2,2017,12560,NA
658,Southern Conn. St.,/team/658/12360,899,NE10,2,2016,12360,NA
658,Southern Conn. St.,/team/658/12080,899,NE10,2,2015,12080,NA
658,Southern Conn. St.,/team/658/11620,899,NE10,2,2014,11620,NA
658,Southern Conn. St.,/team/658/11320,899,NE10,2,2013,11320,NA
658,Southern Conn. St.,/team/658/10942,899,NE10,2,2012,10942,NA
658,Southern Conn. St.,/team/658/10561,899,NE10,2,2011,10561,NA
658,Southern Conn. St.,/team/658/10240,899,NE10,2,2010,10240,NA
661,Southern Ind.,/team/661/15860,855,GLVC,2,2022,15860,NA
661,Southern Ind.,/team/661/15580,855,GLVC,2,2021,15580,NA
661,Southern Ind.,/team/661/15204,855,GLVC,2,2020,15204,NA
661,Southern Ind.,/team/661/14781,855,GLVC,2,2019,14781,NA
661,Southern Ind.,/team/661/12973,855,GLVC,2,2018,12973,NA
661,Southern Ind.,/team/661/12560,855,GLVC,2,2017,12560,NA
661,Southern Ind.,/team/661/12360,855,GLVC,2,2016,12360,NA
661,Southern Ind.,/team/661/12080,855,GLVC,2,2015,12080,NA
661,Southern Ind.,/team/661/11620,855,GLVC,2,2014,11620,NA
661,Southern Ind.,/team/661/11320,855,GLVC,2,2013,11320,NA
661,Southern Ind.,/team/661/10942,855,GLVC,2,2012,10942,NA
661,Southern Ind.,/team/661/10561,855,GLVC,2,2011,10561,NA
661,Southern Ind.,/team/661/10240,855,GLVC,2,2010,10240,NA
468,Southern N.H.,/teams/615064,899,NE10,2,2026,17040,615064
468,Southern N.H.,/teams/596916,899,NE10,2,2025,16840,596916
468,Southern N.H.,/team/468/16580,899,NE10,2,2024,16580,NA
468,Southern N.H.,/team/468/16340,899,NE10,2,2023,16340,NA
468,Southern N.H.,/team/468/15860,899,NE10,2,2022,15860,NA
468,Southern N.H.,/team/468/15580,899,NE10,2,2021,15580,NA
468,Southern N.H.,/team/468/15204,899,NE10,2,2020,15204,NA
468,Southern N.H.,/team/468/14781,899,NE10,2,2019,14781,NA
468,Southern N.H.,/team/468/12973,899,NE10,2,2018,12973,NA
468,Southern N.H.,/team/468/12560,899,NE10,2,2017,12560,NA
468,Southern N.H.,/team/468/12360,899,NE10,2,2016,12360,NA
468,Southern N.H.,/team/468/12080,899,NE10,2,2015,12080,NA
468,Southern N.H.,/team/468/11620,899,NE10,2,2014,11620,NA
468,Southern N.H.,/team/468/11320,899,NE10,2,2013,11320,NA
468,Southern N.H.,/team/468/10942,899,NE10,2,2012,10942,NA
468,Southern N.H.,/team/468/10561,899,NE10,2,2011,10561,NA
468,Southern N.H.,/team/468/10240,899,NE10,2,2010,10240,NA
30152,Southern Nazarene,/teams/614977,30144,GAC,2,2026,17040,614977
30152,Southern Nazarene,/teams/596828,30144,GAC,2,2025,16840,596828
30152,Southern Nazarene,/team/30152/16580,30144,GAC,2,2024,16580,NA
30152,Southern Nazarene,/team/30152/16340,30144,GAC,2,2023,16340,NA
30152,Southern Nazarene,/team/30152/15860,30144,GAC,2,2022,15860,NA
30152,Southern Nazarene,/team/30152/15580,30144,GAC,2,2021,15580,NA
30152,Southern Nazarene,/team/30152/15204,30144,GAC,2,2020,15204,NA
30152,Southern Nazarene,/team/30152/14781,30144,GAC,2,2019,14781,NA
30152,Southern Nazarene,/team/30152/12973,30144,GAC,2,2018,12973,NA
30152,Southern Nazarene,/team/30152/12560,30144,GAC,2,2017,12560,NA
30152,Southern Nazarene,/team/30152/12360,30144,GAC,2,2016,12360,NA
30152,Southern Nazarene,/team/30152/12080,30144,GAC,2,2015,12080,NA
30192,Southern Wesleyan,/teams/614986,4423,Conference Carolinas,2,2026,17040,614986
30192,Southern Wesleyan,/teams/596837,4423,Conference Carolinas,2,2025,16840,596837
30192,Southern Wesleyan,/team/30192/16580,4423,Conference Carolinas,2,2024,16580,NA
30192,Southern Wesleyan,/team/30192/16340,4423,Conference Carolinas,2,2023,16340,NA
30192,Southern Wesleyan,/team/30192/15860,4423,Conference Carolinas,2,2022,15860,NA
30192,Southern Wesleyan,/team/30192/15580,4423,Conference Carolinas,2,2021,15580,NA
30192,Southern Wesleyan,/team/30192/15204,4423,Conference Carolinas,2,2020,15204,NA
30192,Southern Wesleyan,/team/30192/14781,4423,Conference Carolinas,2,2019,14781,NA
30192,Southern Wesleyan,/team/30192/12973,4423,Conference Carolinas,2,2018,12973,NA
30192,Southern Wesleyan,/team/30192/12560,4423,Conference Carolinas,2,2017,12560,NA
30192,Southern Wesleyan,/team/30192/12360,4423,Conference Carolinas,2,2016,12360,NA
30192,Southern Wesleyan,/team/30192/12080,4423,Conference Carolinas,2,2015,12080,NA
2755,Southwest Baptist,/teams/614915,855,GLVC,2,2026,17040,614915
2755,Southwest Baptist,/teams/596765,855,GLVC,2,2025,16840,596765
2755,Southwest Baptist,/team/2755/16580,855,GLVC,2,2024,16580,NA
2755,Southwest Baptist,/team/2755/16340,855,GLVC,2,2023,16340,NA
2755,Southwest Baptist,/team/2755/15860,855,GLVC,2,2022,15860,NA
2755,Southwest Baptist,/team/2755/15580,855,GLVC,2,2021,15580,NA
2755,Southwest Baptist,/team/2755/15204,855,GLVC,2,2020,15204,NA
2755,Southwest Baptist,/team/2755/14781,883,Mid-America Intercollegiate,2,2019,14781,NA
2755,Southwest Baptist,/team/2755/12973,883,Mid-America Intercollegiate,2,2018,12973,NA
2755,Southwest Baptist,/team/2755/12560,883,Mid-America Intercollegiate,2,2017,12560,NA
2755,Southwest Baptist,/team/2755/12360,883,Mid-America Intercollegiate,2,2016,12360,NA
2755,Southwest Baptist,/team/2755/12080,883,Mid-America Intercollegiate,2,2015,12080,NA
2755,Southwest Baptist,/team/2755/11620,883,Mid-America Intercollegiate,2,2014,11620,NA
2755,Southwest Baptist,/team/2755/11320,883,Mid-America Intercollegiate,2,2013,11320,NA
2755,Southwest Baptist,/team/2755/10942,883,Mid-America Intercollegiate,2,2012,10942,NA
2755,Southwest Baptist,/team/2755/10561,883,Mid-America Intercollegiate,2,2011,10561,NA
2755,Southwest Baptist,/team/2755/10240,883,Mid-America Intercollegiate,2,2010,10240,NA
8736,Southwest Minn. St.,/teams/614920,12853,NSIC,2,2026,17040,614920
8736,Southwest Minn. St.,/teams/596770,12853,NSIC,2,2025,16840,596770
8736,Southwest Minn. St.,/team/8736/16580,12853,NSIC,2,2024,16580,NA
8736,Southwest Minn. St.,/team/8736/16340,12853,NSIC,2,2023,16340,NA
8736,Southwest Minn. St.,/team/8736/15860,12853,NSIC,2,2022,15860,NA
8736,Southwest Minn. St.,/team/8736/15580,12853,NSIC,2,2021,15580,NA
8736,Southwest Minn. St.,/team/8736/15204,12853,NSIC,2,2020,15204,NA
8736,Southwest Minn. St.,/team/8736/14781,12853,NSIC,2,2019,14781,NA
8736,Southwest Minn. St.,/team/8736/12973,12853,NSIC,2,2018,12973,NA
8736,Southwest Minn. St.,/team/8736/12560,12853,NSIC,2,2017,12560,NA
8736,Southwest Minn. St.,/team/8736/12360,12853,NSIC,2,2016,12360,NA
8736,Southwest Minn. St.,/team/8736/12080,12853,NSIC,2,2015,12080,NA
8736,Southwest Minn. St.,/team/8736/11620,12853,NSIC,2,2014,11620,NA
8736,Southwest Minn. St.,/team/8736/11320,12853,NSIC,2,2013,11320,NA
8736,Southwest Minn. St.,/team/8736/10942,12853,NSIC,2,2012,10942,NA
8736,Southwest Minn. St.,/team/8736/10561,12853,NSIC,2,2011,10561,NA
8736,Southwest Minn. St.,/team/8736/10240,12853,NSIC,2,2010,10240,NA
8744,Southwestern Okla.,/teams/614921,30144,GAC,2,2026,17040,614921
8744,Southwestern Okla.,/teams/596771,30144,GAC,2,2025,16840,596771
8744,Southwestern Okla.,/team/8744/16580,30144,GAC,2,2024,16580,NA
8744,Southwestern Okla.,/team/8744/16340,30144,GAC,2,2023,16340,NA
8744,Southwestern Okla.,/team/8744/15860,30144,GAC,2,2022,15860,NA
8744,Southwestern Okla.,/team/8744/15580,30144,GAC,2,2021,15580,NA
8744,Southwestern Okla.,/team/8744/15204,30144,GAC,2,2020,15204,NA
8744,Southwestern Okla.,/team/8744/14781,30144,GAC,2,2019,14781,NA
8744,Southwestern Okla.,/team/8744/12973,30144,GAC,2,2018,12973,NA
8744,Southwestern Okla.,/team/8744/12560,30144,GAC,2,2017,12560,NA
8744,Southwestern Okla.,/team/8744/12360,30144,GAC,2,2016,12360,NA
8744,Southwestern Okla.,/team/8744/12080,30144,GAC,2,2015,12080,NA
8744,Southwestern Okla.,/team/8744/11620,30144,GAC,2,2014,11620,NA
8744,Southwestern Okla.,/team/8744/11320,30144,GAC,2,2013,11320,NA
8744,Southwestern Okla.,/team/8744/10942,30144,GAC,2,2012,10942,NA
8744,Southwestern Okla.,/team/8744/10561,868,Lone Star,2,2011,10561,NA
8744,Southwestern Okla.,/team/8744/10240,868,Lone Star,2,2010,10240,NA
30191,Spring Hill,/teams/614985,913,SIAC,2,2026,17040,614985
30191,Spring Hill,/teams/596836,913,SIAC,2,2025,16840,596836
30191,Spring Hill,/team/30191/16580,913,SIAC,2,2024,16580,NA
30191,Spring Hill,/team/30191/16340,913,SIAC,2,2023,16340,NA
30191,Spring Hill,/team/30191/15860,913,SIAC,2,2022,15860,NA
30191,Spring Hill,/team/30191/15580,913,SIAC,2,2021,15580,NA
30191,Spring Hill,/team/30191/15204,913,SIAC,2,2020,15204,NA
30191,Spring Hill,/team/30191/14781,913,SIAC,2,2019,14781,NA
30191,Spring Hill,/team/30191/12973,913,SIAC,2,2018,12973,NA
592,St. Andrews,/team/592/11320,4423,Conference Carolinas,2,2013,11320,NA
592,St. Andrews,/team/592/10942,4423,Conference Carolinas,2,2012,10942,NA
592,St. Andrews,/team/592/10561,4423,Conference Carolinas,2,2011,10561,NA
592,St. Andrews,/team/592/10240,4423,Conference Carolinas,2,2010,10240,NA
593,St. Anselm,/team/593/16580,899,NE10,2,2024,16580,NA
593,St. Anselm,/team/593/16340,899,NE10,2,2023,16340,NA
593,St. Anselm,/team/593/15860,899,NE10,2,2022,15860,NA
593,St. Anselm,/team/593/15580,899,NE10,2,2021,15580,NA
593,St. Anselm,/team/593/15204,899,NE10,2,2020,15204,NA
593,St. Anselm,/team/593/14781,899,NE10,2,2019,14781,NA
593,St. Anselm,/team/593/12973,899,NE10,2,2018,12973,NA
593,St. Anselm,/team/593/12560,899,NE10,2,2017,12560,NA
593,St. Anselm,/team/593/12360,899,NE10,2,2016,12360,NA
593,St. Anselm,/team/593/12080,899,NE10,2,2015,12080,NA
593,St. Anselm,/team/593/11620,899,NE10,2,2014,11620,NA
593,St. Anselm,/team/593/11320,899,NE10,2,2013,11320,NA
593,St. Anselm,/team/593/10942,899,NE10,2,2012,10942,NA
593,St. Anselm,/team/593/10561,899,NE10,2,2011,10561,NA
593,St. Anselm,/team/593/10240,899,NE10,2,2010,10240,NA
598,St. Cloud St.,/teams/615079,12853,NSIC,2,2026,17040,615079
598,St. Cloud St.,/teams/596931,12853,NSIC,2,2025,16840,596931
598,St. Cloud St.,/team/598/16580,12853,NSIC,2,2024,16580,NA
598,St. Cloud St.,/team/598/16340,12853,NSIC,2,2023,16340,NA
598,St. Cloud St.,/team/598/15860,12853,NSIC,2,2022,15860,NA
598,St. Cloud St.,/team/598/15580,12853,NSIC,2,2021,15580,NA
598,St. Cloud St.,/team/598/15204,12853,NSIC,2,2020,15204,NA
598,St. Cloud St.,/team/598/14781,12853,NSIC,2,2019,14781,NA
598,St. Cloud St.,/team/598/12973,12853,NSIC,2,2018,12973,NA
598,St. Cloud St.,/team/598/12560,12853,NSIC,2,2017,12560,NA
598,St. Cloud St.,/team/598/12360,12853,NSIC,2,2016,12360,NA
598,St. Cloud St.,/team/598/12080,12853,NSIC,2,2015,12080,NA
598,St. Cloud St.,/team/598/11620,12853,NSIC,2,2014,11620,NA
598,St. Cloud St.,/team/598/11320,12853,NSIC,2,2013,11320,NA
598,St. Cloud St.,/team/598/10942,12853,NSIC,2,2012,10942,NA
598,St. Cloud St.,/team/598/10561,12853,NSIC,2,2011,10561,NA
598,St. Cloud St.,/team/598/10240,12853,NSIC,2,2010,10240,NA
1334,St. Edward's,/teams/614897,868,Lone Star,2,2026,17040,614897
1334,St. Edward's,/teams/596746,868,Lone Star,2,2025,16840,596746
1334,St. Edward's,/team/1334/16580,868,Lone Star,2,2024,16580,NA
1334,St. Edward's,/team/1334/16340,868,Lone Star,2,2023,16340,NA
1334,St. Edward's,/team/1334/15860,868,Lone Star,2,2022,15860,NA
1334,St. Edward's,/team/1334/15580,868,Lone Star,2,2021,15580,NA
1334,St. Edward's,/team/1334/15204,868,Lone Star,2,2020,15204,NA
1334,St. Edward's,/team/1334/14781,28723,Heartland,2,2019,14781,NA
1334,St. Edward's,/team/1334/12973,28723,Heartland,2,2018,12973,NA
1334,St. Edward's,/team/1334/12560,28723,Heartland,2,2017,12560,NA
1334,St. Edward's,/team/1334/12360,28723,Heartland,2,2016,12360,NA
1334,St. Edward's,/team/1334/12080,28723,Heartland,2,2015,12080,NA
1334,St. Edward's,/team/1334/11620,28723,Heartland,2,2014,11620,NA
1334,St. Edward's,/team/1334/11320,28723,Heartland,2,2013,11320,NA
1334,St. Edward's,/team/1334/10942,28723,Heartland,2,2012,10942,NA
1334,St. Edward's,/team/1334/10561,28723,Heartland,2,2011,10561,NA
1334,St. Edward's,/team/1334/10240,28723,Heartland,2,2010,10240,NA
604,St. Joseph's (IN),/team/604/12560,855,GLVC,2,2017,12560,NA
604,St. Joseph's (IN),/team/604/12360,855,GLVC,2,2016,12360,NA
604,St. Joseph's (IN),/team/604/12080,855,GLVC,2,2015,12080,NA
604,St. Joseph's (IN),/team/604/11620,855,GLVC,2,2014,11620,NA
604,St. Joseph's (IN),/team/604/11320,855,GLVC,2,2013,11320,NA
604,St. Joseph's (IN),/team/604/10942,855,GLVC,2,2012,10942,NA
604,St. Joseph's (IN),/team/604/10561,855,GLVC,2,2011,10561,NA
604,St. Joseph's (IN),/team/604/10240,855,GLVC,2,2010,10240,NA
1346,St. Mary's (TX),/teams/614899,868,Lone Star,2,2026,17040,614899
1346,St. Mary's (TX),/teams/596748,868,Lone Star,2,2025,16840,596748
1346,St. Mary's (TX),/team/1346/16580,868,Lone Star,2,2024,16580,NA
1346,St. Mary's (TX),/team/1346/16340,868,Lone Star,2,2023,16340,NA
1346,St. Mary's (TX),/team/1346/15860,868,Lone Star,2,2022,15860,NA
1346,St. Mary's (TX),/team/1346/15580,868,Lone Star,2,2021,15580,NA
1346,St. Mary's (TX),/team/1346/15204,868,Lone Star,2,2020,15204,NA
1346,St. Mary's (TX),/team/1346/14781,28723,Heartland,2,2019,14781,NA
1346,St. Mary's (TX),/team/1346/12973,28723,Heartland,2,2018,12973,NA
1346,St. Mary's (TX),/team/1346/12560,28723,Heartland,2,2017,12560,NA
1346,St. Mary's (TX),/team/1346/12360,28723,Heartland,2,2016,12360,NA
1346,St. Mary's (TX),/team/1346/12080,28723,Heartland,2,2015,12080,NA
1346,St. Mary's (TX),/team/1346/11620,28723,Heartland,2,2014,11620,NA
1346,St. Mary's (TX),/team/1346/11320,28723,Heartland,2,2013,11320,NA
1346,St. Mary's (TX),/team/1346/10942,28723,Heartland,2,2012,10942,NA
1346,St. Mary's (TX),/team/1346/10561,28723,Heartland,2,2011,10561,NA
1346,St. Mary's (TX),/team/1346/10240,28723,Heartland,2,2010,10240,NA
616,St. Paul's,/team/616/10942,832,CIAA,2,2012,10942,NA
616,St. Paul's,/team/616/10561,832,CIAA,2,2011,10561,NA
616,St. Paul's,/team/616/10240,832,CIAA,2,2010,10240,NA
1348,St. Thomas Aquinas,/teams/614900,11265,ECC,2,2026,17040,614900
1348,St. Thomas Aquinas,/teams/596750,11265,ECC,2,2025,16840,596750
1348,St. Thomas Aquinas,/team/1348/16580,11265,ECC,2,2024,16580,NA
1348,St. Thomas Aquinas,/team/1348/16340,11265,ECC,2,2023,16340,NA
1348,St. Thomas Aquinas,/team/1348/15860,11265,ECC,2,2022,15860,NA
1348,St. Thomas Aquinas,/team/1348/15580,11265,ECC,2,2021,15580,NA
1348,St. Thomas Aquinas,/team/1348/15204,11265,ECC,2,2020,15204,NA
1348,St. Thomas Aquinas,/team/1348/14781,11265,ECC,2,2019,14781,NA
1348,St. Thomas Aquinas,/team/1348/12973,11265,ECC,2,2018,12973,NA
1348,St. Thomas Aquinas,/team/1348/12560,11265,ECC,2,2017,12560,NA
1348,St. Thomas Aquinas,/team/1348/12360,11265,ECC,2,2016,12360,NA
1348,St. Thomas Aquinas,/team/1348/12080,11265,ECC,2,2015,12080,NA
1348,St. Thomas Aquinas,/team/1348/11620,11265,ECC,2,2014,11620,NA
1348,St. Thomas Aquinas,/team/1348/11320,11265,ECC,2,2013,11320,NA
1348,St. Thomas Aquinas,/team/1348/10942,11265,ECC,2,2012,10942,NA
1348,St. Thomas Aquinas,/team/1348/10561,11265,ECC,2,2011,10561,NA
1348,St. Thomas Aquinas,/team/1348/10240,11265,ECC,2,2010,10240,NA
103,Stanislaus St.,/teams/615020,828,CCAA,2,2026,17040,615020
103,Stanislaus St.,/teams/596871,828,CCAA,2,2025,16840,596871
103,Stanislaus St.,/team/103/16580,828,CCAA,2,2024,16580,NA
103,Stanislaus St.,/team/103/16340,828,CCAA,2,2023,16340,NA
103,Stanislaus St.,/team/103/15860,828,CCAA,2,2022,15860,NA
103,Stanislaus St.,/team/103/15580,828,CCAA,2,2021,15580,NA
103,Stanislaus St.,/team/103/15204,828,CCAA,2,2020,15204,NA
103,Stanislaus St.,/team/103/14781,828,CCAA,2,2019,14781,NA
103,Stanislaus St.,/team/103/12973,828,CCAA,2,2018,12973,NA
103,Stanislaus St.,/team/103/12560,828,CCAA,2,2017,12560,NA
103,Stanislaus St.,/team/103/12360,828,CCAA,2,2016,12360,NA
103,Stanislaus St.,/team/103/12080,828,CCAA,2,2015,12080,NA
103,Stanislaus St.,/team/103/11620,828,CCAA,2,2014,11620,NA
103,Stanislaus St.,/team/103/11320,828,CCAA,2,2013,11320,NA
103,Stanislaus St.,/team/103/10942,828,CCAA,2,2012,10942,NA
103,Stanislaus St.,/team/103/10561,828,CCAA,2,2011,10561,NA
103,Stanislaus St.,/team/103/10240,828,CCAA,2,2010,10240,NA
675,Staten Island,/teams/614994,11265,ECC,2,2026,17040,614994
675,Staten Island,/teams/596845,11265,ECC,2,2025,16840,596845
675,Staten Island,/team/675/16580,11265,ECC,2,2024,16580,NA
675,Staten Island,/team/675/16340,11265,ECC,2,2023,16340,NA
675,Staten Island,/team/675/15860,11265,ECC,2,2022,15860,NA
675,Staten Island,/team/675/15580,11265,ECC,2,2021,15580,NA
675,Staten Island,/team/675/15204,11265,ECC,2,2020,15204,NA
680,Stillman,/team/680/12560,913,SIAC,2,2017,12560,NA
680,Stillman,/team/680/12360,913,SIAC,2,2016,12360,NA
680,Stillman,/team/680/12080,913,SIAC,2,2015,12080,NA
680,Stillman,/team/680/11620,913,SIAC,2,2014,11620,NA
680,Stillman,/team/680/11320,913,SIAC,2,2013,11320,NA
680,Stillman,/team/680/10942,913,SIAC,2,2012,10942,NA
680,Stillman,/team/680/10561,913,SIAC,2,2011,10561,NA
680,Stillman,/team/680/10240,913,SIAC,2,2010,10240,NA
682,Stonehill,/team/682/15860,899,NE10,2,2022,15860,NA
682,Stonehill,/team/682/15580,899,NE10,2,2021,15580,NA
682,Stonehill,/team/682/15204,899,NE10,2,2020,15204,NA
682,Stonehill,/team/682/14781,899,NE10,2,2019,14781,NA
682,Stonehill,/team/682/12973,899,NE10,2,2018,12973,NA
682,Stonehill,/team/682/12560,899,NE10,2,2017,12560,NA
682,Stonehill,/team/682/12360,899,NE10,2,2016,12360,NA
682,Stonehill,/team/682/12080,899,NE10,2,2015,12080,NA
682,Stonehill,/team/682/11620,899,NE10,2,2014,11620,NA
682,Stonehill,/team/682/11320,899,NE10,2,2013,11320,NA
682,Stonehill,/team/682/10942,899,NE10,2,2012,10942,NA
682,Stonehill,/team/682/10561,899,NE10,2,2011,10561,NA
682,Stonehill,/team/682/10240,899,NE10,2,2010,10240,NA
1390,Sul Ross St.,/teams/615117,868,Lone Star,2,2026,17040,615117
1390,Sul Ross St.,/teams/596970,868,Lone Star,2,2025,16840,596970
1390,Sul Ross St.,/team/1390/16580,868,Lone Star,2,2024,16580,NA
689,Tampa,/teams/615087,919,Sunshine State,2,2026,17040,615087
689,Tampa,/teams/596939,919,Sunshine State,2,2025,16840,596939
689,Tampa,/team/689/16580,919,Sunshine State,2,2024,16580,NA
689,Tampa,/team/689/16340,919,Sunshine State,2,2023,16340,NA
689,Tampa,/team/689/15860,919,Sunshine State,2,2022,15860,NA
689,Tampa,/team/689/15580,919,Sunshine State,2,2021,15580,NA
689,Tampa,/team/689/15204,919,Sunshine State,2,2020,15204,NA
689,Tampa,/team/689/14781,919,Sunshine State,2,2019,14781,NA
689,Tampa,/team/689/12973,919,Sunshine State,2,2018,12973,NA
689,Tampa,/team/689/12560,919,Sunshine State,2,2017,12560,NA
689,Tampa,/team/689/12360,919,Sunshine State,2,2016,12360,NA
689,Tampa,/team/689/12080,919,Sunshine State,2,2015,12080,NA
689,Tampa,/team/689/11620,919,Sunshine State,2,2014,11620,NA
689,Tampa,/team/689/11320,919,Sunshine State,2,2013,11320,NA
689,Tampa,/team/689/10942,919,Sunshine State,2,2012,10942,NA
689,Tampa,/team/689/10561,919,Sunshine State,2,2011,10561,NA
689,Tampa,/team/689/10240,919,Sunshine State,2,2010,10240,NA
1395,Tarleton St.,/team/1395/15204,868,Lone Star,2,2020,15204,NA
1395,Tarleton St.,/team/1395/14781,868,Lone Star,2,2019,14781,NA
1395,Tarleton St.,/team/1395/12973,868,Lone Star,2,2018,12973,NA
1395,Tarleton St.,/team/1395/12560,868,Lone Star,2,2017,12560,NA
1395,Tarleton St.,/team/1395/12360,868,Lone Star,2,2016,12360,NA
1395,Tarleton St.,/team/1395/12080,868,Lone Star,2,2015,12080,NA
1395,Tarleton St.,/team/1395/11620,868,Lone Star,2,2014,11620,NA
1395,Tarleton St.,/team/1395/11320,868,Lone Star,2,2013,11320,NA
1395,Tarleton St.,/team/1395/10942,868,Lone Star,2,2012,10942,NA
1395,Tarleton St.,/team/1395/10561,868,Lone Star,2,2011,10561,NA
1395,Tarleton St.,/team/1395/10240,868,Lone Star,2,2010,10240,NA
30090,Tex. A&M Int'l,/teams/614961,868,Lone Star,2,2026,17040,614961
30090,Tex. A&M Int'l,/teams/596811,868,Lone Star,2,2025,16840,596811
30090,Tex. A&M Int'l,/team/30090/16580,868,Lone Star,2,2024,16580,NA
30090,Tex. A&M Int'l,/team/30090/16340,868,Lone Star,2,2023,16340,NA
30090,Tex. A&M Int'l,/team/30090/15860,868,Lone Star,2,2022,15860,NA
30090,Tex. A&M Int'l,/team/30090/15580,868,Lone Star,2,2021,15580,NA
30090,Tex. A&M Int'l,/team/30090/15204,868,Lone Star,2,2020,15204,NA
30090,Tex. A&M Int'l,/team/30090/14781,28723,Heartland,2,2019,14781,NA
30090,Tex. A&M Int'l,/team/30090/12973,28723,Heartland,2,2018,12973,NA
30090,Tex. A&M Int'l,/team/30090/12560,28723,Heartland,2,2017,12560,NA
30090,Tex. A&M Int'l,/team/30090/12360,28723,Heartland,2,2016,12360,NA
30090,Tex. A&M Int'l,/team/30090/12080,28723,Heartland,2,2015,12080,NA
30090,Tex. A&M Int'l,/team/30090/11620,28723,Heartland,2,2014,11620,NA
30090,Tex. A&M Int'l,/team/30090/11320,28723,Heartland,2,2013,11320,NA
30090,Tex. A&M Int'l,/team/30090/10942,28723,Heartland,2,2012,10942,NA
30090,Tex. A&M Int'l,/team/30090/10561,28723,Heartland,2,2011,10561,NA
30090,Tex. A&M Int'l,/team/30090/10240,28723,Heartland,2,2010,10240,NA
696,Tex. A&M-Kingsville,/teams/615088,868,Lone Star,2,2026,17040,615088
696,Tex. A&M-Kingsville,/teams/596940,868,Lone Star,2,2025,16840,596940
696,Tex. A&M-Kingsville,/team/696/16580,868,Lone Star,2,2024,16580,NA
696,Tex. A&M-Kingsville,/team/696/16340,868,Lone Star,2,2023,16340,NA
696,Tex. A&M-Kingsville,/team/696/15860,868,Lone Star,2,2022,15860,NA
696,Tex. A&M-Kingsville,/team/696/15580,868,Lone Star,2,2021,15580,NA
696,Tex. A&M-Kingsville,/team/696/15204,868,Lone Star,2,2020,15204,NA
696,Tex. A&M-Kingsville,/team/696/14781,868,Lone Star,2,2019,14781,NA
696,Tex. A&M-Kingsville,/team/696/12973,868,Lone Star,2,2018,12973,NA
696,Tex. A&M-Kingsville,/team/696/12560,868,Lone Star,2,2017,12560,NA
696,Tex. A&M-Kingsville,/team/696/12360,868,Lone Star,2,2016,12360,NA
696,Tex. A&M-Kingsville,/team/696/12080,868,Lone Star,2,2015,12080,NA
696,Tex. A&M-Kingsville,/team/696/11620,868,Lone Star,2,2014,11620,NA
696,Tex. A&M-Kingsville,/team/696/11320,868,Lone Star,2,2013,11320,NA
696,Tex. A&M-Kingsville,/team/696/10942,868,Lone Star,2,2012,10942,NA
696,Tex. A&M-Kingsville,/team/696/10561,868,Lone Star,2,2011,10561,NA
696,Tex. A&M-Kingsville,/team/696/10240,868,Lone Star,2,2010,10240,NA
30088,Tex. Permian Basin,/team/30088/16580,868,Lone Star,2,2024,16580,NA
30088,Tex. Permian Basin,/team/30088/16340,868,Lone Star,2,2023,16340,NA
30088,Tex. Permian Basin,/team/30088/15860,868,Lone Star,2,2022,15860,NA
30088,Tex. Permian Basin,/team/30088/15580,868,Lone Star,2,2021,15580,NA
30088,Tex. Permian Basin,/team/30088/15204,868,Lone Star,2,2020,15204,NA
30088,Tex. Permian Basin,/team/30088/14781,868,Lone Star,2,2019,14781,NA
30088,Tex. Permian Basin,/team/30088/12973,868,Lone Star,2,2018,12973,NA
30088,Tex. Permian Basin,/team/30088/12560,868,Lone Star,2,2017,12560,NA
30088,Tex. Permian Basin,/team/30088/12360,28723,Heartland,2,2016,12360,NA
30088,Tex. Permian Basin,/team/30088/12080,28723,Heartland,2,2015,12080,NA
30088,Tex. Permian Basin,/team/30088/11620,28723,Heartland,2,2014,11620,NA
30088,Tex. Permian Basin,/team/30088/11320,28723,Heartland,2,2013,11320,NA
30088,Tex. Permian Basin,/team/30088/10942,28723,Heartland,2,2012,10942,NA
30088,Tex. Permian Basin,/team/30088/10561,28723,Heartland,2,2011,10561,NA
30088,Tex. Permian Basin,/team/30088/10240,28723,Heartland,2,2010,10240,NA
NA,Texas-Dallas,/teams/615124,868,Lone Star,2,2026,17040,615124
NA,Texas-Dallas,/teams/597173,868,Lone Star,2,2025,16840,597173
1402,Thomas More,/teams/615116,30182,G-MAC,2,2026,17040,615116
1402,Thomas More,/teams/596969,30182,G-MAC,2,2025,16840,596969
1402,Thomas More,/team/1402/16580,30182,G-MAC,2,2024,16580,NA
1402,Thomas More,/team/1402/16340,30182,G-MAC,2,2023,16340,NA
1403,Tiffin,/teams/614903,30182,G-MAC,2,2026,17040,614903
1403,Tiffin,/teams/596753,30182,G-MAC,2,2025,16840,596753
1403,Tiffin,/team/1403/16580,30182,G-MAC,2,2024,16580,NA
1403,Tiffin,/team/1403/16340,30182,G-MAC,2,2023,16340,NA
1403,Tiffin,/team/1403/15860,30182,G-MAC,2,2022,15860,NA
1403,Tiffin,/team/1403/15580,30182,G-MAC,2,2021,15580,NA
1403,Tiffin,/team/1403/15204,30182,G-MAC,2,2020,15204,NA
1403,Tiffin,/team/1403/14781,30182,G-MAC,2,2019,14781,NA
1403,Tiffin,/team/1403/12973,854,GLIAC,2,2018,12973,NA
1403,Tiffin,/team/1403/12560,854,GLIAC,2,2017,12560,NA
1403,Tiffin,/team/1403/12360,854,GLIAC,2,2016,12360,NA
1403,Tiffin,/team/1403/12080,854,GLIAC,2,2015,12080,NA
1403,Tiffin,/team/1403/11620,854,GLIAC,2,2014,11620,NA
1403,Tiffin,/team/1403/11320,854,GLIAC,2,2013,11320,NA
1403,Tiffin,/team/1403/10942,854,GLIAC,2,2012,10942,NA
1403,Tiffin,/team/1403/10561,854,GLIAC,2,2011,10561,NA
1403,Tiffin,/team/1403/10240,854,GLIAC,2,2010,10240,NA
30002,Trevecca Nazarene,/teams/614949,858,Gulf South,2,2026,17040,614949
30002,Trevecca Nazarene,/teams/596799,858,Gulf South,2,2025,16840,596799
30002,Trevecca Nazarene,/team/30002/16580,30182,G-MAC,2,2024,16580,NA
30002,Trevecca Nazarene,/team/30002/16340,30182,G-MAC,2,2023,16340,NA
30002,Trevecca Nazarene,/team/30002/15860,30182,G-MAC,2,2022,15860,NA
30002,Trevecca Nazarene,/team/30002/15580,30182,G-MAC,2,2021,15580,NA
30002,Trevecca Nazarene,/team/30002/15204,30182,G-MAC,2,2020,15204,NA
30002,Trevecca Nazarene,/team/30002/14781,30182,G-MAC,2,2019,14781,NA
30002,Trevecca Nazarene,/team/30002/12973,30182,G-MAC,2,2018,12973,NA
30002,Trevecca Nazarene,/team/30002/12560,30182,G-MAC,2,2017,12560,NA
30002,Trevecca Nazarene,/team/30002/12360,30182,G-MAC,2,2016,12360,NA
30002,Trevecca Nazarene,/team/30002/12080,30182,G-MAC,2,2015,12080,NA
499,Truman St.,/teams/615066,855,GLVC,2,2026,17040,615066
499,Truman St.,/teams/596918,855,GLVC,2,2025,16840,596918
499,Truman St.,/team/499/16580,855,GLVC,2,2024,16580,NA
499,Truman St.,/team/499/16340,855,GLVC,2,2023,16340,NA
499,Truman St.,/team/499/15860,855,GLVC,2,2022,15860,NA
499,Truman St.,/team/499/15580,855,GLVC,2,2021,15580,NA
499,Truman St.,/team/499/15204,855,GLVC,2,2020,15204,NA
499,Truman St.,/team/499/14781,855,GLVC,2,2019,14781,NA
499,Truman St.,/team/499/12973,855,GLVC,2,2018,12973,NA
499,Truman St.,/team/499/12560,855,GLVC,2,2017,12560,NA
499,Truman St.,/team/499/12360,855,GLVC,2,2016,12360,NA
499,Truman St.,/team/499/12080,855,GLVC,2,2015,12080,NA
499,Truman St.,/team/499/11620,855,GLVC,2,2014,11620,NA
499,Truman St.,/team/499/11320,883,Mid-America Intercollegiate,2,2013,11320,NA
499,Truman St.,/team/499/10942,883,Mid-America Intercollegiate,2,2012,10942,NA
499,Truman St.,/team/499/10561,883,Mid-America Intercollegiate,2,2011,10561,NA
499,Truman St.,/team/499/10240,883,Mid-America Intercollegiate,2,2010,10240,NA
12830,Tusculum,/teams/614940,12850,SAC,2,2026,17040,614940
12830,Tusculum,/teams/596790,12850,SAC,2,2025,16840,596790
12830,Tusculum,/team/12830/16580,12850,SAC,2,2024,16580,NA
12830,Tusculum,/team/12830/16340,12850,SAC,2,2023,16340,NA
12830,Tusculum,/team/12830/15860,12850,SAC,2,2022,15860,NA
12830,Tusculum,/team/12830/15580,12850,SAC,2,2021,15580,NA
12830,Tusculum,/team/12830/15204,12850,SAC,2,2020,15204,NA
12830,Tusculum,/team/12830/14781,12850,SAC,2,2019,14781,NA
12830,Tusculum,/team/12830/12973,12850,SAC,2,2018,12973,NA
12830,Tusculum,/team/12830/12560,12850,SAC,2,2017,12560,NA
12830,Tusculum,/team/12830/12360,12850,SAC,2,2016,12360,NA
12830,Tusculum,/team/12830/12080,12850,SAC,2,2015,12080,NA
12830,Tusculum,/team/12830/11620,12850,SAC,2,2014,11620,NA
12830,Tusculum,/team/12830/11320,12850,SAC,2,2013,11320,NA
12830,Tusculum,/team/12830/10942,12850,SAC,2,2012,10942,NA
12830,Tusculum,/team/12830/10561,12850,SAC,2,2011,10561,NA
12830,Tusculum,/team/12830/10240,12850,SAC,2,2010,10240,NA
720,Tuskegee,/teams/615089,913,SIAC,2,2026,17040,615089
720,Tuskegee,/teams/596941,913,SIAC,2,2025,16840,596941
720,Tuskegee,/team/720/16580,913,SIAC,2,2024,16580,NA
720,Tuskegee,/team/720/16340,913,SIAC,2,2023,16340,NA
720,Tuskegee,/team/720/15860,913,SIAC,2,2022,15860,NA
720,Tuskegee,/team/720/15580,913,SIAC,2,2021,15580,NA
720,Tuskegee,/team/720/15204,913,SIAC,2,2020,15204,NA
720,Tuskegee,/team/720/14781,913,SIAC,2,2019,14781,NA
720,Tuskegee,/team/720/12973,913,SIAC,2,2018,12973,NA
720,Tuskegee,/team/720/12560,913,SIAC,2,2017,12560,NA
720,Tuskegee,/team/720/12360,913,SIAC,2,2016,12360,NA
720,Tuskegee,/team/720/12080,913,SIAC,2,2015,12080,NA
720,Tuskegee,/team/720/11620,913,SIAC,2,2014,11620,NA
720,Tuskegee,/team/720/11320,913,SIAC,2,2013,11320,NA
720,Tuskegee,/team/720/10942,913,SIAC,2,2012,10942,NA
720,Tuskegee,/team/720/10561,913,SIAC,2,2011,10561,NA
720,Tuskegee,/team/720/10240,913,SIAC,2,2010,10240,NA
NA,UAH,/teams/615000,858,Gulf South,2,2026,17040,615000
NA,UAH,/teams/596851,858,Gulf South,2,2025,16840,596851
112,UC San Diego,/team/112/15204,828,CCAA,2,2020,15204,NA
112,UC San Diego,/team/112/14781,828,CCAA,2,2019,14781,NA
112,UC San Diego,/team/112/12973,828,CCAA,2,2018,12973,NA
112,UC San Diego,/team/112/12560,828,CCAA,2,2017,12560,NA
112,UC San Diego,/team/112/12360,828,CCAA,2,2016,12360,NA
112,UC San Diego,/team/112/12080,828,CCAA,2,2015,12080,NA
112,UC San Diego,/team/112/11620,828,CCAA,2,2014,11620,NA
112,UC San Diego,/team/112/11320,828,CCAA,2,2013,11320,NA
112,UC San Diego,/team/112/10942,828,CCAA,2,2012,10942,NA
112,UC San Diego,/team/112/10561,828,CCAA,2,2011,10561,NA
112,UC San Diego,/team/112/10240,828,CCAA,2,2010,10240,NA
9754,UC-Colo. Springs,/team/9754/16580,13128,RMAC,2,2024,16580,NA
9754,UC-Colo. Springs,/team/9754/16340,13128,RMAC,2,2023,16340,NA
9754,UC-Colo. Springs,/team/9754/15860,13128,RMAC,2,2022,15860,NA
9754,UC-Colo. Springs,/team/9754/15580,13128,RMAC,2,2021,15580,NA
9754,UC-Colo. Springs,/team/9754/15204,13128,RMAC,2,2020,15204,NA
9754,UC-Colo. Springs,/team/9754/14781,13128,RMAC,2,2019,14781,NA
9754,UC-Colo. Springs,/team/9754/12973,13128,RMAC,2,2018,12973,NA
9754,UC-Colo. Springs,/team/9754/12560,13128,RMAC,2,2017,12560,NA
NA,UCCS,/teams/614932,13128,RMAC,2,2026,17040,614932
NA,UCCS,/teams/596782,13128,RMAC,2,2025,16840,596782
2743,UIW,/team/2743/11320,868,Lone Star,2,2013,11320,NA
2743,UIW,/team/2743/10942,868,Lone Star,2,2012,10942,NA
2743,UIW,/team/2743/10561,868,Lone Star,2,2011,10561,NA
2743,UIW,/team/2743/10240,28723,Heartland,2,2010,10240,NA
309,UIndy,/teams/615041,855,GLVC,2,2026,17040,615041
309,UIndy,/teams/596892,855,GLVC,2,2025,16840,596892
309,UIndy,/team/309/16580,855,GLVC,2,2024,16580,NA
309,UIndy,/team/309/16340,855,GLVC,2,2023,16340,NA
309,UIndy,/team/309/15860,855,GLVC,2,2022,15860,NA
309,UIndy,/team/309/15580,855,GLVC,2,2021,15580,NA
309,UIndy,/team/309/15204,855,GLVC,2,2020,15204,NA
309,UIndy,/team/309/14781,855,GLVC,2,2019,14781,NA
309,UIndy,/team/309/12973,855,GLVC,2,2018,12973,NA
309,UIndy,/team/309/12560,855,GLVC,2,2017,12560,NA
309,UIndy,/team/309/12360,855,GLVC,2,2016,12360,NA
309,UIndy,/team/309/12080,855,GLVC,2,2015,12080,NA
309,UIndy,/team/309/11620,855,GLVC,2,2014,11620,NA
309,UIndy,/team/309/11320,855,GLVC,2,2013,11320,NA
309,UIndy,/team/309/10942,855,GLVC,2,2012,10942,NA
309,UIndy,/team/309/10561,855,GLVC,2,2011,10561,NA
309,UIndy,/team/309/10240,855,GLVC,2,2010,10240,NA
368,UMass Lowell,/team/368/11320,899,NE10,2,2013,11320,NA
368,UMass Lowell,/team/368/10942,899,NE10,2,2012,10942,NA
368,UMass Lowell,/team/368/10561,899,NE10,2,2011,10561,NA
368,UMass Lowell,/team/368/10240,899,NE10,2,2010,10240,NA
537,UNC Pembroke,/teams/615070,4423,Conference Carolinas,2,2026,17040,615070
537,UNC Pembroke,/teams/596922,4423,Conference Carolinas,2,2025,16840,596922
537,UNC Pembroke,/team/537/16580,4423,Conference Carolinas,2,2024,16580,NA
537,UNC Pembroke,/team/537/16340,4423,Conference Carolinas,2,2023,16340,NA
537,UNC Pembroke,/team/537/15860,4423,Conference Carolinas,2,2022,15860,NA
537,UNC Pembroke,/team/537/15580,12923,Peach Belt,2,2021,15580,NA
537,UNC Pembroke,/team/537/15204,12923,Peach Belt,2,2020,15204,NA
537,UNC Pembroke,/team/537/14781,12923,Peach Belt,2,2019,14781,NA
537,UNC Pembroke,/team/537/12973,12923,Peach Belt,2,2018,12973,NA
537,UNC Pembroke,/team/537/12560,12923,Peach Belt,2,2017,12560,NA
537,UNC Pembroke,/team/537/12360,12923,Peach Belt,2,2016,12360,NA
537,UNC Pembroke,/team/537/12080,12923,Peach Belt,2,2015,12080,NA
537,UNC Pembroke,/team/537/11620,12923,Peach Belt,2,2014,11620,NA
537,UNC Pembroke,/team/537/11320,12923,Peach Belt,2,2013,11320,NA
537,UNC Pembroke,/team/537/10942,12923,Peach Belt,2,2012,10942,NA
537,UNC Pembroke,/team/537/10561,12923,Peach Belt,2,2011,10561,NA
537,UNC Pembroke,/team/537/10240,12923,Peach Belt,2,2010,10240,NA
11276,USC Aiken,/teams/614934,12923,Peach Belt,2,2026,17040,614934
11276,USC Aiken,/teams/596784,12923,Peach Belt,2,2025,16840,596784
11276,USC Aiken,/team/11276/16580,12923,Peach Belt,2,2024,16580,NA
11276,USC Aiken,/team/11276/16340,12923,Peach Belt,2,2023,16340,NA
11276,USC Aiken,/team/11276/15860,12923,Peach Belt,2,2022,15860,NA
11276,USC Aiken,/team/11276/15580,12923,Peach Belt,2,2021,15580,NA
11276,USC Aiken,/team/11276/15204,12923,Peach Belt,2,2020,15204,NA
11276,USC Aiken,/team/11276/14781,12923,Peach Belt,2,2019,14781,NA
11276,USC Aiken,/team/11276/12973,12923,Peach Belt,2,2018,12973,NA
11276,USC Aiken,/team/11276/12560,12923,Peach Belt,2,2017,12560,NA
11276,USC Aiken,/team/11276/12360,12923,Peach Belt,2,2016,12360,NA
11276,USC Aiken,/team/11276/12080,12923,Peach Belt,2,2015,12080,NA
11276,USC Aiken,/team/11276/11620,12923,Peach Belt,2,2014,11620,NA
11276,USC Aiken,/team/11276/11320,12923,Peach Belt,2,2013,11320,NA
11276,USC Aiken,/team/11276/10942,12923,Peach Belt,2,2012,10942,NA
11276,USC Aiken,/team/11276/10561,12923,Peach Belt,2,2011,10561,NA
11276,USC Aiken,/team/11276/10240,12923,Peach Belt,2,2010,10240,NA
30259,USC Beaufort,/teams/614872,12923,Peach Belt,2,2026,17040,614872
30259,USC Beaufort,/teams/596722,12923,Peach Belt,2,2025,16840,596722
30259,USC Beaufort,/team/30259/16580,12923,Peach Belt,2,2024,16580,NA
30259,USC Beaufort,/team/30259/16340,12923,Peach Belt,2,2023,16340,NA
28594,USciences,/team/28594/15860,28752,CACC,2,2022,15860,NA
28594,USciences,/team/28594/15580,28752,CACC,2,2021,15580,NA
28594,USciences,/team/28594/15204,28752,CACC,2,2020,15204,NA
28594,USciences,/team/28594/14781,28752,CACC,2,2019,14781,NA
28594,USciences,/team/28594/12973,28752,CACC,2,2018,12973,NA
28594,USciences,/team/28594/12560,28752,CACC,2,2017,12560,NA
28594,USciences,/team/28594/12360,28752,CACC,2,2016,12360,NA
28594,USciences,/team/28594/12080,28752,CACC,2,2015,12080,NA
28594,USciences,/team/28594/11620,28752,CACC,2,2014,11620,NA
28594,USciences,/team/28594/11320,28752,CACC,2,2013,11320,NA
28594,USciences,/team/28594/10942,28752,CACC,2,2012,10942,NA
28594,USciences,/team/28594/10561,28752,CACC,2,2011,10561,NA
28594,USciences,/team/28594/10240,28752,CACC,2,2010,10240,NA
NA,UT Permian Basin,/teams/614960,868,Lone Star,2,2026,17040,614960
NA,UT Permian Basin,/teams/596810,868,Lone Star,2,2025,16840,596810
30028,UT Tyler,/teams/614995,868,Lone Star,2,2026,17040,614995
30028,UT Tyler,/teams/596846,868,Lone Star,2,2025,16840,596846
30028,UT Tyler,/team/30028/16580,868,Lone Star,2,2024,16580,NA
30028,UT Tyler,/team/30028/16340,868,Lone Star,2,2023,16340,NA
30028,UT Tyler,/team/30028/15860,868,Lone Star,2,2022,15860,NA
30028,UT Tyler,/team/30028/15580,868,Lone Star,2,2021,15580,NA
30028,UT Tyler,/team/30028/15204,868,Lone Star,2,2020,15204,NA
30181,UVA Wise,/teams/614984,12850,SAC,2,2026,17040,614984
30181,UVA Wise,/teams/596835,12850,SAC,2,2025,16840,596835
30181,UVA Wise,/team/30181/16580,12850,SAC,2,2024,16580,NA
30181,UVA Wise,/team/30181/16340,12850,SAC,2,2023,16340,NA
30181,UVA Wise,/team/30181/15860,12850,SAC,2,2022,15860,NA
30181,UVA Wise,/team/30181/15580,12850,SAC,2,2021,15580,NA
30181,UVA Wise,/team/30181/15204,12850,SAC,2,2020,15204,NA
30181,UVA Wise,/team/30181/14781,30183,MEC,2,2019,14781,NA
30181,UVA Wise,/team/30181/12973,30183,MEC,2,2018,12973,NA
30181,UVA Wise,/team/30181/12560,30183,MEC,2,2017,12560,NA
30181,UVA Wise,/team/30181/12360,30183,MEC,2,2016,12360,NA
30153,Union (TN),/teams/614978,858,Gulf South,2,2026,17040,614978
30153,Union (TN),/teams/596829,858,Gulf South,2,2025,16840,596829
30153,Union (TN),/team/30153/16580,858,Gulf South,2,2024,16580,NA
30153,Union (TN),/team/30153/16340,858,Gulf South,2,2023,16340,NA
30153,Union (TN),/team/30153/15860,858,Gulf South,2,2022,15860,NA
30153,Union (TN),/team/30153/15580,858,Gulf South,2,2021,15580,NA
30153,Union (TN),/team/30153/15204,858,Gulf South,2,2020,15204,NA
30153,Union (TN),/team/30153/14781,858,Gulf South,2,2019,14781,NA
30153,Union (TN),/team/30153/12973,858,Gulf South,2,2018,12973,NA
30153,Union (TN),/team/30153/12560,858,Gulf South,2,2017,12560,NA
30153,Union (TN),/team/30153/12360,858,Gulf South,2,2016,12360,NA
30153,Union (TN),/team/30153/12080,858,Gulf South,2,2015,12080,NA
728,Upper Iowa,/teams/615090,855,GLVC,2,2026,17040,615090
728,Upper Iowa,/teams/596942,855,GLVC,2,2025,16840,596942
728,Upper Iowa,/team/728/16580,12853,NSIC,2,2024,16580,NA
728,Upper Iowa,/team/728/16340,12853,NSIC,2,2023,16340,NA
728,Upper Iowa,/team/728/15860,12853,NSIC,2,2022,15860,NA
728,Upper Iowa,/team/728/15580,12853,NSIC,2,2021,15580,NA
728,Upper Iowa,/team/728/15204,12853,NSIC,2,2020,15204,NA
728,Upper Iowa,/team/728/14781,12853,NSIC,2,2019,14781,NA
728,Upper Iowa,/team/728/12973,12853,NSIC,2,2018,12973,NA
728,Upper Iowa,/team/728/12560,12853,NSIC,2,2017,12560,NA
728,Upper Iowa,/team/728/12360,12853,NSIC,2,2016,12360,NA
728,Upper Iowa,/team/728/12080,12853,NSIC,2,2015,12080,NA
728,Upper Iowa,/team/728/11620,12853,NSIC,2,2014,11620,NA
728,Upper Iowa,/team/728/11320,12853,NSIC,2,2013,11320,NA
728,Upper Iowa,/team/728/10942,12853,NSIC,2,2012,10942,NA
728,Upper Iowa,/team/728/10561,12853,NSIC,2,2011,10561,NA
728,Upper Iowa,/team/728/10240,12853,NSIC,2,2010,10240,NA
30104,Urbana,/team/30104/15204,30183,MEC,2,2020,15204,NA
30104,Urbana,/team/30104/14781,30183,MEC,2,2019,14781,NA
30104,Urbana,/team/30104/12973,30183,MEC,2,2018,12973,NA
30104,Urbana,/team/30104/12560,30183,MEC,2,2017,12560,NA
30104,Urbana,/team/30104/12360,30183,MEC,2,2016,12360,NA
30104,Urbana,/team/30104/12080,30183,MEC,2,2015,12080,NA
30104,Urbana,/team/30104/11620,30183,MEC,2,2014,11620,NA
30095,Utah Tech,/team/30095/15204,13128,RMAC,2,2020,15204,NA
30095,Utah Tech,/team/30095/14781,13128,RMAC,2,2019,14781,NA
30095,Utah Tech,/team/30095/12973,19591,PacWest,2,2018,12973,NA
30095,Utah Tech,/team/30095/12560,19591,PacWest,2,2017,12560,NA
30095,Utah Tech,/team/30095/12360,19591,PacWest,2,2016,12360,NA
30095,Utah Tech,/team/30095/12080,19591,PacWest,2,2015,12080,NA
30095,Utah Tech,/team/30095/11620,19591,PacWest,2,2014,11620,NA
30095,Utah Tech,/team/30095/11320,19591,PacWest,2,2013,11320,NA
30095,Utah Tech,/team/30095/10942,19591,PacWest,2,2012,10942,NA
30095,Utah Tech,/team/30095/10561,19591,PacWest,2,2011,10561,NA
30095,Utah Tech,/team/30095/10240,19591,PacWest,2,2010,10240,NA
734,Valdosta St.,/teams/615091,858,Gulf South,2,2026,17040,615091
734,Valdosta St.,/teams/596943,858,Gulf South,2,2025,16840,596943
734,Valdosta St.,/team/734/16580,858,Gulf South,2,2024,16580,NA
734,Valdosta St.,/team/734/16340,858,Gulf South,2,2023,16340,NA
734,Valdosta St.,/team/734/15860,858,Gulf South,2,2022,15860,NA
734,Valdosta St.,/team/734/15580,858,Gulf South,2,2021,15580,NA
734,Valdosta St.,/team/734/15204,858,Gulf South,2,2020,15204,NA
734,Valdosta St.,/team/734/14781,858,Gulf South,2,2019,14781,NA
734,Valdosta St.,/team/734/12973,858,Gulf South,2,2018,12973,NA
734,Valdosta St.,/team/734/12560,858,Gulf South,2,2017,12560,NA
734,Valdosta St.,/team/734/12360,858,Gulf South,2,2016,12360,NA
734,Valdosta St.,/team/734/12080,858,Gulf South,2,2015,12080,NA
734,Valdosta St.,/team/734/11620,858,Gulf South,2,2014,11620,NA
734,Valdosta St.,/team/734/11320,858,Gulf South,2,2013,11320,NA
734,Valdosta St.,/team/734/10942,858,Gulf South,2,2012,10942,NA
734,Valdosta St.,/team/734/10561,858,Gulf South,2,2011,10561,NA
734,Valdosta St.,/team/734/10240,858,Gulf South,2,2010,10240,NA
30263,Vanguard,/teams/615120,19591,PacWest,2,2026,17040,615120
30263,Vanguard,/teams/596973,19591,PacWest,2,2025,16840,596973
30263,Vanguard,/team/30263/16580,99010,DII Independent,2,2024,16580,NA
743,Virginia St.,/teams/615092,99010,DII Independent,2,2026,17040,615092
743,Virginia St.,/teams/596944,99010,DII Independent,2,2025,16840,596944
743,Virginia St.,/team/743/16580,99010,DII Independent,2,2024,16580,NA
743,Virginia St.,/team/743/16340,99010,DII Independent,2,2023,16340,NA
743,Virginia St.,/team/743/15860,99010,DII Independent,2,2022,15860,NA
743,Virginia St.,/team/743/15580,99010,DII Independent,2,2021,15580,NA
743,Virginia St.,/team/743/15204,99010,DII Independent,2,2020,15204,NA
743,Virginia St.,/team/743/14781,99010,DII Independent,2,2019,14781,NA
743,Virginia St.,/team/743/12973,99010,DII Independent,2,2018,12973,NA
743,Virginia St.,/team/743/12560,832,CIAA,2,2017,12560,NA
743,Virginia St.,/team/743/12360,832,CIAA,2,2016,12360,NA
743,Virginia St.,/team/743/12080,832,CIAA,2,2015,12080,NA
743,Virginia St.,/team/743/11620,832,CIAA,2,2014,11620,NA
743,Virginia St.,/team/743/11320,832,CIAA,2,2013,11320,NA
743,Virginia St.,/team/743/10942,832,CIAA,2,2012,10942,NA
743,Virginia St.,/team/743/10561,832,CIAA,2,2011,10561,NA
743,Virginia St.,/team/743/10240,832,CIAA,2,2010,10240,NA
30141,Walsh,/teams/614972,30182,G-MAC,2,2026,17040,614972
30141,Walsh,/teams/596823,30182,G-MAC,2,2025,16840,596823
30141,Walsh,/team/30141/16580,30182,G-MAC,2,2024,16580,NA
30141,Walsh,/team/30141/16340,30182,G-MAC,2,2023,16340,NA
30141,Walsh,/team/30141/15860,30182,G-MAC,2,2022,15860,NA
30141,Walsh,/team/30141/15580,30182,G-MAC,2,2021,15580,NA
30141,Walsh,/team/30141/15204,30182,G-MAC,2,2020,15204,NA
30141,Walsh,/team/30141/14781,30182,G-MAC,2,2019,14781,NA
30141,Walsh,/team/30141/12973,30182,G-MAC,2,2018,12973,NA
30141,Walsh,/team/30141/12560,854,GLIAC,2,2017,12560,NA
30141,Walsh,/team/30141/12360,854,GLIAC,2,2016,12360,NA
30141,Walsh,/team/30141/12080,854,GLIAC,2,2015,12080,NA
30141,Walsh,/team/30141/11620,854,GLIAC,2,2014,11620,NA
30141,Walsh,/team/30141/11320,0,Independent,2,2013,11320,NA
2814,Washburn,/teams/614916,883,Mid-America Intercollegiate,2,2026,17040,614916
2814,Washburn,/teams/596766,883,Mid-America Intercollegiate,2,2025,16840,596766
2814,Washburn,/team/2814/16580,883,Mid-America Intercollegiate,2,2024,16580,NA
2814,Washburn,/team/2814/16340,883,Mid-America Intercollegiate,2,2023,16340,NA
2814,Washburn,/team/2814/15860,883,Mid-America Intercollegiate,2,2022,15860,NA
2814,Washburn,/team/2814/15580,883,Mid-America Intercollegiate,2,2021,15580,NA
2814,Washburn,/team/2814/15204,883,Mid-America Intercollegiate,2,2020,15204,NA
2814,Washburn,/team/2814/14781,883,Mid-America Intercollegiate,2,2019,14781,NA
2814,Washburn,/team/2814/12973,883,Mid-America Intercollegiate,2,2018,12973,NA
2814,Washburn,/team/2814/12560,883,Mid-America Intercollegiate,2,2017,12560,NA
2814,Washburn,/team/2814/12360,883,Mid-America Intercollegiate,2,2016,12360,NA
2814,Washburn,/team/2814/12080,883,Mid-America Intercollegiate,2,2015,12080,NA
2814,Washburn,/team/2814/11620,883,Mid-America Intercollegiate,2,2014,11620,NA
2814,Washburn,/team/2814/11320,883,Mid-America Intercollegiate,2,2013,11320,NA
2814,Washburn,/team/2814/10942,883,Mid-America Intercollegiate,2,2012,10942,NA
2814,Washburn,/team/2814/10561,883,Mid-America Intercollegiate,2,2011,10561,NA
2814,Washburn,/team/2814/10240,883,Mid-America Intercollegiate,2,2010,10240,NA
757,Wayne St. (MI),/teams/615093,854,GLIAC,2,2026,17040,615093
757,Wayne St. (MI),/teams/596945,854,GLIAC,2,2025,16840,596945
757,Wayne St. (MI),/team/757/16580,854,GLIAC,2,2024,16580,NA
757,Wayne St. (MI),/team/757/16340,854,GLIAC,2,2023,16340,NA
757,Wayne St. (MI),/team/757/15860,854,GLIAC,2,2022,15860,NA
757,Wayne St. (MI),/team/757/15580,854,GLIAC,2,2021,15580,NA
757,Wayne St. (MI),/team/757/15204,854,GLIAC,2,2020,15204,NA
757,Wayne St. (MI),/team/757/14781,854,GLIAC,2,2019,14781,NA
757,Wayne St. (MI),/team/757/12973,854,GLIAC,2,2018,12973,NA
757,Wayne St. (MI),/team/757/12560,854,GLIAC,2,2017,12560,NA
757,Wayne St. (MI),/team/757/12360,854,GLIAC,2,2016,12360,NA
757,Wayne St. (MI),/team/757/12080,854,GLIAC,2,2015,12080,NA
757,Wayne St. (MI),/team/757/11620,854,GLIAC,2,2014,11620,NA
757,Wayne St. (MI),/team/757/11320,854,GLIAC,2,2013,11320,NA
757,Wayne St. (MI),/team/757/10942,854,GLIAC,2,2012,10942,NA
757,Wayne St. (MI),/team/757/10561,854,GLIAC,2,2011,10561,NA
757,Wayne St. (MI),/team/757/10240,854,GLIAC,2,2010,10240,NA
1433,Wayne St. (NE),/teams/614904,12853,NSIC,2,2026,17040,614904
1433,Wayne St. (NE),/teams/596754,12853,NSIC,2,2025,16840,596754
1433,Wayne St. (NE),/team/1433/16580,12853,NSIC,2,2024,16580,NA
1433,Wayne St. (NE),/team/1433/16340,12853,NSIC,2,2023,16340,NA
1433,Wayne St. (NE),/team/1433/15860,12853,NSIC,2,2022,15860,NA
1433,Wayne St. (NE),/team/1433/15580,12853,NSIC,2,2021,15580,NA
1433,Wayne St. (NE),/team/1433/15204,12853,NSIC,2,2020,15204,NA
1433,Wayne St. (NE),/team/1433/14781,12853,NSIC,2,2019,14781,NA
1433,Wayne St. (NE),/team/1433/12973,12853,NSIC,2,2018,12973,NA
1433,Wayne St. (NE),/team/1433/12560,12853,NSIC,2,2017,12560,NA
1433,Wayne St. (NE),/team/1433/12360,12853,NSIC,2,2016,12360,NA
1433,Wayne St. (NE),/team/1433/12080,12853,NSIC,2,2015,12080,NA
1433,Wayne St. (NE),/team/1433/11620,12853,NSIC,2,2014,11620,NA
1433,Wayne St. (NE),/team/1433/11320,12853,NSIC,2,2013,11320,NA
1433,Wayne St. (NE),/team/1433/10942,12853,NSIC,2,2012,10942,NA
1433,Wayne St. (NE),/team/1433/10561,12853,NSIC,2,2011,10561,NA
1433,Wayne St. (NE),/team/1433/10240,12853,NSIC,2,2010,10240,NA
358,West Ala.,/teams/615049,858,Gulf South,2,2026,17040,615049
358,West Ala.,/teams/596900,858,Gulf South,2,2025,16840,596900
358,West Ala.,/team/358/16580,858,Gulf South,2,2024,16580,NA
358,West Ala.,/team/358/16340,858,Gulf South,2,2023,16340,NA
358,West Ala.,/team/358/15860,858,Gulf South,2,2022,15860,NA
358,West Ala.,/team/358/15580,858,Gulf South,2,2021,15580,NA
358,West Ala.,/team/358/15204,858,Gulf South,2,2020,15204,NA
358,West Ala.,/team/358/14781,858,Gulf South,2,2019,14781,NA
358,West Ala.,/team/358/12973,858,Gulf South,2,2018,12973,NA
358,West Ala.,/team/358/12560,858,Gulf South,2,2017,12560,NA
358,West Ala.,/team/358/12360,858,Gulf South,2,2016,12360,NA
358,West Ala.,/team/358/12080,858,Gulf South,2,2015,12080,NA
358,West Ala.,/team/358/11620,858,Gulf South,2,2014,11620,NA
358,West Ala.,/team/358/11320,858,Gulf South,2,2013,11320,NA
358,West Ala.,/team/358/10942,858,Gulf South,2,2012,10942,NA
358,West Ala.,/team/358/10561,858,Gulf South,2,2011,10561,NA
358,West Ala.,/team/358/10240,858,Gulf South,2,2010,10240,NA
765,West Chester,/teams/615094,906,PSAC,2,2026,17040,615094
765,West Chester,/teams/596946,906,PSAC,2,2025,16840,596946
765,West Chester,/team/765/16580,906,PSAC,2,2024,16580,NA
765,West Chester,/team/765/16340,906,PSAC,2,2023,16340,NA
765,West Chester,/team/765/15860,906,PSAC,2,2022,15860,NA
765,West Chester,/team/765/15580,906,PSAC,2,2021,15580,NA
765,West Chester,/team/765/15204,906,PSAC,2,2020,15204,NA
765,West Chester,/team/765/14781,906,PSAC,2,2019,14781,NA
765,West Chester,/team/765/12973,906,PSAC,2,2018,12973,NA
765,West Chester,/team/765/12560,906,PSAC,2,2017,12560,NA
765,West Chester,/team/765/12360,906,PSAC,2,2016,12360,NA
765,West Chester,/team/765/12080,906,PSAC,2,2015,12080,NA
765,West Chester,/team/765/11620,906,PSAC,2,2014,11620,NA
765,West Chester,/team/765/11320,906,PSAC,2,2013,11320,NA
765,West Chester,/team/765/10942,906,PSAC,2,2012,10942,NA
765,West Chester,/team/765/10561,906,PSAC,2,2011,10561,NA
765,West Chester,/team/765/10240,906,PSAC,2,2010,10240,NA
11740,West Florida,/teams/614937,858,Gulf South,2,2026,17040,614937
11740,West Florida,/teams/596787,858,Gulf South,2,2025,16840,596787
11740,West Florida,/team/11740/16580,858,Gulf South,2,2024,16580,NA
11740,West Florida,/team/11740/16340,858,Gulf South,2,2023,16340,NA
11740,West Florida,/team/11740/15860,858,Gulf South,2,2022,15860,NA
11740,West Florida,/team/11740/15580,858,Gulf South,2,2021,15580,NA
11740,West Florida,/team/11740/15204,858,Gulf South,2,2020,15204,NA
11740,West Florida,/team/11740/14781,858,Gulf South,2,2019,14781,NA
11740,West Florida,/team/11740/12973,858,Gulf South,2,2018,12973,NA
11740,West Florida,/team/11740/12560,858,Gulf South,2,2017,12560,NA
11740,West Florida,/team/11740/12360,858,Gulf South,2,2016,12360,NA
11740,West Florida,/team/11740/12080,858,Gulf South,2,2015,12080,NA
11740,West Florida,/team/11740/11620,858,Gulf South,2,2014,11620,NA
11740,West Florida,/team/11740/11320,858,Gulf South,2,2013,11320,NA
11740,West Florida,/team/11740/10942,858,Gulf South,2,2012,10942,NA
11740,West Florida,/team/11740/10561,858,Gulf South,2,2011,10561,NA
11740,West Florida,/team/11740/10240,858,Gulf South,2,2010,10240,NA
766,West Ga.,/team/766/16580,858,Gulf South,2,2024,16580,NA
766,West Ga.,/team/766/16340,858,Gulf South,2,2023,16340,NA
766,West Ga.,/team/766/15860,858,Gulf South,2,2022,15860,NA
766,West Ga.,/team/766/15580,858,Gulf South,2,2021,15580,NA
766,West Ga.,/team/766/15204,858,Gulf South,2,2020,15204,NA
766,West Ga.,/team/766/14781,858,Gulf South,2,2019,14781,NA
766,West Ga.,/team/766/12973,858,Gulf South,2,2018,12973,NA
766,West Ga.,/team/766/12560,858,Gulf South,2,2017,12560,NA
766,West Ga.,/team/766/12360,858,Gulf South,2,2016,12360,NA
766,West Ga.,/team/766/12080,858,Gulf South,2,2015,12080,NA
766,West Ga.,/team/766/11620,858,Gulf South,2,2014,11620,NA
766,West Ga.,/team/766/11320,858,Gulf South,2,2013,11320,NA
766,West Ga.,/team/766/10942,858,Gulf South,2,2012,10942,NA
766,West Ga.,/team/766/10561,858,Gulf South,2,2011,10561,NA
766,West Ga.,/team/766/10240,858,Gulf South,2,2010,10240,NA
1438,West Liberty,/teams/614905,30183,MEC,2,2026,17040,614905
1438,West Liberty,/teams/596755,30183,MEC,2,2025,16840,596755
1438,West Liberty,/team/1438/16580,30183,MEC,2,2024,16580,NA
1438,West Liberty,/team/1438/16340,30183,MEC,2,2023,16340,NA
1438,West Liberty,/team/1438/15860,30183,MEC,2,2022,15860,NA
1438,West Liberty,/team/1438/15580,30183,MEC,2,2021,15580,NA
1438,West Liberty,/team/1438/15204,30183,MEC,2,2020,15204,NA
1438,West Liberty,/team/1438/14781,30183,MEC,2,2019,14781,NA
1438,West Liberty,/team/1438/12973,30183,MEC,2,2018,12973,NA
1438,West Liberty,/team/1438/12560,30183,MEC,2,2017,12560,NA
1438,West Liberty,/team/1438/12360,30183,MEC,2,2016,12360,NA
1438,West Liberty,/team/1438/12080,30183,MEC,2,2015,12080,NA
1438,West Liberty,/team/1438/11620,30183,MEC,2,2014,11620,NA
1438,West Liberty,/team/1438/11320,21344,WVIAC,2,2013,11320,NA
1438,West Liberty,/team/1438/10942,21344,WVIAC,2,2012,10942,NA
1438,West Liberty,/team/1438/10561,21344,WVIAC,2,2011,10561,NA
1438,West Liberty,/team/1438/10240,21344,WVIAC,2,2010,10240,NA
767,West Tex. A&M,/teams/615095,868,Lone Star,2,2026,17040,615095
767,West Tex. A&M,/teams/596948,868,Lone Star,2,2025,16840,596948
767,West Tex. A&M,/team/767/16580,868,Lone Star,2,2024,16580,NA
767,West Tex. A&M,/team/767/16340,868,Lone Star,2,2023,16340,NA
767,West Tex. A&M,/team/767/15860,868,Lone Star,2,2022,15860,NA
767,West Tex. A&M,/team/767/15580,868,Lone Star,2,2021,15580,NA
767,West Tex. A&M,/team/767/15204,868,Lone Star,2,2020,15204,NA
767,West Tex. A&M,/team/767/14781,868,Lone Star,2,2019,14781,NA
767,West Tex. A&M,/team/767/12973,868,Lone Star,2,2018,12973,NA
767,West Tex. A&M,/team/767/12560,868,Lone Star,2,2017,12560,NA
767,West Tex. A&M,/team/767/12360,868,Lone Star,2,2016,12360,NA
767,West Tex. A&M,/team/767/12080,868,Lone Star,2,2015,12080,NA
767,West Tex. A&M,/team/767/11620,868,Lone Star,2,2014,11620,NA
767,West Tex. A&M,/team/767/11320,868,Lone Star,2,2013,11320,NA
767,West Tex. A&M,/team/767/10942,868,Lone Star,2,2012,10942,NA
767,West Tex. A&M,/team/767/10561,868,Lone Star,2,2011,10561,NA
767,West Tex. A&M,/team/767/10240,868,Lone Star,2,2010,10240,NA
9630,West Va. Wesleyan,/teams/614930,30183,MEC,2,2026,17040,614930
9630,West Va. Wesleyan,/teams/596780,30183,MEC,2,2025,16840,596780
9630,West Va. Wesleyan,/team/9630/16580,30183,MEC,2,2024,16580,NA
9630,West Va. Wesleyan,/team/9630/16340,30183,MEC,2,2023,16340,NA
9630,West Va. Wesleyan,/team/9630/15860,30183,MEC,2,2022,15860,NA
9630,West Va. Wesleyan,/team/9630/15580,30183,MEC,2,2021,15580,NA
9630,West Va. Wesleyan,/team/9630/15204,30183,MEC,2,2020,15204,NA
9630,West Va. Wesleyan,/team/9630/14781,30183,MEC,2,2019,14781,NA
9630,West Va. Wesleyan,/team/9630/12973,30183,MEC,2,2018,12973,NA
9630,West Va. Wesleyan,/team/9630/12560,30183,MEC,2,2017,12560,NA
9630,West Va. Wesleyan,/team/9630/12360,30183,MEC,2,2016,12360,NA
9630,West Va. Wesleyan,/team/9630/12080,30183,MEC,2,2015,12080,NA
9630,West Va. Wesleyan,/team/9630/11620,30183,MEC,2,2014,11620,NA
9630,West Va. Wesleyan,/team/9630/11320,21344,WVIAC,2,2013,11320,NA
9630,West Va. Wesleyan,/team/9630/10942,21344,WVIAC,2,2012,10942,NA
9630,West Va. Wesleyan,/team/9630/10561,21344,WVIAC,2,2011,10561,NA
9630,West Va. Wesleyan,/team/9630/10240,21344,WVIAC,2,2010,10240,NA
1439,West Virginia St.,/teams/614906,30183,MEC,2,2026,17040,614906
1439,West Virginia St.,/teams/596756,30183,MEC,2,2025,16840,596756
1439,West Virginia St.,/team/1439/16580,30183,MEC,2,2024,16580,NA
1439,West Virginia St.,/team/1439/16340,30183,MEC,2,2023,16340,NA
1439,West Virginia St.,/team/1439/15860,30183,MEC,2,2022,15860,NA
1439,West Virginia St.,/team/1439/15580,30183,MEC,2,2021,15580,NA
1439,West Virginia St.,/team/1439/15204,30183,MEC,2,2020,15204,NA
1439,West Virginia St.,/team/1439/14781,30183,MEC,2,2019,14781,NA
1439,West Virginia St.,/team/1439/12973,30183,MEC,2,2018,12973,NA
1439,West Virginia St.,/team/1439/12560,30183,MEC,2,2017,12560,NA
1439,West Virginia St.,/team/1439/12360,30183,MEC,2,2016,12360,NA
1439,West Virginia St.,/team/1439/12080,30183,MEC,2,2015,12080,NA
1439,West Virginia St.,/team/1439/11620,30183,MEC,2,2014,11620,NA
1439,West Virginia St.,/team/1439/11320,21344,WVIAC,2,2013,11320,NA
1439,West Virginia St.,/team/1439/10942,21344,WVIAC,2,2012,10942,NA
1439,West Virginia St.,/team/1439/10561,21344,WVIAC,2,2011,10561,NA
1439,West Virginia St.,/team/1439/10240,21344,WVIAC,2,2010,10240,NA
1446,Western Ore.,/teams/614907,30012,Great Northwest,2,2026,17040,614907
1446,Western Ore.,/teams/596757,30012,Great Northwest,2,2025,16840,596757
1446,Western Ore.,/team/1446/16580,30012,Great Northwest,2,2024,16580,NA
1446,Western Ore.,/team/1446/16340,30012,Great Northwest,2,2023,16340,NA
1446,Western Ore.,/team/1446/15860,30012,Great Northwest,2,2022,15860,NA
1446,Western Ore.,/team/1446/15580,30012,Great Northwest,2,2021,15580,NA
1446,Western Ore.,/team/1446/15204,30012,Great Northwest,2,2020,15204,NA
1446,Western Ore.,/team/1446/14781,30012,Great Northwest,2,2019,14781,NA
1446,Western Ore.,/team/1446/12973,30012,Great Northwest,2,2018,12973,NA
1446,Western Ore.,/team/1446/12560,30012,Great Northwest,2,2017,12560,NA
1446,Western Ore.,/team/1446/12360,30012,Great Northwest,2,2016,12360,NA
1446,Western Ore.,/team/1446/12080,30012,Great Northwest,2,2015,12080,NA
1446,Western Ore.,/team/1446/11620,30012,Great Northwest,2,2014,11620,NA
1446,Western Ore.,/team/1446/11320,30012,Great Northwest,2,2013,11320,NA
1446,Western Ore.,/team/1446/10942,30012,Great Northwest,2,2012,10942,NA
1446,Western Ore.,/team/1446/10561,30012,Great Northwest,2,2011,10561,NA
1446,Western Ore.,/team/1446/10240,30012,Great Northwest,2,2010,10240,NA
30260,Westmont,/teams/614873,19591,PacWest,2,2026,17040,614873
30260,Westmont,/teams/596723,19591,PacWest,2,2025,16840,596723
30260,Westmont,/team/30260/16580,19591,PacWest,2,2024,16580,NA
30260,Westmont,/team/30260/16340,19591,PacWest,2,2023,16340,NA
12799,Wheeling,/teams/614938,30183,MEC,2,2026,17040,614938
12799,Wheeling,/teams/596788,30183,MEC,2,2025,16840,596788
12799,Wheeling,/team/12799/16580,30183,MEC,2,2024,16580,NA
12799,Wheeling,/team/12799/16340,30183,MEC,2,2023,16340,NA
12799,Wheeling,/team/12799/15860,30183,MEC,2,2022,15860,NA
12799,Wheeling,/team/12799/15580,30183,MEC,2,2021,15580,NA
12799,Wheeling,/team/12799/15204,30183,MEC,2,2020,15204,NA
12799,Wheeling,/team/12799/14781,30183,MEC,2,2019,14781,NA
12799,Wheeling,/team/12799/12973,30183,MEC,2,2018,12973,NA
12799,Wheeling,/team/12799/12560,30183,MEC,2,2017,12560,NA
12799,Wheeling,/team/12799/12360,30183,MEC,2,2016,12360,NA
12799,Wheeling,/team/12799/12080,30183,MEC,2,2015,12080,NA
12799,Wheeling,/team/12799/11620,30183,MEC,2,2014,11620,NA
12799,Wheeling,/team/12799/11320,21344,WVIAC,2,2013,11320,NA
12799,Wheeling,/team/12799/10942,21344,WVIAC,2,2012,10942,NA
12799,Wheeling,/team/12799/10561,21344,WVIAC,2,2011,10561,NA
12799,Wheeling,/team/12799/10240,21344,WVIAC,2,2010,10240,NA
30120,William Jewell,/teams/614966,855,GLVC,2,2026,17040,614966
30120,William Jewell,/teams/596816,855,GLVC,2,2025,16840,596816
30120,William Jewell,/team/30120/16580,855,GLVC,2,2024,16580,NA
30120,William Jewell,/team/30120/16340,855,GLVC,2,2023,16340,NA
30120,William Jewell,/team/30120/15860,855,GLVC,2,2022,15860,NA
30120,William Jewell,/team/30120/15580,855,GLVC,2,2021,15580,NA
30120,William Jewell,/team/30120/15204,855,GLVC,2,2020,15204,NA
30120,William Jewell,/team/30120/14781,855,GLVC,2,2019,14781,NA
30120,William Jewell,/team/30120/12973,855,GLVC,2,2018,12973,NA
30120,William Jewell,/team/30120/12560,855,GLVC,2,2017,12560,NA
30120,William Jewell,/team/30120/12360,855,GLVC,2,2016,12360,NA
30120,William Jewell,/team/30120/12080,855,GLVC,2,2015,12080,NA
30120,William Jewell,/team/30120/11620,855,GLVC,2,2014,11620,NA
30120,William Jewell,/team/30120/11320,855,GLVC,2,2013,11320,NA
1460,Wilmington (DE),/teams/614908,28752,CACC,2,2026,17040,614908
1460,Wilmington (DE),/teams/596758,28752,CACC,2,2025,16840,596758
1460,Wilmington (DE),/team/1460/16580,28752,CACC,2,2024,16580,NA
1460,Wilmington (DE),/team/1460/16340,28752,CACC,2,2023,16340,NA
1460,Wilmington (DE),/team/1460/15860,28752,CACC,2,2022,15860,NA
1460,Wilmington (DE),/team/1460/15580,28752,CACC,2,2021,15580,NA
1460,Wilmington (DE),/team/1460/15204,28752,CACC,2,2020,15204,NA
1460,Wilmington (DE),/team/1460/14781,28752,CACC,2,2019,14781,NA
1460,Wilmington (DE),/team/1460/12973,28752,CACC,2,2018,12973,NA
1460,Wilmington (DE),/team/1460/12560,28752,CACC,2,2017,12560,NA
1460,Wilmington (DE),/team/1460/12360,28752,CACC,2,2016,12360,NA
1460,Wilmington (DE),/team/1460/12080,28752,CACC,2,2015,12080,NA
1460,Wilmington (DE),/team/1460/11620,28752,CACC,2,2014,11620,NA
1460,Wilmington (DE),/team/1460/11320,28752,CACC,2,2013,11320,NA
1460,Wilmington (DE),/team/1460/10942,28752,CACC,2,2012,10942,NA
1460,Wilmington (DE),/team/1460/10561,28752,CACC,2,2011,10561,NA
1460,Wilmington (DE),/team/1460/10240,28752,CACC,2,2010,10240,NA
1462,Wingate,/teams/614909,12850,SAC,2,2026,17040,614909
1462,Wingate,/teams/596759,12850,SAC,2,2025,16840,596759
1462,Wingate,/team/1462/16580,12850,SAC,2,2024,16580,NA
1462,Wingate,/team/1462/16340,12850,SAC,2,2023,16340,NA
1462,Wingate,/team/1462/15860,12850,SAC,2,2022,15860,NA
1462,Wingate,/team/1462/15580,12850,SAC,2,2021,15580,NA
1462,Wingate,/team/1462/15204,12850,SAC,2,2020,15204,NA
1462,Wingate,/team/1462/14781,12850,SAC,2,2019,14781,NA
1462,Wingate,/team/1462/12973,12850,SAC,2,2018,12973,NA
1462,Wingate,/team/1462/12560,12850,SAC,2,2017,12560,NA
1462,Wingate,/team/1462/12360,12850,SAC,2,2016,12360,NA
1462,Wingate,/team/1462/12080,12850,SAC,2,2015,12080,NA
1462,Wingate,/team/1462/11620,12850,SAC,2,2014,11620,NA
1462,Wingate,/team/1462/11320,12850,SAC,2,2013,11320,NA
1462,Wingate,/team/1462/10942,12850,SAC,2,2012,10942,NA
1462,Wingate,/team/1462/10561,12850,SAC,2,2011,10561,NA
1462,Wingate,/team/1462/10240,12850,SAC,2,2010,10240,NA
790,Winona St.,/teams/615096,12853,NSIC,2,2026,17040,615096
790,Winona St.,/teams/596949,12853,NSIC,2,2025,16840,596949
790,Winona St.,/team/790/16580,12853,NSIC,2,2024,16580,NA
790,Winona St.,/team/790/16340,12853,NSIC,2,2023,16340,NA
790,Winona St.,/team/790/15860,12853,NSIC,2,2022,15860,NA
790,Winona St.,/team/790/15580,12853,NSIC,2,2021,15580,NA
790,Winona St.,/team/790/15204,12853,NSIC,2,2020,15204,NA
790,Winona St.,/team/790/14781,12853,NSIC,2,2019,14781,NA
790,Winona St.,/team/790/12973,12853,NSIC,2,2018,12973,NA
790,Winona St.,/team/790/12560,12853,NSIC,2,2017,12560,NA
790,Winona St.,/team/790/12360,12853,NSIC,2,2016,12360,NA
790,Winona St.,/team/790/12080,12853,NSIC,2,2015,12080,NA
790,Winona St.,/team/790/11620,12853,NSIC,2,2014,11620,NA
790,Winona St.,/team/790/11320,12853,NSIC,2,2013,11320,NA
790,Winona St.,/team/790/10942,12853,NSIC,2,2012,10942,NA
790,Winona St.,/team/790/10561,12853,NSIC,2,2011,10561,NA
790,Winona St.,/team/790/10240,12853,NSIC,2,2010,10240,NA
791,Winston-Salem,/team/791/14781,99010,DII Independent,2,2019,14781,NA
791,Winston-Salem,/team/791/12973,99010,DII Independent,2,2018,12973,NA
791,Winston-Salem,/team/791/12560,832,CIAA,2,2017,12560,NA
791,Winston-Salem,/team/791/12360,832,CIAA,2,2016,12360,NA
791,Winston-Salem,/team/791/12080,832,CIAA,2,2015,12080,NA
791,Winston-Salem,/team/791/11620,832,CIAA,2,2014,11620,NA
791,Winston-Salem,/team/791/11320,832,CIAA,2,2013,11320,NA
791,Winston-Salem,/team/791/10942,832,CIAA,2,2012,10942,NA
791,Winston-Salem,/team/791/10561,832,CIAA,2,2011,10561,NA
799,Wis.-Parkside,/teams/615097,854,GLIAC,2,2026,17040,615097
799,Wis.-Parkside,/teams/596950,854,GLIAC,2,2025,16840,596950
799,Wis.-Parkside,/team/799/16580,854,GLIAC,2,2024,16580,NA
799,Wis.-Parkside,/team/799/16340,854,GLIAC,2,2023,16340,NA
799,Wis.-Parkside,/team/799/15860,854,GLIAC,2,2022,15860,NA
799,Wis.-Parkside,/team/799/15580,854,GLIAC,2,2021,15580,NA
799,Wis.-Parkside,/team/799/15204,854,GLIAC,2,2020,15204,NA
799,Wis.-Parkside,/team/799/14781,854,GLIAC,2,2019,14781,NA
799,Wis.-Parkside,/team/799/12973,855,GLVC,2,2018,12973,NA
799,Wis.-Parkside,/team/799/12560,855,GLVC,2,2017,12560,NA
799,Wis.-Parkside,/team/799/12360,855,GLVC,2,2016,12360,NA
799,Wis.-Parkside,/team/799/12080,855,GLVC,2,2015,12080,NA
799,Wis.-Parkside,/team/799/11620,855,GLVC,2,2014,11620,NA
799,Wis.-Parkside,/team/799/11320,855,GLVC,2,2013,11320,NA
799,Wis.-Parkside,/team/799/10942,855,GLVC,2,2012,10942,NA
799,Wis.-Parkside,/team/799/10561,855,GLVC,2,2011,10561,NA
799,Wis.-Parkside,/team/799/10240,855,GLVC,2,2010,10240,NA
30154,Young Harris,/teams/614979,4423,Conference Carolinas,2,2026,17040,614979
30154,Young Harris,/teams/596830,4423,Conference Carolinas,2,2025,16840,596830
30154,Young Harris,/team/30154/16580,4423,Conference Carolinas,2,2024,16580,NA
30154,Young Harris,/team/30154/16340,12923,Peach Belt,2,2023,16340,NA
30154,Young Harris,/team/30154/15860,12923,Peach Belt,2,2022,15860,NA
30154,Young Harris,/team/30154/15580,12923,Peach Belt,2,2021,15580,NA
30154,Young Harris,/team/30154/15204,12923,Peach Belt,2,2020,15204,NA
30154,Young Harris,/team/30154/14781,12923,Peach Belt,2,2019,14781,NA
30154,Young Harris,/team/30154/12973,12923,Peach Belt,2,2018,12973,NA
30154,Young Harris,/team/30154/12560,12923,Peach Belt,2,2017,12560,NA
30154,Young Harris,/team/30154/12360,12923,Peach Belt,2,2016,12360,NA
30154,Young Harris,/team/30154/12080,12923,Peach Belt,2,2015,12080,NA
4,Adrian,/teams/615139,873,Michigan Intercol. Ath. Assn.,3,2026,17040,615139
4,Adrian,/teams/597209,873,Michigan Intercol. Ath. Assn.,3,2025,16840,597209
4,Adrian,/team/4/16580,873,Michigan Intercol. Ath. Assn.,3,2024,16580,NA
4,Adrian,/team/4/16340,873,Michigan Intercol. Ath. Assn.,3,2023,16340,NA
4,Adrian,/team/4/15860,873,Michigan Intercol. Ath. Assn.,3,2022,15860,NA
4,Adrian,/team/4/15580,873,Michigan Intercol. Ath. Assn.,3,2021,15580,NA
4,Adrian,/team/4/15204,873,Michigan Intercol. Ath. Assn.,3,2020,15204,NA
4,Adrian,/team/4/14781,873,Michigan Intercol. Ath. Assn.,3,2019,14781,NA
4,Adrian,/team/4/12973,873,Michigan Intercol. Ath. Assn.,3,2018,12973,NA
4,Adrian,/team/4/12560,873,Michigan Intercol. Ath. Assn.,3,2017,12560,NA
4,Adrian,/team/4/12360,873,Michigan Intercol. Ath. Assn.,3,2016,12360,NA
4,Adrian,/team/4/12080,873,Michigan Intercol. Ath. Assn.,3,2015,12080,NA
4,Adrian,/team/4/11620,873,Michigan Intercol. Ath. Assn.,3,2014,11620,NA
4,Adrian,/team/4/11320,873,Michigan Intercol. Ath. Assn.,3,2013,11320,NA
4,Adrian,/team/4/10942,873,Michigan Intercol. Ath. Assn.,3,2012,10942,NA
4,Adrian,/team/4/10561,873,Michigan Intercol. Ath. Assn.,3,2011,10561,NA
4,Adrian,/team/4/10240,873,Michigan Intercol. Ath. Assn.,3,2010,10240,NA
2798,Albertus Magnus,/teams/615458,23257,Great Northeast,3,2026,17040,615458
2798,Albertus Magnus,/teams/597146,23257,Great Northeast,3,2025,16840,597146
2798,Albertus Magnus,/team/2798/16580,23257,Great Northeast,3,2024,16580,NA
2798,Albertus Magnus,/team/2798/16340,23257,Great Northeast,3,2023,16340,NA
2798,Albertus Magnus,/team/2798/15860,23257,Great Northeast,3,2022,15860,NA
2798,Albertus Magnus,/team/2798/15580,23257,Great Northeast,3,2021,15580,NA
2798,Albertus Magnus,/team/2798/15204,23257,Great Northeast,3,2020,15204,NA
2798,Albertus Magnus,/team/2798/14781,23257,Great Northeast,3,2019,14781,NA
2798,Albertus Magnus,/team/2798/12973,23257,Great Northeast,3,2018,12973,NA
2798,Albertus Magnus,/team/2798/12560,23257,Great Northeast,3,2017,12560,NA
2798,Albertus Magnus,/team/2798/12360,23257,Great Northeast,3,2016,12360,NA
2798,Albertus Magnus,/team/2798/12080,23257,Great Northeast,3,2015,12080,NA
2798,Albertus Magnus,/team/2798/11620,23257,Great Northeast,3,2014,11620,NA
2798,Albertus Magnus,/team/2798/11320,23257,Great Northeast,3,2013,11320,NA
2798,Albertus Magnus,/team/2798/10942,23257,Great Northeast,3,2012,10942,NA
2798,Albertus Magnus,/team/2798/10561,23257,Great Northeast,3,2011,10561,NA
2798,Albertus Magnus,/team/2798/10240,23257,Great Northeast,3,2010,10240,NA
15,Albion,/teams/615140,873,Michigan Intercol. Ath. Assn.,3,2026,17040,615140
15,Albion,/teams/597210,873,Michigan Intercol. Ath. Assn.,3,2025,16840,597210
15,Albion,/team/15/16580,873,Michigan Intercol. Ath. Assn.,3,2024,16580,NA
15,Albion,/team/15/16340,873,Michigan Intercol. Ath. Assn.,3,2023,16340,NA
15,Albion,/team/15/15860,873,Michigan Intercol. Ath. Assn.,3,2022,15860,NA
15,Albion,/team/15/15580,873,Michigan Intercol. Ath. Assn.,3,2021,15580,NA
15,Albion,/team/15/15204,873,Michigan Intercol. Ath. Assn.,3,2020,15204,NA
15,Albion,/team/15/14781,873,Michigan Intercol. Ath. Assn.,3,2019,14781,NA
15,Albion,/team/15/12973,873,Michigan Intercol. Ath. Assn.,3,2018,12973,NA
15,Albion,/team/15/12560,873,Michigan Intercol. Ath. Assn.,3,2017,12560,NA
15,Albion,/team/15/12360,873,Michigan Intercol. Ath. Assn.,3,2016,12360,NA
15,Albion,/team/15/12080,873,Michigan Intercol. Ath. Assn.,3,2015,12080,NA
15,Albion,/team/15/11620,873,Michigan Intercol. Ath. Assn.,3,2014,11620,NA
15,Albion,/team/15/11320,873,Michigan Intercol. Ath. Assn.,3,2013,11320,NA
15,Albion,/team/15/10942,873,Michigan Intercol. Ath. Assn.,3,2012,10942,NA
15,Albion,/team/15/10561,873,Michigan Intercol. Ath. Assn.,3,2011,10561,NA
15,Albion,/team/15/10240,873,Michigan Intercol. Ath. Assn.,3,2010,10240,NA
16,Albright,/teams/615141,28744,MAC Commonwealth,3,2026,17040,615141
16,Albright,/teams/597211,28744,MAC Commonwealth,3,2025,16840,597211
16,Albright,/team/16/16580,28744,MAC Commonwealth,3,2024,16580,NA
16,Albright,/team/16/16340,28744,MAC Commonwealth,3,2023,16340,NA
16,Albright,/team/16/15860,28744,MAC Commonwealth,3,2022,15860,NA
16,Albright,/team/16/15580,28744,MAC Commonwealth,3,2021,15580,NA
16,Albright,/team/16/15204,28744,MAC Commonwealth,3,2020,15204,NA
16,Albright,/team/16/14781,28744,MAC Commonwealth,3,2019,14781,NA
16,Albright,/team/16/12973,28744,MAC Commonwealth,3,2018,12973,NA
16,Albright,/team/16/12560,28744,MAC Commonwealth,3,2017,12560,NA
16,Albright,/team/16/12360,28744,MAC Commonwealth,3,2016,12360,NA
16,Albright,/team/16/12080,28744,MAC Commonwealth,3,2015,12080,NA
16,Albright,/team/16/11620,28744,MAC Commonwealth,3,2014,11620,NA
16,Albright,/team/16/11320,28744,MAC Commonwealth,3,2013,11320,NA
16,Albright,/team/16/10942,28744,MAC Commonwealth,3,2012,10942,NA
16,Albright,/team/16/10561,28744,MAC Commonwealth,3,2011,10561,NA
16,Albright,/team/16/10240,28744,MAC Commonwealth,3,2010,10240,NA
18,Alfred,/teams/615289,863,Empire 8,3,2026,17040,615289
18,Alfred,/teams/597360,863,Empire 8,3,2025,16840,597360
18,Alfred,/team/18/16580,863,Empire 8,3,2024,16580,NA
30170,Alfred St.,/teams/615135,30022,AMCC,3,2026,17040,615135
30170,Alfred St.,/teams/597205,30022,AMCC,3,2025,16840,597205
30170,Alfred St.,/team/30170/16580,30022,AMCC,3,2024,16580,NA
30170,Alfred St.,/team/30170/16340,30022,AMCC,3,2023,16340,NA
30170,Alfred St.,/team/30170/15860,30022,AMCC,3,2022,15860,NA
30170,Alfred St.,/team/30170/15580,30022,AMCC,3,2021,15580,NA
30170,Alfred St.,/team/30170/15204,30022,AMCC,3,2020,15204,NA
30170,Alfred St.,/team/30170/14781,30022,AMCC,3,2019,14781,NA
30170,Alfred St.,/team/30170/12973,30022,AMCC,3,2018,12973,NA
19,Allegheny,/teams/615142,907,PAC,3,2026,17040,615142
19,Allegheny,/teams/597212,907,PAC,3,2025,16840,597212
19,Allegheny,/team/19/16580,907,PAC,3,2024,16580,NA
19,Allegheny,/team/19/16340,907,PAC,3,2023,16340,NA
19,Allegheny,/team/19/15860,897,NCAC,3,2022,15860,NA
19,Allegheny,/team/19/15580,897,NCAC,3,2021,15580,NA
19,Allegheny,/team/19/15204,897,NCAC,3,2020,15204,NA
19,Allegheny,/team/19/14781,897,NCAC,3,2019,14781,NA
19,Allegheny,/team/19/12973,897,NCAC,3,2018,12973,NA
19,Allegheny,/team/19/12560,897,NCAC,3,2017,12560,NA
19,Allegheny,/team/19/12360,897,NCAC,3,2016,12360,NA
19,Allegheny,/team/19/12080,897,NCAC,3,2015,12080,NA
19,Allegheny,/team/19/11620,897,NCAC,3,2014,11620,NA
19,Allegheny,/team/19/11320,897,NCAC,3,2013,11320,NA
19,Allegheny,/team/19/10942,897,NCAC,3,2012,10942,NA
19,Allegheny,/team/19/10561,897,NCAC,3,2011,10561,NA
19,Allegheny,/team/19/10240,897,NCAC,3,2010,10240,NA
21,Alma,/teams/615144,873,Michigan Intercol. Ath. Assn.,3,2026,17040,615144
21,Alma,/teams/597214,873,Michigan Intercol. Ath. Assn.,3,2025,16840,597214
21,Alma,/team/21/16580,873,Michigan Intercol. Ath. Assn.,3,2024,16580,NA
21,Alma,/team/21/16340,873,Michigan Intercol. Ath. Assn.,3,2023,16340,NA
21,Alma,/team/21/15860,873,Michigan Intercol. Ath. Assn.,3,2022,15860,NA
21,Alma,/team/21/15580,873,Michigan Intercol. Ath. Assn.,3,2021,15580,NA
21,Alma,/team/21/15204,873,Michigan Intercol. Ath. Assn.,3,2020,15204,NA
21,Alma,/team/21/14781,873,Michigan Intercol. Ath. Assn.,3,2019,14781,NA
21,Alma,/team/21/12973,873,Michigan Intercol. Ath. Assn.,3,2018,12973,NA
21,Alma,/team/21/12560,873,Michigan Intercol. Ath. Assn.,3,2017,12560,NA
21,Alma,/team/21/12360,873,Michigan Intercol. Ath. Assn.,3,2016,12360,NA
21,Alma,/team/21/12080,873,Michigan Intercol. Ath. Assn.,3,2015,12080,NA
21,Alma,/team/21/11620,873,Michigan Intercol. Ath. Assn.,3,2014,11620,NA
21,Alma,/team/21/11320,873,Michigan Intercol. Ath. Assn.,3,2013,11320,NA
21,Alma,/team/21/10942,873,Michigan Intercol. Ath. Assn.,3,2012,10942,NA
21,Alma,/team/21/10561,873,Michigan Intercol. Ath. Assn.,3,2011,10561,NA
21,Alma,/team/21/10240,873,Michigan Intercol. Ath. Assn.,3,2010,10240,NA
938,Alvernia,/teams/615409,28744,MAC Commonwealth,3,2026,17040,615409
938,Alvernia,/teams/597094,28744,MAC Commonwealth,3,2025,16840,597094
938,Alvernia,/team/938/16580,28744,MAC Commonwealth,3,2024,16580,NA
938,Alvernia,/team/938/16340,28744,MAC Commonwealth,3,2023,16340,NA
938,Alvernia,/team/938/15860,28744,MAC Commonwealth,3,2022,15860,NA
938,Alvernia,/team/938/15580,28744,MAC Commonwealth,3,2021,15580,NA
938,Alvernia,/team/938/15204,28744,MAC Commonwealth,3,2020,15204,NA
938,Alvernia,/team/938/14781,28744,MAC Commonwealth,3,2019,14781,NA
938,Alvernia,/team/938/12973,28744,MAC Commonwealth,3,2018,12973,NA
938,Alvernia,/team/938/12560,28744,MAC Commonwealth,3,2017,12560,NA
938,Alvernia,/team/938/12360,28744,MAC Commonwealth,3,2016,12360,NA
938,Alvernia,/team/938/12080,28744,MAC Commonwealth,3,2015,12080,NA
938,Alvernia,/team/938/11620,28744,MAC Commonwealth,3,2014,11620,NA
938,Alvernia,/team/938/11320,28744,MAC Commonwealth,3,2013,11320,NA
938,Alvernia,/team/938/10942,28744,MAC Commonwealth,3,2012,10942,NA
938,Alvernia,/team/938/10561,28744,MAC Commonwealth,3,2011,10561,NA
938,Alvernia,/team/938/10240,28745,MAC Freedom,3,2010,10240,NA
24,Amherst,/teams/615145,12817,NESCAC,3,2026,17040,615145
24,Amherst,/teams/597215,12817,NESCAC,3,2025,16840,597215
24,Amherst,/team/24/16580,12817,NESCAC,3,2024,16580,NA
24,Amherst,/team/24/16340,12817,NESCAC,3,2023,16340,NA
24,Amherst,/team/24/15860,12817,NESCAC,3,2022,15860,NA
24,Amherst,/team/24/15580,12817,NESCAC,3,2021,15580,NA
24,Amherst,/team/24/15204,12817,NESCAC,3,2020,15204,NA
24,Amherst,/team/24/14781,12817,NESCAC,3,2019,14781,NA
24,Amherst,/team/24/12973,12817,NESCAC,3,2018,12973,NA
24,Amherst,/team/24/12560,12817,NESCAC,3,2017,12560,NA
24,Amherst,/team/24/12360,12817,NESCAC,3,2016,12360,NA
24,Amherst,/team/24/12080,12817,NESCAC,3,2015,12080,NA
24,Amherst,/team/24/11620,12817,NESCAC,3,2014,11620,NA
24,Amherst,/team/24/11320,12817,NESCAC,3,2013,11320,NA
24,Amherst,/team/24/10942,12817,NESCAC,3,2012,10942,NA
24,Amherst,/team/24/10561,12817,NESCAC,3,2011,10561,NA
24,Amherst,/team/24/10240,12817,NESCAC,3,2010,10240,NA
939,Anderson (IN),/teams/615410,9174,HCAC,3,2026,17040,615410
939,Anderson (IN),/teams/597095,9174,HCAC,3,2025,16840,597095
939,Anderson (IN),/team/939/16580,9174,HCAC,3,2024,16580,NA
939,Anderson (IN),/team/939/16340,9174,HCAC,3,2023,16340,NA
939,Anderson (IN),/team/939/15860,9174,HCAC,3,2022,15860,NA
939,Anderson (IN),/team/939/15580,9174,HCAC,3,2021,15580,NA
939,Anderson (IN),/team/939/15204,9174,HCAC,3,2020,15204,NA
939,Anderson (IN),/team/939/14781,9174,HCAC,3,2019,14781,NA
939,Anderson (IN),/team/939/12973,9174,HCAC,3,2018,12973,NA
939,Anderson (IN),/team/939/12560,9174,HCAC,3,2017,12560,NA
939,Anderson (IN),/team/939/12360,9174,HCAC,3,2016,12360,NA
939,Anderson (IN),/team/939/12080,9174,HCAC,3,2015,12080,NA
939,Anderson (IN),/team/939/11620,9174,HCAC,3,2014,11620,NA
939,Anderson (IN),/team/939/11320,9174,HCAC,3,2013,11320,NA
939,Anderson (IN),/team/939/10942,9174,HCAC,3,2012,10942,NA
939,Anderson (IN),/team/939/10561,9174,HCAC,3,2011,10561,NA
939,Anderson (IN),/team/939/10240,9174,HCAC,3,2010,10240,NA
26,Anna Maria,/teams/615146,870,MASCAC,3,2026,17040,615146
26,Anna Maria,/teams/597216,23257,Great Northeast,3,2025,16840,597216
26,Anna Maria,/team/26/16580,23257,Great Northeast,3,2024,16580,NA
26,Anna Maria,/team/26/16340,23257,Great Northeast,3,2023,16340,NA
26,Anna Maria,/team/26/15860,23257,Great Northeast,3,2022,15860,NA
26,Anna Maria,/team/26/15580,23257,Great Northeast,3,2021,15580,NA
26,Anna Maria,/team/26/15204,23257,Great Northeast,3,2020,15204,NA
26,Anna Maria,/team/26/14781,23257,Great Northeast,3,2019,14781,NA
26,Anna Maria,/team/26/12973,23257,Great Northeast,3,2018,12973,NA
26,Anna Maria,/team/26/12560,23257,Great Northeast,3,2017,12560,NA
26,Anna Maria,/team/26/12360,23257,Great Northeast,3,2016,12360,NA
26,Anna Maria,/team/26/12080,23257,Great Northeast,3,2015,12080,NA
26,Anna Maria,/team/26/11620,23257,Great Northeast,3,2014,11620,NA
26,Anna Maria,/team/26/11320,23257,Great Northeast,3,2013,11320,NA
26,Anna Maria,/team/26/10942,23257,Great Northeast,3,2012,10942,NA
26,Anna Maria,/team/26/10561,839,CCC,3,2011,10561,NA
26,Anna Maria,/team/26/10240,839,CCC,3,2010,10240,NA
966,Arcadia,/teams/615413,28745,MAC Freedom,3,2026,17040,615413
966,Arcadia,/teams/597099,28745,MAC Freedom,3,2025,16840,597099
966,Arcadia,/team/966/16580,28745,MAC Freedom,3,2024,16580,NA
966,Arcadia,/team/966/16340,28745,MAC Freedom,3,2023,16340,NA
966,Arcadia,/team/966/15860,28745,MAC Freedom,3,2022,15860,NA
966,Arcadia,/team/966/15580,28745,MAC Freedom,3,2021,15580,NA
966,Arcadia,/team/966/15204,28744,MAC Commonwealth,3,2020,15204,NA
966,Arcadia,/team/966/14781,28744,MAC Commonwealth,3,2019,14781,NA
966,Arcadia,/team/966/12973,28744,MAC Commonwealth,3,2018,12973,NA
966,Arcadia,/team/966/12560,28744,MAC Commonwealth,3,2017,12560,NA
966,Arcadia,/team/966/12360,28744,MAC Commonwealth,3,2016,12360,NA
966,Arcadia,/team/966/12080,28744,MAC Commonwealth,3,2015,12080,NA
966,Arcadia,/team/966/11620,28744,MAC Commonwealth,3,2014,11620,NA
966,Arcadia,/team/966/11320,28744,MAC Commonwealth,3,2013,11320,NA
966,Arcadia,/team/966/10942,28744,MAC Commonwealth,3,2012,10942,NA
966,Arcadia,/team/966/10561,28744,MAC Commonwealth,3,2011,10561,NA
966,Arcadia,/team/966/10240,28744,MAC Commonwealth,3,2010,10240,NA
30243,Asbury,/teams/615278,30251,CCS,3,2026,17040,615278
30243,Asbury,/teams/597349,30251,CCS,3,2025,16840,597349
30243,Asbury,/team/30243/16580,99020,DIII Independent,3,2024,16580,NA
30243,Asbury,/team/30243/16340,99020,DIII Independent,3,2023,16340,NA
30243,Asbury,/team/30243/15860,99020,DIII Independent,3,2022,15860,NA
38,Augsburg,/teams/615147,882,MIAC,3,2026,17040,615147
38,Augsburg,/teams/597217,882,MIAC,3,2025,16840,597217
38,Augsburg,/team/38/16580,882,MIAC,3,2024,16580,NA
38,Augsburg,/team/38/16340,882,MIAC,3,2023,16340,NA
38,Augsburg,/team/38/15860,882,MIAC,3,2022,15860,NA
38,Augsburg,/team/38/15580,882,MIAC,3,2021,15580,NA
38,Augsburg,/team/38/15204,882,MIAC,3,2020,15204,NA
38,Augsburg,/team/38/14781,882,MIAC,3,2019,14781,NA
38,Augsburg,/team/38/12973,882,MIAC,3,2018,12973,NA
38,Augsburg,/team/38/12560,882,MIAC,3,2017,12560,NA
38,Augsburg,/team/38/12360,882,MIAC,3,2016,12360,NA
38,Augsburg,/team/38/12080,882,MIAC,3,2015,12080,NA
38,Augsburg,/team/38/11620,882,MIAC,3,2014,11620,NA
38,Augsburg,/team/38/11320,882,MIAC,3,2013,11320,NA
38,Augsburg,/team/38/10942,882,MIAC,3,2012,10942,NA
38,Augsburg,/team/38/10561,882,MIAC,3,2011,10561,NA
38,Augsburg,/team/38/10240,882,MIAC,3,2010,10240,NA
40,Augustana (IL),/teams/615148,836,CCIW,3,2026,17040,615148
40,Augustana (IL),/teams/597218,836,CCIW,3,2025,16840,597218
40,Augustana (IL),/team/40/16580,836,CCIW,3,2024,16580,NA
40,Augustana (IL),/team/40/16340,836,CCIW,3,2023,16340,NA
40,Augustana (IL),/team/40/15860,836,CCIW,3,2022,15860,NA
40,Augustana (IL),/team/40/15580,836,CCIW,3,2021,15580,NA
40,Augustana (IL),/team/40/15204,836,CCIW,3,2020,15204,NA
40,Augustana (IL),/team/40/14781,836,CCIW,3,2019,14781,NA
40,Augustana (IL),/team/40/12973,836,CCIW,3,2018,12973,NA
40,Augustana (IL),/team/40/12560,836,CCIW,3,2017,12560,NA
40,Augustana (IL),/team/40/12360,836,CCIW,3,2016,12360,NA
40,Augustana (IL),/team/40/12080,836,CCIW,3,2015,12080,NA
40,Augustana (IL),/team/40/11620,836,CCIW,3,2014,11620,NA
40,Augustana (IL),/team/40/11320,836,CCIW,3,2013,11320,NA
40,Augustana (IL),/team/40/10942,836,CCIW,3,2012,10942,NA
40,Augustana (IL),/team/40/10561,836,CCIW,3,2011,10561,NA
40,Augustana (IL),/team/40/10240,836,CCIW,3,2010,10240,NA
42,Aurora,/teams/615149,30097,NACC,3,2026,17040,615149
42,Aurora,/teams/597219,30097,NACC,3,2025,16840,597219
42,Aurora,/team/42/16580,30097,NACC,3,2024,16580,NA
42,Aurora,/team/42/16340,30097,NACC,3,2023,16340,NA
42,Aurora,/team/42/15860,30097,NACC,3,2022,15860,NA
42,Aurora,/team/42/15580,30097,NACC,3,2021,15580,NA
42,Aurora,/team/42/15204,30097,NACC,3,2020,15204,NA
42,Aurora,/team/42/14781,30097,NACC,3,2019,14781,NA
42,Aurora,/team/42/12973,30097,NACC,3,2018,12973,NA
42,Aurora,/team/42/12560,30097,NACC,3,2017,12560,NA
42,Aurora,/team/42/12360,30097,NACC,3,2016,12360,NA
42,Aurora,/team/42/12080,30097,NACC,3,2015,12080,NA
42,Aurora,/team/42/11620,30097,NACC,3,2014,11620,NA
42,Aurora,/team/42/11320,30097,NACC,3,2013,11320,NA
42,Aurora,/team/42/10942,30097,NACC,3,2012,10942,NA
42,Aurora,/team/42/10561,30097,NACC,3,2011,10561,NA
42,Aurora,/team/42/10240,30097,NACC,3,2010,10240,NA
953,Austin,/teams/615411,835,SCAC,3,2026,17040,615411
953,Austin,/teams/597096,835,SCAC,3,2025,16840,597096
953,Austin,/team/953/16580,835,SCAC,3,2024,16580,NA
953,Austin,/team/953/16340,835,SCAC,3,2023,16340,NA
953,Austin,/team/953/15860,835,SCAC,3,2022,15860,NA
953,Austin,/team/953/15580,835,SCAC,3,2021,15580,NA
953,Austin,/team/953/15204,835,SCAC,3,2020,15204,NA
953,Austin,/team/953/14781,835,SCAC,3,2019,14781,NA
953,Austin,/team/953/12973,835,SCAC,3,2018,12973,NA
953,Austin,/team/953/12560,835,SCAC,3,2017,12560,NA
953,Austin,/team/953/12360,835,SCAC,3,2016,12360,NA
953,Austin,/team/953/12080,835,SCAC,3,2015,12080,NA
953,Austin,/team/953/11620,835,SCAC,3,2014,11620,NA
953,Austin,/team/953/11320,835,SCAC,3,2013,11320,NA
953,Austin,/team/953/10942,835,SCAC,3,2012,10942,NA
953,Austin,/team/953/10561,835,SCAC,3,2011,10561,NA
953,Austin,/team/953/10240,835,SCAC,3,2010,10240,NA
44,Averett,/teams/615150,903,ODAC,3,2026,17040,615150
44,Averett,/teams/597220,903,ODAC,3,2025,16840,597220
44,Averett,/team/44/16580,903,ODAC,3,2024,16580,NA
44,Averett,/team/44/16340,903,ODAC,3,2023,16340,NA
44,Averett,/team/44/15860,842,USA South,3,2022,15860,NA
44,Averett,/team/44/15580,842,USA South,3,2021,15580,NA
44,Averett,/team/44/15204,842,USA South,3,2020,15204,NA
44,Averett,/team/44/14781,842,USA South,3,2019,14781,NA
44,Averett,/team/44/12973,842,USA South,3,2018,12973,NA
44,Averett,/team/44/12560,842,USA South,3,2017,12560,NA
44,Averett,/team/44/12360,842,USA South,3,2016,12360,NA
44,Averett,/team/44/12080,842,USA South,3,2015,12080,NA
44,Averett,/team/44/11620,842,USA South,3,2014,11620,NA
44,Averett,/team/44/11320,842,USA South,3,2013,11320,NA
44,Averett,/team/44/10942,842,USA South,3,2012,10942,NA
44,Averett,/team/44/10561,842,USA South,3,2011,10561,NA
44,Averett,/team/44/10240,842,USA South,3,2010,10240,NA
45,Babson,/teams/615151,890,NEWMAC,3,2026,17040,615151
45,Babson,/teams/597221,890,NEWMAC,3,2025,16840,597221
45,Babson,/team/45/16580,890,NEWMAC,3,2024,16580,NA
45,Babson,/team/45/16340,890,NEWMAC,3,2023,16340,NA
45,Babson,/team/45/15860,890,NEWMAC,3,2022,15860,NA
45,Babson,/team/45/15580,890,NEWMAC,3,2021,15580,NA
45,Babson,/team/45/15204,890,NEWMAC,3,2020,15204,NA
45,Babson,/team/45/14781,890,NEWMAC,3,2019,14781,NA
45,Babson,/team/45/12973,890,NEWMAC,3,2018,12973,NA
45,Babson,/team/45/12560,890,NEWMAC,3,2017,12560,NA
45,Babson,/team/45/12360,890,NEWMAC,3,2016,12360,NA
45,Babson,/team/45/12080,890,NEWMAC,3,2015,12080,NA
45,Babson,/team/45/11620,890,NEWMAC,3,2014,11620,NA
45,Babson,/team/45/11320,890,NEWMAC,3,2013,11320,NA
45,Babson,/team/45/10942,890,NEWMAC,3,2012,10942,NA
45,Babson,/team/45/10561,890,NEWMAC,3,2011,10561,NA
45,Babson,/team/45/10240,890,NEWMAC,3,2010,10240,NA
46,Baldwin Wallace,/teams/615152,901,OAC,3,2026,17040,615152
46,Baldwin Wallace,/teams/597222,901,OAC,3,2025,16840,597222
46,Baldwin Wallace,/team/46/16580,901,OAC,3,2024,16580,NA
46,Baldwin Wallace,/team/46/16340,901,OAC,3,2023,16340,NA
46,Baldwin Wallace,/team/46/15860,901,OAC,3,2022,15860,NA
46,Baldwin Wallace,/team/46/15580,901,OAC,3,2021,15580,NA
46,Baldwin Wallace,/team/46/15204,901,OAC,3,2020,15204,NA
46,Baldwin Wallace,/team/46/14781,901,OAC,3,2019,14781,NA
46,Baldwin Wallace,/team/46/12973,901,OAC,3,2018,12973,NA
46,Baldwin Wallace,/team/46/12560,901,OAC,3,2017,12560,NA
46,Baldwin Wallace,/team/46/12360,901,OAC,3,2016,12360,NA
46,Baldwin Wallace,/team/46/12080,901,OAC,3,2015,12080,NA
46,Baldwin Wallace,/team/46/11620,901,OAC,3,2014,11620,NA
46,Baldwin Wallace,/team/46/11320,901,OAC,3,2013,11320,NA
46,Baldwin Wallace,/team/46/10942,901,OAC,3,2012,10942,NA
46,Baldwin Wallace,/team/46/10561,901,OAC,3,2011,10561,NA
46,Baldwin Wallace,/team/46/10240,901,OAC,3,2010,10240,NA
962,Bard,/teams/615412,24197,Liberty League,3,2026,17040,615412
962,Bard,/teams/597098,24197,Liberty League,3,2025,16840,597098
962,Bard,/team/962/16580,24197,Liberty League,3,2024,16580,NA
962,Bard,/team/962/16340,24197,Liberty League,3,2023,16340,NA
962,Bard,/team/962/15860,24197,Liberty League,3,2022,15860,NA
962,Bard,/team/962/15580,24197,Liberty League,3,2021,15580,NA
962,Bard,/team/962/15204,24197,Liberty League,3,2020,15204,NA
962,Bard,/team/962/14781,24197,Liberty League,3,2019,14781,NA
962,Bard,/team/962/12973,24197,Liberty League,3,2018,12973,NA
962,Bard,/team/962/12560,24197,Liberty League,3,2017,12560,NA
962,Bard,/team/962/12360,24197,Liberty League,3,2016,12360,NA
962,Bard,/team/962/12080,24197,Liberty League,3,2015,12080,NA
962,Bard,/team/962/11620,24197,Liberty League,3,2014,11620,NA
962,Bard,/team/962/11320,0,Independent,3,2013,11320,NA
58,Baruch,/teams/615155,834,CUNYAC,3,2026,17040,615155
58,Baruch,/teams/597225,834,CUNYAC,3,2025,16840,597225
58,Baruch,/team/58/16580,834,CUNYAC,3,2024,16580,NA
58,Baruch,/team/58/16340,834,CUNYAC,3,2023,16340,NA
58,Baruch,/team/58/15860,834,CUNYAC,3,2022,15860,NA
58,Baruch,/team/58/15580,834,CUNYAC,3,2021,15580,NA
58,Baruch,/team/58/15204,834,CUNYAC,3,2020,15204,NA
58,Baruch,/team/58/14781,834,CUNYAC,3,2019,14781,NA
58,Baruch,/team/58/12973,834,CUNYAC,3,2018,12973,NA
58,Baruch,/team/58/12560,834,CUNYAC,3,2017,12560,NA
58,Baruch,/team/58/12360,834,CUNYAC,3,2016,12360,NA
58,Baruch,/team/58/12080,834,CUNYAC,3,2015,12080,NA
58,Baruch,/team/58/11620,834,CUNYAC,3,2014,11620,NA
58,Baruch,/team/58/11320,834,CUNYAC,3,2013,11320,NA
58,Baruch,/team/58/10942,834,CUNYAC,3,2012,10942,NA
58,Baruch,/team/58/10561,834,CUNYAC,3,2011,10561,NA
58,Baruch,/team/58/10240,834,CUNYAC,3,2010,10240,NA
50,Bates,/teams/615153,12817,NESCAC,3,2026,17040,615153
50,Bates,/teams/597223,12817,NESCAC,3,2025,16840,597223
50,Bates,/team/50/16580,12817,NESCAC,3,2024,16580,NA
50,Bates,/team/50/16340,12817,NESCAC,3,2023,16340,NA
50,Bates,/team/50/15860,12817,NESCAC,3,2022,15860,NA
50,Bates,/team/50/15580,12817,NESCAC,3,2021,15580,NA
50,Bates,/team/50/15204,12817,NESCAC,3,2020,15204,NA
50,Bates,/team/50/14781,12817,NESCAC,3,2019,14781,NA
50,Bates,/team/50/12973,12817,NESCAC,3,2018,12973,NA
50,Bates,/team/50/12560,12817,NESCAC,3,2017,12560,NA
50,Bates,/team/50/12360,12817,NESCAC,3,2016,12360,NA
50,Bates,/team/50/12080,12817,NESCAC,3,2015,12080,NA
50,Bates,/team/50/11620,12817,NESCAC,3,2014,11620,NA
50,Bates,/team/50/11320,12817,NESCAC,3,2013,11320,NA
50,Bates,/team/50/10942,12817,NESCAC,3,2012,10942,NA
50,Bates,/team/50/10561,12817,NESCAC,3,2011,10561,NA
50,Bates,/team/50/10240,12817,NESCAC,3,2010,10240,NA
26107,Becker,/team/26107/15580,888,NECC,3,2021,15580,NA
26107,Becker,/team/26107/15204,888,NECC,3,2020,15204,NA
26107,Becker,/team/26107/14781,888,NECC,3,2019,14781,NA
26107,Becker,/team/26107/12973,888,NECC,3,2018,12973,NA
26107,Becker,/team/26107/12560,888,NECC,3,2017,12560,NA
26107,Becker,/team/26107/12360,888,NECC,3,2016,12360,NA
26107,Becker,/team/26107/12080,888,NECC,3,2015,12080,NA
26107,Becker,/team/26107/11620,888,NECC,3,2014,11620,NA
26107,Becker,/team/26107/11320,888,NECC,3,2013,11320,NA
26107,Becker,/team/26107/10942,888,NECC,3,2012,10942,NA
26107,Becker,/team/26107/10561,888,NECC,3,2011,10561,NA
26107,Becker,/team/26107/10240,888,NECC,3,2010,10240,NA
30197,Belhaven,/teams/615268,30251,CCS,3,2026,17040,615268
30197,Belhaven,/teams/597339,30251,CCS,3,2025,16840,597339
30197,Belhaven,/team/30197/16580,30251,CCS,3,2024,16580,NA
30197,Belhaven,/team/30197/16340,30251,CCS,3,2023,16340,NA
30197,Belhaven,/team/30197/15860,14825,ASC,3,2022,15860,NA
30197,Belhaven,/team/30197/15580,14825,ASC,3,2021,15580,NA
30197,Belhaven,/team/30197/15204,14825,ASC,3,2020,15204,NA
30197,Belhaven,/team/30197/14781,14825,ASC,3,2019,14781,NA
30197,Belhaven,/team/30197/12973,14825,ASC,3,2018,12973,NA
30197,Belhaven,/team/30197/12560,14825,ASC,3,2017,12560,NA
30197,Belhaven,/team/30197/12360,14825,ASC,3,2016,12360,NA
53,Beloit,/teams/615154,23119,MWC,3,2026,17040,615154
53,Beloit,/teams/597224,23119,MWC,3,2025,16840,597224
53,Beloit,/team/53/16580,23119,MWC,3,2024,16580,NA
53,Beloit,/team/53/16340,23119,MWC,3,2023,16340,NA
53,Beloit,/team/53/15860,23119,MWC,3,2022,15860,NA
53,Beloit,/team/53/15580,23119,MWC,3,2021,15580,NA
53,Beloit,/team/53/15204,23119,MWC,3,2020,15204,NA
53,Beloit,/team/53/14781,23119,MWC,3,2019,14781,NA
53,Beloit,/team/53/12973,23119,MWC,3,2018,12973,NA
53,Beloit,/team/53/12560,23119,MWC,3,2017,12560,NA
53,Beloit,/team/53/12360,23119,MWC,3,2016,12360,NA
53,Beloit,/team/53/12080,23119,MWC,3,2015,12080,NA
53,Beloit,/team/53/11620,23119,MWC,3,2014,11620,NA
53,Beloit,/team/53/11320,23119,MWC,3,2013,11320,NA
53,Beloit,/team/53/10942,23119,MWC,3,2012,10942,NA
53,Beloit,/team/53/10561,23119,MWC,3,2011,10561,NA
53,Beloit,/team/53/10240,23119,MWC,3,2010,10240,NA
296,Benedictine (IL),/teams/615228,30097,NACC,3,2026,17040,615228
296,Benedictine (IL),/teams/597299,30097,NACC,3,2025,16840,597299
296,Benedictine (IL),/team/296/16580,30097,NACC,3,2024,16580,NA
296,Benedictine (IL),/team/296/16340,30097,NACC,3,2023,16340,NA
296,Benedictine (IL),/team/296/15860,30097,NACC,3,2022,15860,NA
296,Benedictine (IL),/team/296/15580,30097,NACC,3,2021,15580,NA
296,Benedictine (IL),/team/296/15204,30097,NACC,3,2020,15204,NA
296,Benedictine (IL),/team/296/14781,30097,NACC,3,2019,14781,NA
296,Benedictine (IL),/team/296/12973,30097,NACC,3,2018,12973,NA
296,Benedictine (IL),/team/296/12560,30097,NACC,3,2017,12560,NA
296,Benedictine (IL),/team/296/12360,30097,NACC,3,2016,12360,NA
296,Benedictine (IL),/team/296/12080,30097,NACC,3,2015,12080,NA
296,Benedictine (IL),/team/296/11620,30097,NACC,3,2014,11620,NA
296,Benedictine (IL),/team/296/11320,30097,NACC,3,2013,11320,NA
296,Benedictine (IL),/team/296/10942,30097,NACC,3,2012,10942,NA
296,Benedictine (IL),/team/296/10561,30097,NACC,3,2011,10561,NA
296,Benedictine (IL),/team/296/10240,30097,NACC,3,2010,10240,NA
30171,Berea,/teams/615136,9174,HCAC,3,2026,17040,615136
30171,Berea,/teams/597206,9174,HCAC,3,2025,16840,597206
30171,Berea,/team/30171/16580,30251,CCS,3,2024,16580,NA
30171,Berea,/team/30171/16340,30251,CCS,3,2023,16340,NA
30171,Berea,/team/30171/15860,842,USA South,3,2022,15860,NA
30171,Berea,/team/30171/15580,842,USA South,3,2021,15580,NA
30171,Berea,/team/30171/15204,842,USA South,3,2020,15204,NA
30171,Berea,/team/30171/14781,842,USA South,3,2019,14781,NA
30171,Berea,/team/30171/12973,842,USA South,3,2018,12973,NA
30171,Berea,/team/30171/12560,0,Independent,3,2017,12560,NA
973,Berry,/teams/615414,30169,SAA,3,2026,17040,615414
973,Berry,/teams/597100,30169,SAA,3,2025,16840,597100
973,Berry,/team/973/16580,30169,SAA,3,2024,16580,NA
973,Berry,/team/973/16340,30169,SAA,3,2023,16340,NA
973,Berry,/team/973/15860,30169,SAA,3,2022,15860,NA
973,Berry,/team/973/15580,30169,SAA,3,2021,15580,NA
973,Berry,/team/973/15204,30169,SAA,3,2020,15204,NA
973,Berry,/team/973/14781,30169,SAA,3,2019,14781,NA
973,Berry,/team/973/12973,30169,SAA,3,2018,12973,NA
973,Berry,/team/973/12560,30169,SAA,3,2017,12560,NA
973,Berry,/team/973/12360,30169,SAA,3,2016,12360,NA
973,Berry,/team/973/12080,30169,SAA,3,2015,12080,NA
59,Bethany (WV),/teams/615156,907,PAC,3,2026,17040,615156
59,Bethany (WV),/teams/597226,907,PAC,3,2025,16840,597226
59,Bethany (WV),/team/59/16580,907,PAC,3,2024,16580,NA
59,Bethany (WV),/team/59/16340,907,PAC,3,2023,16340,NA
59,Bethany (WV),/team/59/15860,907,PAC,3,2022,15860,NA
59,Bethany (WV),/team/59/15580,907,PAC,3,2021,15580,NA
59,Bethany (WV),/team/59/15204,907,PAC,3,2020,15204,NA
59,Bethany (WV),/team/59/14781,907,PAC,3,2019,14781,NA
59,Bethany (WV),/team/59/12973,907,PAC,3,2018,12973,NA
59,Bethany (WV),/team/59/12560,907,PAC,3,2017,12560,NA
59,Bethany (WV),/team/59/12360,907,PAC,3,2016,12360,NA
59,Bethany (WV),/team/59/12080,907,PAC,3,2015,12080,NA
59,Bethany (WV),/team/59/11620,907,PAC,3,2014,11620,NA
59,Bethany (WV),/team/59/11320,907,PAC,3,2013,11320,NA
59,Bethany (WV),/team/59/10942,907,PAC,3,2012,10942,NA
59,Bethany (WV),/team/59/10561,907,PAC,3,2011,10561,NA
59,Bethany (WV),/team/59/10240,907,PAC,3,2010,10240,NA
30038,Bethany Lutheran,/teams/615496,30115,UMAC,3,2026,17040,615496
30038,Bethany Lutheran,/teams/597186,30115,UMAC,3,2025,16840,597186
30038,Bethany Lutheran,/team/30038/16580,30115,UMAC,3,2024,16580,NA
30038,Bethany Lutheran,/team/30038/16340,30115,UMAC,3,2023,16340,NA
30038,Bethany Lutheran,/team/30038/15860,30115,UMAC,3,2022,15860,NA
30038,Bethany Lutheran,/team/30038/15580,30115,UMAC,3,2021,15580,NA
30038,Bethany Lutheran,/team/30038/15204,30115,UMAC,3,2020,15204,NA
30038,Bethany Lutheran,/team/30038/14781,30115,UMAC,3,2019,14781,NA
30038,Bethany Lutheran,/team/30038/12973,30115,UMAC,3,2018,12973,NA
30038,Bethany Lutheran,/team/30038/12560,30115,UMAC,3,2017,12560,NA
30038,Bethany Lutheran,/team/30038/12360,30115,UMAC,3,2016,12360,NA
30038,Bethany Lutheran,/team/30038/12080,30115,UMAC,3,2015,12080,NA
30038,Bethany Lutheran,/team/30038/11620,30115,UMAC,3,2014,11620,NA
30038,Bethany Lutheran,/team/30038/11320,30115,UMAC,3,2013,11320,NA
30038,Bethany Lutheran,/team/30038/10942,30115,UMAC,3,2012,10942,NA
30038,Bethany Lutheran,/team/30038/10561,30115,UMAC,3,2011,10561,NA
30038,Bethany Lutheran,/team/30038/10240,30115,UMAC,3,2010,10240,NA
60,Bethel (MN),/teams/615157,882,MIAC,3,2026,17040,615157
60,Bethel (MN),/teams/597227,882,MIAC,3,2025,16840,597227
60,Bethel (MN),/team/60/16580,882,MIAC,3,2024,16580,NA
60,Bethel (MN),/team/60/16340,882,MIAC,3,2023,16340,NA
60,Bethel (MN),/team/60/15860,882,MIAC,3,2022,15860,NA
60,Bethel (MN),/team/60/15580,882,MIAC,3,2021,15580,NA
60,Bethel (MN),/team/60/15204,882,MIAC,3,2020,15204,NA
60,Bethel (MN),/team/60/14781,882,MIAC,3,2019,14781,NA
60,Bethel (MN),/team/60/12973,882,MIAC,3,2018,12973,NA
60,Bethel (MN),/team/60/12560,882,MIAC,3,2017,12560,NA
60,Bethel (MN),/team/60/12360,882,MIAC,3,2016,12360,NA
60,Bethel (MN),/team/60/12080,882,MIAC,3,2015,12080,NA
60,Bethel (MN),/team/60/11620,882,MIAC,3,2014,11620,NA
60,Bethel (MN),/team/60/11320,882,MIAC,3,2013,11320,NA
60,Bethel (MN),/team/60/10942,882,MIAC,3,2012,10942,NA
60,Bethel (MN),/team/60/10561,882,MIAC,3,2011,10561,NA
60,Bethel (MN),/team/60/10240,882,MIAC,3,2010,10240,NA
28593,Birmingham-So.,/team/28593/16580,30169,SAA,3,2024,16580,NA
28593,Birmingham-So.,/team/28593/16340,30169,SAA,3,2023,16340,NA
28593,Birmingham-So.,/team/28593/15860,30169,SAA,3,2022,15860,NA
28593,Birmingham-So.,/team/28593/15580,30169,SAA,3,2021,15580,NA
28593,Birmingham-So.,/team/28593/15204,30169,SAA,3,2020,15204,NA
28593,Birmingham-So.,/team/28593/14781,30169,SAA,3,2019,14781,NA
28593,Birmingham-So.,/team/28593/12973,30169,SAA,3,2018,12973,NA
28593,Birmingham-So.,/team/28593/12560,30169,SAA,3,2017,12560,NA
28593,Birmingham-So.,/team/28593/12360,30169,SAA,3,2016,12360,NA
28593,Birmingham-So.,/team/28593/12080,30169,SAA,3,2015,12080,NA
28593,Birmingham-So.,/team/28593/11620,835,SCAC,3,2014,11620,NA
28593,Birmingham-So.,/team/28593/11320,835,SCAC,3,2013,11320,NA
28593,Birmingham-So.,/team/28593/10942,835,SCAC,3,2012,10942,NA
28593,Birmingham-So.,/team/28593/10561,835,SCAC,3,2011,10561,NA
28593,Birmingham-So.,/team/28593/10240,835,SCAC,3,2010,10240,NA
64,Blackburn,/teams/615158,12974,SLIAC,3,2026,17040,615158
64,Blackburn,/teams/597228,12974,SLIAC,3,2025,16840,597228
64,Blackburn,/team/64/16580,12974,SLIAC,3,2024,16580,NA
64,Blackburn,/team/64/16340,12974,SLIAC,3,2023,16340,NA
64,Blackburn,/team/64/15860,12974,SLIAC,3,2022,15860,NA
64,Blackburn,/team/64/15580,12974,SLIAC,3,2021,15580,NA
64,Blackburn,/team/64/15204,12974,SLIAC,3,2020,15204,NA
64,Blackburn,/team/64/14781,12974,SLIAC,3,2019,14781,NA
64,Blackburn,/team/64/12973,12974,SLIAC,3,2018,12973,NA
64,Blackburn,/team/64/12560,12974,SLIAC,3,2017,12560,NA
64,Blackburn,/team/64/12360,12974,SLIAC,3,2016,12360,NA
64,Blackburn,/team/64/12080,12974,SLIAC,3,2015,12080,NA
64,Blackburn,/team/64/11620,12974,SLIAC,3,2014,11620,NA
64,Blackburn,/team/64/11320,12974,SLIAC,3,2013,11320,NA
64,Blackburn,/team/64/10942,12974,SLIAC,3,2012,10942,NA
64,Blackburn,/team/64/10561,12974,SLIAC,3,2011,10561,NA
64,Blackburn,/team/64/10240,12974,SLIAC,3,2010,10240,NA
985,Bluefield St.,/team/985/12560,0,Independent,3,2017,12560,NA
985,Bluefield St.,/team/985/11620,0,Independent,3,2014,11620,NA
987,Bluffton,/teams/615415,9174,HCAC,3,2026,17040,615415
987,Bluffton,/teams/597101,9174,HCAC,3,2025,16840,597101
987,Bluffton,/team/987/16580,9174,HCAC,3,2024,16580,NA
987,Bluffton,/team/987/16340,9174,HCAC,3,2023,16340,NA
987,Bluffton,/team/987/15860,9174,HCAC,3,2022,15860,NA
987,Bluffton,/team/987/15580,9174,HCAC,3,2021,15580,NA
987,Bluffton,/team/987/15204,9174,HCAC,3,2020,15204,NA
987,Bluffton,/team/987/14781,9174,HCAC,3,2019,14781,NA
987,Bluffton,/team/987/12973,9174,HCAC,3,2018,12973,NA
987,Bluffton,/team/987/12560,9174,HCAC,3,2017,12560,NA
987,Bluffton,/team/987/12360,9174,HCAC,3,2016,12360,NA
987,Bluffton,/team/987/12080,9174,HCAC,3,2015,12080,NA
987,Bluffton,/team/987/11620,9174,HCAC,3,2014,11620,NA
987,Bluffton,/team/987/11320,9174,HCAC,3,2013,11320,NA
987,Bluffton,/team/987/10942,9174,HCAC,3,2012,10942,NA
987,Bluffton,/team/987/10561,9174,HCAC,3,2011,10561,NA
987,Bluffton,/team/987/10240,9174,HCAC,3,2010,10240,NA
30232,Bob Jones,/team/30232/16580,99020,DIII Independent,3,2024,16580,NA
30232,Bob Jones,/team/30232/16340,99020,DIII Independent,3,2023,16340,NA
30232,Bob Jones,/team/30232/15860,99020,DIII Independent,3,2022,15860,NA
69,Bowdoin,/teams/615159,12817,NESCAC,3,2026,17040,615159
69,Bowdoin,/teams/597229,12817,NESCAC,3,2025,16840,597229
69,Bowdoin,/team/69/16580,12817,NESCAC,3,2024,16580,NA
69,Bowdoin,/team/69/16340,12817,NESCAC,3,2023,16340,NA
69,Bowdoin,/team/69/15860,12817,NESCAC,3,2022,15860,NA
69,Bowdoin,/team/69/15580,12817,NESCAC,3,2021,15580,NA
69,Bowdoin,/team/69/15204,12817,NESCAC,3,2020,15204,NA
69,Bowdoin,/team/69/14781,12817,NESCAC,3,2019,14781,NA
69,Bowdoin,/team/69/12973,12817,NESCAC,3,2018,12973,NA
69,Bowdoin,/team/69/12560,12817,NESCAC,3,2017,12560,NA
69,Bowdoin,/team/69/12360,12817,NESCAC,3,2016,12360,NA
69,Bowdoin,/team/69/12080,12817,NESCAC,3,2015,12080,NA
69,Bowdoin,/team/69/11620,12817,NESCAC,3,2014,11620,NA
69,Bowdoin,/team/69/11320,12817,NESCAC,3,2013,11320,NA
69,Bowdoin,/team/69/10942,12817,NESCAC,3,2012,10942,NA
69,Bowdoin,/team/69/10561,12817,NESCAC,3,2011,10561,NA
69,Bowdoin,/team/69/10240,12817,NESCAC,3,2010,10240,NA
73,Brandeis,/teams/615160,1471,UAA,3,2026,17040,615160
73,Brandeis,/teams/597230,1471,UAA,3,2025,16840,597230
73,Brandeis,/team/73/16580,1471,UAA,3,2024,16580,NA
73,Brandeis,/team/73/16340,1471,UAA,3,2023,16340,NA
73,Brandeis,/team/73/15860,1471,UAA,3,2022,15860,NA
73,Brandeis,/team/73/15580,1471,UAA,3,2021,15580,NA
73,Brandeis,/team/73/15204,1471,UAA,3,2020,15204,NA
73,Brandeis,/team/73/14781,1471,UAA,3,2019,14781,NA
73,Brandeis,/team/73/12973,1471,UAA,3,2018,12973,NA
73,Brandeis,/team/73/12560,1471,UAA,3,2017,12560,NA
73,Brandeis,/team/73/12360,1471,UAA,3,2016,12360,NA
73,Brandeis,/team/73/12080,1471,UAA,3,2015,12080,NA
73,Brandeis,/team/73/11620,1471,UAA,3,2014,11620,NA
73,Brandeis,/team/73/11320,1471,UAA,3,2013,11320,NA
73,Brandeis,/team/73/10942,1471,UAA,3,2012,10942,NA
73,Brandeis,/team/73/10561,1471,UAA,3,2011,10561,NA
73,Brandeis,/team/73/10240,1471,UAA,3,2010,10240,NA
30094,Brevard,/teams/615281,842,USA South,3,2026,17040,615281
30094,Brevard,/teams/597352,842,USA South,3,2025,16840,597352
30094,Brevard,/team/30094/16580,842,USA South,3,2024,16580,NA
30094,Brevard,/team/30094/16340,842,USA South,3,2023,16340,NA
30094,Brevard,/team/30094/15860,842,USA South,3,2022,15860,NA
30094,Brevard,/team/30094/15580,842,USA South,3,2021,15580,NA
30094,Brevard,/team/30094/15204,842,USA South,3,2020,15204,NA
30094,Brevard,/team/30094/14781,842,USA South,3,2019,14781,NA
30094,Brevard,/team/30094/12973,842,USA South,3,2018,12973,NA
75,Bridgewater (VA),/teams/615161,903,ODAC,3,2026,17040,615161
75,Bridgewater (VA),/teams/597231,903,ODAC,3,2025,16840,597231
75,Bridgewater (VA),/team/75/16580,903,ODAC,3,2024,16580,NA
75,Bridgewater (VA),/team/75/16340,903,ODAC,3,2023,16340,NA
75,Bridgewater (VA),/team/75/15860,903,ODAC,3,2022,15860,NA
75,Bridgewater (VA),/team/75/15580,903,ODAC,3,2021,15580,NA
75,Bridgewater (VA),/team/75/15204,903,ODAC,3,2020,15204,NA
75,Bridgewater (VA),/team/75/14781,903,ODAC,3,2019,14781,NA
75,Bridgewater (VA),/team/75/12973,903,ODAC,3,2018,12973,NA
75,Bridgewater (VA),/team/75/12560,903,ODAC,3,2017,12560,NA
75,Bridgewater (VA),/team/75/12360,903,ODAC,3,2016,12360,NA
75,Bridgewater (VA),/team/75/12080,903,ODAC,3,2015,12080,NA
75,Bridgewater (VA),/team/75/11620,903,ODAC,3,2014,11620,NA
75,Bridgewater (VA),/team/75/11320,903,ODAC,3,2013,11320,NA
75,Bridgewater (VA),/team/75/10942,903,ODAC,3,2012,10942,NA
75,Bridgewater (VA),/team/75/10561,903,ODAC,3,2011,10561,NA
75,Bridgewater (VA),/team/75/10240,903,ODAC,3,2010,10240,NA
76,Bridgewater St.,/teams/615162,870,MASCAC,3,2026,17040,615162
76,Bridgewater St.,/teams/597232,870,MASCAC,3,2025,16840,597232
76,Bridgewater St.,/team/76/16580,870,MASCAC,3,2024,16580,NA
76,Bridgewater St.,/team/76/16340,870,MASCAC,3,2023,16340,NA
76,Bridgewater St.,/team/76/15860,870,MASCAC,3,2022,15860,NA
76,Bridgewater St.,/team/76/15580,870,MASCAC,3,2021,15580,NA
76,Bridgewater St.,/team/76/15204,870,MASCAC,3,2020,15204,NA
76,Bridgewater St.,/team/76/14781,870,MASCAC,3,2019,14781,NA
76,Bridgewater St.,/team/76/12973,870,MASCAC,3,2018,12973,NA
76,Bridgewater St.,/team/76/12560,870,MASCAC,3,2017,12560,NA
76,Bridgewater St.,/team/76/12360,870,MASCAC,3,2016,12360,NA
76,Bridgewater St.,/team/76/12080,870,MASCAC,3,2015,12080,NA
76,Bridgewater St.,/team/76/11620,870,MASCAC,3,2014,11620,NA
76,Bridgewater St.,/team/76/11320,870,MASCAC,3,2013,11320,NA
76,Bridgewater St.,/team/76/10942,870,MASCAC,3,2012,10942,NA
76,Bridgewater St.,/team/76/10561,870,MASCAC,3,2011,10561,NA
76,Bridgewater St.,/team/76/10240,870,MASCAC,3,2010,10240,NA
84,Buena Vista,/teams/615164,864,American Rivers,3,2026,17040,615164
84,Buena Vista,/teams/597234,864,American Rivers,3,2025,16840,597234
84,Buena Vista,/team/84/16580,864,American Rivers,3,2024,16580,NA
84,Buena Vista,/team/84/16340,864,American Rivers,3,2023,16340,NA
84,Buena Vista,/team/84/15860,864,American Rivers,3,2022,15860,NA
84,Buena Vista,/team/84/15580,864,American Rivers,3,2021,15580,NA
84,Buena Vista,/team/84/15204,864,American Rivers,3,2020,15204,NA
84,Buena Vista,/team/84/14781,864,American Rivers,3,2019,14781,NA
84,Buena Vista,/team/84/12973,864,American Rivers,3,2018,12973,NA
84,Buena Vista,/team/84/12560,864,American Rivers,3,2017,12560,NA
84,Buena Vista,/team/84/12360,864,American Rivers,3,2016,12360,NA
84,Buena Vista,/team/84/12080,864,American Rivers,3,2015,12080,NA
84,Buena Vista,/team/84/11620,864,American Rivers,3,2014,11620,NA
84,Buena Vista,/team/84/11320,864,American Rivers,3,2013,11320,NA
84,Buena Vista,/team/84/10942,864,American Rivers,3,2012,10942,NA
84,Buena Vista,/team/84/10561,864,American Rivers,3,2011,10561,NA
84,Buena Vista,/team/84/10240,864,American Rivers,3,2010,10240,NA
480,CCNY,/teams/615299,834,CUNYAC,3,2026,17040,615299
480,CCNY,/teams/596983,834,CUNYAC,3,2025,16840,596983
480,CCNY,/team/480/16580,834,CUNYAC,3,2024,16580,NA
480,CCNY,/team/480/16340,834,CUNYAC,3,2023,16340,NA
480,CCNY,/team/480/15860,834,CUNYAC,3,2022,15860,NA
480,CCNY,/team/480/15580,834,CUNYAC,3,2021,15580,NA
480,CCNY,/team/480/15204,834,CUNYAC,3,2020,15204,NA
480,CCNY,/team/480/14781,834,CUNYAC,3,2019,14781,NA
480,CCNY,/team/480/12973,834,CUNYAC,3,2018,12973,NA
480,CCNY,/team/480/12560,834,CUNYAC,3,2017,12560,NA
480,CCNY,/team/480/12360,834,CUNYAC,3,2016,12360,NA
480,CCNY,/team/480/12080,834,CUNYAC,3,2015,12080,NA
480,CCNY,/team/480/11620,834,CUNYAC,3,2014,11620,NA
480,CCNY,/team/480/11320,834,CUNYAC,3,2013,11320,NA
480,CCNY,/team/480/10942,834,CUNYAC,3,2012,10942,NA
480,CCNY,/team/480/10561,834,CUNYAC,3,2011,10561,NA
480,CCNY,/team/480/10240,834,CUNYAC,3,2010,10240,NA
451,CMSV,/team/451/16580,13054,Skyline,3,2024,16580,NA
451,CMSV,/team/451/16340,13054,Skyline,3,2023,16340,NA
451,CMSV,/team/451/15860,13054,Skyline,3,2022,15860,NA
451,CMSV,/team/451/15580,13054,Skyline,3,2021,15580,NA
451,CMSV,/team/451/15204,13054,Skyline,3,2020,15204,NA
451,CMSV,/team/451/14781,13054,Skyline,3,2019,14781,NA
451,CMSV,/team/451/12973,13054,Skyline,3,2018,12973,NA
451,CMSV,/team/451/12560,13054,Skyline,3,2017,12560,NA
451,CMSV,/team/451/12360,13054,Skyline,3,2016,12360,NA
451,CMSV,/team/451/12080,13054,Skyline,3,2015,12080,NA
451,CMSV,/team/451/11620,13054,Skyline,3,2014,11620,NA
451,CMSV,/team/451/11320,13054,Skyline,3,2013,11320,NA
451,CMSV,/team/451/10942,13054,Skyline,3,2012,10942,NA
451,CMSV,/team/451/10561,13054,Skyline,3,2011,10561,NA
451,CMSV,/team/451/10240,13054,Skyline,3,2010,10240,NA
122,CWRU,/teams/615172,1471,UAA,3,2026,17040,615172
122,CWRU,/teams/597243,1471,UAA,3,2025,16840,597243
122,CWRU,/team/122/16580,1471,UAA,3,2024,16580,NA
122,CWRU,/team/122/16340,1471,UAA,3,2023,16340,NA
122,CWRU,/team/122/15860,1471,UAA,3,2022,15860,NA
122,CWRU,/team/122/15580,1471,UAA,3,2021,15580,NA
122,CWRU,/team/122/15204,1471,UAA,3,2020,15204,NA
122,CWRU,/team/122/14781,1471,UAA,3,2019,14781,NA
122,CWRU,/team/122/12973,1471,UAA,3,2018,12973,NA
122,CWRU,/team/122/12560,1471,UAA,3,2017,12560,NA
122,CWRU,/team/122/12360,1471,UAA,3,2016,12360,NA
122,CWRU,/team/122/12080,1471,UAA,3,2015,12080,NA
122,CWRU,/team/122/11620,1471,UAA,3,2014,11620,NA
122,CWRU,/team/122/11320,1471,UAA,3,2013,11320,NA
122,CWRU,/team/122/10942,1471,UAA,3,2012,10942,NA
122,CWRU,/team/122/10561,1471,UAA,3,2011,10561,NA
122,CWRU,/team/122/10240,1471,UAA,3,2010,10240,NA
88,Cabrini,/team/88/16580,30233,Atlantic East,3,2024,16580,NA
88,Cabrini,/team/88/16340,30233,Atlantic East,3,2023,16340,NA
88,Cabrini,/team/88/15860,30233,Atlantic East,3,2022,15860,NA
88,Cabrini,/team/88/15580,30233,Atlantic East,3,2021,15580,NA
88,Cabrini,/team/88/15204,30233,Atlantic East,3,2020,15204,NA
88,Cabrini,/team/88/14781,30233,Atlantic East,3,2019,14781,NA
88,Cabrini,/team/88/12973,21062,CSAC,3,2018,12973,NA
88,Cabrini,/team/88/12560,21062,CSAC,3,2017,12560,NA
1305,Cairn,/teams/615441,30071,United East,3,2026,17040,615441
1305,Cairn,/teams/597129,30071,United East,3,2025,16840,597129
1305,Cairn,/team/1305/16580,21062,CSAC,3,2024,16580,NA
1305,Cairn,/team/1305/16340,21062,CSAC,3,2023,16340,NA
1305,Cairn,/team/1305/15860,21062,CSAC,3,2022,15860,NA
1305,Cairn,/team/1305/15580,21062,CSAC,3,2021,15580,NA
1305,Cairn,/team/1305/15204,21062,CSAC,3,2020,15204,NA
1305,Cairn,/team/1305/14781,21062,CSAC,3,2019,14781,NA
1305,Cairn,/team/1305/12973,21062,CSAC,3,2018,12973,NA
1305,Cairn,/team/1305/12560,21062,CSAC,3,2017,12560,NA
1305,Cairn,/team/1305/12360,21062,CSAC,3,2016,12360,NA
1305,Cairn,/team/1305/12080,21062,CSAC,3,2015,12080,NA
1305,Cairn,/team/1305/11620,21062,CSAC,3,2014,11620,NA
1305,Cairn,/team/1305/11320,21062,CSAC,3,2013,11320,NA
1305,Cairn,/team/1305/10942,21062,CSAC,3,2012,10942,NA
1305,Cairn,/team/1305/10561,21062,CSAC,3,2011,10561,NA
1305,Cairn,/team/1305/10240,21062,CSAC,3,2010,10240,NA
105,Cal Lutheran,/teams/615166,910,SCIAC,3,2026,17040,615166
105,Cal Lutheran,/teams/597237,910,SCIAC,3,2025,16840,597237
105,Cal Lutheran,/team/105/16580,910,SCIAC,3,2024,16580,NA
105,Cal Lutheran,/team/105/16340,910,SCIAC,3,2023,16340,NA
105,Cal Lutheran,/team/105/15860,910,SCIAC,3,2022,15860,NA
105,Cal Lutheran,/team/105/15580,910,SCIAC,3,2021,15580,NA
105,Cal Lutheran,/team/105/15204,910,SCIAC,3,2020,15204,NA
105,Cal Lutheran,/team/105/14781,910,SCIAC,3,2019,14781,NA
105,Cal Lutheran,/team/105/12973,910,SCIAC,3,2018,12973,NA
105,Cal Lutheran,/team/105/12560,910,SCIAC,3,2017,12560,NA
105,Cal Lutheran,/team/105/12360,910,SCIAC,3,2016,12360,NA
105,Cal Lutheran,/team/105/12080,910,SCIAC,3,2015,12080,NA
105,Cal Lutheran,/team/105/11620,910,SCIAC,3,2014,11620,NA
105,Cal Lutheran,/team/105/11320,910,SCIAC,3,2013,11320,NA
105,Cal Lutheran,/team/105/10942,910,SCIAC,3,2012,10942,NA
105,Cal Lutheran,/team/105/10561,910,SCIAC,3,2011,10561,NA
105,Cal Lutheran,/team/105/10240,910,SCIAC,3,2010,10240,NA
89,Caltech,/teams/615165,910,SCIAC,3,2026,17040,615165
89,Caltech,/teams/597236,910,SCIAC,3,2025,16840,597236
89,Caltech,/team/89/16580,910,SCIAC,3,2024,16580,NA
89,Caltech,/team/89/16340,910,SCIAC,3,2023,16340,NA
89,Caltech,/team/89/15860,910,SCIAC,3,2022,15860,NA
89,Caltech,/team/89/15580,910,SCIAC,3,2021,15580,NA
89,Caltech,/team/89/15204,910,SCIAC,3,2020,15204,NA
89,Caltech,/team/89/14781,910,SCIAC,3,2019,14781,NA
89,Caltech,/team/89/12973,910,SCIAC,3,2018,12973,NA
89,Caltech,/team/89/12560,910,SCIAC,3,2017,12560,NA
89,Caltech,/team/89/12360,910,SCIAC,3,2016,12360,NA
89,Caltech,/team/89/12080,910,SCIAC,3,2015,12080,NA
89,Caltech,/team/89/11620,910,SCIAC,3,2014,11620,NA
89,Caltech,/team/89/11320,910,SCIAC,3,2013,11320,NA
89,Caltech,/team/89/10942,910,SCIAC,3,2012,10942,NA
89,Caltech,/team/89/10561,910,SCIAC,3,2011,10561,NA
89,Caltech,/team/89/10240,910,SCIAC,3,2010,10240,NA
114,Calvin,/teams/615167,873,Michigan Intercol. Ath. Assn.,3,2026,17040,615167
114,Calvin,/teams/597238,873,Michigan Intercol. Ath. Assn.,3,2025,16840,597238
114,Calvin,/team/114/16580,873,Michigan Intercol. Ath. Assn.,3,2024,16580,NA
114,Calvin,/team/114/16340,873,Michigan Intercol. Ath. Assn.,3,2023,16340,NA
114,Calvin,/team/114/15860,873,Michigan Intercol. Ath. Assn.,3,2022,15860,NA
114,Calvin,/team/114/15580,873,Michigan Intercol. Ath. Assn.,3,2021,15580,NA
114,Calvin,/team/114/15204,873,Michigan Intercol. Ath. Assn.,3,2020,15204,NA
114,Calvin,/team/114/14781,873,Michigan Intercol. Ath. Assn.,3,2019,14781,NA
114,Calvin,/team/114/12973,873,Michigan Intercol. Ath. Assn.,3,2018,12973,NA
114,Calvin,/team/114/12560,873,Michigan Intercol. Ath. Assn.,3,2017,12560,NA
114,Calvin,/team/114/12360,873,Michigan Intercol. Ath. Assn.,3,2016,12360,NA
114,Calvin,/team/114/12080,873,Michigan Intercol. Ath. Assn.,3,2015,12080,NA
114,Calvin,/team/114/11620,873,Michigan Intercol. Ath. Assn.,3,2014,11620,NA
114,Calvin,/team/114/11320,873,Michigan Intercol. Ath. Assn.,3,2013,11320,NA
114,Calvin,/team/114/10942,873,Michigan Intercol. Ath. Assn.,3,2012,10942,NA
114,Calvin,/team/114/10561,873,Michigan Intercol. Ath. Assn.,3,2011,10561,NA
114,Calvin,/team/114/10240,873,Michigan Intercol. Ath. Assn.,3,2010,10240,NA
117,Capital,/teams/615168,901,OAC,3,2026,17040,615168
117,Capital,/teams/597239,901,OAC,3,2025,16840,597239
117,Capital,/team/117/16580,901,OAC,3,2024,16580,NA
117,Capital,/team/117/16340,901,OAC,3,2023,16340,NA
117,Capital,/team/117/15860,901,OAC,3,2022,15860,NA
117,Capital,/team/117/15580,901,OAC,3,2021,15580,NA
117,Capital,/team/117/15204,901,OAC,3,2020,15204,NA
117,Capital,/team/117/14781,901,OAC,3,2019,14781,NA
117,Capital,/team/117/12973,901,OAC,3,2018,12973,NA
117,Capital,/team/117/12560,901,OAC,3,2017,12560,NA
117,Capital,/team/117/12360,901,OAC,3,2016,12360,NA
117,Capital,/team/117/12080,901,OAC,3,2015,12080,NA
117,Capital,/team/117/11620,901,OAC,3,2014,11620,NA
117,Capital,/team/117/11320,901,OAC,3,2013,11320,NA
117,Capital,/team/117/10942,901,OAC,3,2012,10942,NA
117,Capital,/team/117/10561,901,OAC,3,2011,10561,NA
117,Capital,/team/117/10240,901,OAC,3,2010,10240,NA
118,Carleton,/teams/615169,882,MIAC,3,2026,17040,615169
118,Carleton,/teams/597240,882,MIAC,3,2025,16840,597240
118,Carleton,/team/118/16580,882,MIAC,3,2024,16580,NA
118,Carleton,/team/118/16340,882,MIAC,3,2023,16340,NA
118,Carleton,/team/118/15860,882,MIAC,3,2022,15860,NA
118,Carleton,/team/118/15580,882,MIAC,3,2021,15580,NA
118,Carleton,/team/118/15204,882,MIAC,3,2020,15204,NA
118,Carleton,/team/118/14781,882,MIAC,3,2019,14781,NA
118,Carleton,/team/118/12973,882,MIAC,3,2018,12973,NA
118,Carleton,/team/118/12560,882,MIAC,3,2017,12560,NA
118,Carleton,/team/118/12360,882,MIAC,3,2016,12360,NA
118,Carleton,/team/118/12080,882,MIAC,3,2015,12080,NA
118,Carleton,/team/118/11620,882,MIAC,3,2014,11620,NA
118,Carleton,/team/118/11320,882,MIAC,3,2013,11320,NA
118,Carleton,/team/118/10942,882,MIAC,3,2012,10942,NA
118,Carleton,/team/118/10561,882,MIAC,3,2011,10561,NA
118,Carleton,/team/118/10240,882,MIAC,3,2010,10240,NA
120,Carroll (WI),/teams/615170,836,CCIW,3,2026,17040,615170
120,Carroll (WI),/teams/597241,836,CCIW,3,2025,16840,597241
120,Carroll (WI),/team/120/16580,836,CCIW,3,2024,16580,NA
120,Carroll (WI),/team/120/16340,836,CCIW,3,2023,16340,NA
120,Carroll (WI),/team/120/15860,836,CCIW,3,2022,15860,NA
120,Carroll (WI),/team/120/15580,836,CCIW,3,2021,15580,NA
120,Carroll (WI),/team/120/15204,836,CCIW,3,2020,15204,NA
120,Carroll (WI),/team/120/14781,836,CCIW,3,2019,14781,NA
120,Carroll (WI),/team/120/12973,836,CCIW,3,2018,12973,NA
120,Carroll (WI),/team/120/12560,23119,MWC,3,2017,12560,NA
120,Carroll (WI),/team/120/12360,23119,MWC,3,2016,12360,NA
120,Carroll (WI),/team/120/12080,23119,MWC,3,2015,12080,NA
120,Carroll (WI),/team/120/11620,23119,MWC,3,2014,11620,NA
120,Carroll (WI),/team/120/11320,23119,MWC,3,2013,11320,NA
120,Carroll (WI),/team/120/10942,23119,MWC,3,2012,10942,NA
120,Carroll (WI),/team/120/10561,23119,MWC,3,2011,10561,NA
120,Carroll (WI),/team/120/10240,23119,MWC,3,2010,10240,NA
121,Carthage,/teams/615171,836,CCIW,3,2026,17040,615171
121,Carthage,/teams/597242,836,CCIW,3,2025,16840,597242
121,Carthage,/team/121/16580,836,CCIW,3,2024,16580,NA
121,Carthage,/team/121/16340,836,CCIW,3,2023,16340,NA
121,Carthage,/team/121/15860,836,CCIW,3,2022,15860,NA
121,Carthage,/team/121/15580,836,CCIW,3,2021,15580,NA
121,Carthage,/team/121/15204,836,CCIW,3,2020,15204,NA
121,Carthage,/team/121/14781,836,CCIW,3,2019,14781,NA
121,Carthage,/team/121/12973,836,CCIW,3,2018,12973,NA
121,Carthage,/team/121/12560,836,CCIW,3,2017,12560,NA
121,Carthage,/team/121/12360,836,CCIW,3,2016,12360,NA
121,Carthage,/team/121/12080,836,CCIW,3,2015,12080,NA
121,Carthage,/team/121/11620,836,CCIW,3,2014,11620,NA
121,Carthage,/team/121/11320,836,CCIW,3,2013,11320,NA
121,Carthage,/team/121/10942,836,CCIW,3,2012,10942,NA
121,Carthage,/team/121/10561,836,CCIW,3,2011,10561,NA
121,Carthage,/team/121/10240,836,CCIW,3,2010,10240,NA
123,Castleton,/team/123/16340,867,Little East,3,2023,16340,NA
123,Castleton,/team/123/15860,867,Little East,3,2022,15860,NA
123,Castleton,/team/123/15580,867,Little East,3,2021,15580,NA
123,Castleton,/team/123/15204,867,Little East,3,2020,15204,NA
123,Castleton,/team/123/14781,867,Little East,3,2019,14781,NA
123,Castleton,/team/123/12973,30026,North Atlantic,3,2018,12973,NA
123,Castleton,/team/123/12560,30026,North Atlantic,3,2017,12560,NA
123,Castleton,/team/123/12360,30026,North Atlantic,3,2016,12360,NA
123,Castleton,/team/123/12080,30071,United East,3,2015,12080,NA
123,Castleton,/team/123/11620,30071,United East,3,2014,11620,NA
123,Castleton,/team/123/11320,30071,United East,3,2013,11320,NA
123,Castleton,/team/123/10942,30071,United East,3,2012,10942,NA
123,Castleton,/team/123/10561,30071,United East,3,2011,10561,NA
123,Castleton,/team/123/10240,30071,United East,3,2010,10240,NA
124,Catholic,/teams/615174,30101,Landmark,3,2026,17040,615174
124,Catholic,/teams/597245,30101,Landmark,3,2025,16840,597245
124,Catholic,/team/124/16580,30101,Landmark,3,2024,16580,NA
124,Catholic,/team/124/16340,30101,Landmark,3,2023,16340,NA
124,Catholic,/team/124/15860,30101,Landmark,3,2022,15860,NA
124,Catholic,/team/124/15580,30101,Landmark,3,2021,15580,NA
124,Catholic,/team/124/15204,30101,Landmark,3,2020,15204,NA
124,Catholic,/team/124/14781,30101,Landmark,3,2019,14781,NA
124,Catholic,/team/124/12973,30101,Landmark,3,2018,12973,NA
124,Catholic,/team/124/12560,30101,Landmark,3,2017,12560,NA
124,Catholic,/team/124/12360,30101,Landmark,3,2016,12360,NA
124,Catholic,/team/124/12080,30101,Landmark,3,2015,12080,NA
124,Catholic,/team/124/11620,30101,Landmark,3,2014,11620,NA
124,Catholic,/team/124/11320,30101,Landmark,3,2013,11320,NA
124,Catholic,/team/124/10942,30101,Landmark,3,2012,10942,NA
124,Catholic,/team/124/10561,30101,Landmark,3,2011,10561,NA
124,Catholic,/team/124/10240,30101,Landmark,3,2010,10240,NA
23624,Cazenovia,/team/23624/16580,30026,North Atlantic,3,2024,16580,NA
23624,Cazenovia,/team/23624/16340,30026,North Atlantic,3,2023,16340,NA
23624,Cazenovia,/team/23624/15860,30026,North Atlantic,3,2022,15860,NA
23624,Cazenovia,/team/23624/15580,30071,United East,3,2021,15580,NA
23624,Cazenovia,/team/23624/15204,30071,United East,3,2020,15204,NA
23624,Cazenovia,/team/23624/14781,30071,United East,3,2019,14781,NA
23624,Cazenovia,/team/23624/12973,30071,United East,3,2018,12973,NA
23624,Cazenovia,/team/23624/12560,30071,United East,3,2017,12560,NA
23624,Cazenovia,/team/23624/12360,30071,United East,3,2016,12360,NA
23624,Cazenovia,/team/23624/12080,30071,United East,3,2015,12080,NA
23624,Cazenovia,/team/23624/11620,30071,United East,3,2014,11620,NA
23624,Cazenovia,/team/23624/11320,30071,United East,3,2013,11320,NA
23624,Cazenovia,/team/23624/10942,30071,United East,3,2012,10942,NA
23624,Cazenovia,/team/23624/10561,30071,United East,3,2011,10561,NA
23624,Cazenovia,/team/23624/10240,30071,United East,3,2010,10240,NA
125,Centenary (LA),/teams/615175,835,SCAC,3,2026,17040,615175
125,Centenary (LA),/teams/597246,835,SCAC,3,2025,16840,597246
125,Centenary (LA),/team/125/16580,835,SCAC,3,2024,16580,NA
125,Centenary (LA),/team/125/16340,835,SCAC,3,2023,16340,NA
125,Centenary (LA),/team/125/15860,835,SCAC,3,2022,15860,NA
125,Centenary (LA),/team/125/15580,835,SCAC,3,2021,15580,NA
125,Centenary (LA),/team/125/15204,835,SCAC,3,2020,15204,NA
125,Centenary (LA),/team/125/14781,835,SCAC,3,2019,14781,NA
125,Centenary (LA),/team/125/12973,835,SCAC,3,2018,12973,NA
125,Centenary (LA),/team/125/12560,835,SCAC,3,2017,12560,NA
125,Centenary (LA),/team/125/12360,835,SCAC,3,2016,12360,NA
125,Centenary (LA),/team/125/12080,835,SCAC,3,2015,12080,NA
125,Centenary (LA),/team/125/11620,14825,ASC,3,2014,11620,NA
125,Centenary (LA),/team/125/11320,14825,ASC,3,2013,11320,NA
125,Centenary (LA),/team/125/10942,14825,ASC,3,2012,10942,NA
12884,Centenary (NJ),/teams/615475,30233,Atlantic East,3,2026,17040,615475
12884,Centenary (NJ),/teams/597163,30233,Atlantic East,3,2025,16840,597163
12884,Centenary (NJ),/team/12884/16580,30233,Atlantic East,3,2024,16580,NA
12884,Centenary (NJ),/team/12884/16340,30233,Atlantic East,3,2023,16340,NA
12884,Centenary (NJ),/team/12884/15860,30233,Atlantic East,3,2022,15860,NA
12884,Centenary (NJ),/team/12884/15580,30233,Atlantic East,3,2021,15580,NA
12884,Centenary (NJ),/team/12884/15204,21062,CSAC,3,2020,15204,NA
12884,Centenary (NJ),/team/12884/14781,21062,CSAC,3,2019,14781,NA
12884,Centenary (NJ),/team/12884/12973,21062,CSAC,3,2018,12973,NA
12884,Centenary (NJ),/team/12884/12560,21062,CSAC,3,2017,12560,NA
12884,Centenary (NJ),/team/12884/12360,21062,CSAC,3,2016,12360,NA
12884,Centenary (NJ),/team/12884/12080,21062,CSAC,3,2015,12080,NA
12884,Centenary (NJ),/team/12884/11620,21062,CSAC,3,2014,11620,NA
12884,Centenary (NJ),/team/12884/11320,21062,CSAC,3,2013,11320,NA
12884,Centenary (NJ),/team/12884/10942,21062,CSAC,3,2012,10942,NA
12884,Centenary (NJ),/team/12884/10561,21062,CSAC,3,2011,10561,NA
12884,Centenary (NJ),/team/12884/10240,21062,CSAC,3,2010,10240,NA
126,Central (IA),/teams/615176,864,American Rivers,3,2026,17040,615176
126,Central (IA),/teams/597247,864,American Rivers,3,2025,16840,597247
126,Central (IA),/team/126/16580,864,American Rivers,3,2024,16580,NA
126,Central (IA),/team/126/16340,864,American Rivers,3,2023,16340,NA
126,Central (IA),/team/126/15860,864,American Rivers,3,2022,15860,NA
126,Central (IA),/team/126/15580,864,American Rivers,3,2021,15580,NA
126,Central (IA),/team/126/15204,864,American Rivers,3,2020,15204,NA
126,Central (IA),/team/126/14781,864,American Rivers,3,2019,14781,NA
126,Central (IA),/team/126/12973,864,American Rivers,3,2018,12973,NA
126,Central (IA),/team/126/12560,864,American Rivers,3,2017,12560,NA
126,Central (IA),/team/126/12360,864,American Rivers,3,2016,12360,NA
126,Central (IA),/team/126/12080,864,American Rivers,3,2015,12080,NA
126,Central (IA),/team/126/11620,864,American Rivers,3,2014,11620,NA
126,Central (IA),/team/126/11320,864,American Rivers,3,2013,11320,NA
126,Central (IA),/team/126/10942,864,American Rivers,3,2012,10942,NA
126,Central (IA),/team/126/10561,864,American Rivers,3,2011,10561,NA
126,Central (IA),/team/126/10240,864,American Rivers,3,2010,10240,NA
132,Centre,/teams/615177,30169,SAA,3,2026,17040,615177
132,Centre,/teams/597248,30169,SAA,3,2025,16840,597248
132,Centre,/team/132/16580,30169,SAA,3,2024,16580,NA
132,Centre,/team/132/16340,30169,SAA,3,2023,16340,NA
132,Centre,/team/132/15860,30169,SAA,3,2022,15860,NA
132,Centre,/team/132/15580,30169,SAA,3,2021,15580,NA
132,Centre,/team/132/15204,30169,SAA,3,2020,15204,NA
132,Centre,/team/132/14781,30169,SAA,3,2019,14781,NA
132,Centre,/team/132/12973,30169,SAA,3,2018,12973,NA
132,Centre,/team/132/12560,30169,SAA,3,2017,12560,NA
132,Centre,/team/132/12360,30169,SAA,3,2016,12360,NA
132,Centre,/team/132/12080,30169,SAA,3,2015,12080,NA
132,Centre,/team/132/11620,835,SCAC,3,2014,11620,NA
132,Centre,/team/132/11320,835,SCAC,3,2013,11320,NA
132,Centre,/team/132/10942,835,SCAC,3,2012,10942,NA
132,Centre,/team/132/10561,835,SCAC,3,2011,10561,NA
132,Centre,/team/132/10240,835,SCAC,3,2010,10240,NA
134,Chapman,/teams/615178,910,SCIAC,3,2026,17040,615178
134,Chapman,/teams/597249,910,SCIAC,3,2025,16840,597249
134,Chapman,/team/134/16580,910,SCIAC,3,2024,16580,NA
134,Chapman,/team/134/16340,910,SCIAC,3,2023,16340,NA
134,Chapman,/team/134/15860,910,SCIAC,3,2022,15860,NA
134,Chapman,/team/134/15580,910,SCIAC,3,2021,15580,NA
134,Chapman,/team/134/15204,910,SCIAC,3,2020,15204,NA
134,Chapman,/team/134/14781,910,SCIAC,3,2019,14781,NA
134,Chapman,/team/134/12973,910,SCIAC,3,2018,12973,NA
134,Chapman,/team/134/12560,910,SCIAC,3,2017,12560,NA
134,Chapman,/team/134/12360,910,SCIAC,3,2016,12360,NA
134,Chapman,/team/134/12080,910,SCIAC,3,2015,12080,NA
134,Chapman,/team/134/11620,910,SCIAC,3,2014,11620,NA
134,Chapman,/team/134/11320,910,SCIAC,3,2013,11320,NA
134,Chapman,/team/134/10942,910,SCIAC,3,2012,10942,NA
134,Chapman,/team/134/10561,26388,Division III Independents,3,2011,10561,NA
134,Chapman,/team/134/10240,26388,Division III Independents,3,2010,10240,NA
10972,Chatham,/teams/615471,907,PAC,3,2026,17040,615471
10972,Chatham,/teams/597159,907,PAC,3,2025,16840,597159
10972,Chatham,/team/10972/16580,907,PAC,3,2024,16580,NA
10972,Chatham,/team/10972/16340,907,PAC,3,2023,16340,NA
10972,Chatham,/team/10972/15860,907,PAC,3,2022,15860,NA
10972,Chatham,/team/10972/15580,907,PAC,3,2021,15580,NA
10972,Chatham,/team/10972/15204,907,PAC,3,2020,15204,NA
10972,Chatham,/team/10972/14781,907,PAC,3,2019,14781,NA
10972,Chatham,/team/10972/12973,907,PAC,3,2018,12973,NA
10972,Chatham,/team/10972/12560,907,PAC,3,2017,12560,NA
139,Chris. Newport,/teams/615180,15810,C2C,3,2026,17040,615180
139,Chris. Newport,/teams/597251,15810,C2C,3,2025,16840,597251
139,Chris. Newport,/team/139/16580,15810,C2C,3,2024,16580,NA
139,Chris. Newport,/team/139/16340,15810,C2C,3,2023,16340,NA
139,Chris. Newport,/team/139/15860,15810,C2C,3,2022,15860,NA
139,Chris. Newport,/team/139/15580,15810,C2C,3,2021,15580,NA
139,Chris. Newport,/team/139/15204,15810,C2C,3,2020,15204,NA
139,Chris. Newport,/team/139/14781,15810,C2C,3,2019,14781,NA
139,Chris. Newport,/team/139/12973,15810,C2C,3,2018,12973,NA
139,Chris. Newport,/team/139/12560,15810,C2C,3,2017,12560,NA
139,Chris. Newport,/team/139/12360,15810,C2C,3,2016,12360,NA
139,Chris. Newport,/team/139/12080,15810,C2C,3,2015,12080,NA
139,Chris. Newport,/team/139/11620,15810,C2C,3,2014,11620,NA
139,Chris. Newport,/team/139/11320,842,USA South,3,2013,11320,NA
139,Chris. Newport,/team/139/10942,842,USA South,3,2012,10942,NA
139,Chris. Newport,/team/139/10561,842,USA South,3,2011,10561,NA
139,Chris. Newport,/team/139/10240,842,USA South,3,2010,10240,NA
142,Claremont-M-S,/teams/615181,910,SCIAC,3,2026,17040,615181
142,Claremont-M-S,/teams/597252,910,SCIAC,3,2025,16840,597252
142,Claremont-M-S,/team/142/16580,910,SCIAC,3,2024,16580,NA
142,Claremont-M-S,/team/142/16340,910,SCIAC,3,2023,16340,NA
142,Claremont-M-S,/team/142/15860,910,SCIAC,3,2022,15860,NA
142,Claremont-M-S,/team/142/15580,910,SCIAC,3,2021,15580,NA
142,Claremont-M-S,/team/142/15204,910,SCIAC,3,2020,15204,NA
142,Claremont-M-S,/team/142/14781,910,SCIAC,3,2019,14781,NA
142,Claremont-M-S,/team/142/12973,910,SCIAC,3,2018,12973,NA
142,Claremont-M-S,/team/142/12560,910,SCIAC,3,2017,12560,NA
142,Claremont-M-S,/team/142/12360,910,SCIAC,3,2016,12360,NA
142,Claremont-M-S,/team/142/12080,910,SCIAC,3,2015,12080,NA
142,Claremont-M-S,/team/142/11620,910,SCIAC,3,2014,11620,NA
142,Claremont-M-S,/team/142/11320,910,SCIAC,3,2013,11320,NA
142,Claremont-M-S,/team/142/10942,910,SCIAC,3,2012,10942,NA
142,Claremont-M-S,/team/142/10561,910,SCIAC,3,2011,10561,NA
142,Claremont-M-S,/team/142/10240,910,SCIAC,3,2010,10240,NA
145,Clark (MA),/teams/615182,890,NEWMAC,3,2026,17040,615182
145,Clark (MA),/teams/597253,890,NEWMAC,3,2025,16840,597253
145,Clark (MA),/team/145/16580,890,NEWMAC,3,2024,16580,NA
145,Clark (MA),/team/145/16340,890,NEWMAC,3,2023,16340,NA
145,Clark (MA),/team/145/15860,890,NEWMAC,3,2022,15860,NA
145,Clark (MA),/team/145/15580,890,NEWMAC,3,2021,15580,NA
145,Clark (MA),/team/145/15204,890,NEWMAC,3,2020,15204,NA
145,Clark (MA),/team/145/14781,890,NEWMAC,3,2019,14781,NA
145,Clark (MA),/team/145/12973,890,NEWMAC,3,2018,12973,NA
145,Clark (MA),/team/145/12560,890,NEWMAC,3,2017,12560,NA
145,Clark (MA),/team/145/12360,890,NEWMAC,3,2016,12360,NA
145,Clark (MA),/team/145/12080,890,NEWMAC,3,2015,12080,NA
145,Clark (MA),/team/145/11620,890,NEWMAC,3,2014,11620,NA
145,Clark (MA),/team/145/11320,890,NEWMAC,3,2013,11320,NA
145,Clark (MA),/team/145/10942,890,NEWMAC,3,2012,10942,NA
145,Clark (MA),/team/145/10561,890,NEWMAC,3,2011,10561,NA
145,Clark (MA),/team/145/10240,890,NEWMAC,3,2010,10240,NA
958,Clarks Summit,/team/958/16580,21062,CSAC,3,2024,16580,NA
958,Clarks Summit,/team/958/16340,21062,CSAC,3,2023,16340,NA
958,Clarks Summit,/team/958/15860,21062,CSAC,3,2022,15860,NA
958,Clarks Summit,/team/958/15580,21062,CSAC,3,2021,15580,NA
958,Clarks Summit,/team/958/15204,21062,CSAC,3,2020,15204,NA
958,Clarks Summit,/team/958/14781,21062,CSAC,3,2019,14781,NA
958,Clarks Summit,/team/958/12973,21062,CSAC,3,2018,12973,NA
958,Clarks Summit,/team/958/12560,99020,DIII Independent,3,2017,12560,NA
958,Clarks Summit,/team/958/12360,99020,DIII Independent,3,2016,12360,NA
146,Clarkson,/teams/615183,24197,Liberty League,3,2026,17040,615183
146,Clarkson,/teams/597254,24197,Liberty League,3,2025,16840,597254
146,Clarkson,/team/146/16580,24197,Liberty League,3,2024,16580,NA
146,Clarkson,/team/146/16340,24197,Liberty League,3,2023,16340,NA
146,Clarkson,/team/146/15860,24197,Liberty League,3,2022,15860,NA
146,Clarkson,/team/146/15580,24197,Liberty League,3,2021,15580,NA
146,Clarkson,/team/146/15204,24197,Liberty League,3,2020,15204,NA
146,Clarkson,/team/146/14781,24197,Liberty League,3,2019,14781,NA
146,Clarkson,/team/146/12973,24197,Liberty League,3,2018,12973,NA
146,Clarkson,/team/146/12560,24197,Liberty League,3,2017,12560,NA
146,Clarkson,/team/146/12360,24197,Liberty League,3,2016,12360,NA
146,Clarkson,/team/146/12080,24197,Liberty League,3,2015,12080,NA
146,Clarkson,/team/146/11620,24197,Liberty League,3,2014,11620,NA
146,Clarkson,/team/146/11320,24197,Liberty League,3,2013,11320,NA
146,Clarkson,/team/146/10942,24197,Liberty League,3,2012,10942,NA
146,Clarkson,/team/146/10561,24197,Liberty League,3,2011,10561,NA
146,Clarkson,/team/146/10240,24197,Liberty League,3,2010,10240,NA
722,Coast Guard,/teams/615367,890,NEWMAC,3,2026,17040,615367
722,Coast Guard,/teams/597051,890,NEWMAC,3,2025,16840,597051
722,Coast Guard,/team/722/16580,890,NEWMAC,3,2024,16580,NA
722,Coast Guard,/team/722/16340,890,NEWMAC,3,2023,16340,NA
722,Coast Guard,/team/722/15860,890,NEWMAC,3,2022,15860,NA
722,Coast Guard,/team/722/15580,890,NEWMAC,3,2021,15580,NA
722,Coast Guard,/team/722/15204,890,NEWMAC,3,2020,15204,NA
722,Coast Guard,/team/722/14781,890,NEWMAC,3,2019,14781,NA
722,Coast Guard,/team/722/12973,890,NEWMAC,3,2018,12973,NA
722,Coast Guard,/team/722/12560,890,NEWMAC,3,2017,12560,NA
722,Coast Guard,/team/722/12360,890,NEWMAC,3,2016,12360,NA
722,Coast Guard,/team/722/12080,890,NEWMAC,3,2015,12080,NA
722,Coast Guard,/team/722/11620,890,NEWMAC,3,2014,11620,NA
722,Coast Guard,/team/722/11320,890,NEWMAC,3,2013,11320,NA
722,Coast Guard,/team/722/10942,890,NEWMAC,3,2012,10942,NA
722,Coast Guard,/team/722/10561,890,NEWMAC,3,2011,10561,NA
722,Coast Guard,/team/722/10240,890,NEWMAC,3,2010,10240,NA
30083,Cobleskill St.,/team/30083/16580,30026,North Atlantic,3,2024,16580,NA
30083,Cobleskill St.,/team/30083/16340,30026,North Atlantic,3,2023,16340,NA
30083,Cobleskill St.,/team/30083/15860,30026,North Atlantic,3,2022,15860,NA
30083,Cobleskill St.,/team/30083/15580,30026,North Atlantic,3,2021,15580,NA
30083,Cobleskill St.,/team/30083/15204,30071,United East,3,2020,15204,NA
30083,Cobleskill St.,/team/30083/14781,30071,United East,3,2019,14781,NA
30083,Cobleskill St.,/team/30083/12973,30071,United East,3,2018,12973,NA
30083,Cobleskill St.,/team/30083/12560,30071,United East,3,2017,12560,NA
30083,Cobleskill St.,/team/30083/12360,30071,United East,3,2016,12360,NA
30083,Cobleskill St.,/team/30083/12080,30071,United East,3,2015,12080,NA
30083,Cobleskill St.,/team/30083/11620,30071,United East,3,2014,11620,NA
30083,Cobleskill St.,/team/30083/11320,30071,United East,3,2013,11320,NA
30083,Cobleskill St.,/team/30083/10942,30071,United East,3,2012,10942,NA
30083,Cobleskill St.,/team/30083/10561,30071,United East,3,2011,10561,NA
30083,Cobleskill St.,/team/30083/10240,30071,United East,3,2010,10240,NA
150,Coe,/teams/615184,864,American Rivers,3,2026,17040,615184
150,Coe,/teams/597255,864,American Rivers,3,2025,16840,597255
150,Coe,/team/150/16580,864,American Rivers,3,2024,16580,NA
150,Coe,/team/150/16340,864,American Rivers,3,2023,16340,NA
150,Coe,/team/150/15860,864,American Rivers,3,2022,15860,NA
150,Coe,/team/150/15580,864,American Rivers,3,2021,15580,NA
150,Coe,/team/150/15204,864,American Rivers,3,2020,15204,NA
150,Coe,/team/150/14781,864,American Rivers,3,2019,14781,NA
150,Coe,/team/150/12973,864,American Rivers,3,2018,12973,NA
150,Coe,/team/150/12560,864,American Rivers,3,2017,12560,NA
150,Coe,/team/150/12360,864,American Rivers,3,2016,12360,NA
150,Coe,/team/150/12080,864,American Rivers,3,2015,12080,NA
150,Coe,/team/150/11620,864,American Rivers,3,2014,11620,NA
150,Coe,/team/150/11320,864,American Rivers,3,2013,11320,NA
150,Coe,/team/150/10942,864,American Rivers,3,2012,10942,NA
150,Coe,/team/150/10561,864,American Rivers,3,2011,10561,NA
150,Coe,/team/150/10240,864,American Rivers,3,2010,10240,NA
151,Colby,/teams/615185,12817,NESCAC,3,2026,17040,615185
151,Colby,/teams/597256,12817,NESCAC,3,2025,16840,597256
151,Colby,/team/151/16580,12817,NESCAC,3,2024,16580,NA
151,Colby,/team/151/16340,12817,NESCAC,3,2023,16340,NA
151,Colby,/team/151/15860,12817,NESCAC,3,2022,15860,NA
151,Colby,/team/151/15580,12817,NESCAC,3,2021,15580,NA
151,Colby,/team/151/15204,12817,NESCAC,3,2020,15204,NA
151,Colby,/team/151/14781,12817,NESCAC,3,2019,14781,NA
151,Colby,/team/151/12973,12817,NESCAC,3,2018,12973,NA
151,Colby,/team/151/12560,12817,NESCAC,3,2017,12560,NA
151,Colby,/team/151/12360,12817,NESCAC,3,2016,12360,NA
151,Colby,/team/151/12080,12817,NESCAC,3,2015,12080,NA
151,Colby,/team/151/11620,12817,NESCAC,3,2014,11620,NA
151,Colby,/team/151/11320,12817,NESCAC,3,2013,11320,NA
151,Colby,/team/151/10942,12817,NESCAC,3,2012,10942,NA
151,Colby,/team/151/10561,12817,NESCAC,3,2011,10561,NA
151,Colby,/team/151/10240,12817,NESCAC,3,2010,10240,NA
152,Colby-Sawyer,/teams/615186,23257,Great Northeast,3,2026,17040,615186
152,Colby-Sawyer,/teams/597257,23257,Great Northeast,3,2025,16840,597257
152,Colby-Sawyer,/team/152/16580,23257,Great Northeast,3,2024,16580,NA
152,Colby-Sawyer,/team/152/16340,23257,Great Northeast,3,2023,16340,NA
152,Colby-Sawyer,/team/152/15860,23257,Great Northeast,3,2022,15860,NA
152,Colby-Sawyer,/team/152/15580,23257,Great Northeast,3,2021,15580,NA
152,Colby-Sawyer,/team/152/15204,23257,Great Northeast,3,2020,15204,NA
152,Colby-Sawyer,/team/152/14781,23257,Great Northeast,3,2019,14781,NA
152,Colby-Sawyer,/team/152/12973,30026,North Atlantic,3,2018,12973,NA
152,Colby-Sawyer,/team/152/12560,30026,North Atlantic,3,2017,12560,NA
152,Colby-Sawyer,/team/152/12360,30026,North Atlantic,3,2016,12360,NA
152,Colby-Sawyer,/team/152/12080,30071,United East,3,2015,12080,NA
152,Colby-Sawyer,/team/152/11620,30071,United East,3,2014,11620,NA
152,Colby-Sawyer,/team/152/11320,30071,United East,3,2013,11320,NA
152,Colby-Sawyer,/team/152/10942,30071,United East,3,2012,10942,NA
152,Colby-Sawyer,/team/152/10561,839,CCC,3,2011,10561,NA
152,Colby-Sawyer,/team/152/10240,839,CCC,3,2010,10240,NA
24400,Concordia (TX),/teams/615487,835,SCAC,3,2026,17040,615487
24400,Concordia (TX),/teams/597176,835,SCAC,3,2025,16840,597176
24400,Concordia (TX),/team/24400/16580,14825,ASC,3,2024,16580,NA
24400,Concordia (TX),/team/24400/16340,14825,ASC,3,2023,16340,NA
24400,Concordia (TX),/team/24400/15860,14825,ASC,3,2022,15860,NA
24400,Concordia (TX),/team/24400/15580,14825,ASC,3,2021,15580,NA
24400,Concordia (TX),/team/24400/15204,14825,ASC,3,2020,15204,NA
24400,Concordia (TX),/team/24400/14781,14825,ASC,3,2019,14781,NA
24400,Concordia (TX),/team/24400/12973,14825,ASC,3,2018,12973,NA
24400,Concordia (TX),/team/24400/12560,14825,ASC,3,2017,12560,NA
24400,Concordia (TX),/team/24400/12360,14825,ASC,3,2016,12360,NA
24400,Concordia (TX),/team/24400/12080,14825,ASC,3,2015,12080,NA
24400,Concordia (TX),/team/24400/11620,14825,ASC,3,2014,11620,NA
24400,Concordia (TX),/team/24400/11320,14825,ASC,3,2013,11320,NA
24400,Concordia (TX),/team/24400/10942,14825,ASC,3,2012,10942,NA
24400,Concordia (TX),/team/24400/10561,14825,ASC,3,2011,10561,NA
24400,Concordia (TX),/team/24400/10240,14825,ASC,3,2010,10240,NA
160,Concordia Chicago,/teams/615187,30097,NACC,3,2026,17040,615187
160,Concordia Chicago,/teams/597258,30097,NACC,3,2025,16840,597258
160,Concordia Chicago,/team/160/16580,30097,NACC,3,2024,16580,NA
160,Concordia Chicago,/team/160/16340,30097,NACC,3,2023,16340,NA
160,Concordia Chicago,/team/160/15860,30097,NACC,3,2022,15860,NA
160,Concordia Chicago,/team/160/15580,30097,NACC,3,2021,15580,NA
160,Concordia Chicago,/team/160/15204,30097,NACC,3,2020,15204,NA
160,Concordia Chicago,/team/160/14781,30097,NACC,3,2019,14781,NA
160,Concordia Chicago,/team/160/12973,30097,NACC,3,2018,12973,NA
160,Concordia Chicago,/team/160/12560,30097,NACC,3,2017,12560,NA
160,Concordia Chicago,/team/160/12360,30097,NACC,3,2016,12360,NA
160,Concordia Chicago,/team/160/12080,30097,NACC,3,2015,12080,NA
160,Concordia Chicago,/team/160/11620,30097,NACC,3,2014,11620,NA
160,Concordia Chicago,/team/160/11320,30097,NACC,3,2013,11320,NA
160,Concordia Chicago,/team/160/10942,30097,NACC,3,2012,10942,NA
160,Concordia Chicago,/team/160/10561,30097,NACC,3,2011,10561,NA
160,Concordia Chicago,/team/160/10240,30097,NACC,3,2010,10240,NA
1036,Concordia Wisconsin,/teams/615416,30097,NACC,3,2026,17040,615416
1036,Concordia Wisconsin,/teams/597102,30097,NACC,3,2025,16840,597102
1036,Concordia Wisconsin,/team/1036/16580,30097,NACC,3,2024,16580,NA
1036,Concordia Wisconsin,/team/1036/16340,30097,NACC,3,2023,16340,NA
1036,Concordia Wisconsin,/team/1036/15860,30097,NACC,3,2022,15860,NA
1036,Concordia Wisconsin,/team/1036/15580,30097,NACC,3,2021,15580,NA
1036,Concordia Wisconsin,/team/1036/15204,30097,NACC,3,2020,15204,NA
1036,Concordia Wisconsin,/team/1036/14781,30097,NACC,3,2019,14781,NA
1036,Concordia Wisconsin,/team/1036/12973,30097,NACC,3,2018,12973,NA
1036,Concordia Wisconsin,/team/1036/12560,30097,NACC,3,2017,12560,NA
1036,Concordia Wisconsin,/team/1036/12360,30097,NACC,3,2016,12360,NA
1036,Concordia Wisconsin,/team/1036/12080,30097,NACC,3,2015,12080,NA
1036,Concordia Wisconsin,/team/1036/11620,30097,NACC,3,2014,11620,NA
1036,Concordia Wisconsin,/team/1036/11320,30097,NACC,3,2013,11320,NA
1036,Concordia Wisconsin,/team/1036/10942,30097,NACC,3,2012,10942,NA
1036,Concordia Wisconsin,/team/1036/10561,30097,NACC,3,2011,10561,NA
1036,Concordia Wisconsin,/team/1036/10240,30097,NACC,3,2010,10240,NA
161,Concordia-M'head,/teams/615188,882,MIAC,3,2026,17040,615188
161,Concordia-M'head,/teams/597259,882,MIAC,3,2025,16840,597259
161,Concordia-M'head,/team/161/16580,882,MIAC,3,2024,16580,NA
161,Concordia-M'head,/team/161/16340,882,MIAC,3,2023,16340,NA
161,Concordia-M'head,/team/161/15860,882,MIAC,3,2022,15860,NA
161,Concordia-M'head,/team/161/15580,882,MIAC,3,2021,15580,NA
161,Concordia-M'head,/team/161/15204,882,MIAC,3,2020,15204,NA
161,Concordia-M'head,/team/161/14781,882,MIAC,3,2019,14781,NA
161,Concordia-M'head,/team/161/12973,882,MIAC,3,2018,12973,NA
161,Concordia-M'head,/team/161/12560,882,MIAC,3,2017,12560,NA
161,Concordia-M'head,/team/161/12360,882,MIAC,3,2016,12360,NA
161,Concordia-M'head,/team/161/12080,882,MIAC,3,2015,12080,NA
161,Concordia-M'head,/team/161/11620,882,MIAC,3,2014,11620,NA
161,Concordia-M'head,/team/161/11320,882,MIAC,3,2013,11320,NA
161,Concordia-M'head,/team/161/10942,882,MIAC,3,2012,10942,NA
161,Concordia-M'head,/team/161/10561,882,MIAC,3,2011,10561,NA
161,Concordia-M'head,/team/161/10240,882,MIAC,3,2010,10240,NA
166,Cornell College,/teams/615189,23119,MWC,3,2026,17040,615189
166,Cornell College,/teams/597260,23119,MWC,3,2025,16840,597260
166,Cornell College,/team/166/16580,23119,MWC,3,2024,16580,NA
166,Cornell College,/team/166/16340,23119,MWC,3,2023,16340,NA
166,Cornell College,/team/166/15860,23119,MWC,3,2022,15860,NA
166,Cornell College,/team/166/15580,23119,MWC,3,2021,15580,NA
166,Cornell College,/team/166/15204,23119,MWC,3,2020,15204,NA
166,Cornell College,/team/166/14781,23119,MWC,3,2019,14781,NA
166,Cornell College,/team/166/12973,23119,MWC,3,2018,12973,NA
166,Cornell College,/team/166/12560,23119,MWC,3,2017,12560,NA
166,Cornell College,/team/166/12360,23119,MWC,3,2016,12360,NA
166,Cornell College,/team/166/12080,23119,MWC,3,2015,12080,NA
166,Cornell College,/team/166/11620,23119,MWC,3,2014,11620,NA
166,Cornell College,/team/166/11320,23119,MWC,3,2013,11320,NA
166,Cornell College,/team/166/10942,864,American Rivers,3,2012,10942,NA
166,Cornell College,/team/166/10561,864,American Rivers,3,2011,10561,NA
166,Cornell College,/team/166/10240,864,American Rivers,3,2010,10240,NA
168,Cortland,/teams/615190,917,SUNYAC,3,2026,17040,615190
168,Cortland,/teams/597261,917,SUNYAC,3,2025,16840,597261
168,Cortland,/team/168/16580,917,SUNYAC,3,2024,16580,NA
168,Cortland,/team/168/16340,917,SUNYAC,3,2023,16340,NA
168,Cortland,/team/168/15860,917,SUNYAC,3,2022,15860,NA
168,Cortland,/team/168/15580,917,SUNYAC,3,2021,15580,NA
168,Cortland,/team/168/15204,917,SUNYAC,3,2020,15204,NA
168,Cortland,/team/168/14781,917,SUNYAC,3,2019,14781,NA
168,Cortland,/team/168/12973,917,SUNYAC,3,2018,12973,NA
168,Cortland,/team/168/12560,917,SUNYAC,3,2017,12560,NA
168,Cortland,/team/168/12360,917,SUNYAC,3,2016,12360,NA
168,Cortland,/team/168/12080,917,SUNYAC,3,2015,12080,NA
168,Cortland,/team/168/11620,917,SUNYAC,3,2014,11620,NA
168,Cortland,/team/168/11320,917,SUNYAC,3,2013,11320,NA
168,Cortland,/team/168/10942,917,SUNYAC,3,2012,10942,NA
168,Cortland,/team/168/10561,917,SUNYAC,3,2011,10561,NA
168,Cortland,/team/168/10240,917,SUNYAC,3,2010,10240,NA
30111,Covenant,/teams/615129,30251,CCS,3,2026,17040,615129
30111,Covenant,/teams/597199,30251,CCS,3,2025,16840,597199
30111,Covenant,/team/30111/16580,30251,CCS,3,2024,16580,NA
30111,Covenant,/team/30111/16340,30251,CCS,3,2023,16340,NA
30111,Covenant,/team/30111/15860,842,USA South,3,2022,15860,NA
30111,Covenant,/team/30111/15580,842,USA South,3,2021,15580,NA
30111,Covenant,/team/30111/15204,842,USA South,3,2020,15204,NA
30111,Covenant,/team/30111/14781,842,USA South,3,2019,14781,NA
30111,Covenant,/team/30111/12973,842,USA South,3,2018,12973,NA
30111,Covenant,/team/30111/12560,842,USA South,3,2017,12560,NA
30111,Covenant,/team/30111/12360,842,USA South,3,2016,12360,NA
30111,Covenant,/team/30111/12080,30074,Great South,3,2015,12080,NA
30111,Covenant,/team/30111/11620,30074,Great South,3,2014,11620,NA
30111,Covenant,/team/30111/11320,30074,Great South,3,2013,11320,NA
30111,Covenant,/team/30111/10942,30074,Great South,3,2012,10942,NA
30035,Crown (MN),/teams/615493,30115,UMAC,3,2026,17040,615493
30035,Crown (MN),/teams/597183,30115,UMAC,3,2025,16840,597183
30035,Crown (MN),/team/30035/16580,30115,UMAC,3,2024,16580,NA
30035,Crown (MN),/team/30035/16340,30115,UMAC,3,2023,16340,NA
30035,Crown (MN),/team/30035/15860,30115,UMAC,3,2022,15860,NA
30035,Crown (MN),/team/30035/15580,30115,UMAC,3,2021,15580,NA
30035,Crown (MN),/team/30035/15204,30115,UMAC,3,2020,15204,NA
30035,Crown (MN),/team/30035/14781,30115,UMAC,3,2019,14781,NA
30035,Crown (MN),/team/30035/12973,30115,UMAC,3,2018,12973,NA
30035,Crown (MN),/team/30035/12560,30115,UMAC,3,2017,12560,NA
30035,Crown (MN),/team/30035/12360,30115,UMAC,3,2016,12360,NA
30035,Crown (MN),/team/30035/12080,30115,UMAC,3,2015,12080,NA
30035,Crown (MN),/team/30035/11620,30115,UMAC,3,2014,11620,NA
30035,Crown (MN),/team/30035/11320,30115,UMAC,3,2013,11320,NA
30035,Crown (MN),/team/30035/10942,30115,UMAC,3,2012,10942,NA
30035,Crown (MN),/team/30035/10561,30115,UMAC,3,2011,10561,NA
30035,Crown (MN),/team/30035/10240,30115,UMAC,3,2010,10240,NA
170,Curry,/teams/615191,839,CNE,3,2026,17040,615191
170,Curry,/teams/597262,839,CNE,3,2025,16840,597262
170,Curry,/team/170/16580,839,CCC,3,2024,16580,NA
170,Curry,/team/170/16340,839,CCC,3,2023,16340,NA
170,Curry,/team/170/15860,839,CCC,3,2022,15860,NA
170,Curry,/team/170/15580,839,CCC,3,2021,15580,NA
170,Curry,/team/170/15204,839,CCC,3,2020,15204,NA
170,Curry,/team/170/14781,839,CCC,3,2019,14781,NA
170,Curry,/team/170/12973,839,CCC,3,2018,12973,NA
170,Curry,/team/170/12560,839,CCC,3,2017,12560,NA
170,Curry,/team/170/12360,839,CCC,3,2016,12360,NA
170,Curry,/team/170/12080,839,CCC,3,2015,12080,NA
170,Curry,/team/170/11620,839,CCC,3,2014,11620,NA
170,Curry,/team/170/11320,839,CCC,3,2013,11320,NA
170,Curry,/team/170/10942,839,CCC,3,2012,10942,NA
170,Curry,/team/170/10561,839,CCC,3,2011,10561,NA
170,Curry,/team/170/10240,839,CCC,3,2010,10240,NA
1059,D'Youville,/team/1059/15204,30022,AMCC,3,2020,15204,NA
1059,D'Youville,/team/1059/14781,30022,AMCC,3,2019,14781,NA
1059,D'Youville,/team/1059/12973,30022,AMCC,3,2018,12973,NA
1059,D'Youville,/team/1059/12560,30022,AMCC,3,2017,12560,NA
1059,D'Youville,/team/1059/12360,30022,AMCC,3,2016,12360,NA
1059,D'Youville,/team/1059/12080,30022,AMCC,3,2015,12080,NA
1059,D'Youville,/team/1059/11620,30022,AMCC,3,2014,11620,NA
1059,D'Youville,/team/1059/11320,30022,AMCC,3,2013,11320,NA
1059,D'Youville,/team/1059/10942,30022,AMCC,3,2012,10942,NA
1059,D'Youville,/team/1059/10561,30022,AMCC,3,2011,10561,NA
1059,D'Youville,/team/1059/10240,30022,AMCC,3,2010,10240,NA
1044,Dallas,/teams/615417,835,SCAC,3,2026,17040,615417
1044,Dallas,/teams/597103,835,SCAC,3,2025,16840,597103
1044,Dallas,/team/1044/16580,835,SCAC,3,2024,16580,NA
1044,Dallas,/team/1044/16340,835,SCAC,3,2023,16340,NA
1044,Dallas,/team/1044/15860,835,SCAC,3,2022,15860,NA
1044,Dallas,/team/1044/15580,835,SCAC,3,2021,15580,NA
1044,Dallas,/team/1044/15204,835,SCAC,3,2020,15204,NA
1044,Dallas,/team/1044/14781,835,SCAC,3,2019,14781,NA
1044,Dallas,/team/1044/12973,835,SCAC,3,2018,12973,NA
1044,Dallas,/team/1044/12560,835,SCAC,3,2017,12560,NA
1044,Dallas,/team/1044/12360,835,SCAC,3,2016,12360,NA
1044,Dallas,/team/1044/12080,835,SCAC,3,2015,12080,NA
1044,Dallas,/team/1044/11620,835,SCAC,3,2014,11620,NA
1044,Dallas,/team/1044/11320,835,SCAC,3,2013,11320,NA
1044,Dallas,/team/1044/10942,835,SCAC,3,2012,10942,NA
1044,Dallas,/team/1044/10561,26388,Division III Independents,3,2011,10561,NA
1044,Dallas,/team/1044/10240,26388,Division III Independents,3,2010,10240,NA
2691,Daniel Webster,/team/2691/12560,888,NECC,3,2017,12560,NA
2691,Daniel Webster,/team/2691/12360,888,NECC,3,2016,12360,NA
2691,Daniel Webster,/team/2691/12080,888,NECC,3,2015,12080,NA
2691,Daniel Webster,/team/2691/11620,888,NECC,3,2014,11620,NA
2691,Daniel Webster,/team/2691/11320,888,NECC,3,2013,11320,NA
2691,Daniel Webster,/team/2691/10942,888,NECC,3,2012,10942,NA
2691,Daniel Webster,/team/2691/10561,888,NECC,3,2011,10561,NA
2691,Daniel Webster,/team/2691/10240,888,NECC,3,2010,10240,NA
177,DePauw,/teams/615192,897,NCAC,3,2026,17040,615192
177,DePauw,/teams/597263,897,NCAC,3,2025,16840,597263
177,DePauw,/team/177/16580,897,NCAC,3,2024,16580,NA
177,DePauw,/team/177/16340,897,NCAC,3,2023,16340,NA
177,DePauw,/team/177/15860,897,NCAC,3,2022,15860,NA
177,DePauw,/team/177/15580,897,NCAC,3,2021,15580,NA
177,DePauw,/team/177/15204,897,NCAC,3,2020,15204,NA
177,DePauw,/team/177/14781,897,NCAC,3,2019,14781,NA
177,DePauw,/team/177/12973,897,NCAC,3,2018,12973,NA
177,DePauw,/team/177/12560,897,NCAC,3,2017,12560,NA
177,DePauw,/team/177/12360,897,NCAC,3,2016,12360,NA
177,DePauw,/team/177/12080,897,NCAC,3,2015,12080,NA
177,DePauw,/team/177/11620,897,NCAC,3,2014,11620,NA
177,DePauw,/team/177/11320,897,NCAC,3,2013,11320,NA
177,DePauw,/team/177/10942,897,NCAC,3,2012,10942,NA
177,DePauw,/team/177/10561,835,SCAC,3,2011,10561,NA
177,DePauw,/team/177/10240,835,SCAC,3,2010,10240,NA
20,DeSales,/teams/615143,28745,MAC Freedom,3,2026,17040,615143
20,DeSales,/teams/597213,28745,MAC Freedom,3,2025,16840,597213
20,DeSales,/team/20/16580,28745,MAC Freedom,3,2024,16580,NA
20,DeSales,/team/20/16340,28745,MAC Freedom,3,2023,16340,NA
20,DeSales,/team/20/15860,28745,MAC Freedom,3,2022,15860,NA
20,DeSales,/team/20/15580,28745,MAC Freedom,3,2021,15580,NA
20,DeSales,/team/20/15204,28745,MAC Freedom,3,2020,15204,NA
20,DeSales,/team/20/14781,28745,MAC Freedom,3,2019,14781,NA
20,DeSales,/team/20/12973,28745,MAC Freedom,3,2018,12973,NA
20,DeSales,/team/20/12560,28745,MAC Freedom,3,2017,12560,NA
20,DeSales,/team/20/12360,28745,MAC Freedom,3,2016,12360,NA
20,DeSales,/team/20/12080,28745,MAC Freedom,3,2015,12080,NA
20,DeSales,/team/20/11620,28745,MAC Freedom,3,2014,11620,NA
20,DeSales,/team/20/11320,28745,MAC Freedom,3,2013,11320,NA
20,DeSales,/team/20/10942,28745,MAC Freedom,3,2012,10942,NA
20,DeSales,/team/20/10561,28745,MAC Freedom,3,2011,10561,NA
20,DeSales,/team/20/10240,28745,MAC Freedom,3,2010,10240,NA
30219,Dean,/teams/615269,23257,Great Northeast,3,2026,17040,615269
30219,Dean,/teams/597340,23257,Great Northeast,3,2025,16840,597340
30219,Dean,/team/30219/16580,23257,Great Northeast,3,2024,16580,NA
30219,Dean,/team/30219/16340,23257,Great Northeast,3,2023,16340,NA
30219,Dean,/team/30219/15860,23257,Great Northeast,3,2022,15860,NA
30219,Dean,/team/30219/15580,23257,Great Northeast,3,2021,15580,NA
30219,Dean,/team/30219/15204,888,NECC,3,2020,15204,NA
30219,Dean,/team/30219/14781,888,NECC,3,2019,14781,NA
1050,Defiance,/team/1050/16580,9174,HCAC,3,2024,16580,NA
1050,Defiance,/team/1050/16340,9174,HCAC,3,2023,16340,NA
1050,Defiance,/team/1050/15860,9174,HCAC,3,2022,15860,NA
1050,Defiance,/team/1050/15580,9174,HCAC,3,2021,15580,NA
1050,Defiance,/team/1050/15204,9174,HCAC,3,2020,15204,NA
1050,Defiance,/team/1050/14781,9174,HCAC,3,2019,14781,NA
1050,Defiance,/team/1050/12973,9174,HCAC,3,2018,12973,NA
1050,Defiance,/team/1050/12560,9174,HCAC,3,2017,12560,NA
1050,Defiance,/team/1050/12360,9174,HCAC,3,2016,12360,NA
1050,Defiance,/team/1050/12080,9174,HCAC,3,2015,12080,NA
1050,Defiance,/team/1050/11620,9174,HCAC,3,2014,11620,NA
1050,Defiance,/team/1050/11320,9174,HCAC,3,2013,11320,NA
1050,Defiance,/team/1050/10942,9174,HCAC,3,2012,10942,NA
1050,Defiance,/team/1050/10561,9174,HCAC,3,2011,10561,NA
1050,Defiance,/team/1050/10240,9174,HCAC,3,2010,10240,NA
179,Delaware Valley,/teams/615193,28745,MAC Freedom,3,2026,17040,615193
179,Delaware Valley,/teams/597264,28745,MAC Freedom,3,2025,16840,597264
179,Delaware Valley,/team/179/16580,28745,MAC Freedom,3,2024,16580,NA
179,Delaware Valley,/team/179/16340,28745,MAC Freedom,3,2023,16340,NA
179,Delaware Valley,/team/179/15860,28745,MAC Freedom,3,2022,15860,NA
179,Delaware Valley,/team/179/15580,28745,MAC Freedom,3,2021,15580,NA
179,Delaware Valley,/team/179/15204,28745,MAC Freedom,3,2020,15204,NA
179,Delaware Valley,/team/179/14781,28745,MAC Freedom,3,2019,14781,NA
179,Delaware Valley,/team/179/12973,28745,MAC Freedom,3,2018,12973,NA
179,Delaware Valley,/team/179/12560,28745,MAC Freedom,3,2017,12560,NA
179,Delaware Valley,/team/179/12360,28745,MAC Freedom,3,2016,12360,NA
179,Delaware Valley,/team/179/12080,28745,MAC Freedom,3,2015,12080,NA
179,Delaware Valley,/team/179/11620,28745,MAC Freedom,3,2014,11620,NA
179,Delaware Valley,/team/179/11320,28745,MAC Freedom,3,2013,11320,NA
179,Delaware Valley,/team/179/10942,28745,MAC Freedom,3,2012,10942,NA
179,Delaware Valley,/team/179/10561,28745,MAC Freedom,3,2011,10561,NA
179,Delaware Valley,/team/179/10240,28745,MAC Freedom,3,2010,10240,NA
182,Denison,/teams/615194,897,NCAC,3,2026,17040,615194
182,Denison,/teams/597265,897,NCAC,3,2025,16840,597265
182,Denison,/team/182/16580,897,NCAC,3,2024,16580,NA
182,Denison,/team/182/16340,897,NCAC,3,2023,16340,NA
182,Denison,/team/182/15860,897,NCAC,3,2022,15860,NA
182,Denison,/team/182/15580,897,NCAC,3,2021,15580,NA
182,Denison,/team/182/15204,897,NCAC,3,2020,15204,NA
182,Denison,/team/182/14781,897,NCAC,3,2019,14781,NA
182,Denison,/team/182/12973,897,NCAC,3,2018,12973,NA
182,Denison,/team/182/12560,897,NCAC,3,2017,12560,NA
182,Denison,/team/182/12360,897,NCAC,3,2016,12360,NA
182,Denison,/team/182/12080,897,NCAC,3,2015,12080,NA
182,Denison,/team/182/11620,897,NCAC,3,2014,11620,NA
182,Denison,/team/182/11320,897,NCAC,3,2013,11320,NA
182,Denison,/team/182/10942,897,NCAC,3,2012,10942,NA
182,Denison,/team/182/10561,897,NCAC,3,2011,10561,NA
182,Denison,/team/182/10240,897,NCAC,3,2010,10240,NA
185,Dickinson,/teams/615195,9683,Centennial,3,2026,17040,615195
185,Dickinson,/teams/597266,9683,Centennial,3,2025,16840,597266
185,Dickinson,/team/185/16580,9683,Centennial,3,2024,16580,NA
185,Dickinson,/team/185/16340,9683,Centennial,3,2023,16340,NA
185,Dickinson,/team/185/15860,9683,Centennial,3,2022,15860,NA
185,Dickinson,/team/185/15580,9683,Centennial,3,2021,15580,NA
185,Dickinson,/team/185/15204,9683,Centennial,3,2020,15204,NA
185,Dickinson,/team/185/14781,9683,Centennial,3,2019,14781,NA
185,Dickinson,/team/185/12973,9683,Centennial,3,2018,12973,NA
185,Dickinson,/team/185/12560,9683,Centennial,3,2017,12560,NA
185,Dickinson,/team/185/12360,9683,Centennial,3,2016,12360,NA
185,Dickinson,/team/185/12080,9683,Centennial,3,2015,12080,NA
185,Dickinson,/team/185/11620,9683,Centennial,3,2014,11620,NA
185,Dickinson,/team/185/11320,9683,Centennial,3,2013,11320,NA
185,Dickinson,/team/185/10942,9683,Centennial,3,2012,10942,NA
185,Dickinson,/team/185/10561,9683,Centennial,3,2011,10561,NA
185,Dickinson,/team/185/10240,9683,Centennial,3,2010,10240,NA
1332,Dominican (IL),/teams/615443,30097,NACC,3,2026,17040,615443
1332,Dominican (IL),/teams/597131,30097,NACC,3,2025,16840,597131
1332,Dominican (IL),/team/1332/16580,30097,NACC,3,2024,16580,NA
1332,Dominican (IL),/team/1332/16340,30097,NACC,3,2023,16340,NA
1332,Dominican (IL),/team/1332/15860,30097,NACC,3,2022,15860,NA
1332,Dominican (IL),/team/1332/15580,30097,NACC,3,2021,15580,NA
1332,Dominican (IL),/team/1332/15204,30097,NACC,3,2020,15204,NA
1332,Dominican (IL),/team/1332/14781,30097,NACC,3,2019,14781,NA
1332,Dominican (IL),/team/1332/12973,30097,NACC,3,2018,12973,NA
1332,Dominican (IL),/team/1332/12560,30097,NACC,3,2017,12560,NA
1332,Dominican (IL),/team/1332/12360,30097,NACC,3,2016,12360,NA
1332,Dominican (IL),/team/1332/12080,30097,NACC,3,2015,12080,NA
1332,Dominican (IL),/team/1332/11620,30097,NACC,3,2014,11620,NA
1332,Dominican (IL),/team/1332/11320,30097,NACC,3,2013,11320,NA
1332,Dominican (IL),/team/1332/10942,30097,NACC,3,2012,10942,NA
1332,Dominican (IL),/team/1332/10561,30097,NACC,3,2011,10561,NA
1332,Dominican (IL),/team/1332/10240,30097,NACC,3,2010,10240,NA
190,Drew,/teams/615196,30101,Landmark,3,2026,17040,615196
190,Drew,/teams/597267,30101,Landmark,3,2025,16840,597267
190,Drew,/team/190/16580,30101,Landmark,3,2024,16580,NA
190,Drew,/team/190/16340,30101,Landmark,3,2023,16340,NA
190,Drew,/team/190/15860,30101,Landmark,3,2022,15860,NA
190,Drew,/team/190/15580,30101,Landmark,3,2021,15580,NA
190,Drew,/team/190/15204,30101,Landmark,3,2020,15204,NA
190,Drew,/team/190/14781,30101,Landmark,3,2019,14781,NA
190,Drew,/team/190/12973,30101,Landmark,3,2018,12973,NA
190,Drew,/team/190/12560,30101,Landmark,3,2017,12560,NA
190,Drew,/team/190/12360,30101,Landmark,3,2016,12360,NA
190,Drew,/team/190/12080,30101,Landmark,3,2015,12080,NA
190,Drew,/team/190/11620,30101,Landmark,3,2014,11620,NA
190,Drew,/team/190/11320,30101,Landmark,3,2013,11320,NA
190,Drew,/team/190/10942,30101,Landmark,3,2012,10942,NA
190,Drew,/team/190/10561,30101,Landmark,3,2011,10561,NA
190,Drew,/team/190/10240,30101,Landmark,3,2010,10240,NA
192,Dubuque,/teams/615197,864,American Rivers,3,2026,17040,615197
192,Dubuque,/teams/597268,864,American Rivers,3,2025,16840,597268
192,Dubuque,/team/192/16580,864,American Rivers,3,2024,16580,NA
192,Dubuque,/team/192/16340,864,American Rivers,3,2023,16340,NA
192,Dubuque,/team/192/15860,864,American Rivers,3,2022,15860,NA
192,Dubuque,/team/192/15580,864,American Rivers,3,2021,15580,NA
192,Dubuque,/team/192/15204,864,American Rivers,3,2020,15204,NA
192,Dubuque,/team/192/14781,864,American Rivers,3,2019,14781,NA
192,Dubuque,/team/192/12973,864,American Rivers,3,2018,12973,NA
192,Dubuque,/team/192/12560,864,American Rivers,3,2017,12560,NA
192,Dubuque,/team/192/12360,864,American Rivers,3,2016,12360,NA
192,Dubuque,/team/192/12080,864,American Rivers,3,2015,12080,NA
192,Dubuque,/team/192/11620,864,American Rivers,3,2014,11620,NA
192,Dubuque,/team/192/11320,864,American Rivers,3,2013,11320,NA
192,Dubuque,/team/192/10942,864,American Rivers,3,2012,10942,NA
192,Dubuque,/team/192/10561,864,American Rivers,3,2011,10561,NA
192,Dubuque,/team/192/10240,864,American Rivers,3,2010,10240,NA
195,Earlham,/teams/615198,9174,HCAC,3,2026,17040,615198
195,Earlham,/teams/597269,9174,HCAC,3,2025,16840,597269
195,Earlham,/team/195/16580,9174,HCAC,3,2024,16580,NA
195,Earlham,/team/195/16340,9174,HCAC,3,2023,16340,NA
195,Earlham,/team/195/15860,9174,HCAC,3,2022,15860,NA
195,Earlham,/team/195/15580,9174,HCAC,3,2021,15580,NA
195,Earlham,/team/195/15204,9174,HCAC,3,2020,15204,NA
195,Earlham,/team/195/14781,9174,HCAC,3,2019,14781,NA
195,Earlham,/team/195/12973,9174,HCAC,3,2018,12973,NA
195,Earlham,/team/195/12560,9174,HCAC,3,2017,12560,NA
195,Earlham,/team/195/12360,9174,HCAC,3,2016,12360,NA
195,Earlham,/team/195/12080,9174,HCAC,3,2015,12080,NA
195,Earlham,/team/195/11620,9174,HCAC,3,2014,11620,NA
195,Earlham,/team/195/11320,9174,HCAC,3,2013,11320,NA
195,Earlham,/team/195/10942,9174,HCAC,3,2012,10942,NA
195,Earlham,/team/195/10561,9174,HCAC,3,2011,10561,NA
195,Earlham,/team/195/10240,897,NCAC,3,2010,10240,NA
1062,East Tex. Baptist,/teams/615418,14825,ASC,3,2026,17040,615418
1062,East Tex. Baptist,/teams/597105,14825,ASC,3,2025,16840,597105
1062,East Tex. Baptist,/team/1062/16580,14825,ASC,3,2024,16580,NA
1062,East Tex. Baptist,/team/1062/16340,14825,ASC,3,2023,16340,NA
1062,East Tex. Baptist,/team/1062/15860,14825,ASC,3,2022,15860,NA
1062,East Tex. Baptist,/team/1062/15580,14825,ASC,3,2021,15580,NA
1062,East Tex. Baptist,/team/1062/15204,14825,ASC,3,2020,15204,NA
1062,East Tex. Baptist,/team/1062/14781,14825,ASC,3,2019,14781,NA
1062,East Tex. Baptist,/team/1062/12973,14825,ASC,3,2018,12973,NA
1062,East Tex. Baptist,/team/1062/12560,14825,ASC,3,2017,12560,NA
1062,East Tex. Baptist,/team/1062/12360,14825,ASC,3,2016,12360,NA
1062,East Tex. Baptist,/team/1062/12080,14825,ASC,3,2015,12080,NA
1062,East Tex. Baptist,/team/1062/11620,14825,ASC,3,2014,11620,NA
1062,East Tex. Baptist,/team/1062/11320,14825,ASC,3,2013,11320,NA
1062,East Tex. Baptist,/team/1062/10942,14825,ASC,3,2012,10942,NA
1062,East Tex. Baptist,/team/1062/10561,14825,ASC,3,2011,10561,NA
1062,East Tex. Baptist,/team/1062/10240,14825,ASC,3,2010,10240,NA
203,East. Mennonite,/teams/615200,903,ODAC,3,2026,17040,615200
203,East. Mennonite,/teams/597271,903,ODAC,3,2025,16840,597271
203,East. Mennonite,/team/203/16580,903,ODAC,3,2024,16580,NA
203,East. Mennonite,/team/203/16340,903,ODAC,3,2023,16340,NA
203,East. Mennonite,/team/203/15860,903,ODAC,3,2022,15860,NA
203,East. Mennonite,/team/203/15580,903,ODAC,3,2021,15580,NA
203,East. Mennonite,/team/203/15204,903,ODAC,3,2020,15204,NA
203,East. Mennonite,/team/203/14781,903,ODAC,3,2019,14781,NA
203,East. Mennonite,/team/203/12973,903,ODAC,3,2018,12973,NA
203,East. Mennonite,/team/203/12560,903,ODAC,3,2017,12560,NA
203,East. Mennonite,/team/203/12360,903,ODAC,3,2016,12360,NA
203,East. Mennonite,/team/203/12080,903,ODAC,3,2015,12080,NA
203,East. Mennonite,/team/203/11620,903,ODAC,3,2014,11620,NA
203,East. Mennonite,/team/203/11320,903,ODAC,3,2013,11320,NA
203,East. Mennonite,/team/203/10942,903,ODAC,3,2012,10942,NA
203,East. Mennonite,/team/203/10561,903,ODAC,3,2011,10561,NA
203,East. Mennonite,/team/203/10240,903,ODAC,3,2010,10240,NA
8968,Eastern,/teams/615468,28744,MAC Commonwealth,3,2026,17040,615468
8968,Eastern,/teams/597156,28744,MAC Commonwealth,3,2025,16840,597156
8968,Eastern,/team/8968/16580,28744,MAC Commonwealth,3,2024,16580,NA
8968,Eastern,/team/8968/16340,28744,MAC Commonwealth,3,2023,16340,NA
8968,Eastern,/team/8968/15860,28744,MAC Commonwealth,3,2022,15860,NA
8968,Eastern,/team/8968/15580,28744,MAC Commonwealth,3,2021,15580,NA
8968,Eastern,/team/8968/15204,28745,MAC Freedom,3,2020,15204,NA
8968,Eastern,/team/8968/14781,28745,MAC Freedom,3,2019,14781,NA
8968,Eastern,/team/8968/12973,28745,MAC Freedom,3,2018,12973,NA
8968,Eastern,/team/8968/12560,28745,MAC Freedom,3,2017,12560,NA
8968,Eastern,/team/8968/12360,28745,MAC Freedom,3,2016,12360,NA
8968,Eastern,/team/8968/12080,28745,MAC Freedom,3,2015,12080,NA
8968,Eastern,/team/8968/11620,28745,MAC Freedom,3,2014,11620,NA
8968,Eastern,/team/8968/11320,28745,MAC Freedom,3,2013,11320,NA
8968,Eastern,/team/8968/10942,28745,MAC Freedom,3,2012,10942,NA
8968,Eastern,/team/8968/10561,28745,MAC Freedom,3,2011,10561,NA
8968,Eastern,/team/8968/10240,28745,MAC Freedom,3,2010,10240,NA
200,Eastern Conn. St.,/teams/615199,867,Little East,3,2026,17040,615199
200,Eastern Conn. St.,/teams/597270,867,Little East,3,2025,16840,597270
200,Eastern Conn. St.,/team/200/16580,867,Little East,3,2024,16580,NA
200,Eastern Conn. St.,/team/200/16340,867,Little East,3,2023,16340,NA
200,Eastern Conn. St.,/team/200/15860,867,Little East,3,2022,15860,NA
200,Eastern Conn. St.,/team/200/15580,867,Little East,3,2021,15580,NA
200,Eastern Conn. St.,/team/200/15204,867,Little East,3,2020,15204,NA
200,Eastern Conn. St.,/team/200/14781,867,Little East,3,2019,14781,NA
200,Eastern Conn. St.,/team/200/12973,867,Little East,3,2018,12973,NA
200,Eastern Conn. St.,/team/200/12560,867,Little East,3,2017,12560,NA
200,Eastern Conn. St.,/team/200/12360,867,Little East,3,2016,12360,NA
200,Eastern Conn. St.,/team/200/12080,867,Little East,3,2015,12080,NA
200,Eastern Conn. St.,/team/200/11620,867,Little East,3,2014,11620,NA
200,Eastern Conn. St.,/team/200/11320,867,Little East,3,2013,11320,NA
200,Eastern Conn. St.,/team/200/10942,867,Little East,3,2012,10942,NA
200,Eastern Conn. St.,/team/200/10561,867,Little East,3,2011,10561,NA
200,Eastern Conn. St.,/team/200/10240,867,Little East,3,2010,10240,NA
1064,Eastern Nazarene,/team/1064/16580,888,NECC,3,2024,16580,NA
1064,Eastern Nazarene,/team/1064/16340,888,NECC,3,2023,16340,NA
1064,Eastern Nazarene,/team/1064/15860,888,NECC,3,2022,15860,NA
1064,Eastern Nazarene,/team/1064/15580,888,NECC,3,2021,15580,NA
1064,Eastern Nazarene,/team/1064/15204,888,NECC,3,2020,15204,NA
1064,Eastern Nazarene,/team/1064/14781,888,NECC,3,2019,14781,NA
1064,Eastern Nazarene,/team/1064/12973,839,CCC,3,2018,12973,NA
1064,Eastern Nazarene,/team/1064/12560,839,CCC,3,2017,12560,NA
1064,Eastern Nazarene,/team/1064/12360,839,CCC,3,2016,12360,NA
1064,Eastern Nazarene,/team/1064/12080,839,CCC,3,2015,12080,NA
1064,Eastern Nazarene,/team/1064/11620,839,CCC,3,2014,11620,NA
1064,Eastern Nazarene,/team/1064/11320,839,CCC,3,2013,11320,NA
1064,Eastern Nazarene,/team/1064/10942,839,CCC,3,2012,10942,NA
1064,Eastern Nazarene,/team/1064/10561,839,CCC,3,2011,10561,NA
1064,Eastern Nazarene,/team/1064/10240,839,CCC,3,2010,10240,NA
1066,Edgewood,/teams/615419,30097,NACC,3,2026,17040,615419
1066,Edgewood,/teams/597107,30097,NACC,3,2025,16840,597107
1066,Edgewood,/team/1066/16580,30097,NACC,3,2024,16580,NA
1066,Edgewood,/team/1066/16340,30097,NACC,3,2023,16340,NA
1066,Edgewood,/team/1066/15860,30097,NACC,3,2022,15860,NA
1066,Edgewood,/team/1066/15580,30097,NACC,3,2021,15580,NA
1066,Edgewood,/team/1066/15204,30097,NACC,3,2020,15204,NA
1066,Edgewood,/team/1066/14781,30097,NACC,3,2019,14781,NA
1066,Edgewood,/team/1066/12973,30097,NACC,3,2018,12973,NA
1066,Edgewood,/team/1066/12560,30097,NACC,3,2017,12560,NA
1066,Edgewood,/team/1066/12360,30097,NACC,3,2016,12360,NA
1066,Edgewood,/team/1066/12080,30097,NACC,3,2015,12080,NA
1066,Edgewood,/team/1066/11620,30097,NACC,3,2014,11620,NA
1066,Edgewood,/team/1066/11320,30097,NACC,3,2013,11320,NA
1066,Edgewood,/team/1066/10942,30097,NACC,3,2012,10942,NA
1066,Edgewood,/team/1066/10561,30097,NACC,3,2011,10561,NA
1066,Edgewood,/team/1066/10240,30097,NACC,3,2010,10240,NA
211,Elizabethtown,/teams/615201,30101,Landmark,3,2026,17040,615201
211,Elizabethtown,/teams/597272,30101,Landmark,3,2025,16840,597272
211,Elizabethtown,/team/211/16580,30101,Landmark,3,2024,16580,NA
211,Elizabethtown,/team/211/16340,30101,Landmark,3,2023,16340,NA
211,Elizabethtown,/team/211/15860,30101,Landmark,3,2022,15860,NA
211,Elizabethtown,/team/211/15580,30101,Landmark,3,2021,15580,NA
211,Elizabethtown,/team/211/15204,30101,Landmark,3,2020,15204,NA
211,Elizabethtown,/team/211/14781,30101,Landmark,3,2019,14781,NA
211,Elizabethtown,/team/211/12973,30101,Landmark,3,2018,12973,NA
211,Elizabethtown,/team/211/12560,30101,Landmark,3,2017,12560,NA
211,Elizabethtown,/team/211/12360,30101,Landmark,3,2016,12360,NA
211,Elizabethtown,/team/211/12080,28744,MAC Commonwealth,3,2015,12080,NA
211,Elizabethtown,/team/211/11620,28744,MAC Commonwealth,3,2014,11620,NA
211,Elizabethtown,/team/211/11320,28744,MAC Commonwealth,3,2013,11320,NA
211,Elizabethtown,/team/211/10942,28744,MAC Commonwealth,3,2012,10942,NA
211,Elizabethtown,/team/211/10561,28744,MAC Commonwealth,3,2011,10561,NA
211,Elizabethtown,/team/211/10240,28744,MAC Commonwealth,3,2010,10240,NA
212,Elmhurst,/teams/615202,836,CCIW,3,2026,17040,615202
212,Elmhurst,/teams/597273,836,CCIW,3,2025,16840,597273
212,Elmhurst,/team/212/16580,836,CCIW,3,2024,16580,NA
212,Elmhurst,/team/212/16340,836,CCIW,3,2023,16340,NA
212,Elmhurst,/team/212/15860,836,CCIW,3,2022,15860,NA
212,Elmhurst,/team/212/15580,836,CCIW,3,2021,15580,NA
212,Elmhurst,/team/212/15204,836,CCIW,3,2020,15204,NA
212,Elmhurst,/team/212/14781,836,CCIW,3,2019,14781,NA
212,Elmhurst,/team/212/12973,836,CCIW,3,2018,12973,NA
212,Elmhurst,/team/212/12560,836,CCIW,3,2017,12560,NA
212,Elmhurst,/team/212/12360,836,CCIW,3,2016,12360,NA
212,Elmhurst,/team/212/12080,836,CCIW,3,2015,12080,NA
212,Elmhurst,/team/212/11620,836,CCIW,3,2014,11620,NA
212,Elmhurst,/team/212/11320,836,CCIW,3,2013,11320,NA
212,Elmhurst,/team/212/10942,836,CCIW,3,2012,10942,NA
212,Elmhurst,/team/212/10561,836,CCIW,3,2011,10561,NA
212,Elmhurst,/team/212/10240,836,CCIW,3,2010,10240,NA
213,Elmira,/teams/615203,863,Empire 8,3,2026,17040,615203
213,Elmira,/teams/597274,863,Empire 8,3,2025,16840,597274
213,Elmira,/team/213/16580,863,Empire 8,3,2024,16580,NA
213,Elmira,/team/213/16340,863,Empire 8,3,2023,16340,NA
213,Elmira,/team/213/15860,863,Empire 8,3,2022,15860,NA
213,Elmira,/team/213/15580,863,Empire 8,3,2021,15580,NA
213,Elmira,/team/213/15204,863,Empire 8,3,2020,15204,NA
213,Elmira,/team/213/14781,863,Empire 8,3,2019,14781,NA
213,Elmira,/team/213/12973,863,Empire 8,3,2018,12973,NA
213,Elmira,/team/213/12560,863,Empire 8,3,2017,12560,NA
213,Elmira,/team/213/12360,863,Empire 8,3,2016,12360,NA
213,Elmira,/team/213/12080,863,Empire 8,3,2015,12080,NA
532,Elms,/teams/615315,23257,Great Northeast,3,2026,17040,615315
532,Elms,/teams/596999,23257,Great Northeast,3,2025,16840,596999
532,Elms,/team/532/16580,23257,Great Northeast,3,2024,16580,NA
532,Elms,/team/532/16340,23257,Great Northeast,3,2023,16340,NA
532,Elms,/team/532/15860,23257,Great Northeast,3,2022,15860,NA
532,Elms,/team/532/15580,888,NECC,3,2021,15580,NA
532,Elms,/team/532/15204,888,NECC,3,2020,15204,NA
532,Elms,/team/532/14781,888,NECC,3,2019,14781,NA
532,Elms,/team/532/12973,888,NECC,3,2018,12973,NA
532,Elms,/team/532/12560,888,NECC,3,2017,12560,NA
532,Elms,/team/532/12360,888,NECC,3,2016,12360,NA
532,Elms,/team/532/12080,888,NECC,3,2015,12080,NA
532,Elms,/team/532/11620,888,NECC,3,2014,11620,NA
532,Elms,/team/532/11320,888,NECC,3,2013,11320,NA
532,Elms,/team/532/10942,888,NECC,3,2012,10942,NA
532,Elms,/team/532/10561,888,NECC,3,2011,10561,NA
532,Elms,/team/532/10240,888,NECC,3,2010,10240,NA
214,Emerson,/teams/615204,890,NEWMAC,3,2026,17040,615204
214,Emerson,/teams/597275,890,NEWMAC,3,2025,16840,597275
214,Emerson,/team/214/16580,890,NEWMAC,3,2024,16580,NA
214,Emerson,/team/214/16340,890,NEWMAC,3,2023,16340,NA
214,Emerson,/team/214/15860,890,NEWMAC,3,2022,15860,NA
214,Emerson,/team/214/15580,890,NEWMAC,3,2021,15580,NA
214,Emerson,/team/214/15204,890,NEWMAC,3,2020,15204,NA
214,Emerson,/team/214/14781,890,NEWMAC,3,2019,14781,NA
214,Emerson,/team/214/12973,890,NEWMAC,3,2018,12973,NA
214,Emerson,/team/214/12560,890,NEWMAC,3,2017,12560,NA
214,Emerson,/team/214/12360,890,NEWMAC,3,2016,12360,NA
214,Emerson,/team/214/12080,23257,Great Northeast,3,2015,12080,NA
214,Emerson,/team/214/11620,23257,Great Northeast,3,2014,11620,NA
214,Emerson,/team/214/11320,23257,Great Northeast,3,2013,11320,NA
214,Emerson,/team/214/10942,23257,Great Northeast,3,2012,10942,NA
214,Emerson,/team/214/10561,23257,Great Northeast,3,2011,10561,NA
214,Emerson,/team/214/10240,23257,Great Northeast,3,2010,10240,NA
217,Emory,/teams/615205,1471,UAA,3,2026,17040,615205
217,Emory,/teams/597276,1471,UAA,3,2025,16840,597276
217,Emory,/team/217/16580,1471,UAA,3,2024,16580,NA
217,Emory,/team/217/16340,1471,UAA,3,2023,16340,NA
217,Emory,/team/217/15860,1471,UAA,3,2022,15860,NA
217,Emory,/team/217/15580,1471,UAA,3,2021,15580,NA
217,Emory,/team/217/15204,1471,UAA,3,2020,15204,NA
217,Emory,/team/217/14781,1471,UAA,3,2019,14781,NA
217,Emory,/team/217/12973,1471,UAA,3,2018,12973,NA
217,Emory,/team/217/12560,1471,UAA,3,2017,12560,NA
217,Emory,/team/217/12360,1471,UAA,3,2016,12360,NA
217,Emory,/team/217/12080,1471,UAA,3,2015,12080,NA
217,Emory,/team/217/11620,1471,UAA,3,2014,11620,NA
217,Emory,/team/217/11320,1471,UAA,3,2013,11320,NA
217,Emory,/team/217/10942,1471,UAA,3,2012,10942,NA
217,Emory,/team/217/10561,1471,UAA,3,2011,10561,NA
217,Emory,/team/217/10240,1471,UAA,3,2010,10240,NA
216,Emory & Henry,/team/216/15580,903,ODAC,3,2021,15580,NA
216,Emory & Henry,/team/216/15204,903,ODAC,3,2020,15204,NA
216,Emory & Henry,/team/216/14781,903,ODAC,3,2019,14781,NA
216,Emory & Henry,/team/216/12973,903,ODAC,3,2018,12973,NA
216,Emory & Henry,/team/216/12560,903,ODAC,3,2017,12560,NA
216,Emory & Henry,/team/216/12360,903,ODAC,3,2016,12360,NA
216,Emory & Henry,/team/216/12080,903,ODAC,3,2015,12080,NA
216,Emory & Henry,/team/216/11620,903,ODAC,3,2014,11620,NA
216,Emory & Henry,/team/216/11320,903,ODAC,3,2013,11320,NA
216,Emory & Henry,/team/216/10942,903,ODAC,3,2012,10942,NA
216,Emory & Henry,/team/216/10561,903,ODAC,3,2011,10561,NA
216,Emory & Henry,/team/216/10240,903,ODAC,3,2010,10240,NA
8981,Endicott,/teams/615469,839,CNE,3,2026,17040,615469
8981,Endicott,/teams/597157,839,CNE,3,2025,16840,597157
8981,Endicott,/team/8981/16580,839,CCC,3,2024,16580,NA
8981,Endicott,/team/8981/16340,839,CCC,3,2023,16340,NA
8981,Endicott,/team/8981/15860,839,CCC,3,2022,15860,NA
8981,Endicott,/team/8981/15580,839,CCC,3,2021,15580,NA
8981,Endicott,/team/8981/15204,839,CCC,3,2020,15204,NA
8981,Endicott,/team/8981/14781,839,CCC,3,2019,14781,NA
8981,Endicott,/team/8981/12973,839,CCC,3,2018,12973,NA
8981,Endicott,/team/8981/12560,839,CCC,3,2017,12560,NA
8981,Endicott,/team/8981/12360,839,CCC,3,2016,12360,NA
8981,Endicott,/team/8981/12080,839,CCC,3,2015,12080,NA
8981,Endicott,/team/8981/11620,839,CCC,3,2014,11620,NA
8981,Endicott,/team/8981/11320,839,CCC,3,2013,11320,NA
8981,Endicott,/team/8981/10942,839,CCC,3,2012,10942,NA
8981,Endicott,/team/8981/10561,839,CCC,3,2011,10561,NA
8981,Endicott,/team/8981/10240,839,CCC,3,2010,10240,NA
218,Eureka,/teams/615206,12974,SLIAC,3,2026,17040,615206
218,Eureka,/teams/597277,12974,SLIAC,3,2025,16840,597277
218,Eureka,/team/218/16580,12974,SLIAC,3,2024,16580,NA
218,Eureka,/team/218/16340,12974,SLIAC,3,2023,16340,NA
218,Eureka,/team/218/15860,12974,SLIAC,3,2022,15860,NA
218,Eureka,/team/218/15580,12974,SLIAC,3,2021,15580,NA
218,Eureka,/team/218/15204,12974,SLIAC,3,2020,15204,NA
218,Eureka,/team/218/14781,12974,SLIAC,3,2019,14781,NA
218,Eureka,/team/218/12973,12974,SLIAC,3,2018,12973,NA
218,Eureka,/team/218/12560,12974,SLIAC,3,2017,12560,NA
218,Eureka,/team/218/12360,12974,SLIAC,3,2016,12360,NA
218,Eureka,/team/218/12080,12974,SLIAC,3,2015,12080,NA
218,Eureka,/team/218/11620,12974,SLIAC,3,2014,11620,NA
218,Eureka,/team/218/11320,12974,SLIAC,3,2013,11320,NA
218,Eureka,/team/218/10942,12974,SLIAC,3,2012,10942,NA
218,Eureka,/team/218/10561,12974,SLIAC,3,2011,10561,NA
218,Eureka,/team/218/10240,12974,SLIAC,3,2010,10240,NA
221,FDU-Florham,/teams/615207,28745,MAC Freedom,3,2026,17040,615207
221,FDU-Florham,/teams/597278,28745,MAC Freedom,3,2025,16840,597278
221,FDU-Florham,/team/221/16580,28745,MAC Freedom,3,2024,16580,NA
221,FDU-Florham,/team/221/16340,28745,MAC Freedom,3,2023,16340,NA
221,FDU-Florham,/team/221/15860,28745,MAC Freedom,3,2022,15860,NA
221,FDU-Florham,/team/221/15580,28745,MAC Freedom,3,2021,15580,NA
221,FDU-Florham,/team/221/15204,28745,MAC Freedom,3,2020,15204,NA
221,FDU-Florham,/team/221/14781,28745,MAC Freedom,3,2019,14781,NA
221,FDU-Florham,/team/221/12973,28745,MAC Freedom,3,2018,12973,NA
221,FDU-Florham,/team/221/12560,28745,MAC Freedom,3,2017,12560,NA
221,FDU-Florham,/team/221/12360,28745,MAC Freedom,3,2016,12360,NA
221,FDU-Florham,/team/221/12080,28745,MAC Freedom,3,2015,12080,NA
221,FDU-Florham,/team/221/11620,28745,MAC Freedom,3,2014,11620,NA
221,FDU-Florham,/team/221/11320,28745,MAC Freedom,3,2013,11320,NA
221,FDU-Florham,/team/221/10942,28745,MAC Freedom,3,2012,10942,NA
221,FDU-Florham,/team/221/10561,28745,MAC Freedom,3,2011,10561,NA
221,FDU-Florham,/team/221/10240,28745,MAC Freedom,3,2010,10240,NA
27892,Farmingdale St.,/teams/615489,13054,Skyline,3,2026,17040,615489
27892,Farmingdale St.,/teams/597178,13054,Skyline,3,2025,16840,597178
27892,Farmingdale St.,/team/27892/16580,13054,Skyline,3,2024,16580,NA
27892,Farmingdale St.,/team/27892/16340,13054,Skyline,3,2023,16340,NA
27892,Farmingdale St.,/team/27892/15860,13054,Skyline,3,2022,15860,NA
27892,Farmingdale St.,/team/27892/15580,13054,Skyline,3,2021,15580,NA
27892,Farmingdale St.,/team/27892/15204,13054,Skyline,3,2020,15204,NA
27892,Farmingdale St.,/team/27892/14781,13054,Skyline,3,2019,14781,NA
27892,Farmingdale St.,/team/27892/12973,13054,Skyline,3,2018,12973,NA
27892,Farmingdale St.,/team/27892/12560,13054,Skyline,3,2017,12560,NA
27892,Farmingdale St.,/team/27892/12360,13054,Skyline,3,2016,12360,NA
27892,Farmingdale St.,/team/27892/12080,13054,Skyline,3,2015,12080,NA
27892,Farmingdale St.,/team/27892/11620,13054,Skyline,3,2014,11620,NA
27892,Farmingdale St.,/team/27892/11320,13054,Skyline,3,2013,11320,NA
27892,Farmingdale St.,/team/27892/10942,13054,Skyline,3,2012,10942,NA
27892,Farmingdale St.,/team/27892/10561,13054,Skyline,3,2011,10561,NA
27892,Farmingdale St.,/team/27892/10240,13054,Skyline,3,2010,10240,NA
225,Ferrum,/teams/597279,903,ODAC,3,2025,16840,597279
225,Ferrum,/team/225/16580,903,ODAC,3,2024,16580,NA
225,Ferrum,/team/225/16340,903,ODAC,3,2023,16340,NA
225,Ferrum,/team/225/15860,903,ODAC,3,2022,15860,NA
225,Ferrum,/team/225/15580,903,ODAC,3,2021,15580,NA
225,Ferrum,/team/225/15204,903,ODAC,3,2020,15204,NA
225,Ferrum,/team/225/14781,903,ODAC,3,2019,14781,NA
225,Ferrum,/team/225/12973,842,USA South,3,2018,12973,NA
225,Ferrum,/team/225/12560,842,USA South,3,2017,12560,NA
225,Ferrum,/team/225/12360,842,USA South,3,2016,12360,NA
225,Ferrum,/team/225/12080,842,USA South,3,2015,12080,NA
225,Ferrum,/team/225/11620,842,USA South,3,2014,11620,NA
225,Ferrum,/team/225/11320,842,USA South,3,2013,11320,NA
225,Ferrum,/team/225/10942,842,USA South,3,2012,10942,NA
225,Ferrum,/team/225/10561,842,USA South,3,2011,10561,NA
225,Ferrum,/team/225/10240,842,USA South,3,2010,10240,NA
30032,Finlandia,/team/30032/16580,1473,WIAC,3,2024,16580,NA
30032,Finlandia,/team/30032/16340,1473,WIAC,3,2023,16340,NA
30032,Finlandia,/team/30032/15860,1473,WIAC,3,2022,15860,NA
30032,Finlandia,/team/30032/15580,1473,WIAC,3,2021,15580,NA
30032,Finlandia,/team/30032/15204,1473,WIAC,3,2020,15204,NA
30032,Finlandia,/team/30032/14781,1473,WIAC,3,2019,14781,NA
30032,Finlandia,/team/30032/12973,834,CUNYAC,3,2018,12973,NA
30032,Finlandia,/team/30032/12560,99020,DIII Independent,3,2017,12560,NA
30032,Finlandia,/team/30032/12360,99020,DIII Independent,3,2016,12360,NA
30032,Finlandia,/team/30032/12080,26388,Division III Independents,3,2015,12080,NA
30032,Finlandia,/team/30032/11620,26388,Division III Independents,3,2014,11620,NA
30032,Finlandia,/team/30032/11320,26388,Division III Independents,3,2013,11320,NA
30032,Finlandia,/team/30032/10942,26388,Division III Independents,3,2012,10942,NA
30032,Finlandia,/team/30032/10561,26388,Division III Independents,3,2011,10561,NA
30032,Finlandia,/team/30032/10240,26388,Division III Independents,3,2010,10240,NA
227,Fitchburg St.,/teams/615209,870,MASCAC,3,2026,17040,615209
227,Fitchburg St.,/teams/597280,870,MASCAC,3,2025,16840,597280
227,Fitchburg St.,/team/227/16580,870,MASCAC,3,2024,16580,NA
227,Fitchburg St.,/team/227/16340,870,MASCAC,3,2023,16340,NA
227,Fitchburg St.,/team/227/15860,870,MASCAC,3,2022,15860,NA
227,Fitchburg St.,/team/227/15580,870,MASCAC,3,2021,15580,NA
227,Fitchburg St.,/team/227/15204,870,MASCAC,3,2020,15204,NA
227,Fitchburg St.,/team/227/14781,870,MASCAC,3,2019,14781,NA
227,Fitchburg St.,/team/227/12973,870,MASCAC,3,2018,12973,NA
227,Fitchburg St.,/team/227/12560,870,MASCAC,3,2017,12560,NA
227,Fitchburg St.,/team/227/12360,870,MASCAC,3,2016,12360,NA
227,Fitchburg St.,/team/227/12080,870,MASCAC,3,2015,12080,NA
227,Fitchburg St.,/team/227/11620,870,MASCAC,3,2014,11620,NA
227,Fitchburg St.,/team/227/11320,870,MASCAC,3,2013,11320,NA
227,Fitchburg St.,/team/227/10942,870,MASCAC,3,2012,10942,NA
227,Fitchburg St.,/team/227/10561,870,MASCAC,3,2011,10561,NA
227,Fitchburg St.,/team/227/10240,870,MASCAC,3,2010,10240,NA
11538,Fontbonne,/teams/597160,12974,SLIAC,3,2025,16840,597160
11538,Fontbonne,/team/11538/16580,12974,SLIAC,3,2024,16580,NA
11538,Fontbonne,/team/11538/16340,12974,SLIAC,3,2023,16340,NA
11538,Fontbonne,/team/11538/15860,12974,SLIAC,3,2022,15860,NA
11538,Fontbonne,/team/11538/15580,12974,SLIAC,3,2021,15580,NA
11538,Fontbonne,/team/11538/15204,12974,SLIAC,3,2020,15204,NA
11538,Fontbonne,/team/11538/14781,12974,SLIAC,3,2019,14781,NA
11538,Fontbonne,/team/11538/12973,12974,SLIAC,3,2018,12973,NA
11538,Fontbonne,/team/11538/12560,12974,SLIAC,3,2017,12560,NA
11538,Fontbonne,/team/11538/12360,12974,SLIAC,3,2016,12360,NA
11538,Fontbonne,/team/11538/12080,12974,SLIAC,3,2015,12080,NA
11538,Fontbonne,/team/11538/11620,12974,SLIAC,3,2014,11620,NA
11538,Fontbonne,/team/11538/11320,12974,SLIAC,3,2013,11320,NA
11538,Fontbonne,/team/11538/10942,12974,SLIAC,3,2012,10942,NA
11538,Fontbonne,/team/11538/10561,12974,SLIAC,3,2011,10561,NA
11538,Fontbonne,/team/11538/10240,12974,SLIAC,3,2010,10240,NA
238,Framingham St.,/teams/615210,870,MASCAC,3,2026,17040,615210
238,Framingham St.,/teams/597281,870,MASCAC,3,2025,16840,597281
238,Framingham St.,/team/238/16580,870,MASCAC,3,2024,16580,NA
238,Framingham St.,/team/238/16340,870,MASCAC,3,2023,16340,NA
238,Framingham St.,/team/238/15860,870,MASCAC,3,2022,15860,NA
238,Framingham St.,/team/238/15580,870,MASCAC,3,2021,15580,NA
238,Framingham St.,/team/238/15204,870,MASCAC,3,2020,15204,NA
238,Framingham St.,/team/238/14781,870,MASCAC,3,2019,14781,NA
238,Framingham St.,/team/238/12973,870,MASCAC,3,2018,12973,NA
238,Framingham St.,/team/238/12560,870,MASCAC,3,2017,12560,NA
238,Framingham St.,/team/238/12360,870,MASCAC,3,2016,12360,NA
238,Framingham St.,/team/238/12080,870,MASCAC,3,2015,12080,NA
238,Framingham St.,/team/238/11620,870,MASCAC,3,2014,11620,NA
238,Framingham St.,/team/238/11320,870,MASCAC,3,2013,11320,NA
238,Framingham St.,/team/238/10942,870,MASCAC,3,2012,10942,NA
238,Framingham St.,/team/238/10561,870,MASCAC,3,2011,10561,NA
238,Framingham St.,/team/238/10240,870,MASCAC,3,2010,10240,NA
30069,Franciscan,/teams/615279,907,PAC,3,2026,17040,615279
30069,Franciscan,/teams/597350,907,PAC,3,2025,16840,597350
30069,Franciscan,/team/30069/16580,907,PAC,3,2024,16580,NA
30069,Franciscan,/team/30069/16340,907,PAC,3,2023,16340,NA
30069,Franciscan,/team/30069/15860,907,PAC,3,2022,15860,NA
30069,Franciscan,/team/30069/15580,907,PAC,3,2021,15580,NA
30069,Franciscan,/team/30069/15204,30022,AMCC,3,2020,15204,NA
30069,Franciscan,/team/30069/10942,30022,AMCC,3,2012,10942,NA
30069,Franciscan,/team/30069/10561,30022,AMCC,3,2011,10561,NA
30069,Franciscan,/team/30069/10240,30022,AMCC,3,2010,10240,NA
2694,Franklin,/teams/615453,9174,HCAC,3,2026,17040,615453
2694,Franklin,/teams/597141,9174,HCAC,3,2025,16840,597141
2694,Franklin,/team/2694/16580,9174,HCAC,3,2024,16580,NA
2694,Franklin,/team/2694/16340,9174,HCAC,3,2023,16340,NA
2694,Franklin,/team/2694/15860,9174,HCAC,3,2022,15860,NA
2694,Franklin,/team/2694/15580,9174,HCAC,3,2021,15580,NA
2694,Franklin,/team/2694/15204,9174,HCAC,3,2020,15204,NA
2694,Franklin,/team/2694/14781,9174,HCAC,3,2019,14781,NA
2694,Franklin,/team/2694/12973,9174,HCAC,3,2018,12973,NA
2694,Franklin,/team/2694/12560,9174,HCAC,3,2017,12560,NA
2694,Franklin,/team/2694/12360,9174,HCAC,3,2016,12360,NA
2694,Franklin,/team/2694/12080,9174,HCAC,3,2015,12080,NA
2694,Franklin,/team/2694/11620,9174,HCAC,3,2014,11620,NA
2694,Franklin,/team/2694/11320,9174,HCAC,3,2013,11320,NA
2694,Franklin,/team/2694/10942,9174,HCAC,3,2012,10942,NA
2694,Franklin,/team/2694/10561,9174,HCAC,3,2011,10561,NA
2694,Franklin,/team/2694/10240,9174,HCAC,3,2010,10240,NA
239,Franklin & Marshall,/teams/615211,9683,Centennial,3,2026,17040,615211
239,Franklin & Marshall,/teams/597282,9683,Centennial,3,2025,16840,597282
239,Franklin & Marshall,/team/239/16580,9683,Centennial,3,2024,16580,NA
239,Franklin & Marshall,/team/239/16340,9683,Centennial,3,2023,16340,NA
239,Franklin & Marshall,/team/239/15860,9683,Centennial,3,2022,15860,NA
239,Franklin & Marshall,/team/239/15580,9683,Centennial,3,2021,15580,NA
239,Franklin & Marshall,/team/239/15204,9683,Centennial,3,2020,15204,NA
239,Franklin & Marshall,/team/239/14781,9683,Centennial,3,2019,14781,NA
239,Franklin & Marshall,/team/239/12973,9683,Centennial,3,2018,12973,NA
239,Franklin & Marshall,/team/239/12560,9683,Centennial,3,2017,12560,NA
239,Franklin & Marshall,/team/239/12360,9683,Centennial,3,2016,12360,NA
239,Franklin & Marshall,/team/239/12080,9683,Centennial,3,2015,12080,NA
239,Franklin & Marshall,/team/239/11620,9683,Centennial,3,2014,11620,NA
239,Franklin & Marshall,/team/239/11320,9683,Centennial,3,2013,11320,NA
239,Franklin & Marshall,/team/239/10942,9683,Centennial,3,2012,10942,NA
239,Franklin & Marshall,/team/239/10561,9683,Centennial,3,2011,10561,NA
239,Franklin & Marshall,/team/239/10240,9683,Centennial,3,2010,10240,NA
242,Fredonia,/teams/615212,917,SUNYAC,3,2026,17040,615212
242,Fredonia,/teams/597283,917,SUNYAC,3,2025,16840,597283
242,Fredonia,/team/242/16580,917,SUNYAC,3,2024,16580,NA
242,Fredonia,/team/242/16340,917,SUNYAC,3,2023,16340,NA
242,Fredonia,/team/242/15860,917,SUNYAC,3,2022,15860,NA
242,Fredonia,/team/242/15580,917,SUNYAC,3,2021,15580,NA
242,Fredonia,/team/242/15204,917,SUNYAC,3,2020,15204,NA
242,Fredonia,/team/242/14781,917,SUNYAC,3,2019,14781,NA
242,Fredonia,/team/242/12973,917,SUNYAC,3,2018,12973,NA
242,Fredonia,/team/242/12560,917,SUNYAC,3,2017,12560,NA
242,Fredonia,/team/242/12360,917,SUNYAC,3,2016,12360,NA
242,Fredonia,/team/242/12080,917,SUNYAC,3,2015,12080,NA
242,Fredonia,/team/242/11620,917,SUNYAC,3,2014,11620,NA
242,Fredonia,/team/242/11320,917,SUNYAC,3,2013,11320,NA
242,Fredonia,/team/242/10942,917,SUNYAC,3,2012,10942,NA
242,Fredonia,/team/242/10561,917,SUNYAC,3,2011,10561,NA
242,Fredonia,/team/242/10240,917,SUNYAC,3,2010,10240,NA
243,Frostburg St.,/team/243/14781,15810,C2C,3,2019,14781,NA
243,Frostburg St.,/team/243/12973,15810,C2C,3,2018,12973,NA
243,Frostburg St.,/team/243/12560,15810,C2C,3,2017,12560,NA
243,Frostburg St.,/team/243/12360,15810,C2C,3,2016,12360,NA
243,Frostburg St.,/team/243/12080,15810,C2C,3,2015,12080,NA
243,Frostburg St.,/team/243/11620,15810,C2C,3,2014,11620,NA
243,Frostburg St.,/team/243/11320,15810,C2C,3,2013,11320,NA
243,Frostburg St.,/team/243/10942,15810,C2C,3,2012,10942,NA
243,Frostburg St.,/team/243/10561,15810,C2C,3,2011,10561,NA
243,Frostburg St.,/team/243/10240,30022,AMCC,3,2010,10240,NA
245,Gallaudet,/team/245/16580,30071,United East,3,2024,16580,NA
245,Gallaudet,/team/245/16340,30071,United East,3,2023,16340,NA
245,Gallaudet,/team/245/15860,30071,United East,3,2022,15860,NA
245,Gallaudet,/team/245/15580,30071,United East,3,2021,15580,NA
245,Gallaudet,/team/245/15204,30071,United East,3,2020,15204,NA
245,Gallaudet,/team/245/14781,30071,United East,3,2019,14781,NA
245,Gallaudet,/team/245/12973,30071,United East,3,2018,12973,NA
245,Gallaudet,/team/245/12560,30071,United East,3,2017,12560,NA
245,Gallaudet,/team/245/12360,30071,United East,3,2016,12360,NA
245,Gallaudet,/team/245/12080,30071,United East,3,2015,12080,NA
245,Gallaudet,/team/245/11620,30071,United East,3,2014,11620,NA
245,Gallaudet,/team/245/11320,30071,United East,3,2013,11320,NA
245,Gallaudet,/team/245/10942,30071,United East,3,2012,10942,NA
245,Gallaudet,/team/245/10561,30071,United East,3,2011,10561,NA
245,Gallaudet,/team/245/10240,15810,C2C,3,2010,10240,NA
30084,Geneva,/teams/615127,907,PAC,3,2026,17040,615127
30084,Geneva,/teams/597197,907,PAC,3,2025,16840,597197
30084,Geneva,/team/30084/16580,907,PAC,3,2024,16580,NA
30084,Geneva,/team/30084/16340,907,PAC,3,2023,16340,NA
30084,Geneva,/team/30084/15860,907,PAC,3,2022,15860,NA
30084,Geneva,/team/30084/15580,907,PAC,3,2021,15580,NA
30084,Geneva,/team/30084/15204,907,PAC,3,2020,15204,NA
30084,Geneva,/team/30084/14781,907,PAC,3,2019,14781,NA
30084,Geneva,/team/30084/12973,907,PAC,3,2018,12973,NA
30084,Geneva,/team/30084/12560,907,PAC,3,2017,12560,NA
30084,Geneva,/team/30084/12360,907,PAC,3,2016,12360,NA
30084,Geneva,/team/30084/12080,907,PAC,3,2015,12080,NA
30084,Geneva,/team/30084/11620,907,PAC,3,2014,11620,NA
30084,Geneva,/team/30084/11320,907,PAC,3,2013,11320,NA
30084,Geneva,/team/30084/10942,907,PAC,3,2012,10942,NA
30084,Geneva,/team/30084/10561,907,PAC,3,2011,10561,NA
30084,Geneva,/team/30084/10240,907,PAC,3,2010,10240,NA
1094,George Fox,/teams/615420,25300,NWC,3,2026,17040,615420
1094,George Fox,/teams/597108,25300,NWC,3,2025,16840,597108
1094,George Fox,/team/1094/16580,25300,NWC,3,2024,16580,NA
1094,George Fox,/team/1094/16340,25300,NWC,3,2023,16340,NA
1094,George Fox,/team/1094/15860,25300,NWC,3,2022,15860,NA
1094,George Fox,/team/1094/15580,25300,NWC,3,2021,15580,NA
1094,George Fox,/team/1094/15204,25300,NWC,3,2020,15204,NA
1094,George Fox,/team/1094/14781,25300,NWC,3,2019,14781,NA
1094,George Fox,/team/1094/12973,25300,NWC,3,2018,12973,NA
1094,George Fox,/team/1094/12560,25300,NWC,3,2017,12560,NA
1094,George Fox,/team/1094/12360,25300,NWC,3,2016,12360,NA
1094,George Fox,/team/1094/12080,25300,NWC,3,2015,12080,NA
1094,George Fox,/team/1094/11620,25300,NWC,3,2014,11620,NA
1094,George Fox,/team/1094/11320,25300,NWC,3,2013,11320,NA
1094,George Fox,/team/1094/10942,25300,NWC,3,2012,10942,NA
1094,George Fox,/team/1094/10561,25300,NWC,3,2011,10561,NA
1094,George Fox,/team/1094/10240,25300,NWC,3,2010,10240,NA
30161,Georgetown (KY),/team/30161/11320,0,Independent,3,2013,11320,NA
30161,Georgetown (KY),/team/30161/10942,0,Independent,3,2012,10942,NA
258,Gettysburg,/teams/615213,9683,Centennial,3,2026,17040,615213
258,Gettysburg,/teams/597284,9683,Centennial,3,2025,16840,597284
258,Gettysburg,/team/258/16580,9683,Centennial,3,2024,16580,NA
258,Gettysburg,/team/258/16340,9683,Centennial,3,2023,16340,NA
258,Gettysburg,/team/258/15860,9683,Centennial,3,2022,15860,NA
258,Gettysburg,/team/258/15580,9683,Centennial,3,2021,15580,NA
258,Gettysburg,/team/258/15204,9683,Centennial,3,2020,15204,NA
258,Gettysburg,/team/258/14781,9683,Centennial,3,2019,14781,NA
258,Gettysburg,/team/258/12973,9683,Centennial,3,2018,12973,NA
258,Gettysburg,/team/258/12560,9683,Centennial,3,2017,12560,NA
258,Gettysburg,/team/258/12360,9683,Centennial,3,2016,12360,NA
258,Gettysburg,/team/258/12080,9683,Centennial,3,2015,12080,NA
258,Gettysburg,/team/258/11620,9683,Centennial,3,2014,11620,NA
258,Gettysburg,/team/258/11320,9683,Centennial,3,2013,11320,NA
258,Gettysburg,/team/258/10942,9683,Centennial,3,2012,10942,NA
258,Gettysburg,/team/258/10561,9683,Centennial,3,2011,10561,NA
258,Gettysburg,/team/258/10240,9683,Centennial,3,2010,10240,NA
1099,Gordon,/teams/615421,839,CNE,3,2026,17040,615421
1099,Gordon,/teams/597109,839,CNE,3,2025,16840,597109
1099,Gordon,/team/1099/16580,839,CCC,3,2024,16580,NA
1099,Gordon,/team/1099/16340,839,CCC,3,2023,16340,NA
1099,Gordon,/team/1099/15860,839,CCC,3,2022,15860,NA
1099,Gordon,/team/1099/15580,839,CCC,3,2021,15580,NA
1099,Gordon,/team/1099/15204,839,CCC,3,2020,15204,NA
1099,Gordon,/team/1099/14781,839,CCC,3,2019,14781,NA
1099,Gordon,/team/1099/12973,839,CCC,3,2018,12973,NA
1099,Gordon,/team/1099/12560,839,CCC,3,2017,12560,NA
1099,Gordon,/team/1099/12360,839,CCC,3,2016,12360,NA
1099,Gordon,/team/1099/12080,839,CCC,3,2015,12080,NA
1099,Gordon,/team/1099/11620,839,CCC,3,2014,11620,NA
1099,Gordon,/team/1099/11320,839,CCC,3,2013,11320,NA
1099,Gordon,/team/1099/10942,839,CCC,3,2012,10942,NA
1099,Gordon,/team/1099/10561,839,CCC,3,2011,10561,NA
1099,Gordon,/team/1099/10240,839,CCC,3,2010,10240,NA
263,Greensboro,/teams/615215,842,USA South,3,2026,17040,615215
263,Greensboro,/teams/597286,842,USA South,3,2025,16840,597286
263,Greensboro,/team/263/16580,842,USA South,3,2024,16580,NA
263,Greensboro,/team/263/16340,842,USA South,3,2023,16340,NA
263,Greensboro,/team/263/15860,842,USA South,3,2022,15860,NA
263,Greensboro,/team/263/15580,842,USA South,3,2021,15580,NA
263,Greensboro,/team/263/15204,842,USA South,3,2020,15204,NA
263,Greensboro,/team/263/14781,842,USA South,3,2019,14781,NA
263,Greensboro,/team/263/12973,842,USA South,3,2018,12973,NA
263,Greensboro,/team/263/12560,842,USA South,3,2017,12560,NA
263,Greensboro,/team/263/12360,842,USA South,3,2016,12360,NA
263,Greensboro,/team/263/12080,842,USA South,3,2015,12080,NA
263,Greensboro,/team/263/11620,842,USA South,3,2014,11620,NA
263,Greensboro,/team/263/11320,842,USA South,3,2013,11320,NA
263,Greensboro,/team/263/10942,842,USA South,3,2012,10942,NA
263,Greensboro,/team/263/10561,842,USA South,3,2011,10561,NA
263,Greensboro,/team/263/10240,842,USA South,3,2010,10240,NA
1111,Greenville,/teams/615422,12974,SLIAC,3,2026,17040,615422
1111,Greenville,/teams/597110,12974,SLIAC,3,2025,16840,597110
1111,Greenville,/team/1111/16580,12974,SLIAC,3,2024,16580,NA
1111,Greenville,/team/1111/16340,12974,SLIAC,3,2023,16340,NA
1111,Greenville,/team/1111/15860,12974,SLIAC,3,2022,15860,NA
1111,Greenville,/team/1111/15580,12974,SLIAC,3,2021,15580,NA
1111,Greenville,/team/1111/15204,12974,SLIAC,3,2020,15204,NA
1111,Greenville,/team/1111/14781,12974,SLIAC,3,2019,14781,NA
1111,Greenville,/team/1111/12973,12974,SLIAC,3,2018,12973,NA
1111,Greenville,/team/1111/12560,12974,SLIAC,3,2017,12560,NA
1111,Greenville,/team/1111/12360,12974,SLIAC,3,2016,12360,NA
1111,Greenville,/team/1111/12080,12974,SLIAC,3,2015,12080,NA
1111,Greenville,/team/1111/11620,12974,SLIAC,3,2014,11620,NA
1111,Greenville,/team/1111/11320,12974,SLIAC,3,2013,11320,NA
1111,Greenville,/team/1111/10942,12974,SLIAC,3,2012,10942,NA
1111,Greenville,/team/1111/10561,12974,SLIAC,3,2011,10561,NA
1111,Greenville,/team/1111/10240,12974,SLIAC,3,2010,10240,NA
264,Grinnell,/teams/615216,23119,MWC,3,2026,17040,615216
264,Grinnell,/teams/597287,23119,MWC,3,2025,16840,597287
264,Grinnell,/team/264/16580,23119,MWC,3,2024,16580,NA
264,Grinnell,/team/264/16340,23119,MWC,3,2023,16340,NA
264,Grinnell,/team/264/15860,23119,MWC,3,2022,15860,NA
264,Grinnell,/team/264/15580,23119,MWC,3,2021,15580,NA
264,Grinnell,/team/264/15204,23119,MWC,3,2020,15204,NA
264,Grinnell,/team/264/14781,23119,MWC,3,2019,14781,NA
264,Grinnell,/team/264/12973,23119,MWC,3,2018,12973,NA
264,Grinnell,/team/264/12560,23119,MWC,3,2017,12560,NA
264,Grinnell,/team/264/12360,23119,MWC,3,2016,12360,NA
264,Grinnell,/team/264/12080,23119,MWC,3,2015,12080,NA
264,Grinnell,/team/264/11620,23119,MWC,3,2014,11620,NA
264,Grinnell,/team/264/11320,23119,MWC,3,2013,11320,NA
264,Grinnell,/team/264/10942,23119,MWC,3,2012,10942,NA
264,Grinnell,/team/264/10561,23119,MWC,3,2011,10561,NA
264,Grinnell,/team/264/10240,23119,MWC,3,2010,10240,NA
265,Grove City,/teams/615217,907,PAC,3,2026,17040,615217
265,Grove City,/teams/597288,907,PAC,3,2025,16840,597288
265,Grove City,/team/265/16580,907,PAC,3,2024,16580,NA
265,Grove City,/team/265/16340,907,PAC,3,2023,16340,NA
265,Grove City,/team/265/15860,907,PAC,3,2022,15860,NA
265,Grove City,/team/265/15580,907,PAC,3,2021,15580,NA
265,Grove City,/team/265/15204,907,PAC,3,2020,15204,NA
265,Grove City,/team/265/14781,907,PAC,3,2019,14781,NA
265,Grove City,/team/265/12973,907,PAC,3,2018,12973,NA
265,Grove City,/team/265/12560,907,PAC,3,2017,12560,NA
265,Grove City,/team/265/12360,907,PAC,3,2016,12360,NA
265,Grove City,/team/265/12080,907,PAC,3,2015,12080,NA
265,Grove City,/team/265/11620,907,PAC,3,2014,11620,NA
265,Grove City,/team/265/11320,907,PAC,3,2013,11320,NA
265,Grove City,/team/265/10942,907,PAC,3,2012,10942,NA
265,Grove City,/team/265/10561,907,PAC,3,2011,10561,NA
265,Grove City,/team/265/10240,907,PAC,3,2010,10240,NA
1112,Guilford,/teams/615423,903,ODAC,3,2026,17040,615423
1112,Guilford,/teams/597111,903,ODAC,3,2025,16840,597111
1112,Guilford,/team/1112/16580,903,ODAC,3,2024,16580,NA
1112,Guilford,/team/1112/16340,903,ODAC,3,2023,16340,NA
1112,Guilford,/team/1112/15860,903,ODAC,3,2022,15860,NA
1112,Guilford,/team/1112/15580,903,ODAC,3,2021,15580,NA
1112,Guilford,/team/1112/15204,903,ODAC,3,2020,15204,NA
1112,Guilford,/team/1112/14781,903,ODAC,3,2019,14781,NA
1112,Guilford,/team/1112/12973,903,ODAC,3,2018,12973,NA
1112,Guilford,/team/1112/12560,903,ODAC,3,2017,12560,NA
1112,Guilford,/team/1112/12360,903,ODAC,3,2016,12360,NA
1112,Guilford,/team/1112/12080,903,ODAC,3,2015,12080,NA
1112,Guilford,/team/1112/11620,903,ODAC,3,2014,11620,NA
1112,Guilford,/team/1112/11320,903,ODAC,3,2013,11320,NA
1112,Guilford,/team/1112/10942,903,ODAC,3,2012,10942,NA
1112,Guilford,/team/1112/10561,903,ODAC,3,2011,10561,NA
1112,Guilford,/team/1112/10240,903,ODAC,3,2010,10240,NA
266,Gust. Adolphus,/team/266/16580,882,MIAC,3,2024,16580,NA
266,Gust. Adolphus,/team/266/16340,882,MIAC,3,2023,16340,NA
266,Gust. Adolphus,/team/266/15860,882,MIAC,3,2022,15860,NA
266,Gust. Adolphus,/team/266/15580,882,MIAC,3,2021,15580,NA
266,Gust. Adolphus,/team/266/15204,882,MIAC,3,2020,15204,NA
266,Gust. Adolphus,/team/266/14781,882,MIAC,3,2019,14781,NA
266,Gust. Adolphus,/team/266/12973,882,MIAC,3,2018,12973,NA
266,Gust. Adolphus,/team/266/12560,882,MIAC,3,2017,12560,NA
266,Gust. Adolphus,/team/266/12360,882,MIAC,3,2016,12360,NA
266,Gust. Adolphus,/team/266/12080,882,MIAC,3,2015,12080,NA
266,Gust. Adolphus,/team/266/11620,882,MIAC,3,2014,11620,NA
266,Gust. Adolphus,/team/266/11320,882,MIAC,3,2013,11320,NA
266,Gust. Adolphus,/team/266/10942,882,MIAC,3,2012,10942,NA
266,Gust. Adolphus,/team/266/10561,882,MIAC,3,2011,10561,NA
266,Gust. Adolphus,/team/266/10240,882,MIAC,3,2010,10240,NA
NA,Gustavus Adolphus,/teams/615218,882,MIAC,3,2026,17040,615218
NA,Gustavus Adolphus,/teams/597289,882,MIAC,3,2025,16840,597289
12399,Gwynedd Mercy,/teams/615474,30233,Atlantic East,3,2026,17040,615474
12399,Gwynedd Mercy,/teams/597162,30233,Atlantic East,3,2025,16840,597162
12399,Gwynedd Mercy,/team/12399/16580,30233,Atlantic East,3,2024,16580,NA
12399,Gwynedd Mercy,/team/12399/16340,30233,Atlantic East,3,2023,16340,NA
12399,Gwynedd Mercy,/team/12399/15860,30233,Atlantic East,3,2022,15860,NA
12399,Gwynedd Mercy,/team/12399/15580,30233,Atlantic East,3,2021,15580,NA
12399,Gwynedd Mercy,/team/12399/15204,30233,Atlantic East,3,2020,15204,NA
12399,Gwynedd Mercy,/team/12399/14781,30233,Atlantic East,3,2019,14781,NA
12399,Gwynedd Mercy,/team/12399/12973,21062,CSAC,3,2018,12973,NA
12399,Gwynedd Mercy,/team/12399/12560,21062,CSAC,3,2017,12560,NA
12399,Gwynedd Mercy,/team/12399/12360,21062,CSAC,3,2016,12360,NA
12399,Gwynedd Mercy,/team/12399/12080,21062,CSAC,3,2015,12080,NA
12399,Gwynedd Mercy,/team/12399/11620,21062,CSAC,3,2014,11620,NA
12399,Gwynedd Mercy,/team/12399/11320,21062,CSAC,3,2013,11320,NA
12399,Gwynedd Mercy,/team/12399/10942,21062,CSAC,3,2012,10942,NA
12399,Gwynedd Mercy,/team/12399/10561,21062,CSAC,3,2011,10561,NA
12399,Gwynedd Mercy,/team/12399/10240,21062,CSAC,3,2010,10240,NA
267,Hamilton,/teams/615219,12817,NESCAC,3,2026,17040,615219
267,Hamilton,/teams/597290,12817,NESCAC,3,2025,16840,597290
267,Hamilton,/team/267/16580,12817,NESCAC,3,2024,16580,NA
267,Hamilton,/team/267/16340,12817,NESCAC,3,2023,16340,NA
267,Hamilton,/team/267/15860,12817,NESCAC,3,2022,15860,NA
267,Hamilton,/team/267/15580,12817,NESCAC,3,2021,15580,NA
267,Hamilton,/team/267/15204,12817,NESCAC,3,2020,15204,NA
267,Hamilton,/team/267/14781,12817,NESCAC,3,2019,14781,NA
267,Hamilton,/team/267/12973,12817,NESCAC,3,2018,12973,NA
267,Hamilton,/team/267/12560,12817,NESCAC,3,2017,12560,NA
267,Hamilton,/team/267/12360,12817,NESCAC,3,2016,12360,NA
267,Hamilton,/team/267/12080,12817,NESCAC,3,2015,12080,NA
267,Hamilton,/team/267/11620,12817,NESCAC,3,2014,11620,NA
267,Hamilton,/team/267/11320,12817,NESCAC,3,2013,11320,NA
267,Hamilton,/team/267/10942,12817,NESCAC,3,2012,10942,NA
267,Hamilton,/team/267/10561,12817,NESCAC,3,2011,10561,NA
267,Hamilton,/team/267/10240,12817,NESCAC,3,2010,10240,NA
268,Hamline,/teams/615220,882,MIAC,3,2026,17040,615220
268,Hamline,/teams/597291,882,MIAC,3,2025,16840,597291
268,Hamline,/team/268/16580,882,MIAC,3,2024,16580,NA
268,Hamline,/team/268/16340,882,MIAC,3,2023,16340,NA
268,Hamline,/team/268/15860,882,MIAC,3,2022,15860,NA
268,Hamline,/team/268/15580,882,MIAC,3,2021,15580,NA
268,Hamline,/team/268/15204,882,MIAC,3,2020,15204,NA
268,Hamline,/team/268/14781,882,MIAC,3,2019,14781,NA
268,Hamline,/team/268/12973,882,MIAC,3,2018,12973,NA
268,Hamline,/team/268/12560,882,MIAC,3,2017,12560,NA
268,Hamline,/team/268/12360,882,MIAC,3,2016,12360,NA
268,Hamline,/team/268/12080,882,MIAC,3,2015,12080,NA
268,Hamline,/team/268/11620,882,MIAC,3,2014,11620,NA
268,Hamline,/team/268/11320,882,MIAC,3,2013,11320,NA
268,Hamline,/team/268/10942,882,MIAC,3,2012,10942,NA
268,Hamline,/team/268/10561,882,MIAC,3,2011,10561,NA
268,Hamline,/team/268/10240,882,MIAC,3,2010,10240,NA
269,Hampden-Sydney,/teams/615221,903,ODAC,3,2026,17040,615221
269,Hampden-Sydney,/teams/597292,903,ODAC,3,2025,16840,597292
269,Hampden-Sydney,/team/269/16580,903,ODAC,3,2024,16580,NA
269,Hampden-Sydney,/team/269/16340,903,ODAC,3,2023,16340,NA
269,Hampden-Sydney,/team/269/15860,903,ODAC,3,2022,15860,NA
269,Hampden-Sydney,/team/269/15580,903,ODAC,3,2021,15580,NA
269,Hampden-Sydney,/team/269/15204,903,ODAC,3,2020,15204,NA
269,Hampden-Sydney,/team/269/14781,903,ODAC,3,2019,14781,NA
269,Hampden-Sydney,/team/269/12973,903,ODAC,3,2018,12973,NA
269,Hampden-Sydney,/team/269/12560,903,ODAC,3,2017,12560,NA
269,Hampden-Sydney,/team/269/12360,903,ODAC,3,2016,12360,NA
269,Hampden-Sydney,/team/269/12080,903,ODAC,3,2015,12080,NA
269,Hampden-Sydney,/team/269/11620,903,ODAC,3,2014,11620,NA
269,Hampden-Sydney,/team/269/11320,903,ODAC,3,2013,11320,NA
269,Hampden-Sydney,/team/269/10942,903,ODAC,3,2012,10942,NA
269,Hampden-Sydney,/team/269/10561,903,ODAC,3,2011,10561,NA
269,Hampden-Sydney,/team/269/10240,903,ODAC,3,2010,10240,NA
1115,Hanover,/teams/615424,9174,HCAC,3,2026,17040,615424
1115,Hanover,/teams/597112,9174,HCAC,3,2025,16840,597112
1115,Hanover,/team/1115/16580,9174,HCAC,3,2024,16580,NA
1115,Hanover,/team/1115/16340,9174,HCAC,3,2023,16340,NA
1115,Hanover,/team/1115/15860,9174,HCAC,3,2022,15860,NA
1115,Hanover,/team/1115/15580,9174,HCAC,3,2021,15580,NA
1115,Hanover,/team/1115/15204,9174,HCAC,3,2020,15204,NA
1115,Hanover,/team/1115/14781,9174,HCAC,3,2019,14781,NA
1115,Hanover,/team/1115/12973,9174,HCAC,3,2018,12973,NA
1115,Hanover,/team/1115/12560,9174,HCAC,3,2017,12560,NA
1115,Hanover,/team/1115/12360,9174,HCAC,3,2016,12360,NA
1115,Hanover,/team/1115/12080,9174,HCAC,3,2015,12080,NA
1115,Hanover,/team/1115/11620,9174,HCAC,3,2014,11620,NA
1115,Hanover,/team/1115/11320,9174,HCAC,3,2013,11320,NA
1115,Hanover,/team/1115/10942,9174,HCAC,3,2012,10942,NA
1115,Hanover,/team/1115/10561,9174,HCAC,3,2011,10561,NA
1115,Hanover,/team/1115/10240,9174,HCAC,3,2010,10240,NA
271,Hardin-Simmons,/teams/615222,14825,ASC,3,2026,17040,615222
271,Hardin-Simmons,/teams/597293,14825,ASC,3,2025,16840,597293
271,Hardin-Simmons,/team/271/16580,14825,ASC,3,2024,16580,NA
271,Hardin-Simmons,/team/271/16340,14825,ASC,3,2023,16340,NA
271,Hardin-Simmons,/team/271/15860,14825,ASC,3,2022,15860,NA
271,Hardin-Simmons,/team/271/15580,14825,ASC,3,2021,15580,NA
271,Hardin-Simmons,/team/271/15204,14825,ASC,3,2020,15204,NA
271,Hardin-Simmons,/team/271/14781,14825,ASC,3,2019,14781,NA
271,Hardin-Simmons,/team/271/12973,14825,ASC,3,2018,12973,NA
271,Hardin-Simmons,/team/271/12560,14825,ASC,3,2017,12560,NA
271,Hardin-Simmons,/team/271/12360,14825,ASC,3,2016,12360,NA
271,Hardin-Simmons,/team/271/12080,14825,ASC,3,2015,12080,NA
271,Hardin-Simmons,/team/271/11620,14825,ASC,3,2014,11620,NA
271,Hardin-Simmons,/team/271/11320,14825,ASC,3,2013,11320,NA
271,Hardin-Simmons,/team/271/10942,14825,ASC,3,2012,10942,NA
271,Hardin-Simmons,/team/271/10561,14825,ASC,3,2011,10561,NA
271,Hardin-Simmons,/team/271/10240,14825,ASC,3,2010,10240,NA
272,Hartford,/teams/615293,839,CNE,3,2026,17040,615293
272,Hartford,/teams/596977,839,CNE,3,2025,16840,596977
272,Hartford,/team/272/16580,99020,DIII Independent,3,2024,16580,NA
276,Haverford,/teams/615223,9683,Centennial,3,2026,17040,615223
276,Haverford,/teams/597294,9683,Centennial,3,2025,16840,597294
276,Haverford,/team/276/16580,9683,Centennial,3,2024,16580,NA
276,Haverford,/team/276/16340,9683,Centennial,3,2023,16340,NA
276,Haverford,/team/276/15860,9683,Centennial,3,2022,15860,NA
276,Haverford,/team/276/15580,9683,Centennial,3,2021,15580,NA
276,Haverford,/team/276/15204,9683,Centennial,3,2020,15204,NA
276,Haverford,/team/276/14781,9683,Centennial,3,2019,14781,NA
276,Haverford,/team/276/12973,9683,Centennial,3,2018,12973,NA
276,Haverford,/team/276/12560,9683,Centennial,3,2017,12560,NA
276,Haverford,/team/276/12360,9683,Centennial,3,2016,12360,NA
276,Haverford,/team/276/12080,9683,Centennial,3,2015,12080,NA
276,Haverford,/team/276/11620,9683,Centennial,3,2014,11620,NA
276,Haverford,/team/276/11320,9683,Centennial,3,2013,11320,NA
276,Haverford,/team/276/10942,9683,Centennial,3,2012,10942,NA
276,Haverford,/team/276/10561,9683,Centennial,3,2011,10561,NA
276,Haverford,/team/276/10240,9683,Centennial,3,2010,10240,NA
278,Heidelberg,/teams/615224,901,OAC,3,2026,17040,615224
278,Heidelberg,/teams/597295,901,OAC,3,2025,16840,597295
278,Heidelberg,/team/278/16580,901,OAC,3,2024,16580,NA
278,Heidelberg,/team/278/16340,901,OAC,3,2023,16340,NA
278,Heidelberg,/team/278/15860,901,OAC,3,2022,15860,NA
278,Heidelberg,/team/278/15580,901,OAC,3,2021,15580,NA
278,Heidelberg,/team/278/15204,901,OAC,3,2020,15204,NA
278,Heidelberg,/team/278/14781,901,OAC,3,2019,14781,NA
278,Heidelberg,/team/278/12973,901,OAC,3,2018,12973,NA
278,Heidelberg,/team/278/12560,901,OAC,3,2017,12560,NA
278,Heidelberg,/team/278/12360,901,OAC,3,2016,12360,NA
278,Heidelberg,/team/278/12080,901,OAC,3,2015,12080,NA
278,Heidelberg,/team/278/11620,901,OAC,3,2014,11620,NA
278,Heidelberg,/team/278/11320,901,OAC,3,2013,11320,NA
278,Heidelberg,/team/278/10942,901,OAC,3,2012,10942,NA
278,Heidelberg,/team/278/10561,901,OAC,3,2011,10561,NA
278,Heidelberg,/team/278/10240,901,OAC,3,2010,10240,NA
1124,Hendrix,/teams/615425,835,SCAC,3,2026,17040,615425
1124,Hendrix,/teams/597113,30169,SAA,3,2025,16840,597113
1124,Hendrix,/team/1124/16580,30169,SAA,3,2024,16580,NA
1124,Hendrix,/team/1124/16340,30169,SAA,3,2023,16340,NA
1124,Hendrix,/team/1124/15860,30169,SAA,3,2022,15860,NA
1124,Hendrix,/team/1124/15580,30169,SAA,3,2021,15580,NA
1124,Hendrix,/team/1124/15204,30169,SAA,3,2020,15204,NA
1124,Hendrix,/team/1124/14781,30169,SAA,3,2019,14781,NA
1124,Hendrix,/team/1124/12973,30169,SAA,3,2018,12973,NA
1124,Hendrix,/team/1124/12560,30169,SAA,3,2017,12560,NA
1124,Hendrix,/team/1124/12360,30169,SAA,3,2016,12360,NA
1124,Hendrix,/team/1124/12080,30169,SAA,3,2015,12080,NA
1124,Hendrix,/team/1124/11620,835,SCAC,3,2014,11620,NA
1124,Hendrix,/team/1124/11320,835,SCAC,3,2013,11320,NA
1124,Hendrix,/team/1124/10942,835,SCAC,3,2012,10942,NA
1124,Hendrix,/team/1124/10561,835,SCAC,3,2011,10561,NA
1124,Hendrix,/team/1124/10240,835,SCAC,3,2010,10240,NA
8398,Hilbert,/teams/615459,30022,AMCC,3,2026,17040,615459
8398,Hilbert,/teams/597147,30022,AMCC,3,2025,16840,597147
8398,Hilbert,/team/8398/16580,30022,AMCC,3,2024,16580,NA
8398,Hilbert,/team/8398/16340,30022,AMCC,3,2023,16340,NA
8398,Hilbert,/team/8398/15860,30022,AMCC,3,2022,15860,NA
8398,Hilbert,/team/8398/15580,30022,AMCC,3,2021,15580,NA
8398,Hilbert,/team/8398/15204,30022,AMCC,3,2020,15204,NA
8398,Hilbert,/team/8398/14781,30022,AMCC,3,2019,14781,NA
8398,Hilbert,/team/8398/12973,30022,AMCC,3,2018,12973,NA
8398,Hilbert,/team/8398/12560,30022,AMCC,3,2017,12560,NA
8398,Hilbert,/team/8398/12360,30022,AMCC,3,2016,12360,NA
8398,Hilbert,/team/8398/12080,30022,AMCC,3,2015,12080,NA
8398,Hilbert,/team/8398/11620,30022,AMCC,3,2014,11620,NA
8398,Hilbert,/team/8398/11320,30022,AMCC,3,2013,11320,NA
8398,Hilbert,/team/8398/10942,30022,AMCC,3,2012,10942,NA
8398,Hilbert,/team/8398/10561,30022,AMCC,3,2011,10561,NA
8398,Hilbert,/team/8398/10240,30022,AMCC,3,2010,10240,NA
281,Hiram,/teams/615226,907,PAC,3,2026,17040,615226
281,Hiram,/teams/597297,897,NCAC,3,2025,16840,597297
281,Hiram,/team/281/16580,897,NCAC,3,2024,16580,NA
281,Hiram,/team/281/16340,897,NCAC,3,2023,16340,NA
281,Hiram,/team/281/15860,897,NCAC,3,2022,15860,NA
281,Hiram,/team/281/15580,897,NCAC,3,2021,15580,NA
281,Hiram,/team/281/15204,897,NCAC,3,2020,15204,NA
281,Hiram,/team/281/14781,897,NCAC,3,2019,14781,NA
281,Hiram,/team/281/12973,897,NCAC,3,2018,12973,NA
281,Hiram,/team/281/12560,897,NCAC,3,2017,12560,NA
281,Hiram,/team/281/12360,897,NCAC,3,2016,12360,NA
281,Hiram,/team/281/12080,897,NCAC,3,2015,12080,NA
281,Hiram,/team/281/11620,897,NCAC,3,2014,11620,NA
281,Hiram,/team/281/11320,897,NCAC,3,2013,11320,NA
281,Hiram,/team/281/10942,897,NCAC,3,2012,10942,NA
281,Hiram,/team/281/10561,897,NCAC,3,2011,10561,NA
281,Hiram,/team/281/10240,897,NCAC,3,2010,10240,NA
282,Hobart,/teams/615287,24197,Liberty League,3,2026,17040,615287
282,Hobart,/teams/597358,24197,Liberty League,3,2025,16840,597358
282,Hobart,/team/282/16580,24197,Liberty League,3,2024,16580,NA
8404,Hood,/teams/615460,28744,MAC Commonwealth,3,2026,17040,615460
8404,Hood,/teams/597148,28744,MAC Commonwealth,3,2025,16840,597148
8404,Hood,/team/8404/16580,28744,MAC Commonwealth,3,2024,16580,NA
8404,Hood,/team/8404/16340,28744,MAC Commonwealth,3,2023,16340,NA
8404,Hood,/team/8404/15860,28744,MAC Commonwealth,3,2022,15860,NA
8404,Hood,/team/8404/15580,28744,MAC Commonwealth,3,2021,15580,NA
8404,Hood,/team/8404/15204,28744,MAC Commonwealth,3,2020,15204,NA
8404,Hood,/team/8404/14781,28744,MAC Commonwealth,3,2019,14781,NA
8404,Hood,/team/8404/12973,28744,MAC Commonwealth,3,2018,12973,NA
8404,Hood,/team/8404/12560,28744,MAC Commonwealth,3,2017,12560,NA
8404,Hood,/team/8404/12360,28744,MAC Commonwealth,3,2016,12360,NA
8404,Hood,/team/8404/12080,28744,MAC Commonwealth,3,2015,12080,NA
286,Hope,/teams/615227,873,Michigan Intercol. Ath. Assn.,3,2026,17040,615227
286,Hope,/teams/597298,873,Michigan Intercol. Ath. Assn.,3,2025,16840,597298
286,Hope,/team/286/16580,873,Michigan Intercol. Ath. Assn.,3,2024,16580,NA
286,Hope,/team/286/16340,873,Michigan Intercol. Ath. Assn.,3,2023,16340,NA
286,Hope,/team/286/15860,873,Michigan Intercol. Ath. Assn.,3,2022,15860,NA
286,Hope,/team/286/15580,873,Michigan Intercol. Ath. Assn.,3,2021,15580,NA
286,Hope,/team/286/15204,873,Michigan Intercol. Ath. Assn.,3,2020,15204,NA
286,Hope,/team/286/14781,873,Michigan Intercol. Ath. Assn.,3,2019,14781,NA
286,Hope,/team/286/12973,873,Michigan Intercol. Ath. Assn.,3,2018,12973,NA
286,Hope,/team/286/12560,873,Michigan Intercol. Ath. Assn.,3,2017,12560,NA
286,Hope,/team/286/12360,873,Michigan Intercol. Ath. Assn.,3,2016,12360,NA
286,Hope,/team/286/12080,873,Michigan Intercol. Ath. Assn.,3,2015,12080,NA
286,Hope,/team/286/11620,873,Michigan Intercol. Ath. Assn.,3,2014,11620,NA
286,Hope,/team/286/11320,873,Michigan Intercol. Ath. Assn.,3,2013,11320,NA
286,Hope,/team/286/10942,873,Michigan Intercol. Ath. Assn.,3,2012,10942,NA
286,Hope,/team/286/10561,873,Michigan Intercol. Ath. Assn.,3,2011,10561,NA
286,Hope,/team/286/10240,873,Michigan Intercol. Ath. Assn.,3,2010,10240,NA
30160,Houghton,/teams/615131,863,Empire 8,3,2026,17040,615131
30160,Houghton,/teams/597201,863,Empire 8,3,2025,16840,597201
30160,Houghton,/team/30160/16580,863,Empire 8,3,2024,16580,NA
30160,Houghton,/team/30160/16340,863,Empire 8,3,2023,16340,NA
30160,Houghton,/team/30160/15860,863,Empire 8,3,2022,15860,NA
30160,Houghton,/team/30160/15580,863,Empire 8,3,2021,15580,NA
30160,Houghton,/team/30160/15204,863,Empire 8,3,2020,15204,NA
30160,Houghton,/team/30160/14781,863,Empire 8,3,2019,14781,NA
30160,Houghton,/team/30160/12973,863,Empire 8,3,2018,12973,NA
30160,Houghton,/team/30160/12560,863,Empire 8,3,2017,12560,NA
2741,Howard Payne,/teams/615455,14825,ASC,3,2026,17040,615455
2741,Howard Payne,/teams/597143,14825,ASC,3,2025,16840,597143
2741,Howard Payne,/team/2741/16580,14825,ASC,3,2024,16580,NA
2741,Howard Payne,/team/2741/16340,14825,ASC,3,2023,16340,NA
2741,Howard Payne,/team/2741/15860,14825,ASC,3,2022,15860,NA
2741,Howard Payne,/team/2741/15580,14825,ASC,3,2021,15580,NA
2741,Howard Payne,/team/2741/15204,14825,ASC,3,2020,15204,NA
2741,Howard Payne,/team/2741/14781,14825,ASC,3,2019,14781,NA
2741,Howard Payne,/team/2741/12973,14825,ASC,3,2018,12973,NA
2741,Howard Payne,/team/2741/12560,14825,ASC,3,2017,12560,NA
2741,Howard Payne,/team/2741/12360,14825,ASC,3,2016,12360,NA
2741,Howard Payne,/team/2741/12080,14825,ASC,3,2015,12080,NA
2741,Howard Payne,/team/2741/11620,14825,ASC,3,2014,11620,NA
2741,Howard Payne,/team/2741/11320,14825,ASC,3,2013,11320,NA
2741,Howard Payne,/team/2741/10942,14825,ASC,3,2012,10942,NA
2741,Howard Payne,/team/2741/10561,14825,ASC,3,2011,10561,NA
2741,Howard Payne,/team/2741/10240,14825,ASC,3,2010,10240,NA
1130,Huntingdon,/teams/615426,30251,CCS,3,2026,17040,615426
1130,Huntingdon,/teams/597114,30251,CCS,3,2025,16840,597114
1130,Huntingdon,/team/1130/16580,30251,CCS,3,2024,16580,NA
1130,Huntingdon,/team/1130/16340,30251,CCS,3,2023,16340,NA
1130,Huntingdon,/team/1130/15860,842,USA South,3,2022,15860,NA
1130,Huntingdon,/team/1130/15580,842,USA South,3,2021,15580,NA
1130,Huntingdon,/team/1130/15204,842,USA South,3,2020,15204,NA
1130,Huntingdon,/team/1130/14781,842,USA South,3,2019,14781,NA
1130,Huntingdon,/team/1130/12973,842,USA South,3,2018,12973,NA
1130,Huntingdon,/team/1130/12560,842,USA South,3,2017,12560,NA
1130,Huntingdon,/team/1130/12360,842,USA South,3,2016,12360,NA
1130,Huntingdon,/team/1130/12080,30074,Great South,3,2015,12080,NA
1130,Huntingdon,/team/1130/11620,30074,Great South,3,2014,11620,NA
1130,Huntingdon,/team/1130/11320,30074,Great South,3,2013,11320,NA
1130,Huntingdon,/team/1130/10942,30074,Great South,3,2012,10942,NA
1130,Huntingdon,/team/1130/10561,30074,Great South,3,2011,10561,NA
1130,Huntingdon,/team/1130/10240,30074,Great South,3,2010,10240,NA
1133,Husson,/teams/615427,30026,North Atlantic,3,2026,17040,615427
1133,Husson,/teams/597115,30026,North Atlantic,3,2025,16840,597115
1133,Husson,/team/1133/16580,30026,North Atlantic,3,2024,16580,NA
1133,Husson,/team/1133/16340,30026,North Atlantic,3,2023,16340,NA
1133,Husson,/team/1133/15860,30026,North Atlantic,3,2022,15860,NA
1133,Husson,/team/1133/15580,30026,North Atlantic,3,2021,15580,NA
1133,Husson,/team/1133/15204,30026,North Atlantic,3,2020,15204,NA
1133,Husson,/team/1133/14781,30026,North Atlantic,3,2019,14781,NA
1133,Husson,/team/1133/12973,30026,North Atlantic,3,2018,12973,NA
1133,Husson,/team/1133/12560,30026,North Atlantic,3,2017,12560,NA
1133,Husson,/team/1133/12360,30026,North Atlantic,3,2016,12360,NA
1133,Husson,/team/1133/12080,30071,United East,3,2015,12080,NA
1133,Husson,/team/1133/11620,30071,United East,3,2014,11620,NA
1133,Husson,/team/1133/11320,30071,United East,3,2013,11320,NA
1133,Husson,/team/1133/10942,30071,United East,3,2012,10942,NA
1133,Husson,/team/1133/10561,30071,United East,3,2011,10561,NA
1133,Husson,/team/1133/10240,30071,United East,3,2010,10240,NA
30172,IIT,/team/30172/16580,30097,NACC,3,2024,16580,NA
30172,IIT,/team/30172/16340,30097,NACC,3,2023,16340,NA
30172,IIT,/team/30172/15860,30097,NACC,3,2022,15860,NA
30172,IIT,/team/30172/15580,30097,NACC,3,2021,15580,NA
30172,IIT,/team/30172/15204,30097,NACC,3,2020,15204,NA
30172,IIT,/team/30172/14781,30097,NACC,3,2019,14781,NA
30172,IIT,/team/30172/12973,99020,DIII Independent,3,2018,12973,NA
300,Ill. Wesleyan,/teams/615230,836,CCIW,3,2026,17040,615230
300,Ill. Wesleyan,/teams/597301,836,CCIW,3,2025,16840,597301
300,Ill. Wesleyan,/team/300/16580,836,CCIW,3,2024,16580,NA
300,Ill. Wesleyan,/team/300/16340,836,CCIW,3,2023,16340,NA
300,Ill. Wesleyan,/team/300/15860,836,CCIW,3,2022,15860,NA
300,Ill. Wesleyan,/team/300/15580,836,CCIW,3,2021,15580,NA
300,Ill. Wesleyan,/team/300/15204,836,CCIW,3,2020,15204,NA
300,Ill. Wesleyan,/team/300/14781,836,CCIW,3,2019,14781,NA
300,Ill. Wesleyan,/team/300/12973,836,CCIW,3,2018,12973,NA
300,Ill. Wesleyan,/team/300/12560,836,CCIW,3,2017,12560,NA
300,Ill. Wesleyan,/team/300/12360,836,CCIW,3,2016,12360,NA
300,Ill. Wesleyan,/team/300/12080,836,CCIW,3,2015,12080,NA
300,Ill. Wesleyan,/team/300/11620,836,CCIW,3,2014,11620,NA
300,Ill. Wesleyan,/team/300/11320,836,CCIW,3,2013,11320,NA
300,Ill. Wesleyan,/team/300/10942,836,CCIW,3,2012,10942,NA
300,Ill. Wesleyan,/team/300/10561,836,CCIW,3,2011,10561,NA
300,Ill. Wesleyan,/team/300/10240,836,CCIW,3,2010,10240,NA
297,Illinois Col.,/teams/615229,23119,MWC,3,2026,17040,615229
297,Illinois Col.,/teams/597300,23119,MWC,3,2025,16840,597300
297,Illinois Col.,/team/297/16580,23119,MWC,3,2024,16580,NA
297,Illinois Col.,/team/297/16340,23119,MWC,3,2023,16340,NA
297,Illinois Col.,/team/297/15860,23119,MWC,3,2022,15860,NA
297,Illinois Col.,/team/297/15580,23119,MWC,3,2021,15580,NA
297,Illinois Col.,/team/297/15204,23119,MWC,3,2020,15204,NA
297,Illinois Col.,/team/297/14781,23119,MWC,3,2019,14781,NA
297,Illinois Col.,/team/297/12973,23119,MWC,3,2018,12973,NA
297,Illinois Col.,/team/297/12560,23119,MWC,3,2017,12560,NA
297,Illinois Col.,/team/297/12360,23119,MWC,3,2016,12360,NA
297,Illinois Col.,/team/297/12080,23119,MWC,3,2015,12080,NA
297,Illinois Col.,/team/297/11620,23119,MWC,3,2014,11620,NA
297,Illinois Col.,/team/297/11320,23119,MWC,3,2013,11320,NA
297,Illinois Col.,/team/297/10942,23119,MWC,3,2012,10942,NA
297,Illinois Col.,/team/297/10561,23119,MWC,3,2011,10561,NA
297,Illinois Col.,/team/297/10240,23119,MWC,3,2010,10240,NA
NA,Illinois Tech,/teams/615137,30097,NACC,3,2026,17040,615137
NA,Illinois Tech,/teams/597207,30097,NACC,3,2025,16840,597207
303,Immaculata,/teams/615231,30233,Atlantic East,3,2026,17040,615231
303,Immaculata,/teams/597302,30233,Atlantic East,3,2025,16840,597302
303,Immaculata,/team/303/16580,30233,Atlantic East,3,2024,16580,NA
303,Immaculata,/team/303/16340,30233,Atlantic East,3,2023,16340,NA
303,Immaculata,/team/303/15860,30233,Atlantic East,3,2022,15860,NA
303,Immaculata,/team/303/15580,30233,Atlantic East,3,2021,15580,NA
303,Immaculata,/team/303/15204,30233,Atlantic East,3,2020,15204,NA
303,Immaculata,/team/303/14781,30233,Atlantic East,3,2019,14781,NA
303,Immaculata,/team/303/12973,21062,CSAC,3,2018,12973,NA
303,Immaculata,/team/303/12560,21062,CSAC,3,2017,12560,NA
303,Immaculata,/team/303/12360,21062,CSAC,3,2016,12360,NA
303,Immaculata,/team/303/12080,21062,CSAC,3,2015,12080,NA
303,Immaculata,/team/303/11620,21062,CSAC,3,2014,11620,NA
303,Immaculata,/team/303/11320,21062,CSAC,3,2013,11320,NA
303,Immaculata,/team/303/10942,21062,CSAC,3,2012,10942,NA
303,Immaculata,/team/303/10561,21062,CSAC,3,2011,10561,NA
303,Immaculata,/team/303/10240,21062,CSAC,3,2010,10240,NA
30173,Iowa Wesleyan,/team/30173/15580,12974,SLIAC,3,2021,15580,NA
30173,Iowa Wesleyan,/team/30173/15204,12974,SLIAC,3,2020,15204,NA
30173,Iowa Wesleyan,/team/30173/14781,12974,SLIAC,3,2019,14781,NA
30173,Iowa Wesleyan,/team/30173/12973,12974,SLIAC,3,2018,12973,NA
313,Ithaca,/teams/615232,24197,Liberty League,3,2026,17040,615232
313,Ithaca,/teams/597303,24197,Liberty League,3,2025,16840,597303
313,Ithaca,/team/313/16580,24197,Liberty League,3,2024,16580,NA
313,Ithaca,/team/313/16340,24197,Liberty League,3,2023,16340,NA
313,Ithaca,/team/313/15860,24197,Liberty League,3,2022,15860,NA
313,Ithaca,/team/313/15580,24197,Liberty League,3,2021,15580,NA
313,Ithaca,/team/313/15204,24197,Liberty League,3,2020,15204,NA
313,Ithaca,/team/313/14781,863,Empire 8,3,2019,14781,NA
313,Ithaca,/team/313/12973,863,Empire 8,3,2018,12973,NA
313,Ithaca,/team/313/12560,863,Empire 8,3,2017,12560,NA
313,Ithaca,/team/313/12360,863,Empire 8,3,2016,12360,NA
313,Ithaca,/team/313/12080,863,Empire 8,3,2015,12080,NA
313,Ithaca,/team/313/11620,863,Empire 8,3,2014,11620,NA
313,Ithaca,/team/313/11320,863,Empire 8,3,2013,11320,NA
313,Ithaca,/team/313/10942,863,Empire 8,3,2012,10942,NA
313,Ithaca,/team/313/10561,863,Empire 8,3,2011,10561,NA
313,Ithaca,/team/313/10240,863,Empire 8,3,2010,10240,NA
22626,JWU (Providence),/teams/615483,839,CNE,3,2026,17040,615483
22626,JWU (Providence),/teams/597171,23257,Great Northeast,3,2025,16840,597171
22626,JWU (Providence),/team/22626/16580,23257,Great Northeast,3,2024,16580,NA
22626,JWU (Providence),/team/22626/16340,23257,Great Northeast,3,2023,16340,NA
22626,JWU (Providence),/team/22626/15860,23257,Great Northeast,3,2022,15860,NA
22626,JWU (Providence),/team/22626/15580,23257,Great Northeast,3,2021,15580,NA
22626,JWU (Providence),/team/22626/15204,23257,Great Northeast,3,2020,15204,NA
22626,JWU (Providence),/team/22626/14781,23257,Great Northeast,3,2019,14781,NA
22626,JWU (Providence),/team/22626/12973,23257,Great Northeast,3,2018,12973,NA
22626,JWU (Providence),/team/22626/12560,23257,Great Northeast,3,2017,12560,NA
22626,JWU (Providence),/team/22626/12360,23257,Great Northeast,3,2016,12360,NA
22626,JWU (Providence),/team/22626/12080,23257,Great Northeast,3,2015,12080,NA
22626,JWU (Providence),/team/22626/11620,23257,Great Northeast,3,2014,11620,NA
22626,JWU (Providence),/team/22626/11320,23257,Great Northeast,3,2013,11320,NA
22626,JWU (Providence),/team/22626/10942,23257,Great Northeast,3,2012,10942,NA
22626,JWU (Providence),/team/22626/10561,23257,Great Northeast,3,2011,10561,NA
22626,JWU (Providence),/team/22626/10240,23257,Great Northeast,3,2010,10240,NA
NA,JWU Charlotte,/teams/615586,15810,C2C,3,2026,17040,615586
320,John Carroll,/teams/615234,897,NCAC,3,2026,17040,615234
320,John Carroll,/teams/597305,901,OAC,3,2025,16840,597305
320,John Carroll,/team/320/16580,901,OAC,3,2024,16580,NA
320,John Carroll,/team/320/16340,901,OAC,3,2023,16340,NA
320,John Carroll,/team/320/15860,901,OAC,3,2022,15860,NA
320,John Carroll,/team/320/15580,901,OAC,3,2021,15580,NA
320,John Carroll,/team/320/15204,901,OAC,3,2020,15204,NA
320,John Carroll,/team/320/14781,901,OAC,3,2019,14781,NA
320,John Carroll,/team/320/12973,901,OAC,3,2018,12973,NA
320,John Carroll,/team/320/12560,901,OAC,3,2017,12560,NA
320,John Carroll,/team/320/12360,901,OAC,3,2016,12360,NA
320,John Carroll,/team/320/12080,901,OAC,3,2015,12080,NA
320,John Carroll,/team/320/11620,901,OAC,3,2014,11620,NA
320,John Carroll,/team/320/11320,901,OAC,3,2013,11320,NA
320,John Carroll,/team/320/10942,901,OAC,3,2012,10942,NA
320,John Carroll,/team/320/10561,901,OAC,3,2011,10561,NA
320,John Carroll,/team/320/10240,901,OAC,3,2010,10240,NA
321,John Jay,/teams/615235,834,CUNYAC,3,2026,17040,615235
321,John Jay,/teams/597306,834,CUNYAC,3,2025,16840,597306
321,John Jay,/team/321/16580,834,CUNYAC,3,2024,16580,NA
321,John Jay,/team/321/16340,834,CUNYAC,3,2023,16340,NA
321,John Jay,/team/321/15860,834,CUNYAC,3,2022,15860,NA
321,John Jay,/team/321/15580,834,CUNYAC,3,2021,15580,NA
321,John Jay,/team/321/15204,834,CUNYAC,3,2020,15204,NA
321,John Jay,/team/321/14781,834,CUNYAC,3,2019,14781,NA
321,John Jay,/team/321/12973,834,CUNYAC,3,2018,12973,NA
321,John Jay,/team/321/12560,834,CUNYAC,3,2017,12560,NA
321,John Jay,/team/321/12360,834,CUNYAC,3,2016,12360,NA
321,John Jay,/team/321/12080,834,CUNYAC,3,2015,12080,NA
321,John Jay,/team/321/11620,834,CUNYAC,3,2014,11620,NA
321,John Jay,/team/321/11320,834,CUNYAC,3,2013,11320,NA
321,John Jay,/team/321/10942,834,CUNYAC,3,2012,10942,NA
321,John Jay,/team/321/10561,834,CUNYAC,3,2011,10561,NA
321,John Jay,/team/321/10240,834,CUNYAC,3,2010,10240,NA
322,Johns Hopkins,/teams/615236,9683,Centennial,3,2026,17040,615236
322,Johns Hopkins,/teams/597307,9683,Centennial,3,2025,16840,597307
322,Johns Hopkins,/team/322/16580,9683,Centennial,3,2024,16580,NA
322,Johns Hopkins,/team/322/16340,9683,Centennial,3,2023,16340,NA
322,Johns Hopkins,/team/322/15860,9683,Centennial,3,2022,15860,NA
322,Johns Hopkins,/team/322/15580,9683,Centennial,3,2021,15580,NA
322,Johns Hopkins,/team/322/15204,9683,Centennial,3,2020,15204,NA
322,Johns Hopkins,/team/322/14781,9683,Centennial,3,2019,14781,NA
322,Johns Hopkins,/team/322/12973,9683,Centennial,3,2018,12973,NA
322,Johns Hopkins,/team/322/12560,9683,Centennial,3,2017,12560,NA
322,Johns Hopkins,/team/322/12360,9683,Centennial,3,2016,12360,NA
322,Johns Hopkins,/team/322/12080,9683,Centennial,3,2015,12080,NA
322,Johns Hopkins,/team/322/11620,9683,Centennial,3,2014,11620,NA
322,Johns Hopkins,/team/322/11320,9683,Centennial,3,2013,11320,NA
322,Johns Hopkins,/team/322/10942,9683,Centennial,3,2012,10942,NA
322,Johns Hopkins,/team/322/10561,9683,Centennial,3,2011,10561,NA
322,Johns Hopkins,/team/322/10240,9683,Centennial,3,2010,10240,NA
325,Juniata,/teams/615237,30101,Landmark,3,2026,17040,615237
325,Juniata,/teams/597308,30101,Landmark,3,2025,16840,597308
325,Juniata,/team/325/16580,30101,Landmark,3,2024,16580,NA
325,Juniata,/team/325/16340,30101,Landmark,3,2023,16340,NA
325,Juniata,/team/325/15860,30101,Landmark,3,2022,15860,NA
325,Juniata,/team/325/15580,30101,Landmark,3,2021,15580,NA
325,Juniata,/team/325/15204,30101,Landmark,3,2020,15204,NA
325,Juniata,/team/325/14781,30101,Landmark,3,2019,14781,NA
325,Juniata,/team/325/12973,30101,Landmark,3,2018,12973,NA
325,Juniata,/team/325/12560,30101,Landmark,3,2017,12560,NA
325,Juniata,/team/325/12360,30101,Landmark,3,2016,12360,NA
325,Juniata,/team/325/12080,30101,Landmark,3,2015,12080,NA
325,Juniata,/team/325/11620,30101,Landmark,3,2014,11620,NA
325,Juniata,/team/325/11320,30101,Landmark,3,2013,11320,NA
325,Juniata,/team/325/10942,30101,Landmark,3,2012,10942,NA
325,Juniata,/team/325/10561,30101,Landmark,3,2011,10561,NA
325,Juniata,/team/325/10240,30101,Landmark,3,2010,10240,NA
326,Kalamazoo,/teams/615238,873,Michigan Intercol. Ath. Assn.,3,2026,17040,615238
326,Kalamazoo,/teams/597309,873,Michigan Intercol. Ath. Assn.,3,2025,16840,597309
326,Kalamazoo,/team/326/16580,873,Michigan Intercol. Ath. Assn.,3,2024,16580,NA
326,Kalamazoo,/team/326/16340,873,Michigan Intercol. Ath. Assn.,3,2023,16340,NA
326,Kalamazoo,/team/326/15860,873,Michigan Intercol. Ath. Assn.,3,2022,15860,NA
326,Kalamazoo,/team/326/15580,873,Michigan Intercol. Ath. Assn.,3,2021,15580,NA
326,Kalamazoo,/team/326/15204,873,Michigan Intercol. Ath. Assn.,3,2020,15204,NA
326,Kalamazoo,/team/326/14781,873,Michigan Intercol. Ath. Assn.,3,2019,14781,NA
326,Kalamazoo,/team/326/12973,873,Michigan Intercol. Ath. Assn.,3,2018,12973,NA
326,Kalamazoo,/team/326/12560,873,Michigan Intercol. Ath. Assn.,3,2017,12560,NA
326,Kalamazoo,/team/326/12360,873,Michigan Intercol. Ath. Assn.,3,2016,12360,NA
326,Kalamazoo,/team/326/12080,873,Michigan Intercol. Ath. Assn.,3,2015,12080,NA
326,Kalamazoo,/team/326/11620,873,Michigan Intercol. Ath. Assn.,3,2014,11620,NA
326,Kalamazoo,/team/326/11320,873,Michigan Intercol. Ath. Assn.,3,2013,11320,NA
326,Kalamazoo,/team/326/10942,873,Michigan Intercol. Ath. Assn.,3,2012,10942,NA
326,Kalamazoo,/team/326/10561,873,Michigan Intercol. Ath. Assn.,3,2011,10561,NA
326,Kalamazoo,/team/326/10240,873,Michigan Intercol. Ath. Assn.,3,2010,10240,NA
329,Kean,/teams/615239,891,NJAC,3,2026,17040,615239
329,Kean,/teams/597310,891,NJAC,3,2025,16840,597310
329,Kean,/team/329/16580,891,NJAC,3,2024,16580,NA
329,Kean,/team/329/16340,891,NJAC,3,2023,16340,NA
329,Kean,/team/329/15860,891,NJAC,3,2022,15860,NA
329,Kean,/team/329/15580,891,NJAC,3,2021,15580,NA
329,Kean,/team/329/15204,891,NJAC,3,2020,15204,NA
329,Kean,/team/329/14781,891,NJAC,3,2019,14781,NA
329,Kean,/team/329/12973,891,NJAC,3,2018,12973,NA
329,Kean,/team/329/12560,891,NJAC,3,2017,12560,NA
329,Kean,/team/329/12360,891,NJAC,3,2016,12360,NA
329,Kean,/team/329/12080,891,NJAC,3,2015,12080,NA
329,Kean,/team/329/11620,891,NJAC,3,2014,11620,NA
329,Kean,/team/329/11320,891,NJAC,3,2013,11320,NA
329,Kean,/team/329/10942,891,NJAC,3,2012,10942,NA
329,Kean,/team/329/10561,891,NJAC,3,2011,10561,NA
329,Kean,/team/329/10240,891,NJAC,3,2010,10240,NA
330,Keene St.,/teams/615240,867,Little East,3,2026,17040,615240
330,Keene St.,/teams/597311,867,Little East,3,2025,16840,597311
330,Keene St.,/team/330/16580,867,Little East,3,2024,16580,NA
330,Keene St.,/team/330/16340,867,Little East,3,2023,16340,NA
330,Keene St.,/team/330/15860,867,Little East,3,2022,15860,NA
330,Keene St.,/team/330/15580,867,Little East,3,2021,15580,NA
330,Keene St.,/team/330/15204,867,Little East,3,2020,15204,NA
330,Keene St.,/team/330/14781,867,Little East,3,2019,14781,NA
330,Keene St.,/team/330/12973,867,Little East,3,2018,12973,NA
330,Keene St.,/team/330/12560,867,Little East,3,2017,12560,NA
330,Keene St.,/team/330/12360,867,Little East,3,2016,12360,NA
330,Keene St.,/team/330/12080,867,Little East,3,2015,12080,NA
330,Keene St.,/team/330/11620,867,Little East,3,2014,11620,NA
330,Keene St.,/team/330/11320,867,Little East,3,2013,11320,NA
330,Keene St.,/team/330/10942,867,Little East,3,2012,10942,NA
330,Keene St.,/team/330/10561,867,Little East,3,2011,10561,NA
330,Keene St.,/team/330/10240,867,Little East,3,2010,10240,NA
335,Kenyon,/teams/615241,897,NCAC,3,2026,17040,615241
335,Kenyon,/teams/597312,897,NCAC,3,2025,16840,597312
335,Kenyon,/team/335/16580,897,NCAC,3,2024,16580,NA
335,Kenyon,/team/335/16340,897,NCAC,3,2023,16340,NA
335,Kenyon,/team/335/15860,897,NCAC,3,2022,15860,NA
335,Kenyon,/team/335/15580,897,NCAC,3,2021,15580,NA
335,Kenyon,/team/335/15204,897,NCAC,3,2020,15204,NA
335,Kenyon,/team/335/14781,897,NCAC,3,2019,14781,NA
335,Kenyon,/team/335/12973,897,NCAC,3,2018,12973,NA
335,Kenyon,/team/335/12560,897,NCAC,3,2017,12560,NA
335,Kenyon,/team/335/12360,897,NCAC,3,2016,12360,NA
335,Kenyon,/team/335/12080,897,NCAC,3,2015,12080,NA
335,Kenyon,/team/335/11620,897,NCAC,3,2014,11620,NA
335,Kenyon,/team/335/11320,897,NCAC,3,2013,11320,NA
335,Kenyon,/team/335/10942,897,NCAC,3,2012,10942,NA
335,Kenyon,/team/335/10561,897,NCAC,3,2011,10561,NA
335,Kenyon,/team/335/10240,897,NCAC,3,2010,10240,NA
1159,Keuka,/teams/615428,863,Empire 8,3,2026,17040,615428
1159,Keuka,/teams/597116,863,Empire 8,3,2025,16840,597116
1159,Keuka,/team/1159/16580,863,Empire 8,3,2024,16580,NA
1159,Keuka,/team/1159/16340,863,Empire 8,3,2023,16340,NA
1159,Keuka,/team/1159/15860,863,Empire 8,3,2022,15860,NA
1159,Keuka,/team/1159/15580,863,Empire 8,3,2021,15580,NA
1159,Keuka,/team/1159/15204,30071,United East,3,2020,15204,NA
1159,Keuka,/team/1159/14781,30071,United East,3,2019,14781,NA
1159,Keuka,/team/1159/12973,30071,United East,3,2018,12973,NA
1159,Keuka,/team/1159/12560,30071,United East,3,2017,12560,NA
1159,Keuka,/team/1159/12360,30071,United East,3,2016,12360,NA
1159,Keuka,/team/1159/12080,30071,United East,3,2015,12080,NA
1159,Keuka,/team/1159/11620,30071,United East,3,2014,11620,NA
1159,Keuka,/team/1159/11320,30071,United East,3,2013,11320,NA
1159,Keuka,/team/1159/10942,30071,United East,3,2012,10942,NA
1159,Keuka,/team/1159/10561,30071,United East,3,2011,10561,NA
1159,Keuka,/team/1159/10240,30071,United East,3,2010,10240,NA
30047,Keystone,/teams/615501,30071,United East,3,2026,17040,615501
30047,Keystone,/teams/597191,30071,United East,3,2025,16840,597191
30047,Keystone,/team/30047/16580,21062,CSAC,3,2024,16580,NA
30047,Keystone,/team/30047/16340,21062,CSAC,3,2023,16340,NA
30047,Keystone,/team/30047/15860,21062,CSAC,3,2022,15860,NA
30047,Keystone,/team/30047/15580,21062,CSAC,3,2021,15580,NA
30047,Keystone,/team/30047/15204,21062,CSAC,3,2020,15204,NA
30047,Keystone,/team/30047/14781,21062,CSAC,3,2019,14781,NA
30047,Keystone,/team/30047/12973,21062,CSAC,3,2018,12973,NA
30047,Keystone,/team/30047/12560,21062,CSAC,3,2017,12560,NA
30047,Keystone,/team/30047/12360,21062,CSAC,3,2016,12360,NA
30047,Keystone,/team/30047/12080,21062,CSAC,3,2015,12080,NA
30047,Keystone,/team/30047/11620,21062,CSAC,3,2014,11620,NA
30047,Keystone,/team/30047/11320,21062,CSAC,3,2013,11320,NA
30047,Keystone,/team/30047/10942,21062,CSAC,3,2012,10942,NA
30047,Keystone,/team/30047/10561,21062,CSAC,3,2011,10561,NA
30047,Keystone,/team/30047/10240,21062,CSAC,3,2010,10240,NA
336,King's (PA),/teams/615242,28745,MAC Freedom,3,2026,17040,615242
336,King's (PA),/teams/597313,28745,MAC Freedom,3,2025,16840,597313
336,King's (PA),/team/336/16580,28745,MAC Freedom,3,2024,16580,NA
336,King's (PA),/team/336/16340,28745,MAC Freedom,3,2023,16340,NA
336,King's (PA),/team/336/15860,28745,MAC Freedom,3,2022,15860,NA
336,King's (PA),/team/336/15580,28745,MAC Freedom,3,2021,15580,NA
336,King's (PA),/team/336/15204,28745,MAC Freedom,3,2020,15204,NA
336,King's (PA),/team/336/14781,28745,MAC Freedom,3,2019,14781,NA
336,King's (PA),/team/336/12973,28745,MAC Freedom,3,2018,12973,NA
336,King's (PA),/team/336/12560,28745,MAC Freedom,3,2017,12560,NA
336,King's (PA),/team/336/12360,28745,MAC Freedom,3,2016,12360,NA
336,King's (PA),/team/336/12080,28745,MAC Freedom,3,2015,12080,NA
336,King's (PA),/team/336/11620,28745,MAC Freedom,3,2014,11620,NA
336,King's (PA),/team/336/11320,28745,MAC Freedom,3,2013,11320,NA
336,King's (PA),/team/336/10942,28745,MAC Freedom,3,2012,10942,NA
336,King's (PA),/team/336/10561,28745,MAC Freedom,3,2011,10561,NA
336,King's (PA),/team/336/10240,28745,MAC Freedom,3,2010,10240,NA
337,Knox,/teams/615243,23119,MWC,3,2026,17040,615243
337,Knox,/teams/597314,23119,MWC,3,2025,16840,597314
337,Knox,/team/337/16580,23119,MWC,3,2024,16580,NA
337,Knox,/team/337/16340,23119,MWC,3,2023,16340,NA
337,Knox,/team/337/15860,23119,MWC,3,2022,15860,NA
337,Knox,/team/337/15580,23119,MWC,3,2021,15580,NA
337,Knox,/team/337/15204,23119,MWC,3,2020,15204,NA
337,Knox,/team/337/14781,23119,MWC,3,2019,14781,NA
337,Knox,/team/337/12973,23119,MWC,3,2018,12973,NA
337,Knox,/team/337/12560,23119,MWC,3,2017,12560,NA
337,Knox,/team/337/12360,23119,MWC,3,2016,12360,NA
337,Knox,/team/337/12080,23119,MWC,3,2015,12080,NA
337,Knox,/team/337/11620,23119,MWC,3,2014,11620,NA
337,Knox,/team/337/11320,23119,MWC,3,2013,11320,NA
337,Knox,/team/337/10942,23119,MWC,3,2012,10942,NA
337,Knox,/team/337/10561,23119,MWC,3,2011,10561,NA
337,Knox,/team/337/10240,23119,MWC,3,2010,10240,NA
1163,La Roche,/teams/615430,30022,AMCC,3,2026,17040,615430
1163,La Roche,/teams/597118,30022,AMCC,3,2025,16840,597118
1163,La Roche,/team/1163/16580,30022,AMCC,3,2024,16580,NA
1163,La Roche,/team/1163/16340,30022,AMCC,3,2023,16340,NA
1163,La Roche,/team/1163/15860,30022,AMCC,3,2022,15860,NA
1163,La Roche,/team/1163/15580,30022,AMCC,3,2021,15580,NA
1163,La Roche,/team/1163/15204,30022,AMCC,3,2020,15204,NA
1163,La Roche,/team/1163/14781,30022,AMCC,3,2019,14781,NA
1163,La Roche,/team/1163/12973,30022,AMCC,3,2018,12973,NA
1163,La Roche,/team/1163/12560,30022,AMCC,3,2017,12560,NA
1163,La Roche,/team/1163/12360,30022,AMCC,3,2016,12360,NA
1163,La Roche,/team/1163/12080,30022,AMCC,3,2015,12080,NA
1163,La Roche,/team/1163/11620,30022,AMCC,3,2014,11620,NA
1163,La Roche,/team/1163/11320,30022,AMCC,3,2013,11320,NA
1163,La Roche,/team/1163/10942,30022,AMCC,3,2012,10942,NA
1163,La Roche,/team/1163/10561,30022,AMCC,3,2011,10561,NA
1163,La Roche,/team/1163/10240,30022,AMCC,3,2010,10240,NA
341,La Verne,/teams/615244,910,SCIAC,3,2026,17040,615244
341,La Verne,/teams/597315,910,SCIAC,3,2025,16840,597315
341,La Verne,/team/341/16580,910,SCIAC,3,2024,16580,NA
341,La Verne,/team/341/16340,910,SCIAC,3,2023,16340,NA
341,La Verne,/team/341/15860,910,SCIAC,3,2022,15860,NA
341,La Verne,/team/341/15580,910,SCIAC,3,2021,15580,NA
341,La Verne,/team/341/15204,910,SCIAC,3,2020,15204,NA
341,La Verne,/team/341/14781,910,SCIAC,3,2019,14781,NA
341,La Verne,/team/341/12973,910,SCIAC,3,2018,12973,NA
341,La Verne,/team/341/12560,910,SCIAC,3,2017,12560,NA
341,La Verne,/team/341/12360,910,SCIAC,3,2016,12360,NA
341,La Verne,/team/341/12080,910,SCIAC,3,2015,12080,NA
341,La Verne,/team/341/11620,910,SCIAC,3,2014,11620,NA
341,La Verne,/team/341/11320,910,SCIAC,3,2013,11320,NA
341,La Verne,/team/341/10942,910,SCIAC,3,2012,10942,NA
341,La Verne,/team/341/10561,910,SCIAC,3,2011,10561,NA
341,La Verne,/team/341/10240,910,SCIAC,3,2010,10240,NA
1162,LaGrange,/teams/615429,30251,CCS,3,2026,17040,615429
1162,LaGrange,/teams/597117,30251,CCS,3,2025,16840,597117
1162,LaGrange,/team/1162/16580,30251,CCS,3,2024,16580,NA
1162,LaGrange,/team/1162/16340,30251,CCS,3,2023,16340,NA
1162,LaGrange,/team/1162/15860,842,USA South,3,2022,15860,NA
1162,LaGrange,/team/1162/15580,842,USA South,3,2021,15580,NA
1162,LaGrange,/team/1162/15204,842,USA South,3,2020,15204,NA
1162,LaGrange,/team/1162/14781,842,USA South,3,2019,14781,NA
1162,LaGrange,/team/1162/12973,842,USA South,3,2018,12973,NA
1162,LaGrange,/team/1162/12560,842,USA South,3,2017,12560,NA
1162,LaGrange,/team/1162/12360,842,USA South,3,2016,12360,NA
1162,LaGrange,/team/1162/12080,30074,Great South,3,2015,12080,NA
1162,LaGrange,/team/1162/11620,30074,Great South,3,2014,11620,NA
1162,LaGrange,/team/1162/11320,30074,Great South,3,2013,11320,NA
1162,LaGrange,/team/1162/10942,30074,Great South,3,2012,10942,NA
1162,LaGrange,/team/1162/10561,30074,Great South,3,2011,10561,NA
1162,LaGrange,/team/1162/10240,30074,Great South,3,2010,10240,NA
1164,Lakeland,/teams/615431,30097,NACC,3,2026,17040,615431
1164,Lakeland,/teams/597119,30097,NACC,3,2025,16840,597119
1164,Lakeland,/team/1164/16580,30097,NACC,3,2024,16580,NA
1164,Lakeland,/team/1164/16340,30097,NACC,3,2023,16340,NA
1164,Lakeland,/team/1164/15860,30097,NACC,3,2022,15860,NA
1164,Lakeland,/team/1164/15580,30097,NACC,3,2021,15580,NA
1164,Lakeland,/team/1164/15204,30097,NACC,3,2020,15204,NA
1164,Lakeland,/team/1164/14781,30097,NACC,3,2019,14781,NA
1164,Lakeland,/team/1164/12973,30097,NACC,3,2018,12973,NA
1164,Lakeland,/team/1164/12560,30097,NACC,3,2017,12560,NA
1164,Lakeland,/team/1164/12360,30097,NACC,3,2016,12360,NA
1164,Lakeland,/team/1164/12080,30097,NACC,3,2015,12080,NA
1164,Lakeland,/team/1164/11620,30097,NACC,3,2014,11620,NA
1164,Lakeland,/team/1164/11320,30097,NACC,3,2013,11320,NA
1164,Lakeland,/team/1164/10942,30097,NACC,3,2012,10942,NA
1164,Lakeland,/team/1164/10561,30097,NACC,3,2011,10561,NA
1164,Lakeland,/team/1164/10240,30097,NACC,3,2010,10240,NA
30085,Lancaster Bible,/teams/615128,30071,United East,3,2026,17040,615128
30085,Lancaster Bible,/teams/597198,30071,United East,3,2025,16840,597198
30085,Lancaster Bible,/team/30085/16580,30071,United East,3,2024,16580,NA
30085,Lancaster Bible,/team/30085/16340,30071,United East,3,2023,16340,NA
30085,Lancaster Bible,/team/30085/15860,30071,United East,3,2022,15860,NA
30085,Lancaster Bible,/team/30085/15580,30071,United East,3,2021,15580,NA
30085,Lancaster Bible,/team/30085/15204,30071,United East,3,2020,15204,NA
30085,Lancaster Bible,/team/30085/14781,30071,United East,3,2019,14781,NA
30085,Lancaster Bible,/team/30085/12973,30071,United East,3,2018,12973,NA
30085,Lancaster Bible,/team/30085/12560,30071,United East,3,2017,12560,NA
30085,Lancaster Bible,/team/30085/12360,30071,United East,3,2016,12360,NA
30085,Lancaster Bible,/team/30085/12080,30071,United East,3,2015,12080,NA
30085,Lancaster Bible,/team/30085/11620,30071,United East,3,2014,11620,NA
30085,Lancaster Bible,/team/30085/11320,30071,United East,3,2013,11320,NA
30085,Lancaster Bible,/team/30085/10942,30071,United East,3,2012,10942,NA
30085,Lancaster Bible,/team/30085/10561,26388,Division III Independents,3,2011,10561,NA
8486,Lasell,/teams/615461,23257,Great Northeast,3,2026,17040,615461
8486,Lasell,/teams/597149,23257,Great Northeast,3,2025,16840,597149
8486,Lasell,/team/8486/16580,23257,Great Northeast,3,2024,16580,NA
8486,Lasell,/team/8486/16340,23257,Great Northeast,3,2023,16340,NA
8486,Lasell,/team/8486/15860,23257,Great Northeast,3,2022,15860,NA
8486,Lasell,/team/8486/15580,23257,Great Northeast,3,2021,15580,NA
8486,Lasell,/team/8486/15204,23257,Great Northeast,3,2020,15204,NA
8486,Lasell,/team/8486/14781,23257,Great Northeast,3,2019,14781,NA
8486,Lasell,/team/8486/12973,23257,Great Northeast,3,2018,12973,NA
8486,Lasell,/team/8486/12560,23257,Great Northeast,3,2017,12560,NA
8486,Lasell,/team/8486/12360,23257,Great Northeast,3,2016,12360,NA
8486,Lasell,/team/8486/12080,23257,Great Northeast,3,2015,12080,NA
8486,Lasell,/team/8486/11620,23257,Great Northeast,3,2014,11620,NA
8486,Lasell,/team/8486/11320,23257,Great Northeast,3,2013,11320,NA
8486,Lasell,/team/8486/10942,23257,Great Northeast,3,2012,10942,NA
8486,Lasell,/team/8486/10561,23257,Great Northeast,3,2011,10561,NA
8486,Lasell,/team/8486/10240,23257,Great Northeast,3,2010,10240,NA
348,Lawrence,/teams/615245,23119,MWC,3,2026,17040,615245
348,Lawrence,/teams/597316,23119,MWC,3,2025,16840,597316
348,Lawrence,/team/348/16580,23119,MWC,3,2024,16580,NA
348,Lawrence,/team/348/16340,23119,MWC,3,2023,16340,NA
348,Lawrence,/team/348/15860,23119,MWC,3,2022,15860,NA
348,Lawrence,/team/348/15580,23119,MWC,3,2021,15580,NA
348,Lawrence,/team/348/15204,23119,MWC,3,2020,15204,NA
348,Lawrence,/team/348/14781,23119,MWC,3,2019,14781,NA
348,Lawrence,/team/348/12973,23119,MWC,3,2018,12973,NA
348,Lawrence,/team/348/12560,23119,MWC,3,2017,12560,NA
348,Lawrence,/team/348/12360,23119,MWC,3,2016,12360,NA
348,Lawrence,/team/348/12080,23119,MWC,3,2015,12080,NA
348,Lawrence,/team/348/11620,23119,MWC,3,2014,11620,NA
348,Lawrence,/team/348/11320,23119,MWC,3,2013,11320,NA
348,Lawrence,/team/348/10942,23119,MWC,3,2012,10942,NA
348,Lawrence,/team/348/10561,23119,MWC,3,2011,10561,NA
348,Lawrence,/team/348/10240,23119,MWC,3,2010,10240,NA
8490,LeTourneau,/teams/615462,835,SCAC,3,2026,17040,615462
8490,LeTourneau,/teams/597150,14825,ASC,3,2025,16840,597150
8490,LeTourneau,/team/8490/16580,14825,ASC,3,2024,16580,NA
8490,LeTourneau,/team/8490/16340,14825,ASC,3,2023,16340,NA
8490,LeTourneau,/team/8490/15860,14825,ASC,3,2022,15860,NA
8490,LeTourneau,/team/8490/15580,14825,ASC,3,2021,15580,NA
8490,LeTourneau,/team/8490/15204,14825,ASC,3,2020,15204,NA
8490,LeTourneau,/team/8490/14781,14825,ASC,3,2019,14781,NA
8490,LeTourneau,/team/8490/12973,14825,ASC,3,2018,12973,NA
8490,LeTourneau,/team/8490/12560,14825,ASC,3,2017,12560,NA
8490,LeTourneau,/team/8490/12360,14825,ASC,3,2016,12360,NA
8490,LeTourneau,/team/8490/12080,14825,ASC,3,2015,12080,NA
8490,LeTourneau,/team/8490/11620,14825,ASC,3,2014,11620,NA
8490,LeTourneau,/team/8490/11320,14825,ASC,3,2013,11320,NA
8490,LeTourneau,/team/8490/10942,14825,ASC,3,2012,10942,NA
8490,LeTourneau,/team/8490/10561,14825,ASC,3,2011,10561,NA
8490,LeTourneau,/team/8490/10240,14825,ASC,3,2010,10240,NA
351,Lebanon Valley,/teams/615246,28745,MAC Freedom,3,2026,17040,615246
351,Lebanon Valley,/teams/597317,28745,MAC Freedom,3,2025,16840,597317
351,Lebanon Valley,/team/351/16580,28745,MAC Freedom,3,2024,16580,NA
351,Lebanon Valley,/team/351/16340,28744,MAC Commonwealth,3,2023,16340,NA
351,Lebanon Valley,/team/351/15860,28744,MAC Commonwealth,3,2022,15860,NA
351,Lebanon Valley,/team/351/15580,28744,MAC Commonwealth,3,2021,15580,NA
351,Lebanon Valley,/team/351/15204,28744,MAC Commonwealth,3,2020,15204,NA
351,Lebanon Valley,/team/351/14781,28744,MAC Commonwealth,3,2019,14781,NA
351,Lebanon Valley,/team/351/12973,28744,MAC Commonwealth,3,2018,12973,NA
351,Lebanon Valley,/team/351/12560,28744,MAC Commonwealth,3,2017,12560,NA
351,Lebanon Valley,/team/351/12360,28744,MAC Commonwealth,3,2016,12360,NA
351,Lebanon Valley,/team/351/12080,28744,MAC Commonwealth,3,2015,12080,NA
351,Lebanon Valley,/team/351/11620,28744,MAC Commonwealth,3,2014,11620,NA
351,Lebanon Valley,/team/351/11320,28744,MAC Commonwealth,3,2013,11320,NA
351,Lebanon Valley,/team/351/10942,28744,MAC Commonwealth,3,2012,10942,NA
351,Lebanon Valley,/team/351/10561,28744,MAC Commonwealth,3,2011,10561,NA
351,Lebanon Valley,/team/351/10240,28744,MAC Commonwealth,3,2010,10240,NA
279,Lehman,/teams/615225,834,CUNYAC,3,2026,17040,615225
279,Lehman,/teams/597296,834,CUNYAC,3,2025,16840,597296
279,Lehman,/team/279/16580,834,CUNYAC,3,2024,16580,NA
279,Lehman,/team/279/16340,834,CUNYAC,3,2023,16340,NA
279,Lehman,/team/279/15860,834,CUNYAC,3,2022,15860,NA
279,Lehman,/team/279/15580,834,CUNYAC,3,2021,15580,NA
279,Lehman,/team/279/15204,834,CUNYAC,3,2020,15204,NA
279,Lehman,/team/279/14781,834,CUNYAC,3,2019,14781,NA
279,Lehman,/team/279/12973,834,CUNYAC,3,2018,12973,NA
279,Lehman,/team/279/12560,834,CUNYAC,3,2017,12560,NA
279,Lehman,/team/279/12360,834,CUNYAC,3,2016,12360,NA
279,Lehman,/team/279/12080,834,CUNYAC,3,2015,12080,NA
279,Lehman,/team/279/11620,834,CUNYAC,3,2014,11620,NA
279,Lehman,/team/279/11320,834,CUNYAC,3,2013,11320,NA
279,Lehman,/team/279/10942,834,CUNYAC,3,2012,10942,NA
279,Lehman,/team/279/10561,834,CUNYAC,3,2011,10561,NA
279,Lehman,/team/279/10240,834,CUNYAC,3,2010,10240,NA
24317,Lesley,/teams/615486,30026,North Atlantic,3,2026,17040,615486
24317,Lesley,/teams/597175,30026,North Atlantic,3,2025,16840,597175
24317,Lesley,/team/24317/16580,30026,North Atlantic,3,2024,16580,NA
24317,Lesley,/team/24317/16340,888,NECC,3,2023,16340,NA
24317,Lesley,/team/24317/15860,888,NECC,3,2022,15860,NA
24317,Lesley,/team/24317/15580,888,NECC,3,2021,15580,NA
24317,Lesley,/team/24317/15204,888,NECC,3,2020,15204,NA
24317,Lesley,/team/24317/14781,888,NECC,3,2019,14781,NA
24317,Lesley,/team/24317/12973,888,NECC,3,2018,12973,NA
24317,Lesley,/team/24317/12560,888,NECC,3,2017,12560,NA
24317,Lesley,/team/24317/12360,888,NECC,3,2016,12360,NA
24317,Lesley,/team/24317/12080,888,NECC,3,2015,12080,NA
24317,Lesley,/team/24317/11620,888,NECC,3,2014,11620,NA
24317,Lesley,/team/24317/11320,888,NECC,3,2013,11320,NA
24317,Lesley,/team/24317/10942,888,NECC,3,2012,10942,NA
24317,Lesley,/team/24317/10561,888,NECC,3,2011,10561,NA
22235,Lewis & Clark,/teams/615482,25300,NWC,3,2026,17040,615482
22235,Lewis & Clark,/teams/597170,25300,NWC,3,2025,16840,597170
22235,Lewis & Clark,/team/22235/16580,25300,NWC,3,2024,16580,NA
22235,Lewis & Clark,/team/22235/16340,25300,NWC,3,2023,16340,NA
22235,Lewis & Clark,/team/22235/15860,25300,NWC,3,2022,15860,NA
22235,Lewis & Clark,/team/22235/15580,25300,NWC,3,2021,15580,NA
22235,Lewis & Clark,/team/22235/15204,25300,NWC,3,2020,15204,NA
22235,Lewis & Clark,/team/22235/14781,25300,NWC,3,2019,14781,NA
22235,Lewis & Clark,/team/22235/12973,25300,NWC,3,2018,12973,NA
22235,Lewis & Clark,/team/22235/12560,25300,NWC,3,2017,12560,NA
22235,Lewis & Clark,/team/22235/12360,25300,NWC,3,2016,12360,NA
22235,Lewis & Clark,/team/22235/12080,25300,NWC,3,2015,12080,NA
22235,Lewis & Clark,/team/22235/11620,25300,NWC,3,2014,11620,NA
22235,Lewis & Clark,/team/22235/11320,25300,NWC,3,2013,11320,NA
22235,Lewis & Clark,/team/22235/10942,25300,NWC,3,2012,10942,NA
22235,Lewis & Clark,/team/22235/10561,25300,NWC,3,2011,10561,NA
22235,Lewis & Clark,/team/22235/10240,25300,NWC,3,2010,10240,NA
1179,Linfield,/teams/615432,25300,NWC,3,2026,17040,615432
1179,Linfield,/teams/597120,25300,NWC,3,2025,16840,597120
1179,Linfield,/team/1179/16580,25300,NWC,3,2024,16580,NA
1179,Linfield,/team/1179/16340,25300,NWC,3,2023,16340,NA
1179,Linfield,/team/1179/15860,25300,NWC,3,2022,15860,NA
1179,Linfield,/team/1179/15580,25300,NWC,3,2021,15580,NA
1179,Linfield,/team/1179/15204,25300,NWC,3,2020,15204,NA
1179,Linfield,/team/1179/14781,25300,NWC,3,2019,14781,NA
1179,Linfield,/team/1179/12973,25300,NWC,3,2018,12973,NA
1179,Linfield,/team/1179/12560,25300,NWC,3,2017,12560,NA
1179,Linfield,/team/1179/12360,25300,NWC,3,2016,12360,NA
1179,Linfield,/team/1179/12080,25300,NWC,3,2015,12080,NA
1179,Linfield,/team/1179/11620,25300,NWC,3,2014,11620,NA
1179,Linfield,/team/1179/11320,25300,NWC,3,2013,11320,NA
1179,Linfield,/team/1179/10942,25300,NWC,3,2012,10942,NA
1179,Linfield,/team/1179/10561,25300,NWC,3,2011,10561,NA
1179,Linfield,/team/1179/10240,25300,NWC,3,2010,10240,NA
364,Loras,/teams/615247,864,American Rivers,3,2026,17040,615247
364,Loras,/teams/597318,864,American Rivers,3,2025,16840,597318
364,Loras,/team/364/16580,864,American Rivers,3,2024,16580,NA
364,Loras,/team/364/16340,864,American Rivers,3,2023,16340,NA
364,Loras,/team/364/15860,864,American Rivers,3,2022,15860,NA
364,Loras,/team/364/15580,864,American Rivers,3,2021,15580,NA
364,Loras,/team/364/15204,864,American Rivers,3,2020,15204,NA
364,Loras,/team/364/14781,864,American Rivers,3,2019,14781,NA
364,Loras,/team/364/12973,864,American Rivers,3,2018,12973,NA
364,Loras,/team/364/12560,864,American Rivers,3,2017,12560,NA
364,Loras,/team/364/12360,864,American Rivers,3,2016,12360,NA
364,Loras,/team/364/12080,864,American Rivers,3,2015,12080,NA
364,Loras,/team/364/11620,864,American Rivers,3,2014,11620,NA
364,Loras,/team/364/11320,864,American Rivers,3,2013,11320,NA
364,Loras,/team/364/10942,864,American Rivers,3,2012,10942,NA
364,Loras,/team/364/10561,864,American Rivers,3,2011,10561,NA
364,Loras,/team/364/10240,864,American Rivers,3,2010,10240,NA
1182,Louisiana Col.,/team/1182/15580,14825,ASC,3,2021,15580,NA
1182,Louisiana Col.,/team/1182/15204,14825,ASC,3,2020,15204,NA
1182,Louisiana Col.,/team/1182/14781,14825,ASC,3,2019,14781,NA
1182,Louisiana Col.,/team/1182/12973,14825,ASC,3,2018,12973,NA
1182,Louisiana Col.,/team/1182/12560,14825,ASC,3,2017,12560,NA
1182,Louisiana Col.,/team/1182/12360,14825,ASC,3,2016,12360,NA
1182,Louisiana Col.,/team/1182/12080,14825,ASC,3,2015,12080,NA
1182,Louisiana Col.,/team/1182/11620,14825,ASC,3,2014,11620,NA
1182,Louisiana Col.,/team/1182/11320,14825,ASC,3,2013,11320,NA
1182,Louisiana Col.,/team/1182/10942,14825,ASC,3,2012,10942,NA
1182,Louisiana Col.,/team/1182/10561,14825,ASC,3,2011,10561,NA
1182,Louisiana Col.,/team/1182/10240,14825,ASC,3,2010,10240,NA
372,Luther,/teams/615248,864,American Rivers,3,2026,17040,615248
372,Luther,/teams/597319,864,American Rivers,3,2025,16840,597319
372,Luther,/team/372/16580,864,American Rivers,3,2024,16580,NA
372,Luther,/team/372/16340,864,American Rivers,3,2023,16340,NA
372,Luther,/team/372/15860,864,American Rivers,3,2022,15860,NA
372,Luther,/team/372/15580,864,American Rivers,3,2021,15580,NA
372,Luther,/team/372/15204,864,American Rivers,3,2020,15204,NA
372,Luther,/team/372/14781,864,American Rivers,3,2019,14781,NA
372,Luther,/team/372/12973,864,American Rivers,3,2018,12973,NA
372,Luther,/team/372/12560,864,American Rivers,3,2017,12560,NA
372,Luther,/team/372/12360,864,American Rivers,3,2016,12360,NA
372,Luther,/team/372/12080,864,American Rivers,3,2015,12080,NA
372,Luther,/team/372/11620,864,American Rivers,3,2014,11620,NA
372,Luther,/team/372/11320,864,American Rivers,3,2013,11320,NA
372,Luther,/team/372/10942,864,American Rivers,3,2012,10942,NA
372,Luther,/team/372/10561,864,American Rivers,3,2011,10561,NA
372,Luther,/team/372/10240,864,American Rivers,3,2010,10240,NA
373,Lycoming,/teams/615288,30101,Landmark,3,2026,17040,615288
373,Lycoming,/teams/597359,30101,Landmark,3,2025,16840,597359
373,Lycoming,/team/373/16580,28745,MAC Freedom,3,2024,16580,NA
373,Lycoming,/team/373/16340,28745,MAC Freedom,3,2023,16340,NA
374,Lynchburg,/teams/615249,903,ODAC,3,2026,17040,615249
374,Lynchburg,/teams/597320,903,ODAC,3,2025,16840,597320
374,Lynchburg,/team/374/16580,903,ODAC,3,2024,16580,NA
374,Lynchburg,/team/374/16340,903,ODAC,3,2023,16340,NA
374,Lynchburg,/team/374/15860,903,ODAC,3,2022,15860,NA
374,Lynchburg,/team/374/15580,903,ODAC,3,2021,15580,NA
374,Lynchburg,/team/374/15204,903,ODAC,3,2020,15204,NA
374,Lynchburg,/team/374/14781,903,ODAC,3,2019,14781,NA
374,Lynchburg,/team/374/12973,903,ODAC,3,2018,12973,NA
374,Lynchburg,/team/374/12560,903,ODAC,3,2017,12560,NA
374,Lynchburg,/team/374/12360,903,ODAC,3,2016,12360,NA
374,Lynchburg,/team/374/12080,903,ODAC,3,2015,12080,NA
374,Lynchburg,/team/374/11620,903,ODAC,3,2014,11620,NA
374,Lynchburg,/team/374/11320,903,ODAC,3,2013,11320,NA
374,Lynchburg,/team/374/10942,903,ODAC,3,2012,10942,NA
374,Lynchburg,/team/374/10561,903,ODAC,3,2011,10561,NA
374,Lynchburg,/team/374/10240,903,ODAC,3,2010,10240,NA
NA,Lyon,/teams/615290,12974,SLIAC,3,2026,17040,615290
NA,Lyon,/teams/597361,12974,SLIAC,3,2025,16840,597361
486,MCLA,/teams/615301,870,MASCAC,3,2026,17040,615301
486,MCLA,/teams/596985,870,MASCAC,3,2025,16840,596985
486,MCLA,/team/486/16580,870,MASCAC,3,2024,16580,NA
486,MCLA,/team/486/16340,870,MASCAC,3,2023,16340,NA
486,MCLA,/team/486/15860,870,MASCAC,3,2022,15860,NA
486,MCLA,/team/486/15580,870,MASCAC,3,2021,15580,NA
486,MCLA,/team/486/15204,870,MASCAC,3,2020,15204,NA
486,MCLA,/team/486/14781,870,MASCAC,3,2019,14781,NA
486,MCLA,/team/486/12973,870,MASCAC,3,2018,12973,NA
486,MCLA,/team/486/12560,870,MASCAC,3,2017,12560,NA
486,MCLA,/team/486/12360,870,MASCAC,3,2016,12360,NA
486,MCLA,/team/486/12080,870,MASCAC,3,2015,12080,NA
486,MCLA,/team/486/11620,870,MASCAC,3,2014,11620,NA
486,MCLA,/team/486/11320,870,MASCAC,3,2013,11320,NA
486,MCLA,/team/486/10942,870,MASCAC,3,2012,10942,NA
486,MCLA,/team/486/10561,870,MASCAC,3,2011,10561,NA
486,MCLA,/team/486/10240,870,MASCAC,3,2010,10240,NA
398,MIT,/teams/615258,890,NEWMAC,3,2026,17040,615258
398,MIT,/teams/597329,890,NEWMAC,3,2025,16840,597329
398,MIT,/team/398/16580,890,NEWMAC,3,2024,16580,NA
398,MIT,/team/398/16340,890,NEWMAC,3,2023,16340,NA
398,MIT,/team/398/15860,890,NEWMAC,3,2022,15860,NA
398,MIT,/team/398/15580,890,NEWMAC,3,2021,15580,NA
398,MIT,/team/398/15204,890,NEWMAC,3,2020,15204,NA
398,MIT,/team/398/14781,890,NEWMAC,3,2019,14781,NA
398,MIT,/team/398/12973,890,NEWMAC,3,2018,12973,NA
398,MIT,/team/398/12560,890,NEWMAC,3,2017,12560,NA
398,MIT,/team/398/12360,890,NEWMAC,3,2016,12360,NA
398,MIT,/team/398/12080,890,NEWMAC,3,2015,12080,NA
398,MIT,/team/398/11620,890,NEWMAC,3,2014,11620,NA
398,MIT,/team/398/11320,890,NEWMAC,3,2013,11320,NA
398,MIT,/team/398/10942,890,NEWMAC,3,2012,10942,NA
398,MIT,/team/398/10561,890,NEWMAC,3,2011,10561,NA
398,MIT,/team/398/10240,890,NEWMAC,3,2010,10240,NA
20220,MSOE,/teams/615479,30097,NACC,3,2026,17040,615479
20220,MSOE,/teams/597167,30097,NACC,3,2025,16840,597167
20220,MSOE,/team/20220/16580,30097,NACC,3,2024,16580,NA
20220,MSOE,/team/20220/16340,30097,NACC,3,2023,16340,NA
20220,MSOE,/team/20220/15860,30097,NACC,3,2022,15860,NA
20220,MSOE,/team/20220/15580,30097,NACC,3,2021,15580,NA
20220,MSOE,/team/20220/15204,30097,NACC,3,2020,15204,NA
20220,MSOE,/team/20220/14781,30097,NACC,3,2019,14781,NA
20220,MSOE,/team/20220/12973,30097,NACC,3,2018,12973,NA
20220,MSOE,/team/20220/12560,30097,NACC,3,2017,12560,NA
20220,MSOE,/team/20220/12360,30097,NACC,3,2016,12360,NA
20220,MSOE,/team/20220/12080,30097,NACC,3,2015,12080,NA
20220,MSOE,/team/20220/11620,30097,NACC,3,2014,11620,NA
20220,MSOE,/team/20220/11320,30097,NACC,3,2013,11320,NA
20220,MSOE,/team/20220/10942,30097,NACC,3,2012,10942,NA
20220,MSOE,/team/20220/10561,30097,NACC,3,2011,10561,NA
20220,MSOE,/team/20220/10240,30097,NACC,3,2010,10240,NA
431,MUW,/teams/615273,12974,SLIAC,3,2026,17040,615273
431,MUW,/teams/597344,12974,SLIAC,3,2025,16840,597344
431,MUW,/team/431/16580,12974,SLIAC,3,2024,16580,NA
431,MUW,/team/431/16340,12974,SLIAC,3,2023,16340,NA
431,MUW,/team/431/15860,99020,DIII Independent,3,2022,15860,NA
377,MacMurray,/team/377/15204,12974,SLIAC,3,2020,15204,NA
377,MacMurray,/team/377/14781,12974,SLIAC,3,2019,14781,NA
377,MacMurray,/team/377/12973,12974,SLIAC,3,2018,12973,NA
377,MacMurray,/team/377/12560,12974,SLIAC,3,2017,12560,NA
377,MacMurray,/team/377/12360,12974,SLIAC,3,2016,12360,NA
377,MacMurray,/team/377/12080,12974,SLIAC,3,2015,12080,NA
377,MacMurray,/team/377/11620,12974,SLIAC,3,2014,11620,NA
377,MacMurray,/team/377/11320,12974,SLIAC,3,2013,11320,NA
377,MacMurray,/team/377/10942,12974,SLIAC,3,2012,10942,NA
377,MacMurray,/team/377/10561,12974,SLIAC,3,2011,10561,NA
377,MacMurray,/team/377/10240,12974,SLIAC,3,2010,10240,NA
376,Macalester,/teams/615250,882,MIAC,3,2026,17040,615250
376,Macalester,/teams/597321,882,MIAC,3,2025,16840,597321
376,Macalester,/team/376/16580,882,MIAC,3,2024,16580,NA
376,Macalester,/team/376/16340,882,MIAC,3,2023,16340,NA
376,Macalester,/team/376/15860,882,MIAC,3,2022,15860,NA
376,Macalester,/team/376/15580,882,MIAC,3,2021,15580,NA
376,Macalester,/team/376/15204,882,MIAC,3,2020,15204,NA
376,Macalester,/team/376/14781,882,MIAC,3,2019,14781,NA
376,Macalester,/team/376/12973,882,MIAC,3,2018,12973,NA
376,Macalester,/team/376/12560,882,MIAC,3,2017,12560,NA
376,Macalester,/team/376/12360,882,MIAC,3,2016,12360,NA
376,Macalester,/team/376/12080,882,MIAC,3,2015,12080,NA
376,Macalester,/team/376/11620,882,MIAC,3,2014,11620,NA
376,Macalester,/team/376/11320,882,MIAC,3,2013,11320,NA
376,Macalester,/team/376/10942,882,MIAC,3,2012,10942,NA
376,Macalester,/team/376/10561,882,MIAC,3,2011,10561,NA
376,Macalester,/team/376/10240,882,MIAC,3,2010,10240,NA
1192,Manchester,/teams/615433,9174,HCAC,3,2026,17040,615433
1192,Manchester,/teams/597121,9174,HCAC,3,2025,16840,597121
1192,Manchester,/team/1192/16580,9174,HCAC,3,2024,16580,NA
1192,Manchester,/team/1192/16340,9174,HCAC,3,2023,16340,NA
1192,Manchester,/team/1192/15860,9174,HCAC,3,2022,15860,NA
1192,Manchester,/team/1192/15580,9174,HCAC,3,2021,15580,NA
1192,Manchester,/team/1192/15204,9174,HCAC,3,2020,15204,NA
1192,Manchester,/team/1192/14781,9174,HCAC,3,2019,14781,NA
1192,Manchester,/team/1192/12973,9174,HCAC,3,2018,12973,NA
1192,Manchester,/team/1192/12560,9174,HCAC,3,2017,12560,NA
1192,Manchester,/team/1192/12360,9174,HCAC,3,2016,12360,NA
1192,Manchester,/team/1192/12080,9174,HCAC,3,2015,12080,NA
1192,Manchester,/team/1192/11620,9174,HCAC,3,2014,11620,NA
1192,Manchester,/team/1192/11320,9174,HCAC,3,2013,11320,NA
1192,Manchester,/team/1192/10942,9174,HCAC,3,2012,10942,NA
1192,Manchester,/team/1192/10561,9174,HCAC,3,2011,10561,NA
1192,Manchester,/team/1192/10240,9174,HCAC,3,2010,10240,NA
382,Manhattanville,/teams/615252,13054,Skyline,3,2026,17040,615252
382,Manhattanville,/teams/597323,13054,Skyline,3,2025,16840,597323
382,Manhattanville,/team/382/16580,13054,Skyline,3,2024,16580,NA
382,Manhattanville,/team/382/16340,13054,Skyline,3,2023,16340,NA
382,Manhattanville,/team/382/15860,13054,Skyline,3,2022,15860,NA
382,Manhattanville,/team/382/15580,13054,Skyline,3,2021,15580,NA
382,Manhattanville,/team/382/15204,13054,Skyline,3,2020,15204,NA
382,Manhattanville,/team/382/14781,28745,MAC Freedom,3,2019,14781,NA
382,Manhattanville,/team/382/12973,28745,MAC Freedom,3,2018,12973,NA
382,Manhattanville,/team/382/12560,28745,MAC Freedom,3,2017,12560,NA
382,Manhattanville,/team/382/12360,28745,MAC Freedom,3,2016,12360,NA
382,Manhattanville,/team/382/12080,28745,MAC Freedom,3,2015,12080,NA
382,Manhattanville,/team/382/11620,28745,MAC Freedom,3,2014,11620,NA
382,Manhattanville,/team/382/11320,28745,MAC Freedom,3,2013,11320,NA
382,Manhattanville,/team/382/10942,28745,MAC Freedom,3,2012,10942,NA
382,Manhattanville,/team/382/10561,28745,MAC Freedom,3,2011,10561,NA
382,Manhattanville,/team/382/10240,28745,MAC Freedom,3,2010,10240,NA
1194,Maranatha Baptist,/teams/615434,99020,DIII Independent,3,2026,17040,615434
1194,Maranatha Baptist,/teams/597122,99020,DIII Independent,3,2025,16840,597122
1194,Maranatha Baptist,/team/1194/16580,99020,DIII Independent,3,2024,16580,NA
1194,Maranatha Baptist,/team/1194/16340,99020,DIII Independent,3,2023,16340,NA
1194,Maranatha Baptist,/team/1194/15860,99020,DIII Independent,3,2022,15860,NA
1194,Maranatha Baptist,/team/1194/15580,99020,DIII Independent,3,2021,15580,NA
1194,Maranatha Baptist,/team/1194/15204,99020,DIII Independent,3,2020,15204,NA
1194,Maranatha Baptist,/team/1194/14781,99020,DIII Independent,3,2019,14781,NA
1194,Maranatha Baptist,/team/1194/12973,99020,DIII Independent,3,2018,12973,NA
1194,Maranatha Baptist,/team/1194/12560,99020,DIII Independent,3,2017,12560,NA
1194,Maranatha Baptist,/team/1194/12360,99020,DIII Independent,3,2016,12360,NA
1194,Maranatha Baptist,/team/1194/12080,30097,NACC,3,2015,12080,NA
1194,Maranatha Baptist,/team/1194/11620,30097,NACC,3,2014,11620,NA
1194,Maranatha Baptist,/team/1194/11320,30097,NACC,3,2013,11320,NA
1194,Maranatha Baptist,/team/1194/10942,30097,NACC,3,2012,10942,NA
1194,Maranatha Baptist,/team/1194/10561,30097,NACC,3,2011,10561,NA
1194,Maranatha Baptist,/team/1194/10240,30097,NACC,3,2010,10240,NA
1196,Marian (WI),/teams/615435,30097,NACC,3,2026,17040,615435
1196,Marian (WI),/teams/597123,30097,NACC,3,2025,16840,597123
1196,Marian (WI),/team/1196/16580,30097,NACC,3,2024,16580,NA
1196,Marian (WI),/team/1196/16340,30097,NACC,3,2023,16340,NA
1196,Marian (WI),/team/1196/15860,30097,NACC,3,2022,15860,NA
1196,Marian (WI),/team/1196/15580,30097,NACC,3,2021,15580,NA
1196,Marian (WI),/team/1196/15204,30097,NACC,3,2020,15204,NA
1196,Marian (WI),/team/1196/14781,30097,NACC,3,2019,14781,NA
1196,Marian (WI),/team/1196/12973,30097,NACC,3,2018,12973,NA
1196,Marian (WI),/team/1196/12560,30097,NACC,3,2017,12560,NA
1196,Marian (WI),/team/1196/12360,30097,NACC,3,2016,12360,NA
1196,Marian (WI),/team/1196/12080,30097,NACC,3,2015,12080,NA
1196,Marian (WI),/team/1196/11620,30097,NACC,3,2014,11620,NA
1196,Marian (WI),/team/1196/11320,30097,NACC,3,2013,11320,NA
1196,Marian (WI),/team/1196/10942,30097,NACC,3,2012,10942,NA
1196,Marian (WI),/team/1196/10561,30097,NACC,3,2011,10561,NA
1196,Marian (WI),/team/1196/10240,30097,NACC,3,2010,10240,NA
385,Marietta,/teams/615253,901,OAC,3,2026,17040,615253
385,Marietta,/teams/597324,901,OAC,3,2025,16840,597324
385,Marietta,/team/385/16580,901,OAC,3,2024,16580,NA
385,Marietta,/team/385/16340,901,OAC,3,2023,16340,NA
385,Marietta,/team/385/15860,901,OAC,3,2022,15860,NA
385,Marietta,/team/385/15580,901,OAC,3,2021,15580,NA
385,Marietta,/team/385/15204,901,OAC,3,2020,15204,NA
385,Marietta,/team/385/14781,901,OAC,3,2019,14781,NA
385,Marietta,/team/385/12973,901,OAC,3,2018,12973,NA
385,Marietta,/team/385/12560,901,OAC,3,2017,12560,NA
385,Marietta,/team/385/12360,901,OAC,3,2016,12360,NA
385,Marietta,/team/385/12080,901,OAC,3,2015,12080,NA
385,Marietta,/team/385/11620,901,OAC,3,2014,11620,NA
385,Marietta,/team/385/11320,901,OAC,3,2013,11320,NA
385,Marietta,/team/385/10942,901,OAC,3,2012,10942,NA
385,Marietta,/team/385/10561,901,OAC,3,2011,10561,NA
385,Marietta,/team/385/10240,901,OAC,3,2010,10240,NA
8597,Martin Luther,/teams/615465,30115,UMAC,3,2026,17040,615465
8597,Martin Luther,/teams/597153,30115,UMAC,3,2025,16840,597153
8597,Martin Luther,/team/8597/16580,30115,UMAC,3,2024,16580,NA
8597,Martin Luther,/team/8597/16340,30115,UMAC,3,2023,16340,NA
8597,Martin Luther,/team/8597/15860,30115,UMAC,3,2022,15860,NA
8597,Martin Luther,/team/8597/15580,30115,UMAC,3,2021,15580,NA
8597,Martin Luther,/team/8597/15204,30115,UMAC,3,2020,15204,NA
8597,Martin Luther,/team/8597/14781,30115,UMAC,3,2019,14781,NA
8597,Martin Luther,/team/8597/12973,30115,UMAC,3,2018,12973,NA
8597,Martin Luther,/team/8597/12560,30115,UMAC,3,2017,12560,NA
8597,Martin Luther,/team/8597/12360,30115,UMAC,3,2016,12360,NA
8597,Martin Luther,/team/8597/12080,30115,UMAC,3,2015,12080,NA
8597,Martin Luther,/team/8597/11620,30115,UMAC,3,2014,11620,NA
8597,Martin Luther,/team/8597/11320,30115,UMAC,3,2013,11320,NA
8597,Martin Luther,/team/8597/10942,30115,UMAC,3,2012,10942,NA
8597,Martin Luther,/team/8597/10561,30115,UMAC,3,2011,10561,NA
8597,Martin Luther,/team/8597/10240,30115,UMAC,3,2010,10240,NA
389,Mary Baldwin,/teams/615275,842,USA South,3,2026,17040,615275
389,Mary Baldwin,/teams/597346,842,USA South,3,2025,16840,597346
389,Mary Baldwin,/team/389/16580,842,USA South,3,2024,16580,NA
389,Mary Baldwin,/team/389/16340,842,USA South,3,2023,16340,NA
389,Mary Baldwin,/team/389/15860,842,USA South,3,2022,15860,NA
1203,Mary Hardin-Baylor,/teams/615436,14825,ASC,3,2026,17040,615436
1203,Mary Hardin-Baylor,/teams/597124,14825,ASC,3,2025,16840,597124
1203,Mary Hardin-Baylor,/team/1203/16580,14825,ASC,3,2024,16580,NA
1203,Mary Hardin-Baylor,/team/1203/16340,14825,ASC,3,2023,16340,NA
1203,Mary Hardin-Baylor,/team/1203/15860,14825,ASC,3,2022,15860,NA
1203,Mary Hardin-Baylor,/team/1203/15580,14825,ASC,3,2021,15580,NA
1203,Mary Hardin-Baylor,/team/1203/15204,14825,ASC,3,2020,15204,NA
1203,Mary Hardin-Baylor,/team/1203/14781,14825,ASC,3,2019,14781,NA
1203,Mary Hardin-Baylor,/team/1203/12973,14825,ASC,3,2018,12973,NA
1203,Mary Hardin-Baylor,/team/1203/12560,14825,ASC,3,2017,12560,NA
1203,Mary Hardin-Baylor,/team/1203/12360,14825,ASC,3,2016,12360,NA
1203,Mary Hardin-Baylor,/team/1203/12080,14825,ASC,3,2015,12080,NA
1203,Mary Hardin-Baylor,/team/1203/11620,14825,ASC,3,2014,11620,NA
1203,Mary Hardin-Baylor,/team/1203/11320,14825,ASC,3,2013,11320,NA
1203,Mary Hardin-Baylor,/team/1203/10942,14825,ASC,3,2012,10942,NA
1203,Mary Hardin-Baylor,/team/1203/10561,14825,ASC,3,2011,10561,NA
1203,Mary Hardin-Baylor,/team/1203/10240,14825,ASC,3,2010,10240,NA
390,Mary Washington,/teams/615254,15810,C2C,3,2026,17040,615254
390,Mary Washington,/teams/597325,15810,C2C,3,2025,16840,597325
390,Mary Washington,/team/390/16580,15810,C2C,3,2024,16580,NA
390,Mary Washington,/team/390/16340,15810,C2C,3,2023,16340,NA
390,Mary Washington,/team/390/15860,15810,C2C,3,2022,15860,NA
390,Mary Washington,/team/390/15580,15810,C2C,3,2021,15580,NA
390,Mary Washington,/team/390/15204,15810,C2C,3,2020,15204,NA
390,Mary Washington,/team/390/14781,15810,C2C,3,2019,14781,NA
390,Mary Washington,/team/390/12973,15810,C2C,3,2018,12973,NA
390,Mary Washington,/team/390/12560,15810,C2C,3,2017,12560,NA
390,Mary Washington,/team/390/12360,15810,C2C,3,2016,12360,NA
390,Mary Washington,/team/390/12080,15810,C2C,3,2015,12080,NA
390,Mary Washington,/team/390/11620,15810,C2C,3,2014,11620,NA
390,Mary Washington,/team/390/11320,15810,C2C,3,2013,11320,NA
390,Mary Washington,/team/390/10942,15810,C2C,3,2012,10942,NA
390,Mary Washington,/team/390/10561,15810,C2C,3,2011,10561,NA
390,Mary Washington,/team/390/10240,15810,C2C,3,2010,10240,NA
394,Marymount (VA),/teams/615255,30233,Atlantic East,3,2026,17040,615255
394,Marymount (VA),/teams/597326,30233,Atlantic East,3,2025,16840,597326
394,Marymount (VA),/team/394/16580,30233,Atlantic East,3,2024,16580,NA
394,Marymount (VA),/team/394/16340,30233,Atlantic East,3,2023,16340,NA
394,Marymount (VA),/team/394/15860,30233,Atlantic East,3,2022,15860,NA
394,Marymount (VA),/team/394/15580,30233,Atlantic East,3,2021,15580,NA
394,Marymount (VA),/team/394/15204,30233,Atlantic East,3,2020,15204,NA
394,Marymount (VA),/team/394/14781,30233,Atlantic East,3,2019,14781,NA
394,Marymount (VA),/team/394/12973,15810,C2C,3,2018,12973,NA
394,Marymount (VA),/team/394/12560,15810,C2C,3,2017,12560,NA
394,Marymount (VA),/team/394/12360,15810,C2C,3,2016,12360,NA
394,Marymount (VA),/team/394/12080,15810,C2C,3,2015,12080,NA
394,Marymount (VA),/team/394/11620,15810,C2C,3,2014,11620,NA
396,Maryville (TN),/teams/615256,30251,CCS,3,2026,17040,615256
396,Maryville (TN),/teams/597327,30251,CCS,3,2025,16840,597327
396,Maryville (TN),/team/396/16580,30251,CCS,3,2024,16580,NA
396,Maryville (TN),/team/396/16340,30251,CCS,3,2023,16340,NA
396,Maryville (TN),/team/396/15860,842,USA South,3,2022,15860,NA
396,Maryville (TN),/team/396/15580,842,USA South,3,2021,15580,NA
396,Maryville (TN),/team/396/15204,842,USA South,3,2020,15204,NA
396,Maryville (TN),/team/396/14781,842,USA South,3,2019,14781,NA
396,Maryville (TN),/team/396/12973,842,USA South,3,2018,12973,NA
396,Maryville (TN),/team/396/12560,842,USA South,3,2017,12560,NA
396,Maryville (TN),/team/396/12360,842,USA South,3,2016,12360,NA
396,Maryville (TN),/team/396/12080,842,USA South,3,2015,12080,NA
396,Maryville (TN),/team/396/11620,842,USA South,3,2014,11620,NA
396,Maryville (TN),/team/396/11320,842,USA South,3,2013,11320,NA
396,Maryville (TN),/team/396/10942,30074,Great South,3,2012,10942,NA
396,Maryville (TN),/team/396/10561,30074,Great South,3,2011,10561,NA
396,Maryville (TN),/team/396/10240,30074,Great South,3,2010,10240,NA
397,Marywood,/teams/615257,30233,Atlantic East,3,2026,17040,615257
397,Marywood,/teams/597328,30233,Atlantic East,3,2025,16840,597328
397,Marywood,/team/397/16580,30233,Atlantic East,3,2024,16580,NA
397,Marywood,/team/397/16340,30233,Atlantic East,3,2023,16340,NA
397,Marywood,/team/397/15860,30233,Atlantic East,3,2022,15860,NA
397,Marywood,/team/397/15580,30233,Atlantic East,3,2021,15580,NA
397,Marywood,/team/397/15204,30233,Atlantic East,3,2020,15204,NA
397,Marywood,/team/397/14781,30233,Atlantic East,3,2019,14781,NA
397,Marywood,/team/397/12973,21062,CSAC,3,2018,12973,NA
397,Marywood,/team/397/12560,21062,CSAC,3,2017,12560,NA
397,Marywood,/team/397/12360,21062,CSAC,3,2016,12360,NA
397,Marywood,/team/397/12080,21062,CSAC,3,2015,12080,NA
397,Marywood,/team/397/11620,21062,CSAC,3,2014,11620,NA
397,Marywood,/team/397/11320,21062,CSAC,3,2013,11320,NA
397,Marywood,/team/397/10942,21062,CSAC,3,2012,10942,NA
397,Marywood,/team/397/10561,21062,CSAC,3,2011,10561,NA
397,Marywood,/team/397/10240,21062,CSAC,3,2010,10240,NA
399,Mass. Maritime,/teams/615259,870,MASCAC,3,2026,17040,615259
399,Mass. Maritime,/teams/597330,870,MASCAC,3,2025,16840,597330
399,Mass. Maritime,/team/399/16580,870,MASCAC,3,2024,16580,NA
399,Mass. Maritime,/team/399/16340,870,MASCAC,3,2023,16340,NA
399,Mass. Maritime,/team/399/15860,870,MASCAC,3,2022,15860,NA
399,Mass. Maritime,/team/399/15580,870,MASCAC,3,2021,15580,NA
399,Mass. Maritime,/team/399/15204,870,MASCAC,3,2020,15204,NA
399,Mass. Maritime,/team/399/14781,870,MASCAC,3,2019,14781,NA
399,Mass. Maritime,/team/399/12973,870,MASCAC,3,2018,12973,NA
399,Mass. Maritime,/team/399/12560,870,MASCAC,3,2017,12560,NA
399,Mass. Maritime,/team/399/12360,870,MASCAC,3,2016,12360,NA
399,Mass. Maritime,/team/399/12080,870,MASCAC,3,2015,12080,NA
399,Mass. Maritime,/team/399/11620,870,MASCAC,3,2014,11620,NA
399,Mass. Maritime,/team/399/11320,870,MASCAC,3,2013,11320,NA
399,Mass. Maritime,/team/399/10942,870,MASCAC,3,2012,10942,NA
399,Mass. Maritime,/team/399/10561,870,MASCAC,3,2011,10561,NA
399,Mass. Maritime,/team/399/10240,870,MASCAC,3,2010,10240,NA
773,McDaniel,/teams/615384,9683,Centennial,3,2026,17040,615384
773,McDaniel,/teams/597069,9683,Centennial,3,2025,16840,597069
773,McDaniel,/team/773/16580,9683,Centennial,3,2024,16580,NA
773,McDaniel,/team/773/16340,9683,Centennial,3,2023,16340,NA
773,McDaniel,/team/773/15860,9683,Centennial,3,2022,15860,NA
773,McDaniel,/team/773/15580,9683,Centennial,3,2021,15580,NA
773,McDaniel,/team/773/15204,9683,Centennial,3,2020,15204,NA
773,McDaniel,/team/773/14781,9683,Centennial,3,2019,14781,NA
773,McDaniel,/team/773/12973,9683,Centennial,3,2018,12973,NA
773,McDaniel,/team/773/12560,9683,Centennial,3,2017,12560,NA
773,McDaniel,/team/773/12360,9683,Centennial,3,2016,12360,NA
773,McDaniel,/team/773/12080,9683,Centennial,3,2015,12080,NA
773,McDaniel,/team/773/11620,9683,Centennial,3,2014,11620,NA
773,McDaniel,/team/773/11320,9683,Centennial,3,2013,11320,NA
773,McDaniel,/team/773/10942,9683,Centennial,3,2012,10942,NA
773,McDaniel,/team/773/10561,9683,Centennial,3,2011,10561,NA
773,McDaniel,/team/773/10240,9683,Centennial,3,2010,10240,NA
8530,McMurry,/teams/615463,835,SCAC,3,2026,17040,615463
8530,McMurry,/teams/597151,835,SCAC,3,2025,16840,597151
8530,McMurry,/team/8530/16580,14825,ASC,3,2024,16580,NA
8530,McMurry,/team/8530/16340,14825,ASC,3,2023,16340,NA
8530,McMurry,/team/8530/15860,14825,ASC,3,2022,15860,NA
8530,McMurry,/team/8530/15580,14825,ASC,3,2021,15580,NA
8530,McMurry,/team/8530/15204,14825,ASC,3,2020,15204,NA
8530,McMurry,/team/8530/14781,14825,ASC,3,2019,14781,NA
8530,McMurry,/team/8530/12973,14825,ASC,3,2018,12973,NA
8530,McMurry,/team/8530/12560,14825,ASC,3,2017,12560,NA
8530,McMurry,/team/8530/12360,14825,ASC,3,2016,12360,NA
8530,McMurry,/team/8530/12080,14825,ASC,3,2015,12080,NA
8530,McMurry,/team/8530/10942,14825,ASC,3,2012,10942,NA
8530,McMurry,/team/8530/10561,14825,ASC,3,2011,10561,NA
8530,McMurry,/team/8530/10240,14825,ASC,3,2010,10240,NA
379,Me.-Farmington,/teams/615251,30026,North Atlantic,3,2026,17040,615251
379,Me.-Farmington,/teams/597322,30026,North Atlantic,3,2025,16840,597322
379,Me.-Farmington,/team/379/16580,30026,North Atlantic,3,2024,16580,NA
379,Me.-Farmington,/team/379/16340,30026,North Atlantic,3,2023,16340,NA
379,Me.-Farmington,/team/379/15860,30026,North Atlantic,3,2022,15860,NA
379,Me.-Farmington,/team/379/15580,30026,North Atlantic,3,2021,15580,NA
379,Me.-Farmington,/team/379/15204,30026,North Atlantic,3,2020,15204,NA
379,Me.-Farmington,/team/379/14781,30026,North Atlantic,3,2019,14781,NA
379,Me.-Farmington,/team/379/12973,30026,North Atlantic,3,2018,12973,NA
379,Me.-Farmington,/team/379/12560,30026,North Atlantic,3,2017,12560,NA
379,Me.-Farmington,/team/379/12360,30026,North Atlantic,3,2016,12360,NA
379,Me.-Farmington,/team/379/12080,30071,United East,3,2015,12080,NA
379,Me.-Farmington,/team/379/11620,30071,United East,3,2014,11620,NA
379,Me.-Farmington,/team/379/11320,30071,United East,3,2013,11320,NA
379,Me.-Farmington,/team/379/10942,30071,United East,3,2012,10942,NA
379,Me.-Farmington,/team/379/10561,30071,United East,3,2011,10561,NA
379,Me.-Farmington,/team/379/10240,30071,United East,3,2010,10240,NA
30040,Me.-Presque Isle,/teams/615498,30026,North Atlantic,3,2026,17040,615498
30040,Me.-Presque Isle,/teams/597188,30026,North Atlantic,3,2025,16840,597188
30040,Me.-Presque Isle,/team/30040/16580,30026,North Atlantic,3,2024,16580,NA
30040,Me.-Presque Isle,/team/30040/16340,30026,North Atlantic,3,2023,16340,NA
30040,Me.-Presque Isle,/team/30040/15860,30026,North Atlantic,3,2022,15860,NA
30040,Me.-Presque Isle,/team/30040/15580,30026,North Atlantic,3,2021,15580,NA
30040,Me.-Presque Isle,/team/30040/15204,30026,North Atlantic,3,2020,15204,NA
30040,Me.-Presque Isle,/team/30040/14781,30026,North Atlantic,3,2019,14781,NA
30040,Me.-Presque Isle,/team/30040/12973,99020,DIII Independent,3,2018,12973,NA
30040,Me.-Presque Isle,/team/30040/12560,99020,DIII Independent,3,2017,12560,NA
30040,Me.-Presque Isle,/team/30040/12360,99020,DIII Independent,3,2016,12360,NA
30040,Me.-Presque Isle,/team/30040/12080,26388,Division III Independents,3,2015,12080,NA
30040,Me.-Presque Isle,/team/30040/11620,26388,Division III Independents,3,2014,11620,NA
30040,Me.-Presque Isle,/team/30040/11320,26388,Division III Independents,3,2013,11320,NA
30040,Me.-Presque Isle,/team/30040/10942,26388,Division III Independents,3,2012,10942,NA
30040,Me.-Presque Isle,/team/30040/10240,26388,Division III Independents,3,2010,10240,NA
23725,Medaille,/team/23725/16340,863,Empire 8,3,2023,16340,NA
23725,Medaille,/team/23725/15860,30022,AMCC,3,2022,15860,NA
23725,Medaille,/team/23725/15580,30022,AMCC,3,2021,15580,NA
23725,Medaille,/team/23725/15204,30022,AMCC,3,2020,15204,NA
23725,Medaille,/team/23725/14781,30022,AMCC,3,2019,14781,NA
23725,Medaille,/team/23725/12973,30022,AMCC,3,2018,12973,NA
23725,Medaille,/team/23725/12560,30022,AMCC,3,2017,12560,NA
23725,Medaille,/team/23725/12360,30022,AMCC,3,2016,12360,NA
23725,Medaille,/team/23725/12080,30022,AMCC,3,2015,12080,NA
23725,Medaille,/team/23725/11620,30022,AMCC,3,2014,11620,NA
23725,Medaille,/team/23725/11320,30022,AMCC,3,2013,11320,NA
23725,Medaille,/team/23725/10942,30022,AMCC,3,2012,10942,NA
23725,Medaille,/team/23725/10561,30022,AMCC,3,2011,10561,NA
23725,Medaille,/team/23725/10240,30022,AMCC,3,2010,10240,NA
724,Merchant Marine,/teams/615368,13054,Skyline,3,2026,17040,615368
724,Merchant Marine,/teams/597052,13054,Skyline,3,2025,16840,597052
724,Merchant Marine,/team/724/16580,13054,Skyline,3,2024,16580,NA
724,Merchant Marine,/team/724/16340,13054,Skyline,3,2023,16340,NA
724,Merchant Marine,/team/724/15860,13054,Skyline,3,2022,15860,NA
724,Merchant Marine,/team/724/15580,13054,Skyline,3,2021,15580,NA
724,Merchant Marine,/team/724/15204,13054,Skyline,3,2020,15204,NA
724,Merchant Marine,/team/724/14781,13054,Skyline,3,2019,14781,NA
724,Merchant Marine,/team/724/12973,13054,Skyline,3,2018,12973,NA
724,Merchant Marine,/team/724/12560,13054,Skyline,3,2017,12560,NA
724,Merchant Marine,/team/724/12360,30101,Landmark,3,2016,12360,NA
724,Merchant Marine,/team/724/12080,30101,Landmark,3,2015,12080,NA
724,Merchant Marine,/team/724/11620,30101,Landmark,3,2014,11620,NA
724,Merchant Marine,/team/724/11320,30101,Landmark,3,2013,11320,NA
724,Merchant Marine,/team/724/10942,30101,Landmark,3,2012,10942,NA
724,Merchant Marine,/team/724/10561,30101,Landmark,3,2011,10561,NA
724,Merchant Marine,/team/724/10240,30101,Landmark,3,2010,10240,NA
411,Messiah,/teams/615261,28744,MAC Commonwealth,3,2026,17040,615261
411,Messiah,/teams/597332,28744,MAC Commonwealth,3,2025,16840,597332
411,Messiah,/team/411/16580,28744,MAC Commonwealth,3,2024,16580,NA
411,Messiah,/team/411/16340,28744,MAC Commonwealth,3,2023,16340,NA
411,Messiah,/team/411/15860,28744,MAC Commonwealth,3,2022,15860,NA
411,Messiah,/team/411/15580,28744,MAC Commonwealth,3,2021,15580,NA
411,Messiah,/team/411/15204,28744,MAC Commonwealth,3,2020,15204,NA
411,Messiah,/team/411/14781,28744,MAC Commonwealth,3,2019,14781,NA
411,Messiah,/team/411/12973,28744,MAC Commonwealth,3,2018,12973,NA
411,Messiah,/team/411/12560,28744,MAC Commonwealth,3,2017,12560,NA
411,Messiah,/team/411/12360,28744,MAC Commonwealth,3,2016,12360,NA
411,Messiah,/team/411/12080,28744,MAC Commonwealth,3,2015,12080,NA
411,Messiah,/team/411/11620,28744,MAC Commonwealth,3,2014,11620,NA
411,Messiah,/team/411/11320,28744,MAC Commonwealth,3,2013,11320,NA
411,Messiah,/team/411/10942,28744,MAC Commonwealth,3,2012,10942,NA
411,Messiah,/team/411/10561,28744,MAC Commonwealth,3,2011,10561,NA
411,Messiah,/team/411/10240,28744,MAC Commonwealth,3,2010,10240,NA
412,Methodist,/teams/615262,842,USA South,3,2026,17040,615262
412,Methodist,/teams/597333,842,USA South,3,2025,16840,597333
412,Methodist,/team/412/16580,842,USA South,3,2024,16580,NA
412,Methodist,/team/412/16340,842,USA South,3,2023,16340,NA
412,Methodist,/team/412/15860,842,USA South,3,2022,15860,NA
412,Methodist,/team/412/15580,842,USA South,3,2021,15580,NA
412,Methodist,/team/412/15204,842,USA South,3,2020,15204,NA
412,Methodist,/team/412/14781,842,USA South,3,2019,14781,NA
412,Methodist,/team/412/12973,842,USA South,3,2018,12973,NA
412,Methodist,/team/412/12560,842,USA South,3,2017,12560,NA
412,Methodist,/team/412/12360,842,USA South,3,2016,12360,NA
412,Methodist,/team/412/12080,842,USA South,3,2015,12080,NA
412,Methodist,/team/412/11620,842,USA South,3,2014,11620,NA
412,Methodist,/team/412/11320,842,USA South,3,2013,11320,NA
412,Methodist,/team/412/10942,842,USA South,3,2012,10942,NA
412,Methodist,/team/412/10561,842,USA South,3,2011,10561,NA
412,Methodist,/team/412/10240,842,USA South,3,2010,10240,NA
420,Middlebury,/teams/615263,12817,NESCAC,3,2026,17040,615263
420,Middlebury,/teams/597334,12817,NESCAC,3,2025,16840,597334
420,Middlebury,/team/420/16580,12817,NESCAC,3,2024,16580,NA
420,Middlebury,/team/420/16340,12817,NESCAC,3,2023,16340,NA
420,Middlebury,/team/420/15860,12817,NESCAC,3,2022,15860,NA
420,Middlebury,/team/420/15580,12817,NESCAC,3,2021,15580,NA
420,Middlebury,/team/420/15204,12817,NESCAC,3,2020,15204,NA
420,Middlebury,/team/420/14781,12817,NESCAC,3,2019,14781,NA
420,Middlebury,/team/420/12973,12817,NESCAC,3,2018,12973,NA
420,Middlebury,/team/420/12560,12817,NESCAC,3,2017,12560,NA
420,Middlebury,/team/420/12360,12817,NESCAC,3,2016,12360,NA
420,Middlebury,/team/420/12080,12817,NESCAC,3,2015,12080,NA
420,Middlebury,/team/420/11620,12817,NESCAC,3,2014,11620,NA
420,Middlebury,/team/420/11320,12817,NESCAC,3,2013,11320,NA
420,Middlebury,/team/420/10942,12817,NESCAC,3,2012,10942,NA
420,Middlebury,/team/420/10561,12817,NESCAC,3,2011,10561,NA
420,Middlebury,/team/420/10240,12817,NESCAC,3,2010,10240,NA
424,Millikin,/teams/615264,836,CCIW,3,2026,17040,615264
424,Millikin,/teams/597335,836,CCIW,3,2025,16840,597335
424,Millikin,/team/424/16580,836,CCIW,3,2024,16580,NA
424,Millikin,/team/424/16340,836,CCIW,3,2023,16340,NA
424,Millikin,/team/424/15860,836,CCIW,3,2022,15860,NA
424,Millikin,/team/424/15580,836,CCIW,3,2021,15580,NA
424,Millikin,/team/424/15204,836,CCIW,3,2020,15204,NA
424,Millikin,/team/424/14781,836,CCIW,3,2019,14781,NA
424,Millikin,/team/424/12973,836,CCIW,3,2018,12973,NA
424,Millikin,/team/424/12560,836,CCIW,3,2017,12560,NA
424,Millikin,/team/424/12360,836,CCIW,3,2016,12360,NA
424,Millikin,/team/424/12080,836,CCIW,3,2015,12080,NA
424,Millikin,/team/424/11620,836,CCIW,3,2014,11620,NA
424,Millikin,/team/424/11320,836,CCIW,3,2013,11320,NA
424,Millikin,/team/424/10942,836,CCIW,3,2012,10942,NA
424,Millikin,/team/424/10561,836,CCIW,3,2011,10561,NA
424,Millikin,/team/424/10240,836,CCIW,3,2010,10240,NA
426,Millsaps,/teams/615265,30169,SAA,3,2026,17040,615265
426,Millsaps,/teams/597336,30169,SAA,3,2025,16840,597336
426,Millsaps,/team/426/16580,30169,SAA,3,2024,16580,NA
426,Millsaps,/team/426/16340,30169,SAA,3,2023,16340,NA
426,Millsaps,/team/426/15860,30169,SAA,3,2022,15860,NA
426,Millsaps,/team/426/15580,30169,SAA,3,2021,15580,NA
426,Millsaps,/team/426/15204,30169,SAA,3,2020,15204,NA
426,Millsaps,/team/426/14781,30169,SAA,3,2019,14781,NA
426,Millsaps,/team/426/12973,30169,SAA,3,2018,12973,NA
426,Millsaps,/team/426/12560,30169,SAA,3,2017,12560,NA
426,Millsaps,/team/426/12360,30169,SAA,3,2016,12360,NA
426,Millsaps,/team/426/12080,30169,SAA,3,2015,12080,NA
426,Millsaps,/team/426/11620,835,SCAC,3,2014,11620,NA
426,Millsaps,/team/426/11320,835,SCAC,3,2013,11320,NA
426,Millsaps,/team/426/10942,835,SCAC,3,2012,10942,NA
426,Millsaps,/team/426/10561,835,SCAC,3,2011,10561,NA
426,Millsaps,/team/426/10240,835,SCAC,3,2010,10240,NA
1226,Minn.-Morris,/teams/615437,30115,UMAC,3,2026,17040,615437
1226,Minn.-Morris,/teams/597125,30115,UMAC,3,2025,16840,597125
1226,Minn.-Morris,/team/1226/16580,30115,UMAC,3,2024,16580,NA
1226,Minn.-Morris,/team/1226/16340,30115,UMAC,3,2023,16340,NA
1226,Minn.-Morris,/team/1226/15860,30115,UMAC,3,2022,15860,NA
1226,Minn.-Morris,/team/1226/15580,30115,UMAC,3,2021,15580,NA
1226,Minn.-Morris,/team/1226/15204,30115,UMAC,3,2020,15204,NA
1226,Minn.-Morris,/team/1226/14781,30115,UMAC,3,2019,14781,NA
1226,Minn.-Morris,/team/1226/12973,30115,UMAC,3,2018,12973,NA
1226,Minn.-Morris,/team/1226/12560,30115,UMAC,3,2017,12560,NA
1226,Minn.-Morris,/team/1226/12360,30115,UMAC,3,2016,12360,NA
1226,Minn.-Morris,/team/1226/12080,30115,UMAC,3,2015,12080,NA
1226,Minn.-Morris,/team/1226/11620,30115,UMAC,3,2014,11620,NA
1226,Minn.-Morris,/team/1226/11320,30115,UMAC,3,2013,11320,NA
1226,Minn.-Morris,/team/1226/10942,30115,UMAC,3,2012,10942,NA
1226,Minn.-Morris,/team/1226/10561,30115,UMAC,3,2011,10561,NA
1226,Minn.-Morris,/team/1226/10240,30115,UMAC,3,2010,10240,NA
16142,Misericordia,/teams/615476,28745,MAC Freedom,3,2026,17040,615476
16142,Misericordia,/teams/597164,28745,MAC Freedom,3,2025,16840,597164
16142,Misericordia,/team/16142/16580,28745,MAC Freedom,3,2024,16580,NA
16142,Misericordia,/team/16142/16340,28745,MAC Freedom,3,2023,16340,NA
16142,Misericordia,/team/16142/15860,28745,MAC Freedom,3,2022,15860,NA
16142,Misericordia,/team/16142/15580,28745,MAC Freedom,3,2021,15580,NA
16142,Misericordia,/team/16142/15204,28745,MAC Freedom,3,2020,15204,NA
16142,Misericordia,/team/16142/14781,28745,MAC Freedom,3,2019,14781,NA
16142,Misericordia,/team/16142/12973,28745,MAC Freedom,3,2018,12973,NA
16142,Misericordia,/team/16142/12560,28745,MAC Freedom,3,2017,12560,NA
16142,Misericordia,/team/16142/12360,28745,MAC Freedom,3,2016,12360,NA
16142,Misericordia,/team/16142/12080,28745,MAC Freedom,3,2015,12080,NA
16142,Misericordia,/team/16142/11620,28745,MAC Freedom,3,2014,11620,NA
16142,Misericordia,/team/16142/11320,28745,MAC Freedom,3,2013,11320,NA
16142,Misericordia,/team/16142/10942,28745,MAC Freedom,3,2012,10942,NA
16142,Misericordia,/team/16142/10561,28745,MAC Freedom,3,2011,10561,NA
16142,Misericordia,/team/16142/10240,28745,MAC Freedom,3,2010,10240,NA
429,Mississippi Col.,/team/429/11620,14825,ASC,3,2014,11620,NA
429,Mississippi Col.,/team/429/11320,14825,ASC,3,2013,11320,NA
429,Mississippi Col.,/team/429/10942,14825,ASC,3,2012,10942,NA
429,Mississippi Col.,/team/429/10561,14825,ASC,3,2011,10561,NA
429,Mississippi Col.,/team/429/10240,14825,ASC,3,2010,10240,NA
30042,Mitchell,/teams/615499,23257,Great Northeast,3,2026,17040,615499
30042,Mitchell,/teams/597189,23257,Great Northeast,3,2025,16840,597189
30042,Mitchell,/team/30042/16580,888,NECC,3,2024,16580,NA
30042,Mitchell,/team/30042/16340,888,NECC,3,2023,16340,NA
30042,Mitchell,/team/30042/15860,888,NECC,3,2022,15860,NA
30042,Mitchell,/team/30042/15580,888,NECC,3,2021,15580,NA
30042,Mitchell,/team/30042/15204,888,NECC,3,2020,15204,NA
30042,Mitchell,/team/30042/14781,888,NECC,3,2019,14781,NA
30042,Mitchell,/team/30042/12973,888,NECC,3,2018,12973,NA
30042,Mitchell,/team/30042/12560,888,NECC,3,2017,12560,NA
30042,Mitchell,/team/30042/12360,888,NECC,3,2016,12360,NA
30042,Mitchell,/team/30042/12080,888,NECC,3,2015,12080,NA
30042,Mitchell,/team/30042/11620,888,NECC,3,2014,11620,NA
30042,Mitchell,/team/30042/11320,888,NECC,3,2013,11320,NA
30042,Mitchell,/team/30042/10942,888,NECC,3,2012,10942,NA
30042,Mitchell,/team/30042/10561,888,NECC,3,2011,10561,NA
30042,Mitchell,/team/30042/10240,888,NECC,3,2010,10240,NA
438,Monmouth (IL),/teams/615266,23119,MWC,3,2026,17040,615266
438,Monmouth (IL),/teams/597337,23119,MWC,3,2025,16840,597337
438,Monmouth (IL),/team/438/16580,23119,MWC,3,2024,16580,NA
438,Monmouth (IL),/team/438/16340,23119,MWC,3,2023,16340,NA
438,Monmouth (IL),/team/438/15860,23119,MWC,3,2022,15860,NA
438,Monmouth (IL),/team/438/15580,23119,MWC,3,2021,15580,NA
438,Monmouth (IL),/team/438/15204,23119,MWC,3,2020,15204,NA
438,Monmouth (IL),/team/438/14781,23119,MWC,3,2019,14781,NA
438,Monmouth (IL),/team/438/12973,23119,MWC,3,2018,12973,NA
438,Monmouth (IL),/team/438/12560,23119,MWC,3,2017,12560,NA
438,Monmouth (IL),/team/438/12360,23119,MWC,3,2016,12360,NA
438,Monmouth (IL),/team/438/12080,23119,MWC,3,2015,12080,NA
438,Monmouth (IL),/team/438/11620,23119,MWC,3,2014,11620,NA
438,Monmouth (IL),/team/438/11320,23119,MWC,3,2013,11320,NA
438,Monmouth (IL),/team/438/10942,23119,MWC,3,2012,10942,NA
438,Monmouth (IL),/team/438/10561,23119,MWC,3,2011,10561,NA
438,Monmouth (IL),/team/438/10240,23119,MWC,3,2010,10240,NA
442,Montclair St.,/teams/615267,891,NJAC,3,2026,17040,615267
442,Montclair St.,/teams/597338,891,NJAC,3,2025,16840,597338
442,Montclair St.,/team/442/16580,891,NJAC,3,2024,16580,NA
442,Montclair St.,/team/442/16340,891,NJAC,3,2023,16340,NA
442,Montclair St.,/team/442/15860,891,NJAC,3,2022,15860,NA
442,Montclair St.,/team/442/15580,891,NJAC,3,2021,15580,NA
442,Montclair St.,/team/442/15204,891,NJAC,3,2020,15204,NA
442,Montclair St.,/team/442/14781,891,NJAC,3,2019,14781,NA
442,Montclair St.,/team/442/12973,891,NJAC,3,2018,12973,NA
442,Montclair St.,/team/442/12560,891,NJAC,3,2017,12560,NA
442,Montclair St.,/team/442/12360,891,NJAC,3,2016,12360,NA
442,Montclair St.,/team/442/12080,891,NJAC,3,2015,12080,NA
442,Montclair St.,/team/442/11620,891,NJAC,3,2014,11620,NA
442,Montclair St.,/team/442/11320,891,NJAC,3,2013,11320,NA
442,Montclair St.,/team/442/10942,891,NJAC,3,2012,10942,NA
442,Montclair St.,/team/442/10561,891,NJAC,3,2011,10561,NA
442,Montclair St.,/team/442/10240,891,NJAC,3,2010,10240,NA
443,Moravian,/teams/615282,30101,Landmark,3,2026,17040,615282
443,Moravian,/teams/597353,30101,Landmark,3,2025,16840,597353
443,Moravian,/team/443/16580,30101,Landmark,3,2024,16580,NA
443,Moravian,/team/443/16340,30101,Landmark,3,2023,16340,NA
443,Moravian,/team/443/15860,30101,Landmark,3,2022,15860,NA
443,Moravian,/team/443/15580,30101,Landmark,3,2021,15580,NA
443,Moravian,/team/443/15204,30101,Landmark,3,2020,15204,NA
443,Moravian,/team/443/14781,30101,Landmark,3,2019,14781,NA
443,Moravian,/team/443/12973,30101,Landmark,3,2018,12973,NA
443,Moravian,/team/443/12560,30101,Landmark,3,2017,12560,NA
443,Moravian,/team/443/12360,30101,Landmark,3,2016,12360,NA
443,Moravian,/team/443/12080,30101,Landmark,3,2015,12080,NA
443,Moravian,/team/443/11620,30101,Landmark,3,2014,11620,NA
443,Moravian,/team/443/11320,30101,Landmark,3,2013,11320,NA
443,Moravian,/team/443/10942,30101,Landmark,3,2012,10942,NA
443,Moravian,/team/443/10561,30101,Landmark,3,2011,10561,NA
443,Moravian,/team/443/10240,30101,Landmark,3,2010,10240,NA
30036,Mount Aloysius,/teams/615494,30022,AMCC,3,2026,17040,615494
30036,Mount Aloysius,/teams/597184,30022,AMCC,3,2025,16840,597184
30036,Mount Aloysius,/team/30036/16580,30022,AMCC,3,2024,16580,NA
30036,Mount Aloysius,/team/30036/16340,30022,AMCC,3,2023,16340,NA
30036,Mount Aloysius,/team/30036/15860,30022,AMCC,3,2022,15860,NA
30036,Mount Aloysius,/team/30036/15580,30022,AMCC,3,2021,15580,NA
30036,Mount Aloysius,/team/30036/15204,30022,AMCC,3,2020,15204,NA
30036,Mount Aloysius,/team/30036/14781,30022,AMCC,3,2019,14781,NA
30036,Mount Aloysius,/team/30036/12973,30022,AMCC,3,2018,12973,NA
30036,Mount Aloysius,/team/30036/12560,30022,AMCC,3,2017,12560,NA
30036,Mount Aloysius,/team/30036/12360,30022,AMCC,3,2016,12360,NA
30036,Mount Aloysius,/team/30036/12080,30022,AMCC,3,2015,12080,NA
30036,Mount Aloysius,/team/30036/11620,30022,AMCC,3,2014,11620,NA
30036,Mount Aloysius,/team/30036/11320,30022,AMCC,3,2013,11320,NA
30036,Mount Aloysius,/team/30036/10942,30022,AMCC,3,2012,10942,NA
30036,Mount Aloysius,/team/30036/10561,30022,AMCC,3,2011,10561,NA
30036,Mount Aloysius,/team/30036/10240,30022,AMCC,3,2010,10240,NA
452,Mount Union,/teams/615284,901,OAC,3,2026,17040,615284
452,Mount Union,/teams/597355,901,OAC,3,2025,16840,597355
452,Mount Union,/team/452/16580,901,OAC,3,2024,16580,NA
452,Mount Union,/team/452/16340,901,OAC,3,2023,16340,NA
452,Mount Union,/team/452/15860,901,OAC,3,2022,15860,NA
452,Mount Union,/team/452/15580,901,OAC,3,2021,15580,NA
452,Mount Union,/team/452/15204,901,OAC,3,2020,15204,NA
452,Mount Union,/team/452/14781,901,OAC,3,2019,14781,NA
452,Mount Union,/team/452/12973,901,OAC,3,2018,12973,NA
452,Mount Union,/team/452/12560,901,OAC,3,2017,12560,NA
452,Mount Union,/team/452/12360,901,OAC,3,2016,12360,NA
452,Mount Union,/team/452/12080,901,OAC,3,2015,12080,NA
452,Mount Union,/team/452/11620,901,OAC,3,2014,11620,NA
452,Mount Union,/team/452/11320,901,OAC,3,2013,11320,NA
452,Mount Union,/team/452/10942,901,OAC,3,2012,10942,NA
452,Mount Union,/team/452/10561,901,OAC,3,2011,10561,NA
452,Mount Union,/team/452/10240,901,OAC,3,2010,10240,NA
8567,Mt. St. Joseph,/teams/615464,9174,HCAC,3,2026,17040,615464
8567,Mt. St. Joseph,/teams/597152,9174,HCAC,3,2025,16840,597152
8567,Mt. St. Joseph,/team/8567/16580,9174,HCAC,3,2024,16580,NA
8567,Mt. St. Joseph,/team/8567/16340,9174,HCAC,3,2023,16340,NA
8567,Mt. St. Joseph,/team/8567/15860,9174,HCAC,3,2022,15860,NA
8567,Mt. St. Joseph,/team/8567/15580,9174,HCAC,3,2021,15580,NA
8567,Mt. St. Joseph,/team/8567/15204,9174,HCAC,3,2020,15204,NA
8567,Mt. St. Joseph,/team/8567/14781,9174,HCAC,3,2019,14781,NA
8567,Mt. St. Joseph,/team/8567/12973,9174,HCAC,3,2018,12973,NA
8567,Mt. St. Joseph,/team/8567/12560,9174,HCAC,3,2017,12560,NA
8567,Mt. St. Joseph,/team/8567/12360,9174,HCAC,3,2016,12360,NA
8567,Mt. St. Joseph,/team/8567/12080,9174,HCAC,3,2015,12080,NA
8567,Mt. St. Joseph,/team/8567/11620,9174,HCAC,3,2014,11620,NA
8567,Mt. St. Joseph,/team/8567/11320,9174,HCAC,3,2013,11320,NA
8567,Mt. St. Joseph,/team/8567/10942,9174,HCAC,3,2012,10942,NA
8567,Mt. St. Joseph,/team/8567/10561,9174,HCAC,3,2011,10561,NA
8567,Mt. St. Joseph,/team/8567/10240,9174,HCAC,3,2010,10240,NA
1468,Mt. St. Mary (NY),/teams/615452,13054,Skyline,3,2026,17040,615452
1468,Mt. St. Mary (NY),/teams/597140,13054,Skyline,3,2025,16840,597140
1468,Mt. St. Mary (NY),/team/1468/16580,13054,Skyline,3,2024,16580,NA
1468,Mt. St. Mary (NY),/team/1468/16340,13054,Skyline,3,2023,16340,NA
1468,Mt. St. Mary (NY),/team/1468/15860,13054,Skyline,3,2022,15860,NA
1468,Mt. St. Mary (NY),/team/1468/15580,13054,Skyline,3,2021,15580,NA
1468,Mt. St. Mary (NY),/team/1468/15204,13054,Skyline,3,2020,15204,NA
1468,Mt. St. Mary (NY),/team/1468/14781,13054,Skyline,3,2019,14781,NA
1468,Mt. St. Mary (NY),/team/1468/12973,13054,Skyline,3,2018,12973,NA
1468,Mt. St. Mary (NY),/team/1468/12560,13054,Skyline,3,2017,12560,NA
1468,Mt. St. Mary (NY),/team/1468/12360,13054,Skyline,3,2016,12360,NA
1468,Mt. St. Mary (NY),/team/1468/12080,13054,Skyline,3,2015,12080,NA
1468,Mt. St. Mary (NY),/team/1468/11620,13054,Skyline,3,2014,11620,NA
1468,Mt. St. Mary (NY),/team/1468/11320,13054,Skyline,3,2013,11320,NA
1468,Mt. St. Mary (NY),/team/1468/10942,13054,Skyline,3,2012,10942,NA
1468,Mt. St. Mary (NY),/team/1468/10561,13054,Skyline,3,2011,10561,NA
1468,Mt. St. Mary (NY),/team/1468/10240,13054,Skyline,3,2010,10240,NA
453,Muhlenberg,/teams/615285,9683,Centennial,3,2026,17040,615285
453,Muhlenberg,/teams/597356,9683,Centennial,3,2025,16840,597356
453,Muhlenberg,/team/453/16580,9683,Centennial,3,2024,16580,NA
453,Muhlenberg,/team/453/16340,9683,Centennial,3,2023,16340,NA
453,Muhlenberg,/team/453/15860,9683,Centennial,3,2022,15860,NA
453,Muhlenberg,/team/453/15580,9683,Centennial,3,2021,15580,NA
453,Muhlenberg,/team/453/15204,9683,Centennial,3,2020,15204,NA
453,Muhlenberg,/team/453/14781,9683,Centennial,3,2019,14781,NA
453,Muhlenberg,/team/453/12973,9683,Centennial,3,2018,12973,NA
453,Muhlenberg,/team/453/12560,9683,Centennial,3,2017,12560,NA
453,Muhlenberg,/team/453/12360,9683,Centennial,3,2016,12360,NA
453,Muhlenberg,/team/453/12080,9683,Centennial,3,2015,12080,NA
453,Muhlenberg,/team/453/11620,9683,Centennial,3,2014,11620,NA
453,Muhlenberg,/team/453/11320,9683,Centennial,3,2013,11320,NA
453,Muhlenberg,/team/453/10942,9683,Centennial,3,2012,10942,NA
453,Muhlenberg,/team/453/10561,9683,Centennial,3,2011,10561,NA
453,Muhlenberg,/team/453/10240,9683,Centennial,3,2010,10240,NA
455,Muskingum,/teams/615286,901,OAC,3,2026,17040,615286
455,Muskingum,/teams/597357,901,OAC,3,2025,16840,597357
455,Muskingum,/team/455/16580,901,OAC,3,2024,16580,NA
455,Muskingum,/team/455/16340,901,OAC,3,2023,16340,NA
455,Muskingum,/team/455/15860,901,OAC,3,2022,15860,NA
455,Muskingum,/team/455/15580,901,OAC,3,2021,15580,NA
455,Muskingum,/team/455/15204,901,OAC,3,2020,15204,NA
455,Muskingum,/team/455/14781,901,OAC,3,2019,14781,NA
455,Muskingum,/team/455/12973,901,OAC,3,2018,12973,NA
455,Muskingum,/team/455/12560,901,OAC,3,2017,12560,NA
455,Muskingum,/team/455/12360,901,OAC,3,2016,12360,NA
455,Muskingum,/team/455/12080,901,OAC,3,2015,12080,NA
455,Muskingum,/team/455/11620,901,OAC,3,2014,11620,NA
455,Muskingum,/team/455/11320,901,OAC,3,2013,11320,NA
455,Muskingum,/team/455/10942,901,OAC,3,2012,10942,NA
455,Muskingum,/team/455/10561,901,OAC,3,2011,10561,NA
455,Muskingum,/team/455/10240,901,OAC,3,2010,10240,NA
491,N.C. Wesleyan,/teams/615302,842,USA South,3,2026,17040,615302
491,N.C. Wesleyan,/teams/596986,842,USA South,3,2025,16840,596986
491,N.C. Wesleyan,/team/491/16580,842,USA South,3,2024,16580,NA
491,N.C. Wesleyan,/team/491/16340,842,USA South,3,2023,16340,NA
491,N.C. Wesleyan,/team/491/15860,842,USA South,3,2022,15860,NA
491,N.C. Wesleyan,/team/491/15580,842,USA South,3,2021,15580,NA
491,N.C. Wesleyan,/team/491/15204,842,USA South,3,2020,15204,NA
491,N.C. Wesleyan,/team/491/14781,842,USA South,3,2019,14781,NA
491,N.C. Wesleyan,/team/491/12973,842,USA South,3,2018,12973,NA
491,N.C. Wesleyan,/team/491/12560,842,USA South,3,2017,12560,NA
491,N.C. Wesleyan,/team/491/12360,842,USA South,3,2016,12360,NA
491,N.C. Wesleyan,/team/491/12080,842,USA South,3,2015,12080,NA
491,N.C. Wesleyan,/team/491/11620,842,USA South,3,2014,11620,NA
491,N.C. Wesleyan,/team/491/11320,842,USA South,3,2013,11320,NA
491,N.C. Wesleyan,/team/491/10942,842,USA South,3,2012,10942,NA
491,N.C. Wesleyan,/team/491/10561,842,USA South,3,2011,10561,NA
491,N.C. Wesleyan,/team/491/10240,842,USA South,3,2010,10240,NA
30065,NVU-Lyndon,/team/30065/16340,30026,North Atlantic,3,2023,16340,NA
30065,NVU-Lyndon,/team/30065/15860,30026,North Atlantic,3,2022,15860,NA
30065,NVU-Lyndon,/team/30065/15580,30026,North Atlantic,3,2021,15580,NA
30065,NVU-Lyndon,/team/30065/15204,30026,North Atlantic,3,2020,15204,NA
30065,NVU-Lyndon,/team/30065/14781,30026,North Atlantic,3,2019,14781,NA
30065,NVU-Lyndon,/team/30065/12973,30026,North Atlantic,3,2018,12973,NA
30065,NVU-Lyndon,/team/30065/12560,30026,North Atlantic,3,2017,12560,NA
30065,NVU-Lyndon,/team/30065/12360,30026,North Atlantic,3,2016,12360,NA
30065,NVU-Lyndon,/team/30065/12080,30071,United East,3,2015,12080,NA
30065,NVU-Lyndon,/team/30065/11620,30071,United East,3,2014,11620,NA
30065,NVU-Lyndon,/team/30065/11320,30071,United East,3,2013,11320,NA
30065,NVU-Lyndon,/team/30065/10942,30071,United East,3,2012,10942,NA
30065,NVU-Lyndon,/team/30065/10561,30071,United East,3,2011,10561,NA
30065,NVU-Lyndon,/team/30065/10240,30071,United East,3,2010,10240,NA
479,NYU,/teams/615298,1471,UAA,3,2026,17040,615298
479,NYU,/teams/596982,1471,UAA,3,2025,16840,596982
479,NYU,/team/479/16580,1471,UAA,3,2024,16580,NA
479,NYU,/team/479/16340,1471,UAA,3,2023,16340,NA
479,NYU,/team/479/15860,1471,UAA,3,2022,15860,NA
479,NYU,/team/479/15580,1471,UAA,3,2021,15580,NA
479,NYU,/team/479/15204,1471,UAA,3,2020,15204,NA
479,NYU,/team/479/14781,1471,UAA,3,2019,14781,NA
479,NYU,/team/479/12973,1471,UAA,3,2018,12973,NA
479,NYU,/team/479/12560,1471,UAA,3,2017,12560,NA
479,NYU,/team/479/12360,1471,UAA,3,2016,12360,NA
479,NYU,/team/479/12080,1471,UAA,3,2015,12080,NA
462,Neb. Wesleyan,/teams/615294,864,American Rivers,3,2026,17040,615294
462,Neb. Wesleyan,/teams/596978,864,American Rivers,3,2025,16840,596978
462,Neb. Wesleyan,/team/462/16580,864,American Rivers,3,2024,16580,NA
462,Neb. Wesleyan,/team/462/16340,864,American Rivers,3,2023,16340,NA
462,Neb. Wesleyan,/team/462/15860,864,American Rivers,3,2022,15860,NA
462,Neb. Wesleyan,/team/462/15580,864,American Rivers,3,2021,15580,NA
462,Neb. Wesleyan,/team/462/15204,864,American Rivers,3,2020,15204,NA
462,Neb. Wesleyan,/team/462/14781,864,American Rivers,3,2019,14781,NA
462,Neb. Wesleyan,/team/462/12973,99020,DIII Independent,3,2018,12973,NA
462,Neb. Wesleyan,/team/462/12560,99020,DIII Independent,3,2017,12560,NA
462,Neb. Wesleyan,/team/462/12360,99020,DIII Independent,3,2016,12360,NA
462,Neb. Wesleyan,/team/462/12080,26388,Division III Independents,3,2015,12080,NA
462,Neb. Wesleyan,/team/462/11620,26388,Division III Independents,3,2014,11620,NA
462,Neb. Wesleyan,/team/462/11320,26388,Division III Independents,3,2013,11320,NA
462,Neb. Wesleyan,/team/462/10942,26388,Division III Independents,3,2012,10942,NA
462,Neb. Wesleyan,/team/462/10561,26388,Division III Independents,3,2011,10561,NA
462,Neb. Wesleyan,/team/462/10240,26388,Division III Independents,3,2010,10240,NA
1254,Neumann,/teams/615438,30233,Atlantic East,3,2026,17040,615438
1254,Neumann,/teams/597126,30233,Atlantic East,3,2025,16840,597126
1254,Neumann,/team/1254/16580,30233,Atlantic East,3,2024,16580,NA
1254,Neumann,/team/1254/16340,30233,Atlantic East,3,2023,16340,NA
1254,Neumann,/team/1254/15860,30233,Atlantic East,3,2022,15860,NA
1254,Neumann,/team/1254/15580,30233,Atlantic East,3,2021,15580,NA
1254,Neumann,/team/1254/15204,30233,Atlantic East,3,2020,15204,NA
1254,Neumann,/team/1254/14781,30233,Atlantic East,3,2019,14781,NA
1254,Neumann,/team/1254/12973,21062,CSAC,3,2018,12973,NA
1254,Neumann,/team/1254/12560,21062,CSAC,3,2017,12560,NA
1254,Neumann,/team/1254/12360,21062,CSAC,3,2016,12360,NA
1254,Neumann,/team/1254/12080,21062,CSAC,3,2015,12080,NA
1254,Neumann,/team/1254/11620,21062,CSAC,3,2014,11620,NA
1254,Neumann,/team/1254/11320,21062,CSAC,3,2013,11320,NA
1254,Neumann,/team/1254/10942,21062,CSAC,3,2012,10942,NA
1254,Neumann,/team/1254/10561,21062,CSAC,3,2011,10561,NA
1254,Neumann,/team/1254/10240,21062,CSAC,3,2010,10240,NA
467,New England Col.,/teams/615295,23257,Great Northeast,3,2026,17040,615295
467,New England Col.,/teams/596979,23257,Great Northeast,3,2025,16840,596979
467,New England Col.,/team/467/16580,23257,Great Northeast,3,2024,16580,NA
467,New England Col.,/team/467/16340,888,NECC,3,2023,16340,NA
467,New England Col.,/team/467/15860,888,NECC,3,2022,15860,NA
467,New England Col.,/team/467/15580,888,NECC,3,2021,15580,NA
467,New England Col.,/team/467/15204,888,NECC,3,2020,15204,NA
467,New England Col.,/team/467/14781,888,NECC,3,2019,14781,NA
467,New England Col.,/team/467/12973,30026,North Atlantic,3,2018,12973,NA
467,New England Col.,/team/467/12560,30026,North Atlantic,3,2017,12560,NA
467,New England Col.,/team/467/12360,30026,North Atlantic,3,2016,12360,NA
467,New England Col.,/team/467/12080,30071,United East,3,2015,12080,NA
467,New England Col.,/team/467/11620,30071,United East,3,2014,11620,NA
467,New England Col.,/team/467/11320,30071,United East,3,2013,11320,NA
467,New England Col.,/team/467/10942,30071,United East,3,2012,10942,NA
467,New England Col.,/team/467/10561,839,CCC,3,2011,10561,NA
467,New England Col.,/team/467/10240,839,CCC,3,2010,10240,NA
319,New Jersey City,/teams/615233,891,NJAC,3,2026,17040,615233
319,New Jersey City,/teams/597304,891,NJAC,3,2025,16840,597304
319,New Jersey City,/team/319/16580,891,NJAC,3,2024,16580,NA
319,New Jersey City,/team/319/16340,891,NJAC,3,2023,16340,NA
319,New Jersey City,/team/319/15860,891,NJAC,3,2022,15860,NA
319,New Jersey City,/team/319/15580,891,NJAC,3,2021,15580,NA
319,New Jersey City,/team/319/15204,891,NJAC,3,2020,15204,NA
319,New Jersey City,/team/319/14781,891,NJAC,3,2019,14781,NA
319,New Jersey City,/team/319/12973,891,NJAC,3,2018,12973,NA
319,New Jersey City,/team/319/12560,891,NJAC,3,2017,12560,NA
319,New Jersey City,/team/319/12360,891,NJAC,3,2016,12360,NA
319,New Jersey City,/team/319/12080,891,NJAC,3,2015,12080,NA
319,New Jersey City,/team/319/11620,891,NJAC,3,2014,11620,NA
319,New Jersey City,/team/319/11320,891,NJAC,3,2013,11320,NA
319,New Jersey City,/team/319/10942,891,NJAC,3,2012,10942,NA
319,New Jersey City,/team/319/10561,891,NJAC,3,2011,10561,NA
319,New Jersey City,/team/319/10240,891,NJAC,3,2010,10240,NA
476,New Rochelle,/team/476/14781,99020,DIII Independent,3,2019,14781,NA
476,New Rochelle,/team/476/12973,99020,DIII Independent,3,2018,12973,NA
477,New York Tech,/team/477/12560,0,Independent,3,2017,12560,NA
21772,Newbury,/team/21772/14781,888,NECC,3,2019,14781,NA
21772,Newbury,/team/21772/12973,888,NECC,3,2018,12973,NA
21772,Newbury,/team/21772/12560,888,NECC,3,2017,12560,NA
21772,Newbury,/team/21772/12360,888,NECC,3,2016,12360,NA
21772,Newbury,/team/21772/12080,888,NECC,3,2015,12080,NA
21772,Newbury,/team/21772/11620,888,NECC,3,2014,11620,NA
21772,Newbury,/team/21772/11320,888,NECC,3,2013,11320,NA
21772,Newbury,/team/21772/10942,888,NECC,3,2012,10942,NA
21772,Newbury,/team/21772/10561,888,NECC,3,2011,10561,NA
21772,Newbury,/team/21772/10240,888,NECC,3,2010,10240,NA
484,Nichols,/teams/615300,839,CNE,3,2026,17040,615300
484,Nichols,/teams/596984,839,CNE,3,2025,16840,596984
484,Nichols,/team/484/16580,839,CCC,3,2024,16580,NA
484,Nichols,/team/484/16340,839,CCC,3,2023,16340,NA
484,Nichols,/team/484/15860,839,CCC,3,2022,15860,NA
484,Nichols,/team/484/15580,839,CCC,3,2021,15580,NA
484,Nichols,/team/484/15204,839,CCC,3,2020,15204,NA
484,Nichols,/team/484/14781,839,CCC,3,2019,14781,NA
484,Nichols,/team/484/12973,839,CCC,3,2018,12973,NA
484,Nichols,/team/484/12560,839,CCC,3,2017,12560,NA
484,Nichols,/team/484/12360,839,CCC,3,2016,12360,NA
484,Nichols,/team/484/12080,839,CCC,3,2015,12080,NA
484,Nichols,/team/484/11620,839,CCC,3,2014,11620,NA
484,Nichols,/team/484/11320,839,CCC,3,2013,11320,NA
484,Nichols,/team/484/10942,839,CCC,3,2012,10942,NA
484,Nichols,/team/484/10561,839,CCC,3,2011,10561,NA
484,Nichols,/team/484/10240,839,CCC,3,2010,10240,NA
492,North Central (IL),/teams/615303,836,CCIW,3,2026,17040,615303
492,North Central (IL),/teams/596987,836,CCIW,3,2025,16840,596987
492,North Central (IL),/team/492/16580,836,CCIW,3,2024,16580,NA
492,North Central (IL),/team/492/16340,836,CCIW,3,2023,16340,NA
492,North Central (IL),/team/492/15860,836,CCIW,3,2022,15860,NA
492,North Central (IL),/team/492/15580,836,CCIW,3,2021,15580,NA
492,North Central (IL),/team/492/15204,836,CCIW,3,2020,15204,NA
492,North Central (IL),/team/492/14781,836,CCIW,3,2019,14781,NA
492,North Central (IL),/team/492/12973,836,CCIW,3,2018,12973,NA
492,North Central (IL),/team/492/12560,836,CCIW,3,2017,12560,NA
492,North Central (IL),/team/492/12360,836,CCIW,3,2016,12360,NA
492,North Central (IL),/team/492/12080,836,CCIW,3,2015,12080,NA
492,North Central (IL),/team/492/11620,836,CCIW,3,2014,11620,NA
492,North Central (IL),/team/492/11320,836,CCIW,3,2013,11320,NA
492,North Central (IL),/team/492/10942,836,CCIW,3,2012,10942,NA
492,North Central (IL),/team/492/10561,836,CCIW,3,2011,10561,NA
492,North Central (IL),/team/492/10240,836,CCIW,3,2010,10240,NA
30039,North Central (MN),/teams/615497,30115,UMAC,3,2026,17040,615497
30039,North Central (MN),/teams/597187,30115,UMAC,3,2025,16840,597187
30039,North Central (MN),/team/30039/16580,30115,UMAC,3,2024,16580,NA
30039,North Central (MN),/team/30039/16340,30115,UMAC,3,2023,16340,NA
30039,North Central (MN),/team/30039/15860,30115,UMAC,3,2022,15860,NA
30039,North Central (MN),/team/30039/15580,30115,UMAC,3,2021,15580,NA
30039,North Central (MN),/team/30039/15204,30115,UMAC,3,2020,15204,NA
30039,North Central (MN),/team/30039/14781,30115,UMAC,3,2019,14781,NA
30039,North Central (MN),/team/30039/12973,30115,UMAC,3,2018,12973,NA
30039,North Central (MN),/team/30039/12560,30115,UMAC,3,2017,12560,NA
30039,North Central (MN),/team/30039/12360,30115,UMAC,3,2016,12360,NA
30039,North Central (MN),/team/30039/12080,30115,UMAC,3,2015,12080,NA
30039,North Central (MN),/team/30039/11620,30115,UMAC,3,2014,11620,NA
30039,North Central (MN),/team/30039/11320,30115,UMAC,3,2013,11320,NA
30039,North Central (MN),/team/30039/10942,26388,Division III Independents,3,2012,10942,NA
30039,North Central (MN),/team/30039/10561,26388,Division III Independents,3,2011,10561,NA
496,North Park,/teams/615304,836,CCIW,3,2026,17040,615304
496,North Park,/teams/596988,836,CCIW,3,2025,16840,596988
496,North Park,/team/496/16580,836,CCIW,3,2024,16580,NA
496,North Park,/team/496/16340,836,CCIW,3,2023,16340,NA
496,North Park,/team/496/15860,836,CCIW,3,2022,15860,NA
496,North Park,/team/496/15580,836,CCIW,3,2021,15580,NA
496,North Park,/team/496/15204,836,CCIW,3,2020,15204,NA
496,North Park,/team/496/14781,836,CCIW,3,2019,14781,NA
496,North Park,/team/496/12973,836,CCIW,3,2018,12973,NA
496,North Park,/team/496/12560,836,CCIW,3,2017,12560,NA
496,North Park,/team/496/12360,836,CCIW,3,2016,12360,NA
496,North Park,/team/496/12080,836,CCIW,3,2015,12080,NA
496,North Park,/team/496/11620,836,CCIW,3,2014,11620,NA
496,North Park,/team/496/11320,836,CCIW,3,2013,11320,NA
496,North Park,/team/496/10942,836,CCIW,3,2012,10942,NA
496,North Park,/team/496/10561,836,CCIW,3,2011,10561,NA
496,North Park,/team/496/10240,836,CCIW,3,2010,10240,NA
1267,Northland,/teams/597127,30115,UMAC,3,2025,16840,597127
1267,Northland,/team/1267/16580,30115,UMAC,3,2024,16580,NA
1267,Northland,/team/1267/16340,30115,UMAC,3,2023,16340,NA
1267,Northland,/team/1267/15860,30115,UMAC,3,2022,15860,NA
1267,Northland,/team/1267/15580,30115,UMAC,3,2021,15580,NA
1267,Northland,/team/1267/15204,30115,UMAC,3,2020,15204,NA
1267,Northland,/team/1267/14781,30115,UMAC,3,2019,14781,NA
1267,Northland,/team/1267/12973,30115,UMAC,3,2018,12973,NA
1267,Northland,/team/1267/12560,30115,UMAC,3,2017,12560,NA
1267,Northland,/team/1267/12360,30115,UMAC,3,2016,12360,NA
1267,Northland,/team/1267/12080,30115,UMAC,3,2015,12080,NA
1267,Northland,/team/1267/11620,30115,UMAC,3,2014,11620,NA
1267,Northland,/team/1267/11320,30115,UMAC,3,2013,11320,NA
1267,Northland,/team/1267/10942,30115,UMAC,3,2012,10942,NA
1267,Northland,/team/1267/10561,30115,UMAC,3,2011,10561,NA
1267,Northland,/team/1267/10240,30115,UMAC,3,2010,10240,NA
30031,Northwestern-St. Paul,/teams/615492,30115,UMAC,3,2026,17040,615492
30031,Northwestern-St. Paul,/teams/597182,30115,UMAC,3,2025,16840,597182
30031,Northwestern-St. Paul,/team/30031/16580,30115,UMAC,3,2024,16580,NA
30031,Northwestern-St. Paul,/team/30031/16340,30115,UMAC,3,2023,16340,NA
30031,Northwestern-St. Paul,/team/30031/15860,30115,UMAC,3,2022,15860,NA
30031,Northwestern-St. Paul,/team/30031/15580,30115,UMAC,3,2021,15580,NA
30031,Northwestern-St. Paul,/team/30031/15204,30115,UMAC,3,2020,15204,NA
30031,Northwestern-St. Paul,/team/30031/14781,30115,UMAC,3,2019,14781,NA
30031,Northwestern-St. Paul,/team/30031/12973,30115,UMAC,3,2018,12973,NA
30031,Northwestern-St. Paul,/team/30031/12560,30115,UMAC,3,2017,12560,NA
30031,Northwestern-St. Paul,/team/30031/12360,30115,UMAC,3,2016,12360,NA
30031,Northwestern-St. Paul,/team/30031/12080,30115,UMAC,3,2015,12080,NA
30031,Northwestern-St. Paul,/team/30031/11620,30115,UMAC,3,2014,11620,NA
30031,Northwestern-St. Paul,/team/30031/11320,30115,UMAC,3,2013,11320,NA
30031,Northwestern-St. Paul,/team/30031/10942,30115,UMAC,3,2012,10942,NA
30031,Northwestern-St. Paul,/team/30031/10561,30115,UMAC,3,2011,10561,NA
30031,Northwestern-St. Paul,/team/30031/10240,30115,UMAC,3,2010,10240,NA
511,Norwich,/teams/615305,23257,Great Northeast,3,2026,17040,615305
511,Norwich,/teams/596989,23257,Great Northeast,3,2025,16840,596989
511,Norwich,/team/511/16580,23257,Great Northeast,3,2024,16580,NA
511,Norwich,/team/511/16340,23257,Great Northeast,3,2023,16340,NA
511,Norwich,/team/511/15860,23257,Great Northeast,3,2022,15860,NA
511,Norwich,/team/511/15580,23257,Great Northeast,3,2021,15580,NA
511,Norwich,/team/511/15204,23257,Great Northeast,3,2020,15204,NA
511,Norwich,/team/511/14781,23257,Great Northeast,3,2019,14781,NA
511,Norwich,/team/511/12973,23257,Great Northeast,3,2018,12973,NA
511,Norwich,/team/511/12560,23257,Great Northeast,3,2017,12560,NA
511,Norwich,/team/511/12360,23257,Great Northeast,3,2016,12360,NA
511,Norwich,/team/511/12080,23257,Great Northeast,3,2015,12080,NA
511,Norwich,/team/511/11620,23257,Great Northeast,3,2014,11620,NA
511,Norwich,/team/511/11320,23257,Great Northeast,3,2013,11320,NA
511,Norwich,/team/511/10942,23257,Great Northeast,3,2012,10942,NA
511,Norwich,/team/511/10561,23257,Great Northeast,3,2011,10561,NA
511,Norwich,/team/511/10240,23257,Great Northeast,3,2010,10240,NA
NA,Notre Dame (MD),/teams/615125,30071,United East,3,2026,17040,615125
NA,Notre Dame (MD),/teams/601097,30071,United East,3,2025,16840,601097
1278,Oakland City,/team/1278/12560,0,Independent,3,2017,12560,NA
1278,Oakland City,/team/1278/11620,0,Independent,3,2014,11620,NA
515,Oberlin,/teams/615306,897,NCAC,3,2026,17040,615306
515,Oberlin,/teams/596990,897,NCAC,3,2025,16840,596990
515,Oberlin,/team/515/16580,897,NCAC,3,2024,16580,NA
515,Oberlin,/team/515/16340,897,NCAC,3,2023,16340,NA
515,Oberlin,/team/515/15860,897,NCAC,3,2022,15860,NA
515,Oberlin,/team/515/15580,897,NCAC,3,2021,15580,NA
515,Oberlin,/team/515/15204,897,NCAC,3,2020,15204,NA
515,Oberlin,/team/515/14781,897,NCAC,3,2019,14781,NA
515,Oberlin,/team/515/12973,897,NCAC,3,2018,12973,NA
515,Oberlin,/team/515/12560,897,NCAC,3,2017,12560,NA
515,Oberlin,/team/515/12360,897,NCAC,3,2016,12360,NA
515,Oberlin,/team/515/12080,897,NCAC,3,2015,12080,NA
515,Oberlin,/team/515/11620,897,NCAC,3,2014,11620,NA
515,Oberlin,/team/515/11320,897,NCAC,3,2013,11320,NA
515,Oberlin,/team/515/10942,897,NCAC,3,2012,10942,NA
515,Oberlin,/team/515/10561,897,NCAC,3,2011,10561,NA
515,Oberlin,/team/515/10240,897,NCAC,3,2010,10240,NA
516,Occidental,/teams/615307,910,SCIAC,3,2026,17040,615307
516,Occidental,/teams/596991,910,SCIAC,3,2025,16840,596991
516,Occidental,/team/516/16580,910,SCIAC,3,2024,16580,NA
516,Occidental,/team/516/16340,910,SCIAC,3,2023,16340,NA
516,Occidental,/team/516/15860,910,SCIAC,3,2022,15860,NA
516,Occidental,/team/516/15580,910,SCIAC,3,2021,15580,NA
516,Occidental,/team/516/15204,910,SCIAC,3,2020,15204,NA
516,Occidental,/team/516/14781,910,SCIAC,3,2019,14781,NA
516,Occidental,/team/516/12973,910,SCIAC,3,2018,12973,NA
516,Occidental,/team/516/12560,910,SCIAC,3,2017,12560,NA
516,Occidental,/team/516/12360,910,SCIAC,3,2016,12360,NA
516,Occidental,/team/516/12080,910,SCIAC,3,2015,12080,NA
516,Occidental,/team/516/11620,910,SCIAC,3,2014,11620,NA
516,Occidental,/team/516/11320,910,SCIAC,3,2013,11320,NA
516,Occidental,/team/516/10942,910,SCIAC,3,2012,10942,NA
516,Occidental,/team/516/10561,910,SCIAC,3,2011,10561,NA
516,Occidental,/team/516/10240,910,SCIAC,3,2010,10240,NA
2713,Oglethorpe,/teams/615454,30169,SAA,3,2026,17040,615454
2713,Oglethorpe,/teams/597142,30169,SAA,3,2025,16840,597142
2713,Oglethorpe,/team/2713/16580,30169,SAA,3,2024,16580,NA
2713,Oglethorpe,/team/2713/16340,30169,SAA,3,2023,16340,NA
2713,Oglethorpe,/team/2713/15860,30169,SAA,3,2022,15860,NA
2713,Oglethorpe,/team/2713/15580,30169,SAA,3,2021,15580,NA
2713,Oglethorpe,/team/2713/15204,30169,SAA,3,2020,15204,NA
2713,Oglethorpe,/team/2713/14781,30169,SAA,3,2019,14781,NA
2713,Oglethorpe,/team/2713/12973,30169,SAA,3,2018,12973,NA
2713,Oglethorpe,/team/2713/12560,30169,SAA,3,2017,12560,NA
2713,Oglethorpe,/team/2713/12360,30169,SAA,3,2016,12360,NA
2713,Oglethorpe,/team/2713/12080,30169,SAA,3,2015,12080,NA
2713,Oglethorpe,/team/2713/11620,835,SCAC,3,2014,11620,NA
2713,Oglethorpe,/team/2713/11320,835,SCAC,3,2013,11320,NA
2713,Oglethorpe,/team/2713/10942,835,SCAC,3,2012,10942,NA
2713,Oglethorpe,/team/2713/10561,835,SCAC,3,2011,10561,NA
2713,Oglethorpe,/team/2713/10240,835,SCAC,3,2010,10240,NA
517,Ohio Northern,/teams/615308,901,OAC,3,2026,17040,615308
517,Ohio Northern,/teams/596992,901,OAC,3,2025,16840,596992
517,Ohio Northern,/team/517/16580,901,OAC,3,2024,16580,NA
517,Ohio Northern,/team/517/16340,901,OAC,3,2023,16340,NA
517,Ohio Northern,/team/517/15860,901,OAC,3,2022,15860,NA
517,Ohio Northern,/team/517/15580,901,OAC,3,2021,15580,NA
517,Ohio Northern,/team/517/15204,901,OAC,3,2020,15204,NA
517,Ohio Northern,/team/517/14781,901,OAC,3,2019,14781,NA
517,Ohio Northern,/team/517/12973,901,OAC,3,2018,12973,NA
517,Ohio Northern,/team/517/12560,901,OAC,3,2017,12560,NA
517,Ohio Northern,/team/517/12360,901,OAC,3,2016,12360,NA
517,Ohio Northern,/team/517/12080,901,OAC,3,2015,12080,NA
517,Ohio Northern,/team/517/11620,901,OAC,3,2014,11620,NA
517,Ohio Northern,/team/517/11320,901,OAC,3,2013,11320,NA
517,Ohio Northern,/team/517/10942,901,OAC,3,2012,10942,NA
517,Ohio Northern,/team/517/10561,901,OAC,3,2011,10561,NA
517,Ohio Northern,/team/517/10240,901,OAC,3,2010,10240,NA
520,Ohio Wesleyan,/teams/615309,897,NCAC,3,2026,17040,615309
520,Ohio Wesleyan,/teams/596993,897,NCAC,3,2025,16840,596993
520,Ohio Wesleyan,/team/520/16580,897,NCAC,3,2024,16580,NA
520,Ohio Wesleyan,/team/520/16340,897,NCAC,3,2023,16340,NA
520,Ohio Wesleyan,/team/520/15860,897,NCAC,3,2022,15860,NA
520,Ohio Wesleyan,/team/520/15580,897,NCAC,3,2021,15580,NA
520,Ohio Wesleyan,/team/520/15204,897,NCAC,3,2020,15204,NA
520,Ohio Wesleyan,/team/520/14781,897,NCAC,3,2019,14781,NA
520,Ohio Wesleyan,/team/520/12973,897,NCAC,3,2018,12973,NA
520,Ohio Wesleyan,/team/520/12560,897,NCAC,3,2017,12560,NA
520,Ohio Wesleyan,/team/520/12360,897,NCAC,3,2016,12360,NA
520,Ohio Wesleyan,/team/520/12080,897,NCAC,3,2015,12080,NA
520,Ohio Wesleyan,/team/520/11620,897,NCAC,3,2014,11620,NA
520,Ohio Wesleyan,/team/520/11320,897,NCAC,3,2013,11320,NA
520,Ohio Wesleyan,/team/520/10942,897,NCAC,3,2012,10942,NA
520,Ohio Wesleyan,/team/520/10561,897,NCAC,3,2011,10561,NA
520,Ohio Wesleyan,/team/520/10240,897,NCAC,3,2010,10240,NA
524,Old Westbury,/teams/615310,13054,Skyline,3,2026,17040,615310
524,Old Westbury,/teams/596994,13054,Skyline,3,2025,16840,596994
524,Old Westbury,/team/524/16580,13054,Skyline,3,2024,16580,NA
524,Old Westbury,/team/524/16340,13054,Skyline,3,2023,16340,NA
524,Old Westbury,/team/524/15860,13054,Skyline,3,2022,15860,NA
524,Old Westbury,/team/524/15580,13054,Skyline,3,2021,15580,NA
524,Old Westbury,/team/524/15204,13054,Skyline,3,2020,15204,NA
524,Old Westbury,/team/524/14781,13054,Skyline,3,2019,14781,NA
524,Old Westbury,/team/524/12973,13054,Skyline,3,2018,12973,NA
524,Old Westbury,/team/524/12560,13054,Skyline,3,2017,12560,NA
524,Old Westbury,/team/524/12360,13054,Skyline,3,2016,12360,NA
524,Old Westbury,/team/524/12080,13054,Skyline,3,2015,12080,NA
524,Old Westbury,/team/524/11620,13054,Skyline,3,2014,11620,NA
524,Old Westbury,/team/524/11320,13054,Skyline,3,2013,11320,NA
524,Old Westbury,/team/524/10942,13054,Skyline,3,2012,10942,NA
524,Old Westbury,/team/524/10561,13054,Skyline,3,2011,10561,NA
524,Old Westbury,/team/524/10240,13054,Skyline,3,2010,10240,NA
525,Olivet,/teams/615311,873,Michigan Intercol. Ath. Assn.,3,2026,17040,615311
525,Olivet,/teams/596995,873,Michigan Intercol. Ath. Assn.,3,2025,16840,596995
525,Olivet,/team/525/16580,873,Michigan Intercol. Ath. Assn.,3,2024,16580,NA
525,Olivet,/team/525/16340,873,Michigan Intercol. Ath. Assn.,3,2023,16340,NA
525,Olivet,/team/525/15860,873,Michigan Intercol. Ath. Assn.,3,2022,15860,NA
525,Olivet,/team/525/15580,873,Michigan Intercol. Ath. Assn.,3,2021,15580,NA
525,Olivet,/team/525/15204,873,Michigan Intercol. Ath. Assn.,3,2020,15204,NA
525,Olivet,/team/525/14781,873,Michigan Intercol. Ath. Assn.,3,2019,14781,NA
525,Olivet,/team/525/12973,873,Michigan Intercol. Ath. Assn.,3,2018,12973,NA
525,Olivet,/team/525/12560,873,Michigan Intercol. Ath. Assn.,3,2017,12560,NA
525,Olivet,/team/525/12360,873,Michigan Intercol. Ath. Assn.,3,2016,12360,NA
525,Olivet,/team/525/12080,873,Michigan Intercol. Ath. Assn.,3,2015,12080,NA
525,Olivet,/team/525/11620,873,Michigan Intercol. Ath. Assn.,3,2014,11620,NA
525,Olivet,/team/525/11320,873,Michigan Intercol. Ath. Assn.,3,2013,11320,NA
525,Olivet,/team/525/10942,873,Michigan Intercol. Ath. Assn.,3,2012,10942,NA
525,Olivet,/team/525/10561,873,Michigan Intercol. Ath. Assn.,3,2011,10561,NA
525,Olivet,/team/525/10240,873,Michigan Intercol. Ath. Assn.,3,2010,10240,NA
530,Oswego St.,/teams/615313,917,SUNYAC,3,2026,17040,615313
530,Oswego St.,/teams/596997,917,SUNYAC,3,2025,16840,596997
530,Oswego St.,/team/530/16580,917,SUNYAC,3,2024,16580,NA
530,Oswego St.,/team/530/16340,917,SUNYAC,3,2023,16340,NA
530,Oswego St.,/team/530/15860,917,SUNYAC,3,2022,15860,NA
530,Oswego St.,/team/530/15580,917,SUNYAC,3,2021,15580,NA
530,Oswego St.,/team/530/15204,917,SUNYAC,3,2020,15204,NA
530,Oswego St.,/team/530/14781,917,SUNYAC,3,2019,14781,NA
530,Oswego St.,/team/530/12973,917,SUNYAC,3,2018,12973,NA
530,Oswego St.,/team/530/12560,917,SUNYAC,3,2017,12560,NA
530,Oswego St.,/team/530/12360,917,SUNYAC,3,2016,12360,NA
530,Oswego St.,/team/530/12080,917,SUNYAC,3,2015,12080,NA
530,Oswego St.,/team/530/11620,917,SUNYAC,3,2014,11620,NA
530,Oswego St.,/team/530/11320,917,SUNYAC,3,2013,11320,NA
530,Oswego St.,/team/530/10942,917,SUNYAC,3,2012,10942,NA
530,Oswego St.,/team/530/10561,917,SUNYAC,3,2011,10561,NA
530,Oswego St.,/team/530/10240,917,SUNYAC,3,2010,10240,NA
531,Otterbein,/teams/615314,901,OAC,3,2026,17040,615314
531,Otterbein,/teams/596998,901,OAC,3,2025,16840,596998
531,Otterbein,/team/531/16580,901,OAC,3,2024,16580,NA
531,Otterbein,/team/531/16340,901,OAC,3,2023,16340,NA
531,Otterbein,/team/531/15860,901,OAC,3,2022,15860,NA
531,Otterbein,/team/531/15580,901,OAC,3,2021,15580,NA
531,Otterbein,/team/531/15204,901,OAC,3,2020,15204,NA
531,Otterbein,/team/531/14781,901,OAC,3,2019,14781,NA
531,Otterbein,/team/531/12973,901,OAC,3,2018,12973,NA
531,Otterbein,/team/531/12560,901,OAC,3,2017,12560,NA
531,Otterbein,/team/531/12360,901,OAC,3,2016,12360,NA
531,Otterbein,/team/531/12080,901,OAC,3,2015,12080,NA
531,Otterbein,/team/531/11620,901,OAC,3,2014,11620,NA
531,Otterbein,/team/531/11320,901,OAC,3,2013,11320,NA
531,Otterbein,/team/531/10942,901,OAC,3,2012,10942,NA
531,Otterbein,/team/531/10561,901,OAC,3,2011,10561,NA
531,Otterbein,/team/531/10240,901,OAC,3,2010,10240,NA
23008,Ozarks (AR),/teams/615484,835,SCAC,3,2026,17040,615484
23008,Ozarks (AR),/teams/597172,835,SCAC,3,2025,16840,597172
23008,Ozarks (AR),/team/23008/16580,14825,ASC,3,2024,16580,NA
23008,Ozarks (AR),/team/23008/16340,14825,ASC,3,2023,16340,NA
23008,Ozarks (AR),/team/23008/15860,14825,ASC,3,2022,15860,NA
23008,Ozarks (AR),/team/23008/15580,14825,ASC,3,2021,15580,NA
23008,Ozarks (AR),/team/23008/15204,14825,ASC,3,2020,15204,NA
23008,Ozarks (AR),/team/23008/14781,14825,ASC,3,2019,14781,NA
23008,Ozarks (AR),/team/23008/12973,14825,ASC,3,2018,12973,NA
23008,Ozarks (AR),/team/23008/12560,14825,ASC,3,2017,12560,NA
23008,Ozarks (AR),/team/23008/12360,14825,ASC,3,2016,12360,NA
23008,Ozarks (AR),/team/23008/12080,14825,ASC,3,2015,12080,NA
23008,Ozarks (AR),/team/23008/11620,14825,ASC,3,2014,11620,NA
23008,Ozarks (AR),/team/23008/11320,14825,ASC,3,2013,11320,NA
23008,Ozarks (AR),/team/23008/10942,14825,ASC,3,2012,10942,NA
23008,Ozarks (AR),/team/23008/10561,14825,ASC,3,2011,10561,NA
23008,Ozarks (AR),/team/23008/10240,14825,ASC,3,2010,10240,NA
2682,P.R.-Bayamon,/team/2682/12560,0,Independent,3,2017,12560,NA
2682,P.R.-Bayamon,/team/2682/11620,0,Independent,3,2014,11620,NA
1321,P.R.-Cayey,/team/1321/12560,0,Independent,3,2017,12560,NA
1321,P.R.-Cayey,/team/1321/11620,0,Independent,3,2014,11620,NA
27859,P.R.-Humacao,/team/27859/12560,0,Independent,3,2017,12560,NA
27859,P.R.-Humacao,/team/27859/11620,0,Independent,3,2014,11620,NA
24361,P.R.-Mayaguez,/team/24361/12560,0,Independent,3,2017,12560,NA
24361,P.R.-Mayaguez,/team/24361/11620,0,Independent,3,2014,11620,NA
2716,P.R.-Rio Piedras,/team/2716/12560,0,Independent,3,2017,12560,NA
2716,P.R.-Rio Piedras,/team/2716/11620,0,Independent,3,2014,11620,NA
2716,P.R.-Rio Piedras,/team/2716/11320,0,Independent,3,2013,11320,NA
2751,Pacific (OR),/teams/615456,25300,NWC,3,2026,17040,615456
2751,Pacific (OR),/teams/597144,25300,NWC,3,2025,16840,597144
2751,Pacific (OR),/team/2751/16580,25300,NWC,3,2024,16580,NA
2751,Pacific (OR),/team/2751/16340,25300,NWC,3,2023,16340,NA
2751,Pacific (OR),/team/2751/15860,25300,NWC,3,2022,15860,NA
2751,Pacific (OR),/team/2751/15580,25300,NWC,3,2021,15580,NA
2751,Pacific (OR),/team/2751/15204,25300,NWC,3,2020,15204,NA
2751,Pacific (OR),/team/2751/14781,25300,NWC,3,2019,14781,NA
2751,Pacific (OR),/team/2751/12973,25300,NWC,3,2018,12973,NA
2751,Pacific (OR),/team/2751/12560,25300,NWC,3,2017,12560,NA
2751,Pacific (OR),/team/2751/12360,25300,NWC,3,2016,12360,NA
2751,Pacific (OR),/team/2751/12080,25300,NWC,3,2015,12080,NA
2751,Pacific (OR),/team/2751/11620,25300,NWC,3,2014,11620,NA
2751,Pacific (OR),/team/2751/11320,25300,NWC,3,2013,11320,NA
2751,Pacific (OR),/team/2751/10942,25300,NWC,3,2012,10942,NA
2751,Pacific (OR),/team/2751/10561,25300,NWC,3,2011,10561,NA
2751,Pacific (OR),/team/2751/10240,25300,NWC,3,2010,10240,NA
1297,Pacific Lutheran,/teams/615440,25300,NWC,3,2026,17040,615440
1297,Pacific Lutheran,/teams/597128,25300,NWC,3,2025,16840,597128
1297,Pacific Lutheran,/team/1297/16580,25300,NWC,3,2024,16580,NA
1297,Pacific Lutheran,/team/1297/16340,25300,NWC,3,2023,16340,NA
1297,Pacific Lutheran,/team/1297/15860,25300,NWC,3,2022,15860,NA
1297,Pacific Lutheran,/team/1297/15580,25300,NWC,3,2021,15580,NA
1297,Pacific Lutheran,/team/1297/15204,25300,NWC,3,2020,15204,NA
1297,Pacific Lutheran,/team/1297/14781,25300,NWC,3,2019,14781,NA
1297,Pacific Lutheran,/team/1297/12973,25300,NWC,3,2018,12973,NA
1297,Pacific Lutheran,/team/1297/12560,25300,NWC,3,2017,12560,NA
1297,Pacific Lutheran,/team/1297/12360,25300,NWC,3,2016,12360,NA
1297,Pacific Lutheran,/team/1297/12080,25300,NWC,3,2015,12080,NA
1297,Pacific Lutheran,/team/1297/11620,25300,NWC,3,2014,11620,NA
1297,Pacific Lutheran,/team/1297/11320,25300,NWC,3,2013,11320,NA
1297,Pacific Lutheran,/team/1297/10942,25300,NWC,3,2012,10942,NA
1297,Pacific Lutheran,/team/1297/10561,25300,NWC,3,2011,10561,NA
1297,Pacific Lutheran,/team/1297/10240,25300,NWC,3,2010,10240,NA
30045,Palm Beach Atl.,/team/30045/12560,0,Independent,3,2017,12560,NA
30045,Palm Beach Atl.,/team/30045/11620,0,Independent,3,2014,11620,NA
30045,Palm Beach Atl.,/team/30045/11320,0,Independent,3,2013,11320,NA
30190,Penn College,/teams/615138,30071,United East,3,2026,17040,615138
30190,Penn College,/teams/597208,30071,United East,3,2025,16840,597208
30190,Penn College,/team/30190/16580,30071,United East,3,2024,16580,NA
30190,Penn College,/team/30190/16340,30071,United East,3,2023,16340,NA
30190,Penn College,/team/30190/15860,30071,United East,3,2022,15860,NA
30190,Penn College,/team/30190/15580,30071,United East,3,2021,15580,NA
30190,Penn College,/team/30190/15204,30071,United East,3,2020,15204,NA
30190,Penn College,/team/30190/14781,30071,United East,3,2019,14781,NA
30190,Penn College,/team/30190/12973,30071,United East,3,2018,12973,NA
30190,Penn College,/team/30190/12560,30071,United East,3,2017,12560,NA
NA,Penn St. Brandywine,/teams/615292,30071,United East,3,2026,17040,615292
NA,Penn St. Brandywine,/teams/597547,30071,United East,3,2025,16840,597547
30081,Penn St. Harrisburg,/teams/615505,30071,United East,3,2026,17040,615505
30081,Penn St. Harrisburg,/teams/597195,30071,United East,3,2025,16840,597195
30081,Penn St. Harrisburg,/team/30081/16580,30071,United East,3,2024,16580,NA
30081,Penn St. Harrisburg,/team/30081/16340,30071,United East,3,2023,16340,NA
30081,Penn St. Harrisburg,/team/30081/15860,30071,United East,3,2022,15860,NA
30081,Penn St. Harrisburg,/team/30081/15580,30071,United East,3,2021,15580,NA
30081,Penn St. Harrisburg,/team/30081/15204,30071,United East,3,2020,15204,NA
30081,Penn St. Harrisburg,/team/30081/14781,15810,C2C,3,2019,14781,NA
30081,Penn St. Harrisburg,/team/30081/12973,15810,C2C,3,2018,12973,NA
30081,Penn St. Harrisburg,/team/30081/12560,15810,C2C,3,2017,12560,NA
30081,Penn St. Harrisburg,/team/30081/12360,15810,C2C,3,2016,12360,NA
30081,Penn St. Harrisburg,/team/30081/12080,30071,United East,3,2015,12080,NA
30081,Penn St. Harrisburg,/team/30081/11620,30071,United East,3,2014,11620,NA
30081,Penn St. Harrisburg,/team/30081/11320,30071,United East,3,2013,11320,NA
30081,Penn St. Harrisburg,/team/30081/10942,30071,United East,3,2012,10942,NA
30081,Penn St. Harrisburg,/team/30081/10561,30071,United East,3,2011,10561,NA
30081,Penn St. Harrisburg,/team/30081/10240,30071,United East,3,2010,10240,NA
30114,Penn St.-Abington,/teams/615130,30071,United East,3,2026,17040,615130
30114,Penn St.-Abington,/teams/597200,30071,United East,3,2025,16840,597200
30114,Penn St.-Abington,/team/30114/16580,30071,United East,3,2024,16580,NA
30114,Penn St.-Abington,/team/30114/16340,30071,United East,3,2023,16340,NA
30114,Penn St.-Abington,/team/30114/15860,30071,United East,3,2022,15860,NA
30114,Penn St.-Abington,/team/30114/15580,30071,United East,3,2021,15580,NA
30114,Penn St.-Abington,/team/30114/15204,30071,United East,3,2020,15204,NA
30114,Penn St.-Abington,/team/30114/14781,30071,United East,3,2019,14781,NA
30114,Penn St.-Abington,/team/30114/12973,30071,United East,3,2018,12973,NA
30114,Penn St.-Abington,/team/30114/12560,30071,United East,3,2017,12560,NA
30114,Penn St.-Abington,/team/30114/12360,30071,United East,3,2016,12360,NA
30114,Penn St.-Abington,/team/30114/12080,30071,United East,3,2015,12080,NA
30114,Penn St.-Abington,/team/30114/11620,30071,United East,3,2014,11620,NA
30114,Penn St.-Abington,/team/30114/11320,30071,United East,3,2013,11320,NA
30114,Penn St.-Abington,/team/30114/10942,30071,United East,3,2012,10942,NA
30114,Penn St.-Abington,/team/30114/10561,30071,United East,3,2011,10561,NA
30114,Penn St.-Abington,/team/30114/10240,30071,United East,3,2010,10240,NA
25719,Penn St.-Altoona,/teams/615488,30022,AMCC,3,2026,17040,615488
25719,Penn St.-Altoona,/teams/597177,30022,AMCC,3,2025,16840,597177
25719,Penn St.-Altoona,/team/25719/16580,30022,AMCC,3,2024,16580,NA
25719,Penn St.-Altoona,/team/25719/16340,30022,AMCC,3,2023,16340,NA
25719,Penn St.-Altoona,/team/25719/15860,30022,AMCC,3,2022,15860,NA
25719,Penn St.-Altoona,/team/25719/15580,30022,AMCC,3,2021,15580,NA
25719,Penn St.-Altoona,/team/25719/15204,30022,AMCC,3,2020,15204,NA
25719,Penn St.-Altoona,/team/25719/14781,30022,AMCC,3,2019,14781,NA
25719,Penn St.-Altoona,/team/25719/12973,30022,AMCC,3,2018,12973,NA
25719,Penn St.-Altoona,/team/25719/12560,30022,AMCC,3,2017,12560,NA
25719,Penn St.-Altoona,/team/25719/12360,30022,AMCC,3,2016,12360,NA
25719,Penn St.-Altoona,/team/25719/12080,30022,AMCC,3,2015,12080,NA
25719,Penn St.-Altoona,/team/25719/11620,30022,AMCC,3,2014,11620,NA
25719,Penn St.-Altoona,/team/25719/11320,30022,AMCC,3,2013,11320,NA
25719,Penn St.-Altoona,/team/25719/10942,30022,AMCC,3,2012,10942,NA
25719,Penn St.-Altoona,/team/25719/10561,30022,AMCC,3,2011,10561,NA
25719,Penn St.-Altoona,/team/25719/10240,30022,AMCC,3,2010,10240,NA
538,Penn St.-Behrend,/teams/615316,30022,AMCC,3,2026,17040,615316
538,Penn St.-Behrend,/teams/597000,30022,AMCC,3,2025,16840,597000
538,Penn St.-Behrend,/team/538/16580,30022,AMCC,3,2024,16580,NA
538,Penn St.-Behrend,/team/538/16340,30022,AMCC,3,2023,16340,NA
538,Penn St.-Behrend,/team/538/15860,30022,AMCC,3,2022,15860,NA
538,Penn St.-Behrend,/team/538/15580,30022,AMCC,3,2021,15580,NA
538,Penn St.-Behrend,/team/538/15204,30022,AMCC,3,2020,15204,NA
538,Penn St.-Behrend,/team/538/14781,30022,AMCC,3,2019,14781,NA
538,Penn St.-Behrend,/team/538/12973,30022,AMCC,3,2018,12973,NA
538,Penn St.-Behrend,/team/538/12560,30022,AMCC,3,2017,12560,NA
538,Penn St.-Behrend,/team/538/12360,30022,AMCC,3,2016,12360,NA
538,Penn St.-Behrend,/team/538/12080,30022,AMCC,3,2015,12080,NA
538,Penn St.-Behrend,/team/538/11620,30022,AMCC,3,2014,11620,NA
538,Penn St.-Behrend,/team/538/11320,30022,AMCC,3,2013,11320,NA
538,Penn St.-Behrend,/team/538/10942,30022,AMCC,3,2012,10942,NA
538,Penn St.-Behrend,/team/538/10561,30022,AMCC,3,2011,10561,NA
538,Penn St.-Behrend,/team/538/10240,30022,AMCC,3,2010,10240,NA
30044,Penn St.-Berks,/teams/615500,30071,United East,3,2026,17040,615500
30044,Penn St.-Berks,/teams/597190,30071,United East,3,2025,16840,597190
30044,Penn St.-Berks,/team/30044/16580,30071,United East,3,2024,16580,NA
30044,Penn St.-Berks,/team/30044/16340,30071,United East,3,2023,16340,NA
30044,Penn St.-Berks,/team/30044/15860,30071,United East,3,2022,15860,NA
30044,Penn St.-Berks,/team/30044/15580,30071,United East,3,2021,15580,NA
30044,Penn St.-Berks,/team/30044/15204,30071,United East,3,2020,15204,NA
30044,Penn St.-Berks,/team/30044/14781,30071,United East,3,2019,14781,NA
30044,Penn St.-Berks,/team/30044/12973,30071,United East,3,2018,12973,NA
30044,Penn St.-Berks,/team/30044/12560,30071,United East,3,2017,12560,NA
30044,Penn St.-Berks,/team/30044/12360,30071,United East,3,2016,12360,NA
30044,Penn St.-Berks,/team/30044/12080,30071,United East,3,2015,12080,NA
30044,Penn St.-Berks,/team/30044/11620,30071,United East,3,2014,11620,NA
30044,Penn St.-Berks,/team/30044/11320,30071,United East,3,2013,11320,NA
30044,Penn St.-Berks,/team/30044/10942,30071,United East,3,2012,10942,NA
30044,Penn St.-Berks,/team/30044/10561,30071,United East,3,2011,10561,NA
30044,Penn St.-Berks,/team/30044/10240,30071,United East,3,2010,10240,NA
542,Pfeiffer,/teams/615280,842,USA South,3,2026,17040,615280
542,Pfeiffer,/teams/597351,842,USA South,3,2025,16840,597351
542,Pfeiffer,/team/542/16580,842,USA South,3,2024,16580,NA
542,Pfeiffer,/team/542/16340,842,USA South,3,2023,16340,NA
542,Pfeiffer,/team/542/15860,842,USA South,3,2022,15860,NA
542,Pfeiffer,/team/542/15580,842,USA South,3,2021,15580,NA
542,Pfeiffer,/team/542/15204,842,USA South,3,2020,15204,NA
542,Pfeiffer,/team/542/14781,842,USA South,3,2019,14781,NA
542,Pfeiffer,/team/542/12973,842,USA South,3,2018,12973,NA
21830,Piedmont,/teams/615480,30251,CCS,3,2026,17040,615480
21830,Piedmont,/teams/597168,30251,CCS,3,2025,16840,597168
21830,Piedmont,/team/21830/16580,30251,CCS,3,2024,16580,NA
21830,Piedmont,/team/21830/16340,30251,CCS,3,2023,16340,NA
21830,Piedmont,/team/21830/15860,842,USA South,3,2022,15860,NA
21830,Piedmont,/team/21830/15580,842,USA South,3,2021,15580,NA
21830,Piedmont,/team/21830/15204,842,USA South,3,2020,15204,NA
21830,Piedmont,/team/21830/14781,842,USA South,3,2019,14781,NA
21830,Piedmont,/team/21830/12973,842,USA South,3,2018,12973,NA
21830,Piedmont,/team/21830/12560,842,USA South,3,2017,12560,NA
21830,Piedmont,/team/21830/12360,842,USA South,3,2016,12360,NA
21830,Piedmont,/team/21830/12080,842,USA South,3,2015,12080,NA
21830,Piedmont,/team/21830/11620,842,USA South,3,2014,11620,NA
21830,Piedmont,/team/21830/11320,842,USA South,3,2013,11320,NA
21830,Piedmont,/team/21830/10942,30074,Great South,3,2012,10942,NA
21830,Piedmont,/team/21830/10561,30074,Great South,3,2011,10561,NA
21830,Piedmont,/team/21830/10240,30074,Great South,3,2010,10240,NA
544,Pine Manor,/team/544/15580,99020,DIII Independent,3,2021,15580,NA
544,Pine Manor,/team/544/15204,99020,DIII Independent,3,2020,15204,NA
544,Pine Manor,/team/544/14781,99020,DIII Independent,3,2019,14781,NA
544,Pine Manor,/team/544/12973,99020,DIII Independent,3,2018,12973,NA
1315,Pitt.-Bradford,/teams/615442,30022,AMCC,3,2026,17040,615442
1315,Pitt.-Bradford,/teams/597130,30022,AMCC,3,2025,16840,597130
1315,Pitt.-Bradford,/team/1315/16580,30022,AMCC,3,2024,16580,NA
1315,Pitt.-Bradford,/team/1315/16340,30022,AMCC,3,2023,16340,NA
1315,Pitt.-Bradford,/team/1315/15860,30022,AMCC,3,2022,15860,NA
1315,Pitt.-Bradford,/team/1315/15580,30022,AMCC,3,2021,15580,NA
1315,Pitt.-Bradford,/team/1315/15204,30022,AMCC,3,2020,15204,NA
1315,Pitt.-Bradford,/team/1315/14781,30022,AMCC,3,2019,14781,NA
1315,Pitt.-Bradford,/team/1315/12973,30022,AMCC,3,2018,12973,NA
1315,Pitt.-Bradford,/team/1315/12560,30022,AMCC,3,2017,12560,NA
1315,Pitt.-Bradford,/team/1315/12360,30022,AMCC,3,2016,12360,NA
1315,Pitt.-Bradford,/team/1315/12080,30022,AMCC,3,2015,12080,NA
1315,Pitt.-Bradford,/team/1315/11620,30022,AMCC,3,2014,11620,NA
1315,Pitt.-Bradford,/team/1315/11320,30022,AMCC,3,2013,11320,NA
1315,Pitt.-Bradford,/team/1315/10942,30022,AMCC,3,2012,10942,NA
1315,Pitt.-Bradford,/team/1315/10561,30022,AMCC,3,2011,10561,NA
1315,Pitt.-Bradford,/team/1315/10240,30022,AMCC,3,2010,10240,NA
11839,Pitt.-Greensburg,/teams/615473,30022,AMCC,3,2026,17040,615473
11839,Pitt.-Greensburg,/teams/597161,30022,AMCC,3,2025,16840,597161
11839,Pitt.-Greensburg,/team/11839/16580,30022,AMCC,3,2024,16580,NA
11839,Pitt.-Greensburg,/team/11839/16340,30022,AMCC,3,2023,16340,NA
11839,Pitt.-Greensburg,/team/11839/15860,30022,AMCC,3,2022,15860,NA
11839,Pitt.-Greensburg,/team/11839/15580,30022,AMCC,3,2021,15580,NA
11839,Pitt.-Greensburg,/team/11839/15204,30022,AMCC,3,2020,15204,NA
11839,Pitt.-Greensburg,/team/11839/14781,30022,AMCC,3,2019,14781,NA
11839,Pitt.-Greensburg,/team/11839/12973,30022,AMCC,3,2018,12973,NA
11839,Pitt.-Greensburg,/team/11839/12560,30022,AMCC,3,2017,12560,NA
11839,Pitt.-Greensburg,/team/11839/12360,30022,AMCC,3,2016,12360,NA
11839,Pitt.-Greensburg,/team/11839/12080,30022,AMCC,3,2015,12080,NA
11839,Pitt.-Greensburg,/team/11839/11620,30022,AMCC,3,2014,11620,NA
11839,Pitt.-Greensburg,/team/11839/11320,30022,AMCC,3,2013,11320,NA
11839,Pitt.-Greensburg,/team/11839/10942,30022,AMCC,3,2012,10942,NA
11839,Pitt.-Greensburg,/team/11839/10561,30022,AMCC,3,2011,10561,NA
11839,Pitt.-Greensburg,/team/11839/10240,30022,AMCC,3,2010,10240,NA
547,Plattsburgh St.,/teams/615317,917,SUNYAC,3,2026,17040,615317
547,Plattsburgh St.,/teams/597001,917,SUNYAC,3,2025,16840,597001
547,Plattsburgh St.,/team/547/16580,917,SUNYAC,3,2024,16580,NA
547,Plattsburgh St.,/team/547/16340,917,SUNYAC,3,2023,16340,NA
547,Plattsburgh St.,/team/547/15860,917,SUNYAC,3,2022,15860,NA
547,Plattsburgh St.,/team/547/15580,917,SUNYAC,3,2021,15580,NA
547,Plattsburgh St.,/team/547/15204,917,SUNYAC,3,2020,15204,NA
547,Plattsburgh St.,/team/547/14781,917,SUNYAC,3,2019,14781,NA
547,Plattsburgh St.,/team/547/12973,917,SUNYAC,3,2018,12973,NA
547,Plattsburgh St.,/team/547/12560,917,SUNYAC,3,2017,12560,NA
547,Plattsburgh St.,/team/547/12360,917,SUNYAC,3,2016,12360,NA
547,Plattsburgh St.,/team/547/12080,917,SUNYAC,3,2015,12080,NA
547,Plattsburgh St.,/team/547/11620,917,SUNYAC,3,2014,11620,NA
547,Plattsburgh St.,/team/547/11320,917,SUNYAC,3,2013,11320,NA
547,Plattsburgh St.,/team/547/10942,917,SUNYAC,3,2012,10942,NA
547,Plattsburgh St.,/team/547/10561,917,SUNYAC,3,2011,10561,NA
547,Plattsburgh St.,/team/547/10240,917,SUNYAC,3,2010,10240,NA
548,Plymouth St.,/teams/615318,867,Little East,3,2026,17040,615318
548,Plymouth St.,/teams/597002,867,Little East,3,2025,16840,597002
548,Plymouth St.,/team/548/16580,867,Little East,3,2024,16580,NA
548,Plymouth St.,/team/548/16340,867,Little East,3,2023,16340,NA
548,Plymouth St.,/team/548/15860,867,Little East,3,2022,15860,NA
548,Plymouth St.,/team/548/15580,867,Little East,3,2021,15580,NA
548,Plymouth St.,/team/548/15204,867,Little East,3,2020,15204,NA
548,Plymouth St.,/team/548/14781,867,Little East,3,2019,14781,NA
548,Plymouth St.,/team/548/12973,867,Little East,3,2018,12973,NA
548,Plymouth St.,/team/548/12560,867,Little East,3,2017,12560,NA
548,Plymouth St.,/team/548/12360,867,Little East,3,2016,12360,NA
548,Plymouth St.,/team/548/12080,867,Little East,3,2015,12080,NA
548,Plymouth St.,/team/548/11620,867,Little East,3,2014,11620,NA
548,Plymouth St.,/team/548/11320,867,Little East,3,2013,11320,NA
548,Plymouth St.,/team/548/10942,867,Little East,3,2012,10942,NA
548,Plymouth St.,/team/548/10561,867,Little East,3,2011,10561,NA
548,Plymouth St.,/team/548/10240,867,Little East,3,2010,10240,NA
481,Polytechnic (NY),/team/481/12080,13054,Skyline,3,2015,12080,NA
481,Polytechnic (NY),/team/481/11620,13054,Skyline,3,2014,11620,NA
481,Polytechnic (NY),/team/481/11320,13054,Skyline,3,2013,11320,NA
481,Polytechnic (NY),/team/481/10942,13054,Skyline,3,2012,10942,NA
481,Polytechnic (NY),/team/481/10561,13054,Skyline,3,2011,10561,NA
481,Polytechnic (NY),/team/481/10240,13054,Skyline,3,2010,10240,NA
549,Pomona-Pitzer,/teams/615319,910,SCIAC,3,2026,17040,615319
549,Pomona-Pitzer,/teams/597003,910,SCIAC,3,2025,16840,597003
549,Pomona-Pitzer,/team/549/16580,910,SCIAC,3,2024,16580,NA
549,Pomona-Pitzer,/team/549/16340,910,SCIAC,3,2023,16340,NA
549,Pomona-Pitzer,/team/549/15860,910,SCIAC,3,2022,15860,NA
549,Pomona-Pitzer,/team/549/15580,910,SCIAC,3,2021,15580,NA
549,Pomona-Pitzer,/team/549/15204,910,SCIAC,3,2020,15204,NA
549,Pomona-Pitzer,/team/549/14781,910,SCIAC,3,2019,14781,NA
549,Pomona-Pitzer,/team/549/12973,910,SCIAC,3,2018,12973,NA
549,Pomona-Pitzer,/team/549/12560,910,SCIAC,3,2017,12560,NA
549,Pomona-Pitzer,/team/549/12360,910,SCIAC,3,2016,12360,NA
549,Pomona-Pitzer,/team/549/12080,910,SCIAC,3,2015,12080,NA
549,Pomona-Pitzer,/team/549/11620,910,SCIAC,3,2014,11620,NA
549,Pomona-Pitzer,/team/549/11320,910,SCIAC,3,2013,11320,NA
549,Pomona-Pitzer,/team/549/10942,910,SCIAC,3,2012,10942,NA
549,Pomona-Pitzer,/team/549/10561,910,SCIAC,3,2011,10561,NA
549,Pomona-Pitzer,/team/549/10240,910,SCIAC,3,2010,10240,NA
30034,Presentation,/team/30034/11620,0,Independent,3,2014,11620,NA
30034,Presentation,/team/30034/11320,99020,DIII Independent,3,2013,11320,NA
30034,Presentation,/team/30034/10942,30115,UMAC,3,2012,10942,NA
30034,Presentation,/team/30034/10561,30115,UMAC,3,2011,10561,NA
30034,Presentation,/team/30034/10240,30115,UMAC,3,2010,10240,NA
555,Principia,/teams/615320,12974,SLIAC,3,2026,17040,615320
555,Principia,/teams/597004,12974,SLIAC,3,2025,16840,597004
555,Principia,/team/555/16580,12974,SLIAC,3,2024,16580,NA
555,Principia,/team/555/16340,12974,SLIAC,3,2023,16340,NA
555,Principia,/team/555/15860,12974,SLIAC,3,2022,15860,NA
555,Principia,/team/555/15580,12974,SLIAC,3,2021,15580,NA
555,Principia,/team/555/15204,12974,SLIAC,3,2020,15204,NA
555,Principia,/team/555/14781,12974,SLIAC,3,2019,14781,NA
555,Principia,/team/555/12973,12974,SLIAC,3,2018,12973,NA
555,Principia,/team/555/12560,12974,SLIAC,3,2017,12560,NA
555,Principia,/team/555/12360,12974,SLIAC,3,2016,12360,NA
555,Principia,/team/555/12080,12974,SLIAC,3,2015,12080,NA
555,Principia,/team/555/11620,12974,SLIAC,3,2014,11620,NA
555,Principia,/team/555/11320,12974,SLIAC,3,2013,11320,NA
555,Principia,/team/555/10942,12974,SLIAC,3,2012,10942,NA
555,Principia,/team/555/10561,12974,SLIAC,3,2011,10561,NA
555,Principia,/team/555/10240,12974,SLIAC,3,2010,10240,NA
557,Puget Sound,/teams/615321,25300,NWC,3,2026,17040,615321
557,Puget Sound,/teams/597005,25300,NWC,3,2025,16840,597005
557,Puget Sound,/team/557/16580,25300,NWC,3,2024,16580,NA
557,Puget Sound,/team/557/16340,25300,NWC,3,2023,16340,NA
557,Puget Sound,/team/557/15860,25300,NWC,3,2022,15860,NA
557,Puget Sound,/team/557/15580,25300,NWC,3,2021,15580,NA
557,Puget Sound,/team/557/15204,25300,NWC,3,2020,15204,NA
557,Puget Sound,/team/557/14781,25300,NWC,3,2019,14781,NA
557,Puget Sound,/team/557/12973,25300,NWC,3,2018,12973,NA
557,Puget Sound,/team/557/12560,25300,NWC,3,2017,12560,NA
557,Puget Sound,/team/557/12360,25300,NWC,3,2016,12360,NA
557,Puget Sound,/team/557/12080,25300,NWC,3,2015,12080,NA
557,Puget Sound,/team/557/11620,25300,NWC,3,2014,11620,NA
557,Puget Sound,/team/557/11320,25300,NWC,3,2013,11320,NA
557,Puget Sound,/team/557/10942,25300,NWC,3,2012,10942,NA
557,Puget Sound,/team/557/10561,25300,NWC,3,2011,10561,NA
557,Puget Sound,/team/557/10240,25300,NWC,3,2010,10240,NA
30029,Purchase,/teams/615491,13054,Skyline,3,2026,17040,615491
30029,Purchase,/teams/597181,13054,Skyline,3,2025,16840,597181
30029,Purchase,/team/30029/16580,13054,Skyline,3,2024,16580,NA
30029,Purchase,/team/30029/16340,13054,Skyline,3,2023,16340,NA
30029,Purchase,/team/30029/15860,13054,Skyline,3,2022,15860,NA
30029,Purchase,/team/30029/15580,13054,Skyline,3,2021,15580,NA
30029,Purchase,/team/30029/15204,13054,Skyline,3,2020,15204,NA
30029,Purchase,/team/30029/14781,13054,Skyline,3,2019,14781,NA
30029,Purchase,/team/30029/12973,13054,Skyline,3,2018,12973,NA
30029,Purchase,/team/30029/12560,13054,Skyline,3,2017,12560,NA
30029,Purchase,/team/30029/12360,13054,Skyline,3,2016,12360,NA
30029,Purchase,/team/30029/12080,13054,Skyline,3,2015,12080,NA
30029,Purchase,/team/30029/11620,13054,Skyline,3,2014,11620,NA
30029,Purchase,/team/30029/11320,13054,Skyline,3,2013,11320,NA
30029,Purchase,/team/30029/10942,13054,Skyline,3,2012,10942,NA
30029,Purchase,/team/30029/10561,13054,Skyline,3,2011,10561,NA
30029,Purchase,/team/30029/10240,13054,Skyline,3,2010,10240,NA
580,RIT,/teams/615330,24197,Liberty League,3,2026,17040,615330
580,RIT,/teams/597014,24197,Liberty League,3,2025,16840,597014
580,RIT,/team/580/16580,24197,Liberty League,3,2024,16580,NA
580,RIT,/team/580/16340,24197,Liberty League,3,2023,16340,NA
580,RIT,/team/580/15860,24197,Liberty League,3,2022,15860,NA
580,RIT,/team/580/15580,24197,Liberty League,3,2021,15580,NA
580,RIT,/team/580/15204,24197,Liberty League,3,2020,15204,NA
580,RIT,/team/580/14781,24197,Liberty League,3,2019,14781,NA
580,RIT,/team/580/12973,24197,Liberty League,3,2018,12973,NA
580,RIT,/team/580/12560,24197,Liberty League,3,2017,12560,NA
580,RIT,/team/580/12360,24197,Liberty League,3,2016,12360,NA
580,RIT,/team/580/12080,24197,Liberty League,3,2015,12080,NA
580,RIT,/team/580/11620,24197,Liberty League,3,2014,11620,NA
580,RIT,/team/580/11320,24197,Liberty League,3,2013,11320,NA
580,RIT,/team/580/10942,24197,Liberty League,3,2012,10942,NA
580,RIT,/team/580/10561,863,Empire 8,3,2011,10561,NA
580,RIT,/team/580/10240,863,Empire 8,3,2010,10240,NA
564,Ramapo,/teams/615322,891,NJAC,3,2026,17040,615322
564,Ramapo,/teams/597006,891,NJAC,3,2025,16840,597006
564,Ramapo,/team/564/16580,891,NJAC,3,2024,16580,NA
564,Ramapo,/team/564/16340,891,NJAC,3,2023,16340,NA
564,Ramapo,/team/564/15860,891,NJAC,3,2022,15860,NA
564,Ramapo,/team/564/15580,891,NJAC,3,2021,15580,NA
564,Ramapo,/team/564/15204,891,NJAC,3,2020,15204,NA
564,Ramapo,/team/564/14781,891,NJAC,3,2019,14781,NA
564,Ramapo,/team/564/12973,891,NJAC,3,2018,12973,NA
564,Ramapo,/team/564/12560,891,NJAC,3,2017,12560,NA
564,Ramapo,/team/564/12360,891,NJAC,3,2016,12360,NA
564,Ramapo,/team/564/12080,891,NJAC,3,2015,12080,NA
564,Ramapo,/team/564/11620,891,NJAC,3,2014,11620,NA
564,Ramapo,/team/564/11320,891,NJAC,3,2013,11320,NA
564,Ramapo,/team/564/10942,891,NJAC,3,2012,10942,NA
564,Ramapo,/team/564/10561,891,NJAC,3,2011,10561,NA
564,Ramapo,/team/564/10240,891,NJAC,3,2010,10240,NA
565,Randolph-Macon,/teams/615323,903,ODAC,3,2026,17040,615323
565,Randolph-Macon,/teams/597007,903,ODAC,3,2025,16840,597007
565,Randolph-Macon,/team/565/16580,903,ODAC,3,2024,16580,NA
565,Randolph-Macon,/team/565/16340,903,ODAC,3,2023,16340,NA
565,Randolph-Macon,/team/565/15860,903,ODAC,3,2022,15860,NA
565,Randolph-Macon,/team/565/15580,903,ODAC,3,2021,15580,NA
565,Randolph-Macon,/team/565/15204,903,ODAC,3,2020,15204,NA
565,Randolph-Macon,/team/565/14781,903,ODAC,3,2019,14781,NA
565,Randolph-Macon,/team/565/12973,903,ODAC,3,2018,12973,NA
565,Randolph-Macon,/team/565/12560,903,ODAC,3,2017,12560,NA
565,Randolph-Macon,/team/565/12360,903,ODAC,3,2016,12360,NA
565,Randolph-Macon,/team/565/12080,903,ODAC,3,2015,12080,NA
565,Randolph-Macon,/team/565/11620,903,ODAC,3,2014,11620,NA
565,Randolph-Macon,/team/565/11320,903,ODAC,3,2013,11320,NA
565,Randolph-Macon,/team/565/10942,903,ODAC,3,2012,10942,NA
565,Randolph-Macon,/team/565/10561,903,ODAC,3,2011,10561,NA
565,Randolph-Macon,/team/565/10240,903,ODAC,3,2010,10240,NA
567,Redlands,/teams/615324,910,SCIAC,3,2026,17040,615324
567,Redlands,/teams/597008,910,SCIAC,3,2025,16840,597008
567,Redlands,/team/567/16580,910,SCIAC,3,2024,16580,NA
567,Redlands,/team/567/16340,910,SCIAC,3,2023,16340,NA
567,Redlands,/team/567/15860,910,SCIAC,3,2022,15860,NA
567,Redlands,/team/567/15580,910,SCIAC,3,2021,15580,NA
567,Redlands,/team/567/15204,910,SCIAC,3,2020,15204,NA
567,Redlands,/team/567/14781,910,SCIAC,3,2019,14781,NA
567,Redlands,/team/567/12973,910,SCIAC,3,2018,12973,NA
567,Redlands,/team/567/12560,910,SCIAC,3,2017,12560,NA
567,Redlands,/team/567/12360,910,SCIAC,3,2016,12360,NA
567,Redlands,/team/567/12080,910,SCIAC,3,2015,12080,NA
567,Redlands,/team/567/11620,910,SCIAC,3,2014,11620,NA
567,Redlands,/team/567/11320,910,SCIAC,3,2013,11320,NA
567,Redlands,/team/567/10942,910,SCIAC,3,2012,10942,NA
567,Redlands,/team/567/10561,910,SCIAC,3,2011,10561,NA
567,Redlands,/team/567/10240,910,SCIAC,3,2010,10240,NA
NA,Regent,/teams/615587,15810,C2C,3,2026,17040,615587
570,Rensselaer,/teams/615325,24197,Liberty League,3,2026,17040,615325
570,Rensselaer,/teams/597009,24197,Liberty League,3,2025,16840,597009
570,Rensselaer,/team/570/16580,24197,Liberty League,3,2024,16580,NA
570,Rensselaer,/team/570/16340,24197,Liberty League,3,2023,16340,NA
570,Rensselaer,/team/570/15860,24197,Liberty League,3,2022,15860,NA
570,Rensselaer,/team/570/15580,24197,Liberty League,3,2021,15580,NA
570,Rensselaer,/team/570/15204,24197,Liberty League,3,2020,15204,NA
570,Rensselaer,/team/570/14781,24197,Liberty League,3,2019,14781,NA
570,Rensselaer,/team/570/12973,24197,Liberty League,3,2018,12973,NA
570,Rensselaer,/team/570/12560,24197,Liberty League,3,2017,12560,NA
570,Rensselaer,/team/570/12360,24197,Liberty League,3,2016,12360,NA
570,Rensselaer,/team/570/12080,24197,Liberty League,3,2015,12080,NA
570,Rensselaer,/team/570/11620,24197,Liberty League,3,2014,11620,NA
570,Rensselaer,/team/570/11320,24197,Liberty League,3,2013,11320,NA
570,Rensselaer,/team/570/10942,24197,Liberty League,3,2012,10942,NA
570,Rensselaer,/team/570/10561,24197,Liberty League,3,2011,10561,NA
570,Rensselaer,/team/570/10240,24197,Liberty League,3,2010,10240,NA
571,Rhode Island Col.,/teams/615326,867,Little East,3,2026,17040,615326
571,Rhode Island Col.,/teams/597010,867,Little East,3,2025,16840,597010
571,Rhode Island Col.,/team/571/16580,867,Little East,3,2024,16580,NA
571,Rhode Island Col.,/team/571/16340,867,Little East,3,2023,16340,NA
571,Rhode Island Col.,/team/571/15860,867,Little East,3,2022,15860,NA
571,Rhode Island Col.,/team/571/15580,867,Little East,3,2021,15580,NA
571,Rhode Island Col.,/team/571/15204,867,Little East,3,2020,15204,NA
571,Rhode Island Col.,/team/571/14781,867,Little East,3,2019,14781,NA
571,Rhode Island Col.,/team/571/12973,867,Little East,3,2018,12973,NA
571,Rhode Island Col.,/team/571/12560,867,Little East,3,2017,12560,NA
571,Rhode Island Col.,/team/571/12360,867,Little East,3,2016,12360,NA
571,Rhode Island Col.,/team/571/12080,867,Little East,3,2015,12080,NA
571,Rhode Island Col.,/team/571/11620,867,Little East,3,2014,11620,NA
571,Rhode Island Col.,/team/571/11320,867,Little East,3,2013,11320,NA
571,Rhode Island Col.,/team/571/10942,867,Little East,3,2012,10942,NA
571,Rhode Island Col.,/team/571/10561,867,Little East,3,2011,10561,NA
571,Rhode Island Col.,/team/571/10240,867,Little East,3,2010,10240,NA
573,Rhodes,/teams/615327,30169,SAA,3,2026,17040,615327
573,Rhodes,/teams/597011,30169,SAA,3,2025,16840,597011
573,Rhodes,/team/573/16580,30169,SAA,3,2024,16580,NA
573,Rhodes,/team/573/16340,30169,SAA,3,2023,16340,NA
573,Rhodes,/team/573/15860,30169,SAA,3,2022,15860,NA
573,Rhodes,/team/573/15580,30169,SAA,3,2021,15580,NA
573,Rhodes,/team/573/15204,30169,SAA,3,2020,15204,NA
573,Rhodes,/team/573/14781,30169,SAA,3,2019,14781,NA
573,Rhodes,/team/573/12973,30169,SAA,3,2018,12973,NA
573,Rhodes,/team/573/12560,30169,SAA,3,2017,12560,NA
573,Rhodes,/team/573/12360,30169,SAA,3,2016,12360,NA
573,Rhodes,/team/573/12080,30169,SAA,3,2015,12080,NA
573,Rhodes,/team/573/11620,835,SCAC,3,2014,11620,NA
573,Rhodes,/team/573/11320,835,SCAC,3,2013,11320,NA
573,Rhodes,/team/573/10942,835,SCAC,3,2012,10942,NA
573,Rhodes,/team/573/10561,835,SCAC,3,2011,10561,NA
573,Rhodes,/team/573/10240,835,SCAC,3,2010,10240,NA
577,Ripon,/teams/615328,23119,MWC,3,2026,17040,615328
577,Ripon,/teams/597012,23119,MWC,3,2025,16840,597012
577,Ripon,/team/577/16580,23119,MWC,3,2024,16580,NA
577,Ripon,/team/577/16340,23119,MWC,3,2023,16340,NA
577,Ripon,/team/577/15860,23119,MWC,3,2022,15860,NA
577,Ripon,/team/577/15580,23119,MWC,3,2021,15580,NA
577,Ripon,/team/577/15204,23119,MWC,3,2020,15204,NA
577,Ripon,/team/577/14781,23119,MWC,3,2019,14781,NA
577,Ripon,/team/577/12973,23119,MWC,3,2018,12973,NA
577,Ripon,/team/577/12560,23119,MWC,3,2017,12560,NA
577,Ripon,/team/577/12360,23119,MWC,3,2016,12360,NA
577,Ripon,/team/577/12080,23119,MWC,3,2015,12080,NA
577,Ripon,/team/577/11620,23119,MWC,3,2014,11620,NA
577,Ripon,/team/577/11320,23119,MWC,3,2013,11320,NA
577,Ripon,/team/577/10942,23119,MWC,3,2012,10942,NA
577,Ripon,/team/577/10561,23119,MWC,3,2011,10561,NA
577,Ripon,/team/577/10240,23119,MWC,3,2010,10240,NA
18422,Rivier,/teams/615478,23257,Great Northeast,3,2026,17040,615478
18422,Rivier,/teams/597166,23257,Great Northeast,3,2025,16840,597166
18422,Rivier,/team/18422/16580,23257,Great Northeast,3,2024,16580,NA
18422,Rivier,/team/18422/16340,23257,Great Northeast,3,2023,16340,NA
18422,Rivier,/team/18422/15860,23257,Great Northeast,3,2022,15860,NA
18422,Rivier,/team/18422/15580,23257,Great Northeast,3,2021,15580,NA
18422,Rivier,/team/18422/15204,23257,Great Northeast,3,2020,15204,NA
18422,Rivier,/team/18422/14781,23257,Great Northeast,3,2019,14781,NA
18422,Rivier,/team/18422/12973,23257,Great Northeast,3,2018,12973,NA
18422,Rivier,/team/18422/12560,23257,Great Northeast,3,2017,12560,NA
18422,Rivier,/team/18422/12360,23257,Great Northeast,3,2016,12360,NA
18422,Rivier,/team/18422/12080,23257,Great Northeast,3,2015,12080,NA
18422,Rivier,/team/18422/11620,23257,Great Northeast,3,2014,11620,NA
18422,Rivier,/team/18422/11320,23257,Great Northeast,3,2013,11320,NA
18422,Rivier,/team/18422/10942,23257,Great Northeast,3,2012,10942,NA
18422,Rivier,/team/18422/10561,23257,Great Northeast,3,2011,10561,NA
18422,Rivier,/team/18422/10240,23257,Great Northeast,3,2010,10240,NA
578,Roanoke,/teams/615329,903,ODAC,3,2026,17040,615329
578,Roanoke,/teams/597013,903,ODAC,3,2025,16840,597013
578,Roanoke,/team/578/16580,903,ODAC,3,2024,16580,NA
578,Roanoke,/team/578/16340,903,ODAC,3,2023,16340,NA
578,Roanoke,/team/578/15860,903,ODAC,3,2022,15860,NA
578,Roanoke,/team/578/15580,903,ODAC,3,2021,15580,NA
578,Roanoke,/team/578/15204,903,ODAC,3,2020,15204,NA
578,Roanoke,/team/578/14781,903,ODAC,3,2019,14781,NA
578,Roanoke,/team/578/12973,903,ODAC,3,2018,12973,NA
578,Roanoke,/team/578/12560,903,ODAC,3,2017,12560,NA
578,Roanoke,/team/578/12360,903,ODAC,3,2016,12360,NA
578,Roanoke,/team/578/12080,903,ODAC,3,2015,12080,NA
578,Roanoke,/team/578/11620,903,ODAC,3,2014,11620,NA
578,Roanoke,/team/578/11320,903,ODAC,3,2013,11320,NA
578,Roanoke,/team/578/10942,903,ODAC,3,2012,10942,NA
578,Roanoke,/team/578/10561,903,ODAC,3,2011,10561,NA
578,Roanoke,/team/578/10240,903,ODAC,3,2010,10240,NA
581,Rochester (NY),/teams/615331,24197,Liberty League,3,2026,17040,615331
581,Rochester (NY),/teams/597015,24197,Liberty League,3,2025,16840,597015
581,Rochester (NY),/team/581/16580,24197,Liberty League,3,2024,16580,NA
581,Rochester (NY),/team/581/16340,24197,Liberty League,3,2023,16340,NA
581,Rochester (NY),/team/581/15860,24197,Liberty League,3,2022,15860,NA
581,Rochester (NY),/team/581/15580,24197,Liberty League,3,2021,15580,NA
581,Rochester (NY),/team/581/15204,24197,Liberty League,3,2020,15204,NA
581,Rochester (NY),/team/581/14781,24197,Liberty League,3,2019,14781,NA
581,Rochester (NY),/team/581/12973,24197,Liberty League,3,2018,12973,NA
581,Rochester (NY),/team/581/12560,24197,Liberty League,3,2017,12560,NA
581,Rochester (NY),/team/581/12360,24197,Liberty League,3,2016,12360,NA
581,Rochester (NY),/team/581/12080,24197,Liberty League,3,2015,12080,NA
581,Rochester (NY),/team/581/11620,24197,Liberty League,3,2014,11620,NA
581,Rochester (NY),/team/581/11320,24197,Liberty League,3,2013,11320,NA
581,Rochester (NY),/team/581/10942,24197,Liberty League,3,2012,10942,NA
581,Rochester (NY),/team/581/10561,24197,Liberty League,3,2011,10561,NA
581,Rochester (NY),/team/581/10240,24197,Liberty League,3,2010,10240,NA
582,Rockford,/teams/615332,30097,NACC,3,2026,17040,615332
582,Rockford,/teams/597016,30097,NACC,3,2025,16840,597016
582,Rockford,/team/582/16580,30097,NACC,3,2024,16580,NA
582,Rockford,/team/582/16340,30097,NACC,3,2023,16340,NA
582,Rockford,/team/582/15860,30097,NACC,3,2022,15860,NA
582,Rockford,/team/582/15580,30097,NACC,3,2021,15580,NA
582,Rockford,/team/582/15204,30097,NACC,3,2020,15204,NA
582,Rockford,/team/582/14781,30097,NACC,3,2019,14781,NA
582,Rockford,/team/582/12973,30097,NACC,3,2018,12973,NA
582,Rockford,/team/582/12560,30097,NACC,3,2017,12560,NA
582,Rockford,/team/582/12360,30097,NACC,3,2016,12360,NA
582,Rockford,/team/582/12080,30097,NACC,3,2015,12080,NA
582,Rockford,/team/582/11620,30097,NACC,3,2014,11620,NA
582,Rockford,/team/582/11320,30097,NACC,3,2013,11320,NA
582,Rockford,/team/582/10942,30097,NACC,3,2012,10942,NA
582,Rockford,/team/582/10561,30097,NACC,3,2011,10561,NA
582,Rockford,/team/582/10240,30097,NACC,3,2010,10240,NA
583,Roger Williams,/teams/615333,839,CNE,3,2026,17040,615333
583,Roger Williams,/teams/597017,839,CNE,3,2025,16840,597017
583,Roger Williams,/team/583/16580,839,CCC,3,2024,16580,NA
583,Roger Williams,/team/583/16340,839,CCC,3,2023,16340,NA
583,Roger Williams,/team/583/15860,839,CCC,3,2022,15860,NA
583,Roger Williams,/team/583/15580,839,CCC,3,2021,15580,NA
583,Roger Williams,/team/583/15204,839,CCC,3,2020,15204,NA
583,Roger Williams,/team/583/14781,839,CCC,3,2019,14781,NA
583,Roger Williams,/team/583/12973,839,CCC,3,2018,12973,NA
583,Roger Williams,/team/583/12560,839,CCC,3,2017,12560,NA
583,Roger Williams,/team/583/12360,839,CCC,3,2016,12360,NA
583,Roger Williams,/team/583/12080,839,CCC,3,2015,12080,NA
583,Roger Williams,/team/583/11620,839,CCC,3,2014,11620,NA
583,Roger Williams,/team/583/11320,839,CCC,3,2013,11320,NA
583,Roger Williams,/team/583/10942,839,CCC,3,2012,10942,NA
583,Roger Williams,/team/583/10561,839,CCC,3,2011,10561,NA
583,Roger Williams,/team/583/10240,839,CCC,3,2010,10240,NA
585,Rose-Hulman,/teams/615334,9174,HCAC,3,2026,17040,615334
585,Rose-Hulman,/teams/597018,9174,HCAC,3,2025,16840,597018
585,Rose-Hulman,/team/585/16580,9174,HCAC,3,2024,16580,NA
585,Rose-Hulman,/team/585/16340,9174,HCAC,3,2023,16340,NA
585,Rose-Hulman,/team/585/15860,9174,HCAC,3,2022,15860,NA
585,Rose-Hulman,/team/585/15580,9174,HCAC,3,2021,15580,NA
585,Rose-Hulman,/team/585/15204,9174,HCAC,3,2020,15204,NA
585,Rose-Hulman,/team/585/14781,9174,HCAC,3,2019,14781,NA
585,Rose-Hulman,/team/585/12973,9174,HCAC,3,2018,12973,NA
585,Rose-Hulman,/team/585/12560,9174,HCAC,3,2017,12560,NA
585,Rose-Hulman,/team/585/12360,9174,HCAC,3,2016,12360,NA
585,Rose-Hulman,/team/585/12080,9174,HCAC,3,2015,12080,NA
585,Rose-Hulman,/team/585/11620,9174,HCAC,3,2014,11620,NA
585,Rose-Hulman,/team/585/11320,9174,HCAC,3,2013,11320,NA
585,Rose-Hulman,/team/585/10942,9174,HCAC,3,2012,10942,NA
585,Rose-Hulman,/team/585/10561,9174,HCAC,3,2011,10561,NA
585,Rose-Hulman,/team/585/10240,9174,HCAC,3,2010,10240,NA
15882,Rosemont,/teams/615276,30071,United East,3,2026,17040,615276
15882,Rosemont,/teams/597347,30071,United East,3,2025,16840,597347
15882,Rosemont,/team/15882/16580,21062,CSAC,3,2024,16580,NA
15882,Rosemont,/team/15882/16340,21062,CSAC,3,2023,16340,NA
15882,Rosemont,/team/15882/15860,21062,CSAC,3,2022,15860,NA
259,Rowan,/teams/615214,891,NJAC,3,2026,17040,615214
259,Rowan,/teams/597285,891,NJAC,3,2025,16840,597285
259,Rowan,/team/259/16580,891,NJAC,3,2024,16580,NA
259,Rowan,/team/259/16340,891,NJAC,3,2023,16340,NA
259,Rowan,/team/259/15860,891,NJAC,3,2022,15860,NA
259,Rowan,/team/259/15580,891,NJAC,3,2021,15580,NA
259,Rowan,/team/259/15204,891,NJAC,3,2020,15204,NA
259,Rowan,/team/259/14781,891,NJAC,3,2019,14781,NA
259,Rowan,/team/259/12973,891,NJAC,3,2018,12973,NA
259,Rowan,/team/259/12560,891,NJAC,3,2017,12560,NA
259,Rowan,/team/259/12360,891,NJAC,3,2016,12360,NA
259,Rowan,/team/259/12080,891,NJAC,3,2015,12080,NA
259,Rowan,/team/259/11620,891,NJAC,3,2014,11620,NA
259,Rowan,/team/259/11320,891,NJAC,3,2013,11320,NA
259,Rowan,/team/259/10942,891,NJAC,3,2012,10942,NA
259,Rowan,/team/259/10561,891,NJAC,3,2011,10561,NA
259,Rowan,/team/259/10240,891,NJAC,3,2010,10240,NA
11036,Russell Sage,/teams/615277,863,Empire 8,3,2026,17040,615277
11036,Russell Sage,/teams/597348,863,Empire 8,3,2025,16840,597348
11036,Russell Sage,/team/11036/16580,863,Empire 8,3,2024,16580,NA
11036,Russell Sage,/team/11036/16340,863,Empire 8,3,2023,16340,NA
11036,Russell Sage,/team/11036/15860,863,Empire 8,3,2022,15860,NA
586,Rust,/team/586/12560,0,Independent,3,2017,12560,NA
586,Rust,/team/586/12360,99020,DIII Independent,3,2016,12360,NA
588,Rutgers-Camden,/teams/615335,891,NJAC,3,2026,17040,615335
588,Rutgers-Camden,/teams/597019,891,NJAC,3,2025,16840,597019
588,Rutgers-Camden,/team/588/16580,891,NJAC,3,2024,16580,NA
588,Rutgers-Camden,/team/588/16340,891,NJAC,3,2023,16340,NA
588,Rutgers-Camden,/team/588/15860,891,NJAC,3,2022,15860,NA
588,Rutgers-Camden,/team/588/15580,891,NJAC,3,2021,15580,NA
588,Rutgers-Camden,/team/588/15204,891,NJAC,3,2020,15204,NA
588,Rutgers-Camden,/team/588/14781,891,NJAC,3,2019,14781,NA
588,Rutgers-Camden,/team/588/12973,891,NJAC,3,2018,12973,NA
588,Rutgers-Camden,/team/588/12560,891,NJAC,3,2017,12560,NA
588,Rutgers-Camden,/team/588/12360,891,NJAC,3,2016,12360,NA
588,Rutgers-Camden,/team/588/12080,891,NJAC,3,2015,12080,NA
588,Rutgers-Camden,/team/588/11620,891,NJAC,3,2014,11620,NA
588,Rutgers-Camden,/team/588/11320,891,NJAC,3,2013,11320,NA
588,Rutgers-Camden,/team/588/10942,891,NJAC,3,2012,10942,NA
588,Rutgers-Camden,/team/588/10561,891,NJAC,3,2011,10561,NA
588,Rutgers-Camden,/team/588/10240,891,NJAC,3,2010,10240,NA
589,Rutgers-Newark,/teams/615336,891,NJAC,3,2026,17040,615336
589,Rutgers-Newark,/teams/597020,891,NJAC,3,2025,16840,597020
589,Rutgers-Newark,/team/589/16580,891,NJAC,3,2024,16580,NA
589,Rutgers-Newark,/team/589/16340,891,NJAC,3,2023,16340,NA
589,Rutgers-Newark,/team/589/15860,891,NJAC,3,2022,15860,NA
589,Rutgers-Newark,/team/589/15580,891,NJAC,3,2021,15580,NA
589,Rutgers-Newark,/team/589/15204,891,NJAC,3,2020,15204,NA
589,Rutgers-Newark,/team/589/14781,891,NJAC,3,2019,14781,NA
589,Rutgers-Newark,/team/589/12973,891,NJAC,3,2018,12973,NA
589,Rutgers-Newark,/team/589/12560,891,NJAC,3,2017,12560,NA
589,Rutgers-Newark,/team/589/12360,891,NJAC,3,2016,12360,NA
589,Rutgers-Newark,/team/589/12080,891,NJAC,3,2015,12080,NA
589,Rutgers-Newark,/team/589/11620,891,NJAC,3,2014,11620,NA
589,Rutgers-Newark,/team/589/11320,891,NJAC,3,2013,11320,NA
589,Rutgers-Newark,/team/589/10942,891,NJAC,3,2012,10942,NA
589,Rutgers-Newark,/team/589/10561,891,NJAC,3,2011,10561,NA
589,Rutgers-Newark,/team/589/10240,891,NJAC,3,2010,10240,NA
78,SUNY Brockport,/teams/615163,863,Empire 8,3,2026,17040,615163
78,SUNY Brockport,/teams/597233,863,Empire 8,3,2025,16840,597233
78,SUNY Brockport,/team/78/16580,917,SUNYAC,3,2024,16580,NA
78,SUNY Brockport,/team/78/16340,917,SUNYAC,3,2023,16340,NA
78,SUNY Brockport,/team/78/15860,917,SUNYAC,3,2022,15860,NA
78,SUNY Brockport,/team/78/15580,917,SUNYAC,3,2021,15580,NA
78,SUNY Brockport,/team/78/15204,917,SUNYAC,3,2020,15204,NA
78,SUNY Brockport,/team/78/14781,917,SUNYAC,3,2019,14781,NA
78,SUNY Brockport,/team/78/12973,917,SUNYAC,3,2018,12973,NA
78,SUNY Brockport,/team/78/12560,917,SUNYAC,3,2017,12560,NA
78,SUNY Brockport,/team/78/12360,917,SUNYAC,3,2016,12360,NA
78,SUNY Brockport,/team/78/12080,917,SUNYAC,3,2015,12080,NA
78,SUNY Brockport,/team/78/11620,917,SUNYAC,3,2014,11620,NA
78,SUNY Brockport,/team/78/11320,917,SUNYAC,3,2013,11320,NA
78,SUNY Brockport,/team/78/10942,917,SUNYAC,3,2012,10942,NA
78,SUNY Brockport,/team/78/10561,917,SUNYAC,3,2011,10561,NA
78,SUNY Brockport,/team/78/10240,917,SUNYAC,3,2010,10240,NA
30165,SUNY Canton,/teams/615133,917,SUNYAC,3,2026,17040,615133
30165,SUNY Canton,/teams/597203,917,SUNYAC,3,2025,16840,597203
30165,SUNY Canton,/team/30165/16580,30026,North Atlantic,3,2024,16580,NA
30165,SUNY Canton,/team/30165/16340,30026,North Atlantic,3,2023,16340,NA
30165,SUNY Canton,/team/30165/15860,30026,North Atlantic,3,2022,15860,NA
30165,SUNY Canton,/team/30165/15580,30026,North Atlantic,3,2021,15580,NA
30165,SUNY Canton,/team/30165/15204,30026,North Atlantic,3,2020,15204,NA
30165,SUNY Canton,/team/30165/14781,863,Empire 8,3,2019,14781,NA
30165,SUNY Canton,/team/30165/12973,863,Empire 8,3,2018,12973,NA
30165,SUNY Canton,/team/30165/12560,863,Empire 8,3,2017,12560,NA
30165,SUNY Canton,/team/30165/12360,863,Empire 8,3,2016,12360,NA
NA,SUNY Cobleskill ,/teams/615506,30026,North Atlantic,3,2026,17040,615506
NA,SUNY Cobleskill ,/teams/597196,30026,North Atlantic,3,2025,16840,597196
478,SUNY Maritime,/teams/615297,13054,Skyline,3,2026,17040,615297
478,SUNY Maritime,/teams/596981,13054,Skyline,3,2025,16840,596981
478,SUNY Maritime,/team/478/16580,13054,Skyline,3,2024,16580,NA
478,SUNY Maritime,/team/478/16340,13054,Skyline,3,2023,16340,NA
478,SUNY Maritime,/team/478/15860,13054,Skyline,3,2022,15860,NA
478,SUNY Maritime,/team/478/15580,13054,Skyline,3,2021,15580,NA
478,SUNY Maritime,/team/478/15204,13054,Skyline,3,2020,15204,NA
478,SUNY Maritime,/team/478/14781,13054,Skyline,3,2019,14781,NA
478,SUNY Maritime,/team/478/12973,13054,Skyline,3,2018,12973,NA
478,SUNY Maritime,/team/478/12560,13054,Skyline,3,2017,12560,NA
478,SUNY Maritime,/team/478/12360,13054,Skyline,3,2016,12360,NA
478,SUNY Maritime,/team/478/12080,13054,Skyline,3,2015,12080,NA
478,SUNY Maritime,/team/478/11620,13054,Skyline,3,2014,11620,NA
478,SUNY Maritime,/team/478/11320,13054,Skyline,3,2013,11320,NA
478,SUNY Maritime,/team/478/10942,13054,Skyline,3,2012,10942,NA
478,SUNY Maritime,/team/478/10561,13054,Skyline,3,2011,10561,NA
478,SUNY Maritime,/team/478/10240,13054,Skyline,3,2010,10240,NA
475,SUNY New Paltz,/teams/615296,917,SUNYAC,3,2026,17040,615296
475,SUNY New Paltz,/teams/596980,917,SUNYAC,3,2025,16840,596980
475,SUNY New Paltz,/team/475/16580,917,SUNYAC,3,2024,16580,NA
475,SUNY New Paltz,/team/475/16340,917,SUNYAC,3,2023,16340,NA
475,SUNY New Paltz,/team/475/15860,917,SUNYAC,3,2022,15860,NA
475,SUNY New Paltz,/team/475/15580,917,SUNYAC,3,2021,15580,NA
475,SUNY New Paltz,/team/475/15204,917,SUNYAC,3,2020,15204,NA
475,SUNY New Paltz,/team/475/14781,917,SUNYAC,3,2019,14781,NA
475,SUNY New Paltz,/team/475/12973,917,SUNYAC,3,2018,12973,NA
475,SUNY New Paltz,/team/475/12560,917,SUNYAC,3,2017,12560,NA
475,SUNY New Paltz,/team/475/12360,917,SUNYAC,3,2016,12360,NA
475,SUNY New Paltz,/team/475/12080,917,SUNYAC,3,2015,12080,NA
475,SUNY New Paltz,/team/475/11620,917,SUNYAC,3,2014,11620,NA
475,SUNY New Paltz,/team/475/11320,917,SUNYAC,3,2013,11320,NA
475,SUNY New Paltz,/team/475/10942,917,SUNYAC,3,2012,10942,NA
475,SUNY New Paltz,/team/475/10561,917,SUNYAC,3,2011,10561,NA
475,SUNY New Paltz,/team/475/10240,917,SUNYAC,3,2010,10240,NA
526,SUNY Oneonta,/teams/615312,917,SUNYAC,3,2026,17040,615312
526,SUNY Oneonta,/teams/596996,917,SUNYAC,3,2025,16840,596996
526,SUNY Oneonta,/team/526/16580,917,SUNYAC,3,2024,16580,NA
526,SUNY Oneonta,/team/526/16340,917,SUNYAC,3,2023,16340,NA
526,SUNY Oneonta,/team/526/15860,917,SUNYAC,3,2022,15860,NA
526,SUNY Oneonta,/team/526/15580,917,SUNYAC,3,2021,15580,NA
526,SUNY Oneonta,/team/526/15204,917,SUNYAC,3,2020,15204,NA
526,SUNY Oneonta,/team/526/14781,917,SUNYAC,3,2019,14781,NA
526,SUNY Oneonta,/team/526/12973,917,SUNYAC,3,2018,12973,NA
526,SUNY Oneonta,/team/526/12560,917,SUNYAC,3,2017,12560,NA
526,SUNY Oneonta,/team/526/12360,917,SUNYAC,3,2016,12360,NA
526,SUNY Oneonta,/team/526/12080,917,SUNYAC,3,2015,12080,NA
526,SUNY Oneonta,/team/526/11620,917,SUNYAC,3,2014,11620,NA
526,SUNY Oneonta,/team/526/11320,917,SUNYAC,3,2013,11320,NA
526,SUNY Oneonta,/team/526/10942,917,SUNYAC,3,2012,10942,NA
526,SUNY Oneonta,/team/526/10561,917,SUNYAC,3,2011,10561,NA
526,SUNY Oneonta,/team/526/10240,917,SUNYAC,3,2010,10240,NA
9500,SUNY Poly,/teams/615470,863,Empire 8,3,2026,17040,615470
9500,SUNY Poly,/teams/597158,863,Empire 8,3,2025,16840,597158
9500,SUNY Poly,/team/9500/16580,30026,North Atlantic,3,2024,16580,NA
9500,SUNY Poly,/team/9500/16340,30026,North Atlantic,3,2023,16340,NA
9500,SUNY Poly,/team/9500/15860,30026,North Atlantic,3,2022,15860,NA
9500,SUNY Poly,/team/9500/15580,30071,United East,3,2021,15580,NA
9500,SUNY Poly,/team/9500/15204,30071,United East,3,2020,15204,NA
9500,SUNY Poly,/team/9500/14781,30071,United East,3,2019,14781,NA
9500,SUNY Poly,/team/9500/12973,30071,United East,3,2018,12973,NA
9500,SUNY Poly,/team/9500/12560,30071,United East,3,2017,12560,NA
9500,SUNY Poly,/team/9500/12360,30071,United East,3,2016,12360,NA
9500,SUNY Poly,/team/9500/12080,30071,United East,3,2015,12080,NA
9500,SUNY Poly,/team/9500/11620,30071,United East,3,2014,11620,NA
9500,SUNY Poly,/team/9500/11320,30071,United East,3,2013,11320,NA
9500,SUNY Poly,/team/9500/10942,30071,United East,3,2012,10942,NA
9500,SUNY Poly,/team/9500/10561,30071,United East,3,2011,10561,NA
9500,SUNY Poly,/team/9500/10240,30071,United East,3,2010,10240,NA
9684,Saint Elizabeth,/teams/615271,30233,Atlantic East,3,2026,17040,615271
9684,Saint Elizabeth,/teams/597342,30071,United East,3,2025,16840,597342
9684,Saint Elizabeth,/team/9684/16580,21062,CSAC,3,2024,16580,NA
9684,Saint Elizabeth,/team/9684/16340,21062,CSAC,3,2023,16340,NA
9684,Saint Elizabeth,/team/9684/15860,21062,CSAC,3,2022,15860,NA
9684,Saint Elizabeth,/team/9684/15580,21062,CSAC,3,2021,15580,NA
9684,Saint Elizabeth,/team/9684/15204,21062,CSAC,3,2020,15204,NA
602,Saint John's (MN),/teams/615338,882,MIAC,3,2026,17040,615338
602,Saint John's (MN),/teams/597022,882,MIAC,3,2025,16840,597022
602,Saint John's (MN),/team/602/16580,882,MIAC,3,2024,16580,NA
602,Saint John's (MN),/team/602/16340,882,MIAC,3,2023,16340,NA
602,Saint John's (MN),/team/602/15860,882,MIAC,3,2022,15860,NA
602,Saint John's (MN),/team/602/15580,882,MIAC,3,2021,15580,NA
602,Saint John's (MN),/team/602/15204,882,MIAC,3,2020,15204,NA
602,Saint John's (MN),/team/602/14781,882,MIAC,3,2019,14781,NA
602,Saint John's (MN),/team/602/12973,882,MIAC,3,2018,12973,NA
602,Saint John's (MN),/team/602/12560,882,MIAC,3,2017,12560,NA
602,Saint John's (MN),/team/602/12360,882,MIAC,3,2016,12360,NA
602,Saint John's (MN),/team/602/12080,882,MIAC,3,2015,12080,NA
602,Saint John's (MN),/team/602/11620,882,MIAC,3,2014,11620,NA
602,Saint John's (MN),/team/602/11320,882,MIAC,3,2013,11320,NA
602,Saint John's (MN),/team/602/10942,882,MIAC,3,2012,10942,NA
602,Saint John's (MN),/team/602/10561,882,MIAC,3,2011,10561,NA
602,Saint John's (MN),/team/602/10240,882,MIAC,3,2010,10240,NA
NA,Saint Joseph (CT),/teams/615291,23257,Great Northeast,3,2026,17040,615291
NA,Saint Joseph (CT),/teams/597362,23257,Great Northeast,3,2025,16840,597362
612,Saint Mary's (MN),/teams/615342,882,MIAC,3,2026,17040,615342
612,Saint Mary's (MN),/teams/597026,882,MIAC,3,2025,16840,597026
612,Saint Mary's (MN),/team/612/16580,882,MIAC,3,2024,16580,NA
612,Saint Mary's (MN),/team/612/16340,882,MIAC,3,2023,16340,NA
612,Saint Mary's (MN),/team/612/15860,882,MIAC,3,2022,15860,NA
612,Saint Mary's (MN),/team/612/15580,882,MIAC,3,2021,15580,NA
612,Saint Mary's (MN),/team/612/15204,882,MIAC,3,2020,15204,NA
612,Saint Mary's (MN),/team/612/14781,882,MIAC,3,2019,14781,NA
612,Saint Mary's (MN),/team/612/12973,882,MIAC,3,2018,12973,NA
612,Saint Mary's (MN),/team/612/12560,882,MIAC,3,2017,12560,NA
612,Saint Mary's (MN),/team/612/12360,882,MIAC,3,2016,12360,NA
612,Saint Mary's (MN),/team/612/12080,882,MIAC,3,2015,12080,NA
612,Saint Mary's (MN),/team/612/11620,882,MIAC,3,2014,11620,NA
612,Saint Mary's (MN),/team/612/11320,882,MIAC,3,2013,11320,NA
612,Saint Mary's (MN),/team/612/10942,882,MIAC,3,2012,10942,NA
612,Saint Mary's (MN),/team/612/10561,882,MIAC,3,2011,10561,NA
612,Saint Mary's (MN),/team/612/10240,882,MIAC,3,2010,10240,NA
30064,Saint Vincent,/teams/615502,907,PAC,3,2026,17040,615502
30064,Saint Vincent,/teams/597192,907,PAC,3,2025,16840,597192
30064,Saint Vincent,/team/30064/16580,907,PAC,3,2024,16580,NA
30064,Saint Vincent,/team/30064/16340,907,PAC,3,2023,16340,NA
30064,Saint Vincent,/team/30064/15860,907,PAC,3,2022,15860,NA
30064,Saint Vincent,/team/30064/15580,907,PAC,3,2021,15580,NA
30064,Saint Vincent,/team/30064/15204,907,PAC,3,2020,15204,NA
30064,Saint Vincent,/team/30064/14781,907,PAC,3,2019,14781,NA
30064,Saint Vincent,/team/30064/12973,907,PAC,3,2018,12973,NA
30064,Saint Vincent,/team/30064/12560,907,PAC,3,2017,12560,NA
30064,Saint Vincent,/team/30064/12360,907,PAC,3,2016,12360,NA
30064,Saint Vincent,/team/30064/12080,907,PAC,3,2015,12080,NA
30064,Saint Vincent,/team/30064/11620,907,PAC,3,2014,11620,NA
30064,Saint Vincent,/team/30064/11320,907,PAC,3,2013,11320,NA
30064,Saint Vincent,/team/30064/10942,907,PAC,3,2012,10942,NA
30064,Saint Vincent,/team/30064/10561,907,PAC,3,2011,10561,NA
30064,Saint Vincent,/team/30064/10240,907,PAC,3,2010,10240,NA
19117,Salem (WV),/team/19117/12560,0,Independent,3,2017,12560,NA
621,Salem St.,/teams/615346,870,MASCAC,3,2026,17040,615346
621,Salem St.,/teams/597030,870,MASCAC,3,2025,16840,597030
621,Salem St.,/team/621/16580,870,MASCAC,3,2024,16580,NA
621,Salem St.,/team/621/16340,870,MASCAC,3,2023,16340,NA
621,Salem St.,/team/621/15860,870,MASCAC,3,2022,15860,NA
621,Salem St.,/team/621/15580,870,MASCAC,3,2021,15580,NA
621,Salem St.,/team/621/15204,870,MASCAC,3,2020,15204,NA
621,Salem St.,/team/621/14781,870,MASCAC,3,2019,14781,NA
621,Salem St.,/team/621/12973,870,MASCAC,3,2018,12973,NA
621,Salem St.,/team/621/12560,870,MASCAC,3,2017,12560,NA
621,Salem St.,/team/621/12360,870,MASCAC,3,2016,12360,NA
621,Salem St.,/team/621/12080,870,MASCAC,3,2015,12080,NA
621,Salem St.,/team/621/11620,870,MASCAC,3,2014,11620,NA
621,Salem St.,/team/621/11320,870,MASCAC,3,2013,11320,NA
621,Salem St.,/team/621/10942,870,MASCAC,3,2012,10942,NA
621,Salem St.,/team/621/10561,870,MASCAC,3,2011,10561,NA
621,Salem St.,/team/621/10240,870,MASCAC,3,2010,10240,NA
622,Salisbury,/teams/615347,15810,C2C,3,2026,17040,615347
622,Salisbury,/teams/597031,15810,C2C,3,2025,16840,597031
622,Salisbury,/team/622/16580,15810,C2C,3,2024,16580,NA
622,Salisbury,/team/622/16340,15810,C2C,3,2023,16340,NA
622,Salisbury,/team/622/15860,15810,C2C,3,2022,15860,NA
622,Salisbury,/team/622/15580,15810,C2C,3,2021,15580,NA
622,Salisbury,/team/622/15204,15810,C2C,3,2020,15204,NA
622,Salisbury,/team/622/14781,15810,C2C,3,2019,14781,NA
622,Salisbury,/team/622/12973,15810,C2C,3,2018,12973,NA
622,Salisbury,/team/622/12560,15810,C2C,3,2017,12560,NA
622,Salisbury,/team/622/12360,15810,C2C,3,2016,12360,NA
622,Salisbury,/team/622/12080,15810,C2C,3,2015,12080,NA
622,Salisbury,/team/622/11620,15810,C2C,3,2014,11620,NA
622,Salisbury,/team/622/11320,15810,C2C,3,2013,11320,NA
622,Salisbury,/team/622/10942,15810,C2C,3,2012,10942,NA
622,Salisbury,/team/622/10561,15810,C2C,3,2011,10561,NA
622,Salisbury,/team/622/10240,15810,C2C,3,2010,10240,NA
623,Salve Regina,/teams/615348,890,NEWMAC,3,2026,17040,615348
623,Salve Regina,/teams/597032,890,NEWMAC,3,2025,16840,597032
623,Salve Regina,/team/623/16580,839,CCC,3,2024,16580,NA
623,Salve Regina,/team/623/16340,839,CCC,3,2023,16340,NA
623,Salve Regina,/team/623/15860,839,CCC,3,2022,15860,NA
623,Salve Regina,/team/623/15580,839,CCC,3,2021,15580,NA
623,Salve Regina,/team/623/15204,839,CCC,3,2020,15204,NA
623,Salve Regina,/team/623/14781,839,CCC,3,2019,14781,NA
623,Salve Regina,/team/623/12973,839,CCC,3,2018,12973,NA
623,Salve Regina,/team/623/12560,839,CCC,3,2017,12560,NA
623,Salve Regina,/team/623/12360,839,CCC,3,2016,12360,NA
623,Salve Regina,/team/623/12080,839,CCC,3,2015,12080,NA
623,Salve Regina,/team/623/11620,839,CCC,3,2014,11620,NA
623,Salve Regina,/team/623/11320,839,CCC,3,2013,11320,NA
623,Salve Regina,/team/623/10942,839,CCC,3,2012,10942,NA
623,Salve Regina,/team/623/10561,839,CCC,3,2011,10561,NA
623,Salve Regina,/team/623/10240,839,CCC,3,2010,10240,NA
1355,Schreiner,/teams/615445,835,SCAC,3,2026,17040,615445
1355,Schreiner,/teams/597133,835,SCAC,3,2025,16840,597133
1355,Schreiner,/team/1355/16580,835,SCAC,3,2024,16580,NA
1355,Schreiner,/team/1355/16340,835,SCAC,3,2023,16340,NA
1355,Schreiner,/team/1355/15860,835,SCAC,3,2022,15860,NA
1355,Schreiner,/team/1355/15580,835,SCAC,3,2021,15580,NA
1355,Schreiner,/team/1355/15204,835,SCAC,3,2020,15204,NA
1355,Schreiner,/team/1355/14781,835,SCAC,3,2019,14781,NA
1355,Schreiner,/team/1355/12973,835,SCAC,3,2018,12973,NA
1355,Schreiner,/team/1355/12560,835,SCAC,3,2017,12560,NA
1355,Schreiner,/team/1355/12360,835,SCAC,3,2016,12360,NA
1355,Schreiner,/team/1355/12080,835,SCAC,3,2015,12080,NA
1355,Schreiner,/team/1355/11620,14825,ASC,3,2014,11620,NA
1355,Schreiner,/team/1355/11320,14825,ASC,3,2013,11320,NA
1355,Schreiner,/team/1355/10942,14825,ASC,3,2012,10942,NA
1355,Schreiner,/team/1355/10561,14825,ASC,3,2011,10561,NA
1355,Schreiner,/team/1355/10240,14825,ASC,3,2010,10240,NA
633,Scranton,/teams/615349,30101,Landmark,3,2026,17040,615349
633,Scranton,/teams/597033,30101,Landmark,3,2025,16840,597033
633,Scranton,/team/633/16580,30101,Landmark,3,2024,16580,NA
633,Scranton,/team/633/16340,30101,Landmark,3,2023,16340,NA
633,Scranton,/team/633/15860,30101,Landmark,3,2022,15860,NA
633,Scranton,/team/633/15580,30101,Landmark,3,2021,15580,NA
633,Scranton,/team/633/15204,30101,Landmark,3,2020,15204,NA
633,Scranton,/team/633/14781,30101,Landmark,3,2019,14781,NA
633,Scranton,/team/633/12973,30101,Landmark,3,2018,12973,NA
633,Scranton,/team/633/12560,30101,Landmark,3,2017,12560,NA
633,Scranton,/team/633/12360,30101,Landmark,3,2016,12360,NA
633,Scranton,/team/633/12080,30101,Landmark,3,2015,12080,NA
633,Scranton,/team/633/11620,30101,Landmark,3,2014,11620,NA
633,Scranton,/team/633/11320,30101,Landmark,3,2013,11320,NA
633,Scranton,/team/633/10942,30101,Landmark,3,2012,10942,NA
633,Scranton,/team/633/10561,30101,Landmark,3,2011,10561,NA
633,Scranton,/team/633/10240,30101,Landmark,3,2010,10240,NA
652,Sewanee,/teams/615353,30169,SAA,3,2026,17040,615353
652,Sewanee,/teams/597037,30169,SAA,3,2025,16840,597037
652,Sewanee,/team/652/16580,30169,SAA,3,2024,16580,NA
652,Sewanee,/team/652/16340,30169,SAA,3,2023,16340,NA
652,Sewanee,/team/652/15860,30169,SAA,3,2022,15860,NA
652,Sewanee,/team/652/15580,30169,SAA,3,2021,15580,NA
652,Sewanee,/team/652/15204,30169,SAA,3,2020,15204,NA
652,Sewanee,/team/652/14781,30169,SAA,3,2019,14781,NA
652,Sewanee,/team/652/12973,30169,SAA,3,2018,12973,NA
652,Sewanee,/team/652/12560,30169,SAA,3,2017,12560,NA
652,Sewanee,/team/652/12360,30169,SAA,3,2016,12360,NA
652,Sewanee,/team/652/12080,30169,SAA,3,2015,12080,NA
652,Sewanee,/team/652/11620,835,SCAC,3,2014,11620,NA
652,Sewanee,/team/652/11320,835,SCAC,3,2013,11320,NA
652,Sewanee,/team/652/10942,835,SCAC,3,2012,10942,NA
652,Sewanee,/team/652/10561,835,SCAC,3,2011,10561,NA
652,Sewanee,/team/652/10240,835,SCAC,3,2010,10240,NA
637,Shenandoah,/teams/615350,903,ODAC,3,2026,17040,615350
637,Shenandoah,/teams/597034,903,ODAC,3,2025,16840,597034
637,Shenandoah,/team/637/16580,903,ODAC,3,2024,16580,NA
637,Shenandoah,/team/637/16340,903,ODAC,3,2023,16340,NA
637,Shenandoah,/team/637/15860,903,ODAC,3,2022,15860,NA
637,Shenandoah,/team/637/15580,903,ODAC,3,2021,15580,NA
637,Shenandoah,/team/637/15204,903,ODAC,3,2020,15204,NA
637,Shenandoah,/team/637/14781,903,ODAC,3,2019,14781,NA
637,Shenandoah,/team/637/12973,903,ODAC,3,2018,12973,NA
637,Shenandoah,/team/637/12560,903,ODAC,3,2017,12560,NA
637,Shenandoah,/team/637/12360,903,ODAC,3,2016,12360,NA
637,Shenandoah,/team/637/12080,903,ODAC,3,2015,12080,NA
637,Shenandoah,/team/637/11620,903,ODAC,3,2014,11620,NA
637,Shenandoah,/team/637/11320,903,ODAC,3,2013,11320,NA
637,Shenandoah,/team/637/10942,842,USA South,3,2012,10942,NA
637,Shenandoah,/team/637/10561,842,USA South,3,2011,10561,NA
637,Shenandoah,/team/637/10240,842,USA South,3,2010,10240,NA
641,Simpson,/teams/615351,864,American Rivers,3,2026,17040,615351
641,Simpson,/teams/597035,864,American Rivers,3,2025,16840,597035
641,Simpson,/team/641/16580,864,American Rivers,3,2024,16580,NA
641,Simpson,/team/641/16340,864,American Rivers,3,2023,16340,NA
641,Simpson,/team/641/15860,864,American Rivers,3,2022,15860,NA
641,Simpson,/team/641/15580,864,American Rivers,3,2021,15580,NA
641,Simpson,/team/641/15204,864,American Rivers,3,2020,15204,NA
641,Simpson,/team/641/14781,864,American Rivers,3,2019,14781,NA
641,Simpson,/team/641/12973,864,American Rivers,3,2018,12973,NA
641,Simpson,/team/641/12560,864,American Rivers,3,2017,12560,NA
641,Simpson,/team/641/12360,864,American Rivers,3,2016,12360,NA
641,Simpson,/team/641/12080,864,American Rivers,3,2015,12080,NA
641,Simpson,/team/641/11620,864,American Rivers,3,2014,11620,NA
641,Simpson,/team/641/11320,864,American Rivers,3,2013,11320,NA
641,Simpson,/team/641/10942,864,American Rivers,3,2012,10942,NA
641,Simpson,/team/641/10561,864,American Rivers,3,2011,10561,NA
641,Simpson,/team/641/10240,864,American Rivers,3,2010,10240,NA
642,Skidmore,/teams/615352,24197,Liberty League,3,2026,17040,615352
642,Skidmore,/teams/597036,24197,Liberty League,3,2025,16840,597036
642,Skidmore,/team/642/16580,24197,Liberty League,3,2024,16580,NA
642,Skidmore,/team/642/16340,24197,Liberty League,3,2023,16340,NA
642,Skidmore,/team/642/15860,24197,Liberty League,3,2022,15860,NA
642,Skidmore,/team/642/15580,24197,Liberty League,3,2021,15580,NA
642,Skidmore,/team/642/15204,24197,Liberty League,3,2020,15204,NA
642,Skidmore,/team/642/14781,24197,Liberty League,3,2019,14781,NA
642,Skidmore,/team/642/12973,24197,Liberty League,3,2018,12973,NA
642,Skidmore,/team/642/12560,24197,Liberty League,3,2017,12560,NA
642,Skidmore,/team/642/12360,24197,Liberty League,3,2016,12360,NA
642,Skidmore,/team/642/12080,24197,Liberty League,3,2015,12080,NA
642,Skidmore,/team/642/11620,24197,Liberty League,3,2014,11620,NA
642,Skidmore,/team/642/11320,24197,Liberty League,3,2013,11320,NA
642,Skidmore,/team/642/10942,24197,Liberty League,3,2012,10942,NA
642,Skidmore,/team/642/10561,24197,Liberty League,3,2011,10561,NA
642,Skidmore,/team/642/10240,24197,Liberty League,3,2010,10240,NA
662,Southern Me.,/teams/615355,867,Little East,3,2026,17040,615355
662,Southern Me.,/teams/597039,867,Little East,3,2025,16840,597039
662,Southern Me.,/team/662/16580,867,Little East,3,2024,16580,NA
662,Southern Me.,/team/662/16340,867,Little East,3,2023,16340,NA
662,Southern Me.,/team/662/15860,867,Little East,3,2022,15860,NA
662,Southern Me.,/team/662/15580,867,Little East,3,2021,15580,NA
662,Southern Me.,/team/662/15204,867,Little East,3,2020,15204,NA
662,Southern Me.,/team/662/14781,867,Little East,3,2019,14781,NA
662,Southern Me.,/team/662/12973,867,Little East,3,2018,12973,NA
662,Southern Me.,/team/662/12560,867,Little East,3,2017,12560,NA
662,Southern Me.,/team/662/12360,867,Little East,3,2016,12360,NA
662,Southern Me.,/team/662/12080,867,Little East,3,2015,12080,NA
662,Southern Me.,/team/662/11620,867,Little East,3,2014,11620,NA
662,Southern Me.,/team/662/11320,867,Little East,3,2013,11320,NA
662,Southern Me.,/team/662/10942,867,Little East,3,2012,10942,NA
662,Southern Me.,/team/662/10561,867,Little East,3,2011,10561,NA
662,Southern Me.,/team/662/10240,867,Little East,3,2010,10240,NA
30164,Southern Va.,/teams/615132,842,USA South,3,2026,17040,615132
30164,Southern Va.,/teams/597202,842,USA South,3,2025,16840,597202
30164,Southern Va.,/team/30164/16580,842,USA South,3,2024,16580,NA
30164,Southern Va.,/team/30164/16340,842,USA South,3,2023,16340,NA
30164,Southern Va.,/team/30164/15860,842,USA South,3,2022,15860,NA
30164,Southern Va.,/team/30164/15580,15810,C2C,3,2021,15580,NA
30164,Southern Va.,/team/30164/15204,15810,C2C,3,2020,15204,NA
30164,Southern Va.,/team/30164/14781,15810,C2C,3,2019,14781,NA
30164,Southern Va.,/team/30164/12973,15810,C2C,3,2018,12973,NA
30164,Southern Va.,/team/30164/12560,15810,C2C,3,2017,12560,NA
1379,Southern Vt.,/team/1379/14781,888,NECC,3,2019,14781,NA
1379,Southern Vt.,/team/1379/12973,888,NECC,3,2018,12973,NA
1379,Southern Vt.,/team/1379/12560,888,NECC,3,2017,12560,NA
1379,Southern Vt.,/team/1379/12360,888,NECC,3,2016,12360,NA
1379,Southern Vt.,/team/1379/12080,888,NECC,3,2015,12080,NA
1379,Southern Vt.,/team/1379/11620,888,NECC,3,2014,11620,NA
1379,Southern Vt.,/team/1379/11320,888,NECC,3,2013,11320,NA
1379,Southern Vt.,/team/1379/10942,888,NECC,3,2012,10942,NA
1379,Southern Vt.,/team/1379/10561,888,NECC,3,2011,10561,NA
1379,Southern Vt.,/team/1379/10240,888,NECC,3,2010,10240,NA
8746,Southwestern (TX),/teams/615466,30169,SAA,3,2026,17040,615466
8746,Southwestern (TX),/teams/597154,835,SCAC,3,2025,16840,597154
8746,Southwestern (TX),/team/8746/16580,835,SCAC,3,2024,16580,NA
8746,Southwestern (TX),/team/8746/16340,835,SCAC,3,2023,16340,NA
8746,Southwestern (TX),/team/8746/15860,835,SCAC,3,2022,15860,NA
8746,Southwestern (TX),/team/8746/15580,835,SCAC,3,2021,15580,NA
8746,Southwestern (TX),/team/8746/15204,835,SCAC,3,2020,15204,NA
8746,Southwestern (TX),/team/8746/14781,835,SCAC,3,2019,14781,NA
8746,Southwestern (TX),/team/8746/12973,835,SCAC,3,2018,12973,NA
8746,Southwestern (TX),/team/8746/12560,835,SCAC,3,2017,12560,NA
8746,Southwestern (TX),/team/8746/12360,835,SCAC,3,2016,12360,NA
8746,Southwestern (TX),/team/8746/12080,835,SCAC,3,2015,12080,NA
8746,Southwestern (TX),/team/8746/11620,835,SCAC,3,2014,11620,NA
8746,Southwestern (TX),/team/8746/11320,835,SCAC,3,2013,11320,NA
8746,Southwestern (TX),/team/8746/10942,835,SCAC,3,2012,10942,NA
8746,Southwestern (TX),/team/8746/10561,835,SCAC,3,2011,10561,NA
8746,Southwestern (TX),/team/8746/10240,835,SCAC,3,2010,10240,NA
23260,Spalding,/teams/615485,12974,SLIAC,3,2026,17040,615485
23260,Spalding,/teams/597174,12974,SLIAC,3,2025,16840,597174
23260,Spalding,/team/23260/16580,12974,SLIAC,3,2024,16580,NA
23260,Spalding,/team/23260/16340,12974,SLIAC,3,2023,16340,NA
23260,Spalding,/team/23260/15860,12974,SLIAC,3,2022,15860,NA
23260,Spalding,/team/23260/15580,12974,SLIAC,3,2021,15580,NA
23260,Spalding,/team/23260/15204,12974,SLIAC,3,2020,15204,NA
23260,Spalding,/team/23260/14781,12974,SLIAC,3,2019,14781,NA
23260,Spalding,/team/23260/12973,12974,SLIAC,3,2018,12973,NA
23260,Spalding,/team/23260/12560,12974,SLIAC,3,2017,12560,NA
23260,Spalding,/team/23260/12360,12974,SLIAC,3,2016,12360,NA
23260,Spalding,/team/23260/12080,12974,SLIAC,3,2015,12080,NA
23260,Spalding,/team/23260/11620,12974,SLIAC,3,2014,11620,NA
23260,Spalding,/team/23260/11320,12974,SLIAC,3,2013,11320,NA
673,Springfield,/teams/615356,890,NEWMAC,3,2026,17040,615356
673,Springfield,/teams/597040,890,NEWMAC,3,2025,16840,597040
673,Springfield,/team/673/16580,890,NEWMAC,3,2024,16580,NA
673,Springfield,/team/673/16340,890,NEWMAC,3,2023,16340,NA
673,Springfield,/team/673/15860,890,NEWMAC,3,2022,15860,NA
673,Springfield,/team/673/15580,890,NEWMAC,3,2021,15580,NA
673,Springfield,/team/673/15204,890,NEWMAC,3,2020,15204,NA
673,Springfield,/team/673/14781,890,NEWMAC,3,2019,14781,NA
673,Springfield,/team/673/12973,890,NEWMAC,3,2018,12973,NA
673,Springfield,/team/673/12560,890,NEWMAC,3,2017,12560,NA
673,Springfield,/team/673/12360,890,NEWMAC,3,2016,12360,NA
673,Springfield,/team/673/12080,890,NEWMAC,3,2015,12080,NA
673,Springfield,/team/673/11620,890,NEWMAC,3,2014,11620,NA
673,Springfield,/team/673/11320,890,NEWMAC,3,2013,11320,NA
673,Springfield,/team/673/10942,890,NEWMAC,3,2012,10942,NA
673,Springfield,/team/673/10561,890,NEWMAC,3,2011,10561,NA
673,Springfield,/team/673/10240,890,NEWMAC,3,2010,10240,NA
601,St. John Fisher,/teams/615337,863,Empire 8,3,2026,17040,615337
601,St. John Fisher,/teams/597021,863,Empire 8,3,2025,16840,597021
601,St. John Fisher,/team/601/16580,863,Empire 8,3,2024,16580,NA
601,St. John Fisher,/team/601/16340,863,Empire 8,3,2023,16340,NA
601,St. John Fisher,/team/601/15860,863,Empire 8,3,2022,15860,NA
601,St. John Fisher,/team/601/15580,863,Empire 8,3,2021,15580,NA
601,St. John Fisher,/team/601/15204,863,Empire 8,3,2020,15204,NA
601,St. John Fisher,/team/601/14781,863,Empire 8,3,2019,14781,NA
601,St. John Fisher,/team/601/12973,863,Empire 8,3,2018,12973,NA
601,St. John Fisher,/team/601/12560,863,Empire 8,3,2017,12560,NA
601,St. John Fisher,/team/601/12360,863,Empire 8,3,2016,12360,NA
601,St. John Fisher,/team/601/12080,863,Empire 8,3,2015,12080,NA
601,St. John Fisher,/team/601/11620,863,Empire 8,3,2014,11620,NA
601,St. John Fisher,/team/601/11320,863,Empire 8,3,2013,11320,NA
601,St. John Fisher,/team/601/10942,863,Empire 8,3,2012,10942,NA
601,St. John Fisher,/team/601/10561,863,Empire 8,3,2011,10561,NA
601,St. John Fisher,/team/601/10240,863,Empire 8,3,2010,10240,NA
30072,St. Joseph's (Brkln),/teams/615504,13054,Skyline,3,2026,17040,615504
30072,St. Joseph's (Brkln),/teams/597194,13054,Skyline,3,2025,16840,597194
30072,St. Joseph's (Brkln),/team/30072/16580,13054,Skyline,3,2024,16580,NA
30072,St. Joseph's (Brkln),/team/30072/16340,13054,Skyline,3,2023,16340,NA
30072,St. Joseph's (Brkln),/team/30072/15860,13054,Skyline,3,2022,15860,NA
30072,St. Joseph's (Brkln),/team/30072/15580,13054,Skyline,3,2021,15580,NA
30072,St. Joseph's (Brkln),/team/30072/15204,13054,Skyline,3,2020,15204,NA
30072,St. Joseph's (Brkln),/team/30072/14781,13054,Skyline,3,2019,14781,NA
30072,St. Joseph's (Brkln),/team/30072/12973,13054,Skyline,3,2018,12973,NA
30072,St. Joseph's (Brkln),/team/30072/12560,13054,Skyline,3,2017,12560,NA
30072,St. Joseph's (Brkln),/team/30072/12360,13054,Skyline,3,2016,12360,NA
30072,St. Joseph's (Brkln),/team/30072/12080,26388,Division III Independents,3,2015,12080,NA
30072,St. Joseph's (Brkln),/team/30072/11620,26388,Division III Independents,3,2014,11620,NA
30072,St. Joseph's (Brkln),/team/30072/11320,26388,Division III Independents,3,2013,11320,NA
30072,St. Joseph's (Brkln),/team/30072/10942,26388,Division III Independents,3,2012,10942,NA
30072,St. Joseph's (Brkln),/team/30072/10561,26388,Division III Independents,3,2011,10561,NA
1340,St. Joseph's (L.I.),/teams/615444,13054,Skyline,3,2026,17040,615444
1340,St. Joseph's (L.I.),/teams/597132,13054,Skyline,3,2025,16840,597132
1340,St. Joseph's (L.I.),/team/1340/16580,13054,Skyline,3,2024,16580,NA
1340,St. Joseph's (L.I.),/team/1340/16340,13054,Skyline,3,2023,16340,NA
1340,St. Joseph's (L.I.),/team/1340/15860,13054,Skyline,3,2022,15860,NA
1340,St. Joseph's (L.I.),/team/1340/15580,13054,Skyline,3,2021,15580,NA
1340,St. Joseph's (L.I.),/team/1340/15204,13054,Skyline,3,2020,15204,NA
1340,St. Joseph's (L.I.),/team/1340/14781,13054,Skyline,3,2019,14781,NA
1340,St. Joseph's (L.I.),/team/1340/12973,13054,Skyline,3,2018,12973,NA
1340,St. Joseph's (L.I.),/team/1340/12560,13054,Skyline,3,2017,12560,NA
1340,St. Joseph's (L.I.),/team/1340/12360,13054,Skyline,3,2016,12360,NA
1340,St. Joseph's (L.I.),/team/1340/12080,13054,Skyline,3,2015,12080,NA
1340,St. Joseph's (L.I.),/team/1340/11620,13054,Skyline,3,2014,11620,NA
1340,St. Joseph's (L.I.),/team/1340/11320,13054,Skyline,3,2013,11320,NA
1340,St. Joseph's (L.I.),/team/1340/10942,13054,Skyline,3,2012,10942,NA
1340,St. Joseph's (L.I.),/team/1340/10561,13054,Skyline,3,2011,10561,NA
1340,St. Joseph's (L.I.),/team/1340/10240,13054,Skyline,3,2010,10240,NA
605,St. Joseph's (ME),/teams/615339,23257,Great Northeast,3,2026,17040,615339
605,St. Joseph's (ME),/teams/597023,23257,Great Northeast,3,2025,16840,597023
605,St. Joseph's (ME),/team/605/16580,23257,Great Northeast,3,2024,16580,NA
605,St. Joseph's (ME),/team/605/16340,23257,Great Northeast,3,2023,16340,NA
605,St. Joseph's (ME),/team/605/15860,23257,Great Northeast,3,2022,15860,NA
605,St. Joseph's (ME),/team/605/15580,23257,Great Northeast,3,2021,15580,NA
605,St. Joseph's (ME),/team/605/15204,23257,Great Northeast,3,2020,15204,NA
605,St. Joseph's (ME),/team/605/14781,23257,Great Northeast,3,2019,14781,NA
605,St. Joseph's (ME),/team/605/12973,23257,Great Northeast,3,2018,12973,NA
605,St. Joseph's (ME),/team/605/12560,23257,Great Northeast,3,2017,12560,NA
605,St. Joseph's (ME),/team/605/12360,23257,Great Northeast,3,2016,12360,NA
605,St. Joseph's (ME),/team/605/12080,23257,Great Northeast,3,2015,12080,NA
605,St. Joseph's (ME),/team/605/11620,23257,Great Northeast,3,2014,11620,NA
605,St. Joseph's (ME),/team/605/11320,23257,Great Northeast,3,2013,11320,NA
605,St. Joseph's (ME),/team/605/10942,23257,Great Northeast,3,2012,10942,NA
605,St. Joseph's (ME),/team/605/10561,23257,Great Northeast,3,2011,10561,NA
605,St. Joseph's (ME),/team/605/10240,23257,Great Northeast,3,2010,10240,NA
607,St. Lawrence,/teams/615340,24197,Liberty League,3,2026,17040,615340
607,St. Lawrence,/teams/597024,24197,Liberty League,3,2025,16840,597024
607,St. Lawrence,/team/607/16580,24197,Liberty League,3,2024,16580,NA
607,St. Lawrence,/team/607/16340,24197,Liberty League,3,2023,16340,NA
607,St. Lawrence,/team/607/15860,24197,Liberty League,3,2022,15860,NA
607,St. Lawrence,/team/607/15580,24197,Liberty League,3,2021,15580,NA
607,St. Lawrence,/team/607/15204,24197,Liberty League,3,2020,15204,NA
607,St. Lawrence,/team/607/14781,24197,Liberty League,3,2019,14781,NA
607,St. Lawrence,/team/607/12973,24197,Liberty League,3,2018,12973,NA
607,St. Lawrence,/team/607/12560,24197,Liberty League,3,2017,12560,NA
607,St. Lawrence,/team/607/12360,24197,Liberty League,3,2016,12360,NA
607,St. Lawrence,/team/607/12080,24197,Liberty League,3,2015,12080,NA
607,St. Lawrence,/team/607/11620,24197,Liberty League,3,2014,11620,NA
607,St. Lawrence,/team/607/11320,24197,Liberty League,3,2013,11320,NA
607,St. Lawrence,/team/607/10942,24197,Liberty League,3,2012,10942,NA
607,St. Lawrence,/team/607/10561,24197,Liberty League,3,2011,10561,NA
607,St. Lawrence,/team/607/10240,24197,Liberty League,3,2010,10240,NA
611,St. Mary's (MD),/teams/615341,30071,United East,3,2026,17040,615341
611,St. Mary's (MD),/teams/597025,30071,United East,3,2025,16840,597025
611,St. Mary's (MD),/team/611/16580,30071,United East,3,2024,16580,NA
611,St. Mary's (MD),/team/611/16340,30071,United East,3,2023,16340,NA
611,St. Mary's (MD),/team/611/15860,15810,C2C,3,2022,15860,NA
611,St. Mary's (MD),/team/611/15580,15810,C2C,3,2021,15580,NA
611,St. Mary's (MD),/team/611/15204,15810,C2C,3,2020,15204,NA
611,St. Mary's (MD),/team/611/14781,15810,C2C,3,2019,14781,NA
611,St. Mary's (MD),/team/611/12973,15810,C2C,3,2018,12973,NA
611,St. Mary's (MD),/team/611/12560,15810,C2C,3,2017,12560,NA
611,St. Mary's (MD),/team/611/12360,15810,C2C,3,2016,12360,NA
611,St. Mary's (MD),/team/611/12080,15810,C2C,3,2015,12080,NA
611,St. Mary's (MD),/team/611/11620,15810,C2C,3,2014,11620,NA
611,St. Mary's (MD),/team/611/11320,15810,C2C,3,2013,11320,NA
611,St. Mary's (MD),/team/611/10942,15810,C2C,3,2012,10942,NA
611,St. Mary's (MD),/team/611/10561,15810,C2C,3,2011,10561,NA
611,St. Mary's (MD),/team/611/10240,15810,C2C,3,2010,10240,NA
614,St. Norbert,/teams/615343,30097,NACC,3,2026,17040,615343
614,St. Norbert,/teams/597027,30097,NACC,3,2025,16840,597027
614,St. Norbert,/team/614/16580,30097,NACC,3,2024,16580,NA
614,St. Norbert,/team/614/16340,30097,NACC,3,2023,16340,NA
614,St. Norbert,/team/614/15860,30097,NACC,3,2022,15860,NA
614,St. Norbert,/team/614/15580,23119,MWC,3,2021,15580,NA
614,St. Norbert,/team/614/15204,23119,MWC,3,2020,15204,NA
614,St. Norbert,/team/614/14781,23119,MWC,3,2019,14781,NA
614,St. Norbert,/team/614/12973,23119,MWC,3,2018,12973,NA
614,St. Norbert,/team/614/12560,23119,MWC,3,2017,12560,NA
614,St. Norbert,/team/614/12360,23119,MWC,3,2016,12360,NA
614,St. Norbert,/team/614/12080,23119,MWC,3,2015,12080,NA
614,St. Norbert,/team/614/11620,23119,MWC,3,2014,11620,NA
614,St. Norbert,/team/614/11320,23119,MWC,3,2013,11320,NA
614,St. Norbert,/team/614/10942,23119,MWC,3,2012,10942,NA
614,St. Norbert,/team/614/10561,23119,MWC,3,2011,10561,NA
614,St. Norbert,/team/614/10240,23119,MWC,3,2010,10240,NA
615,St. Olaf,/teams/615344,882,MIAC,3,2026,17040,615344
615,St. Olaf,/teams/597028,882,MIAC,3,2025,16840,597028
615,St. Olaf,/team/615/16580,882,MIAC,3,2024,16580,NA
615,St. Olaf,/team/615/16340,882,MIAC,3,2023,16340,NA
615,St. Olaf,/team/615/15860,882,MIAC,3,2022,15860,NA
615,St. Olaf,/team/615/15580,882,MIAC,3,2021,15580,NA
615,St. Olaf,/team/615/15204,882,MIAC,3,2020,15204,NA
615,St. Olaf,/team/615/14781,882,MIAC,3,2019,14781,NA
615,St. Olaf,/team/615/12973,882,MIAC,3,2018,12973,NA
615,St. Olaf,/team/615/12560,882,MIAC,3,2017,12560,NA
615,St. Olaf,/team/615/12360,882,MIAC,3,2016,12360,NA
615,St. Olaf,/team/615/12080,882,MIAC,3,2015,12080,NA
615,St. Olaf,/team/615/11620,882,MIAC,3,2014,11620,NA
615,St. Olaf,/team/615/11320,882,MIAC,3,2013,11320,NA
615,St. Olaf,/team/615/10942,882,MIAC,3,2012,10942,NA
615,St. Olaf,/team/615/10561,882,MIAC,3,2011,10561,NA
615,St. Olaf,/team/615/10240,882,MIAC,3,2010,10240,NA
618,St. Scholastica,/teams/615345,882,MIAC,3,2026,17040,615345
618,St. Scholastica,/teams/597029,882,MIAC,3,2025,16840,597029
618,St. Scholastica,/team/618/16580,882,MIAC,3,2024,16580,NA
618,St. Scholastica,/team/618/16340,882,MIAC,3,2023,16340,NA
618,St. Scholastica,/team/618/15860,882,MIAC,3,2022,15860,NA
618,St. Scholastica,/team/618/15580,30115,UMAC,3,2021,15580,NA
618,St. Scholastica,/team/618/15204,30115,UMAC,3,2020,15204,NA
618,St. Scholastica,/team/618/14781,30115,UMAC,3,2019,14781,NA
618,St. Scholastica,/team/618/12973,30115,UMAC,3,2018,12973,NA
618,St. Scholastica,/team/618/12560,30115,UMAC,3,2017,12560,NA
618,St. Scholastica,/team/618/12360,30115,UMAC,3,2016,12360,NA
618,St. Scholastica,/team/618/12080,30115,UMAC,3,2015,12080,NA
618,St. Scholastica,/team/618/11620,30115,UMAC,3,2014,11620,NA
618,St. Scholastica,/team/618/11320,30115,UMAC,3,2013,11320,NA
618,St. Scholastica,/team/618/10942,30115,UMAC,3,2012,10942,NA
618,St. Scholastica,/team/618/10561,30115,UMAC,3,2011,10561,NA
618,St. Scholastica,/team/618/10240,30115,UMAC,3,2010,10240,NA
620,St. Thomas (MN),/team/620/15580,882,MIAC,3,2021,15580,NA
620,St. Thomas (MN),/team/620/15204,882,MIAC,3,2020,15204,NA
620,St. Thomas (MN),/team/620/14781,882,MIAC,3,2019,14781,NA
620,St. Thomas (MN),/team/620/12973,882,MIAC,3,2018,12973,NA
620,St. Thomas (MN),/team/620/12560,882,MIAC,3,2017,12560,NA
620,St. Thomas (MN),/team/620/12360,882,MIAC,3,2016,12360,NA
620,St. Thomas (MN),/team/620/12080,882,MIAC,3,2015,12080,NA
620,St. Thomas (MN),/team/620/11620,882,MIAC,3,2014,11620,NA
620,St. Thomas (MN),/team/620/11320,882,MIAC,3,2013,11320,NA
620,St. Thomas (MN),/team/620/10942,882,MIAC,3,2012,10942,NA
620,St. Thomas (MN),/team/620/10561,882,MIAC,3,2011,10561,NA
620,St. Thomas (MN),/team/620/10240,882,MIAC,3,2010,10240,NA
2810,St. Thomas (TX),/teams/615274,835,SCAC,3,2026,17040,615274
2810,St. Thomas (TX),/teams/597345,835,SCAC,3,2025,16840,597345
2810,St. Thomas (TX),/team/2810/16580,835,SCAC,3,2024,16580,NA
2810,St. Thomas (TX),/team/2810/16340,835,SCAC,3,2023,16340,NA
2810,St. Thomas (TX),/team/2810/15860,835,SCAC,3,2022,15860,NA
2810,St. Thomas (TX),/team/2810/15580,835,SCAC,3,2021,15580,NA
675,Staten Island,/team/675/14781,834,CUNYAC,3,2019,14781,NA
675,Staten Island,/team/675/12973,834,CUNYAC,3,2018,12973,NA
675,Staten Island,/team/675/12560,834,CUNYAC,3,2017,12560,NA
675,Staten Island,/team/675/12360,834,CUNYAC,3,2016,12360,NA
675,Staten Island,/team/675/12080,834,CUNYAC,3,2015,12080,NA
675,Staten Island,/team/675/11620,834,CUNYAC,3,2014,11620,NA
675,Staten Island,/team/675/11320,834,CUNYAC,3,2013,11320,NA
675,Staten Island,/team/675/10942,834,CUNYAC,3,2012,10942,NA
675,Staten Island,/team/675/10561,834,CUNYAC,3,2011,10561,NA
675,Staten Island,/team/675/10240,834,CUNYAC,3,2010,10240,NA
679,Stevens,/teams/615357,28745,MAC Freedom,3,2026,17040,615357
679,Stevens,/teams/597041,28745,MAC Freedom,3,2025,16840,597041
679,Stevens,/team/679/16580,28745,MAC Freedom,3,2024,16580,NA
679,Stevens,/team/679/16340,28745,MAC Freedom,3,2023,16340,NA
679,Stevens,/team/679/15860,28745,MAC Freedom,3,2022,15860,NA
679,Stevens,/team/679/15580,28745,MAC Freedom,3,2021,15580,NA
679,Stevens,/team/679/15204,28745,MAC Freedom,3,2020,15204,NA
679,Stevens,/team/679/14781,863,Empire 8,3,2019,14781,NA
679,Stevens,/team/679/12973,863,Empire 8,3,2018,12973,NA
679,Stevens,/team/679/12560,863,Empire 8,3,2017,12560,NA
679,Stevens,/team/679/12360,863,Empire 8,3,2016,12360,NA
679,Stevens,/team/679/12080,863,Empire 8,3,2015,12080,NA
679,Stevens,/team/679/11620,863,Empire 8,3,2014,11620,NA
679,Stevens,/team/679/11320,863,Empire 8,3,2013,11320,NA
679,Stevens,/team/679/10942,863,Empire 8,3,2012,10942,NA
679,Stevens,/team/679/10561,863,Empire 8,3,2011,10561,NA
679,Stevens,/team/679/10240,863,Empire 8,3,2010,10240,NA
21852,Stevenson,/teams/615481,28744,MAC Commonwealth,3,2026,17040,615481
21852,Stevenson,/teams/597169,28744,MAC Commonwealth,3,2025,16840,597169
21852,Stevenson,/team/21852/16580,28744,MAC Commonwealth,3,2024,16580,NA
21852,Stevenson,/team/21852/16340,28744,MAC Commonwealth,3,2023,16340,NA
21852,Stevenson,/team/21852/15860,28744,MAC Commonwealth,3,2022,15860,NA
21852,Stevenson,/team/21852/15580,28744,MAC Commonwealth,3,2021,15580,NA
21852,Stevenson,/team/21852/15204,28744,MAC Commonwealth,3,2020,15204,NA
21852,Stevenson,/team/21852/14781,28744,MAC Commonwealth,3,2019,14781,NA
21852,Stevenson,/team/21852/12973,28744,MAC Commonwealth,3,2018,12973,NA
21852,Stevenson,/team/21852/12560,28744,MAC Commonwealth,3,2017,12560,NA
21852,Stevenson,/team/21852/12360,28744,MAC Commonwealth,3,2016,12360,NA
21852,Stevenson,/team/21852/12080,28744,MAC Commonwealth,3,2015,12080,NA
21852,Stevenson,/team/21852/11620,28744,MAC Commonwealth,3,2014,11620,NA
21852,Stevenson,/team/21852/11320,28744,MAC Commonwealth,3,2013,11320,NA
21852,Stevenson,/team/21852/10942,15810,C2C,3,2012,10942,NA
21852,Stevenson,/team/21852/10561,15810,C2C,3,2011,10561,NA
21852,Stevenson,/team/21852/10240,15810,C2C,3,2010,10240,NA
681,Stockton,/teams/615358,891,NJAC,3,2026,17040,615358
681,Stockton,/teams/597042,891,NJAC,3,2025,16840,597042
681,Stockton,/team/681/16580,891,NJAC,3,2024,16580,NA
681,Stockton,/team/681/16340,891,NJAC,3,2023,16340,NA
681,Stockton,/team/681/15860,891,NJAC,3,2022,15860,NA
681,Stockton,/team/681/15580,891,NJAC,3,2021,15580,NA
681,Stockton,/team/681/15204,891,NJAC,3,2020,15204,NA
681,Stockton,/team/681/14781,891,NJAC,3,2019,14781,NA
681,Stockton,/team/681/12973,891,NJAC,3,2018,12973,NA
681,Stockton,/team/681/12560,891,NJAC,3,2017,12560,NA
681,Stockton,/team/681/12360,891,NJAC,3,2016,12360,NA
681,Stockton,/team/681/12080,891,NJAC,3,2015,12080,NA
681,Stockton,/team/681/11620,891,NJAC,3,2014,11620,NA
681,Stockton,/team/681/11320,891,NJAC,3,2013,11320,NA
681,Stockton,/team/681/10942,891,NJAC,3,2012,10942,NA
681,Stockton,/team/681/10561,891,NJAC,3,2011,10561,NA
681,Stockton,/team/681/10240,891,NJAC,3,2010,10240,NA
684,Suffolk,/teams/615359,839,CNE,3,2026,17040,615359
684,Suffolk,/teams/597043,839,CNE,3,2025,16840,597043
684,Suffolk,/team/684/16580,839,CCC,3,2024,16580,NA
684,Suffolk,/team/684/16340,839,CCC,3,2023,16340,NA
684,Suffolk,/team/684/15860,839,CCC,3,2022,15860,NA
684,Suffolk,/team/684/15580,839,CCC,3,2021,15580,NA
684,Suffolk,/team/684/15204,23257,Great Northeast,3,2020,15204,NA
684,Suffolk,/team/684/14781,23257,Great Northeast,3,2019,14781,NA
684,Suffolk,/team/684/12973,23257,Great Northeast,3,2018,12973,NA
684,Suffolk,/team/684/12560,23257,Great Northeast,3,2017,12560,NA
684,Suffolk,/team/684/12360,23257,Great Northeast,3,2016,12360,NA
684,Suffolk,/team/684/12080,23257,Great Northeast,3,2015,12080,NA
684,Suffolk,/team/684/11620,23257,Great Northeast,3,2014,11620,NA
684,Suffolk,/team/684/11320,23257,Great Northeast,3,2013,11320,NA
684,Suffolk,/team/684/10942,23257,Great Northeast,3,2012,10942,NA
684,Suffolk,/team/684/10561,23257,Great Northeast,3,2011,10561,NA
684,Suffolk,/team/684/10240,23257,Great Northeast,3,2010,10240,NA
1390,Sul Ross St.,/team/1390/16340,14825,ASC,3,2023,16340,NA
1390,Sul Ross St.,/team/1390/15860,14825,ASC,3,2022,15860,NA
1390,Sul Ross St.,/team/1390/15580,14825,ASC,3,2021,15580,NA
1390,Sul Ross St.,/team/1390/15204,14825,ASC,3,2020,15204,NA
1390,Sul Ross St.,/team/1390/14781,14825,ASC,3,2019,14781,NA
1390,Sul Ross St.,/team/1390/12973,14825,ASC,3,2018,12973,NA
1390,Sul Ross St.,/team/1390/12560,14825,ASC,3,2017,12560,NA
1390,Sul Ross St.,/team/1390/12360,14825,ASC,3,2016,12360,NA
1390,Sul Ross St.,/team/1390/12080,14825,ASC,3,2015,12080,NA
1390,Sul Ross St.,/team/1390/11620,14825,ASC,3,2014,11620,NA
1390,Sul Ross St.,/team/1390/11320,14825,ASC,3,2013,11320,NA
1390,Sul Ross St.,/team/1390/10942,14825,ASC,3,2012,10942,NA
1390,Sul Ross St.,/team/1390/10561,14825,ASC,3,2011,10561,NA
1390,Sul Ross St.,/team/1390/10240,14825,ASC,3,2010,10240,NA
685,Susquehanna,/teams/615360,30101,Landmark,3,2026,17040,615360
685,Susquehanna,/teams/597044,30101,Landmark,3,2025,16840,597044
685,Susquehanna,/team/685/16580,30101,Landmark,3,2024,16580,NA
685,Susquehanna,/team/685/16340,30101,Landmark,3,2023,16340,NA
685,Susquehanna,/team/685/15860,30101,Landmark,3,2022,15860,NA
685,Susquehanna,/team/685/15580,30101,Landmark,3,2021,15580,NA
685,Susquehanna,/team/685/15204,30101,Landmark,3,2020,15204,NA
685,Susquehanna,/team/685/14781,30101,Landmark,3,2019,14781,NA
685,Susquehanna,/team/685/12973,30101,Landmark,3,2018,12973,NA
685,Susquehanna,/team/685/12560,30101,Landmark,3,2017,12560,NA
685,Susquehanna,/team/685/12360,30101,Landmark,3,2016,12360,NA
685,Susquehanna,/team/685/12080,30101,Landmark,3,2015,12080,NA
685,Susquehanna,/team/685/11620,30101,Landmark,3,2014,11620,NA
685,Susquehanna,/team/685/11320,30101,Landmark,3,2013,11320,NA
685,Susquehanna,/team/685/10942,30101,Landmark,3,2012,10942,NA
685,Susquehanna,/team/685/10561,30101,Landmark,3,2011,10561,NA
685,Susquehanna,/team/685/10240,30101,Landmark,3,2010,10240,NA
686,Swarthmore,/teams/615361,9683,Centennial,3,2026,17040,615361
686,Swarthmore,/teams/597045,9683,Centennial,3,2025,16840,597045
686,Swarthmore,/team/686/16580,9683,Centennial,3,2024,16580,NA
686,Swarthmore,/team/686/16340,9683,Centennial,3,2023,16340,NA
686,Swarthmore,/team/686/15860,9683,Centennial,3,2022,15860,NA
686,Swarthmore,/team/686/15580,9683,Centennial,3,2021,15580,NA
686,Swarthmore,/team/686/15204,9683,Centennial,3,2020,15204,NA
686,Swarthmore,/team/686/14781,9683,Centennial,3,2019,14781,NA
686,Swarthmore,/team/686/12973,9683,Centennial,3,2018,12973,NA
686,Swarthmore,/team/686/12560,9683,Centennial,3,2017,12560,NA
686,Swarthmore,/team/686/12360,9683,Centennial,3,2016,12360,NA
686,Swarthmore,/team/686/12080,9683,Centennial,3,2015,12080,NA
686,Swarthmore,/team/686/11620,9683,Centennial,3,2014,11620,NA
686,Swarthmore,/team/686/11320,9683,Centennial,3,2013,11320,NA
686,Swarthmore,/team/686/10942,9683,Centennial,3,2012,10942,NA
686,Swarthmore,/team/686/10561,9683,Centennial,3,2011,10561,NA
686,Swarthmore,/team/686/10240,9683,Centennial,3,2010,10240,NA
712,TCNJ,/teams/615363,891,NJAC,3,2026,17040,615363
712,TCNJ,/teams/597047,891,NJAC,3,2025,16840,597047
712,TCNJ,/team/712/16580,891,NJAC,3,2024,16580,NA
712,TCNJ,/team/712/16340,891,NJAC,3,2023,16340,NA
712,TCNJ,/team/712/15860,891,NJAC,3,2022,15860,NA
712,TCNJ,/team/712/15580,891,NJAC,3,2021,15580,NA
712,TCNJ,/team/712/15204,891,NJAC,3,2020,15204,NA
712,TCNJ,/team/712/14781,891,NJAC,3,2019,14781,NA
712,TCNJ,/team/712/12973,891,NJAC,3,2018,12973,NA
712,TCNJ,/team/712/12560,891,NJAC,3,2017,12560,NA
712,TCNJ,/team/712/12360,891,NJAC,3,2016,12360,NA
712,TCNJ,/team/712/12080,891,NJAC,3,2015,12080,NA
712,TCNJ,/team/712/11620,891,NJAC,3,2014,11620,NA
712,TCNJ,/team/712/11320,891,NJAC,3,2013,11320,NA
712,TCNJ,/team/712/10942,891,NJAC,3,2012,10942,NA
712,TCNJ,/team/712/10561,891,NJAC,3,2011,10561,NA
712,TCNJ,/team/712/10240,891,NJAC,3,2010,10240,NA
1400,Texas Lutheran,/teams/615446,835,SCAC,3,2026,17040,615446
1400,Texas Lutheran,/teams/597134,835,SCAC,3,2025,16840,597134
1400,Texas Lutheran,/team/1400/16580,835,SCAC,3,2024,16580,NA
1400,Texas Lutheran,/team/1400/16340,835,SCAC,3,2023,16340,NA
1400,Texas Lutheran,/team/1400/15860,835,SCAC,3,2022,15860,NA
1400,Texas Lutheran,/team/1400/15580,835,SCAC,3,2021,15580,NA
1400,Texas Lutheran,/team/1400/15204,835,SCAC,3,2020,15204,NA
1400,Texas Lutheran,/team/1400/14781,835,SCAC,3,2019,14781,NA
1400,Texas Lutheran,/team/1400/12973,835,SCAC,3,2018,12973,NA
1400,Texas Lutheran,/team/1400/12560,835,SCAC,3,2017,12560,NA
1400,Texas Lutheran,/team/1400/12360,835,SCAC,3,2016,12360,NA
1400,Texas Lutheran,/team/1400/12080,835,SCAC,3,2015,12080,NA
1400,Texas Lutheran,/team/1400/11620,14825,ASC,3,2014,11620,NA
1400,Texas Lutheran,/team/1400/11320,14825,ASC,3,2013,11320,NA
1400,Texas Lutheran,/team/1400/10942,14825,ASC,3,2012,10942,NA
1400,Texas Lutheran,/team/1400/10561,14825,ASC,3,2011,10561,NA
1400,Texas Lutheran,/team/1400/10240,14825,ASC,3,2010,10240,NA
23121,Texas-Dallas,/team/23121/16580,14825,ASC,3,2024,16580,NA
23121,Texas-Dallas,/team/23121/16340,14825,ASC,3,2023,16340,NA
23121,Texas-Dallas,/team/23121/15860,14825,ASC,3,2022,15860,NA
23121,Texas-Dallas,/team/23121/15580,14825,ASC,3,2021,15580,NA
23121,Texas-Dallas,/team/23121/15204,14825,ASC,3,2020,15204,NA
23121,Texas-Dallas,/team/23121/14781,14825,ASC,3,2019,14781,NA
23121,Texas-Dallas,/team/23121/12973,14825,ASC,3,2018,12973,NA
23121,Texas-Dallas,/team/23121/12560,14825,ASC,3,2017,12560,NA
23121,Texas-Dallas,/team/23121/12360,14825,ASC,3,2016,12360,NA
23121,Texas-Dallas,/team/23121/12080,14825,ASC,3,2015,12080,NA
23121,Texas-Dallas,/team/23121/11620,14825,ASC,3,2014,11620,NA
23121,Texas-Dallas,/team/23121/11320,14825,ASC,3,2013,11320,NA
23121,Texas-Dallas,/team/23121/10942,14825,ASC,3,2012,10942,NA
23121,Texas-Dallas,/team/23121/10561,14825,ASC,3,2011,10561,NA
23121,Texas-Dallas,/team/23121/10240,14825,ASC,3,2010,10240,NA
707,Thiel,/teams/615362,907,PAC,3,2026,17040,615362
707,Thiel,/teams/597046,907,PAC,3,2025,16840,597046
707,Thiel,/team/707/16580,907,PAC,3,2024,16580,NA
707,Thiel,/team/707/16340,907,PAC,3,2023,16340,NA
707,Thiel,/team/707/15860,907,PAC,3,2022,15860,NA
707,Thiel,/team/707/15580,907,PAC,3,2021,15580,NA
707,Thiel,/team/707/15204,907,PAC,3,2020,15204,NA
707,Thiel,/team/707/14781,907,PAC,3,2019,14781,NA
707,Thiel,/team/707/12973,907,PAC,3,2018,12973,NA
707,Thiel,/team/707/12560,907,PAC,3,2017,12560,NA
707,Thiel,/team/707/12360,907,PAC,3,2016,12360,NA
707,Thiel,/team/707/12080,907,PAC,3,2015,12080,NA
707,Thiel,/team/707/11620,907,PAC,3,2014,11620,NA
707,Thiel,/team/707/11320,907,PAC,3,2013,11320,NA
707,Thiel,/team/707/10942,907,PAC,3,2012,10942,NA
707,Thiel,/team/707/10561,907,PAC,3,2011,10561,NA
707,Thiel,/team/707/10240,907,PAC,3,2010,10240,NA
2758,Thomas (ME),/teams/615457,30026,North Atlantic,3,2026,17040,615457
2758,Thomas (ME),/teams/597145,30026,North Atlantic,3,2025,16840,597145
2758,Thomas (ME),/team/2758/16580,30026,North Atlantic,3,2024,16580,NA
2758,Thomas (ME),/team/2758/16340,30026,North Atlantic,3,2023,16340,NA
2758,Thomas (ME),/team/2758/15860,30026,North Atlantic,3,2022,15860,NA
2758,Thomas (ME),/team/2758/15580,30026,North Atlantic,3,2021,15580,NA
2758,Thomas (ME),/team/2758/15204,30026,North Atlantic,3,2020,15204,NA
2758,Thomas (ME),/team/2758/14781,30026,North Atlantic,3,2019,14781,NA
2758,Thomas (ME),/team/2758/12973,30026,North Atlantic,3,2018,12973,NA
2758,Thomas (ME),/team/2758/12560,30026,North Atlantic,3,2017,12560,NA
2758,Thomas (ME),/team/2758/12360,30026,North Atlantic,3,2016,12360,NA
2758,Thomas (ME),/team/2758/12080,30071,United East,3,2015,12080,NA
2758,Thomas (ME),/team/2758/11620,30071,United East,3,2014,11620,NA
2758,Thomas (ME),/team/2758/11320,30071,United East,3,2013,11320,NA
2758,Thomas (ME),/team/2758/10942,30071,United East,3,2012,10942,NA
2758,Thomas (ME),/team/2758/10561,30071,United East,3,2011,10561,NA
2758,Thomas (ME),/team/2758/10240,30071,United East,3,2010,10240,NA
1402,Thomas More,/team/1402/14781,99020,DIII Independent,3,2019,14781,NA
1402,Thomas More,/team/1402/12973,907,PAC,3,2018,12973,NA
1402,Thomas More,/team/1402/12560,907,PAC,3,2017,12560,NA
1402,Thomas More,/team/1402/12360,907,PAC,3,2016,12360,NA
1402,Thomas More,/team/1402/12080,907,PAC,3,2015,12080,NA
1402,Thomas More,/team/1402/11620,907,PAC,3,2014,11620,NA
1402,Thomas More,/team/1402/11320,907,PAC,3,2013,11320,NA
1402,Thomas More,/team/1402/10942,907,PAC,3,2012,10942,NA
1402,Thomas More,/team/1402/10561,907,PAC,3,2011,10561,NA
1402,Thomas More,/team/1402/10240,907,PAC,3,2010,10240,NA
28749,Transylvania,/teams/615490,9174,HCAC,3,2026,17040,615490
28749,Transylvania,/teams/597180,9174,HCAC,3,2025,16840,597180
28749,Transylvania,/team/28749/16580,9174,HCAC,3,2024,16580,NA
28749,Transylvania,/team/28749/16340,9174,HCAC,3,2023,16340,NA
28749,Transylvania,/team/28749/15860,9174,HCAC,3,2022,15860,NA
28749,Transylvania,/team/28749/15580,9174,HCAC,3,2021,15580,NA
28749,Transylvania,/team/28749/15204,9174,HCAC,3,2020,15204,NA
28749,Transylvania,/team/28749/14781,9174,HCAC,3,2019,14781,NA
28749,Transylvania,/team/28749/12973,9174,HCAC,3,2018,12973,NA
28749,Transylvania,/team/28749/12560,9174,HCAC,3,2017,12560,NA
28749,Transylvania,/team/28749/12360,9174,HCAC,3,2016,12360,NA
28749,Transylvania,/team/28749/12080,9174,HCAC,3,2015,12080,NA
28749,Transylvania,/team/28749/11620,9174,HCAC,3,2014,11620,NA
28749,Transylvania,/team/28749/11320,9174,HCAC,3,2013,11320,NA
28749,Transylvania,/team/28749/10942,9174,HCAC,3,2012,10942,NA
28749,Transylvania,/team/28749/10561,9174,HCAC,3,2011,10561,NA
28749,Transylvania,/team/28749/10240,9174,HCAC,3,2010,10240,NA
30037,Trine,/teams/615495,873,Michigan Intercol. Ath. Assn.,3,2026,17040,615495
30037,Trine,/teams/597185,873,Michigan Intercol. Ath. Assn.,3,2025,16840,597185
30037,Trine,/team/30037/16580,873,Michigan Intercol. Ath. Assn.,3,2024,16580,NA
30037,Trine,/team/30037/16340,873,Michigan Intercol. Ath. Assn.,3,2023,16340,NA
30037,Trine,/team/30037/15860,873,Michigan Intercol. Ath. Assn.,3,2022,15860,NA
30037,Trine,/team/30037/15580,873,Michigan Intercol. Ath. Assn.,3,2021,15580,NA
30037,Trine,/team/30037/15204,873,Michigan Intercol. Ath. Assn.,3,2020,15204,NA
30037,Trine,/team/30037/14781,873,Michigan Intercol. Ath. Assn.,3,2019,14781,NA
30037,Trine,/team/30037/12973,873,Michigan Intercol. Ath. Assn.,3,2018,12973,NA
30037,Trine,/team/30037/12560,873,Michigan Intercol. Ath. Assn.,3,2017,12560,NA
30037,Trine,/team/30037/12360,873,Michigan Intercol. Ath. Assn.,3,2016,12360,NA
30037,Trine,/team/30037/12080,873,Michigan Intercol. Ath. Assn.,3,2015,12080,NA
30037,Trine,/team/30037/11620,873,Michigan Intercol. Ath. Assn.,3,2014,11620,NA
30037,Trine,/team/30037/11320,873,Michigan Intercol. Ath. Assn.,3,2013,11320,NA
30037,Trine,/team/30037/10942,873,Michigan Intercol. Ath. Assn.,3,2012,10942,NA
30037,Trine,/team/30037/10561,873,Michigan Intercol. Ath. Assn.,3,2011,10561,NA
30037,Trine,/team/30037/10240,873,Michigan Intercol. Ath. Assn.,3,2010,10240,NA
713,Trinity (CT),/teams/615364,12817,NESCAC,3,2026,17040,615364
713,Trinity (CT),/teams/597048,12817,NESCAC,3,2025,16840,597048
713,Trinity (CT),/team/713/16580,12817,NESCAC,3,2024,16580,NA
713,Trinity (CT),/team/713/16340,12817,NESCAC,3,2023,16340,NA
713,Trinity (CT),/team/713/15860,12817,NESCAC,3,2022,15860,NA
713,Trinity (CT),/team/713/15580,12817,NESCAC,3,2021,15580,NA
713,Trinity (CT),/team/713/15204,12817,NESCAC,3,2020,15204,NA
713,Trinity (CT),/team/713/14781,12817,NESCAC,3,2019,14781,NA
713,Trinity (CT),/team/713/12973,12817,NESCAC,3,2018,12973,NA
713,Trinity (CT),/team/713/12560,12817,NESCAC,3,2017,12560,NA
713,Trinity (CT),/team/713/12360,12817,NESCAC,3,2016,12360,NA
713,Trinity (CT),/team/713/12080,12817,NESCAC,3,2015,12080,NA
713,Trinity (CT),/team/713/11620,12817,NESCAC,3,2014,11620,NA
713,Trinity (CT),/team/713/11320,12817,NESCAC,3,2013,11320,NA
713,Trinity (CT),/team/713/10942,12817,NESCAC,3,2012,10942,NA
713,Trinity (CT),/team/713/10561,12817,NESCAC,3,2011,10561,NA
713,Trinity (CT),/team/713/10240,12817,NESCAC,3,2010,10240,NA
715,Trinity (TX),/teams/615365,30169,SAA,3,2026,17040,615365
715,Trinity (TX),/teams/597049,835,SCAC,3,2025,16840,597049
715,Trinity (TX),/team/715/16580,835,SCAC,3,2024,16580,NA
715,Trinity (TX),/team/715/16340,835,SCAC,3,2023,16340,NA
715,Trinity (TX),/team/715/15860,835,SCAC,3,2022,15860,NA
715,Trinity (TX),/team/715/15580,835,SCAC,3,2021,15580,NA
715,Trinity (TX),/team/715/15204,835,SCAC,3,2020,15204,NA
715,Trinity (TX),/team/715/14781,835,SCAC,3,2019,14781,NA
715,Trinity (TX),/team/715/12973,835,SCAC,3,2018,12973,NA
715,Trinity (TX),/team/715/12560,835,SCAC,3,2017,12560,NA
715,Trinity (TX),/team/715/12360,835,SCAC,3,2016,12360,NA
715,Trinity (TX),/team/715/12080,835,SCAC,3,2015,12080,NA
715,Trinity (TX),/team/715/11620,835,SCAC,3,2014,11620,NA
715,Trinity (TX),/team/715/11320,835,SCAC,3,2013,11320,NA
715,Trinity (TX),/team/715/10942,835,SCAC,3,2012,10942,NA
715,Trinity (TX),/team/715/10561,835,SCAC,3,2011,10561,NA
715,Trinity (TX),/team/715/10240,835,SCAC,3,2010,10240,NA
717,Tufts,/teams/615366,12817,NESCAC,3,2026,17040,615366
717,Tufts,/teams/597050,12817,NESCAC,3,2025,16840,597050
717,Tufts,/team/717/16580,12817,NESCAC,3,2024,16580,NA
717,Tufts,/team/717/16340,12817,NESCAC,3,2023,16340,NA
717,Tufts,/team/717/15860,12817,NESCAC,3,2022,15860,NA
717,Tufts,/team/717/15580,12817,NESCAC,3,2021,15580,NA
717,Tufts,/team/717/15204,12817,NESCAC,3,2020,15204,NA
717,Tufts,/team/717/14781,12817,NESCAC,3,2019,14781,NA
717,Tufts,/team/717/12973,12817,NESCAC,3,2018,12973,NA
717,Tufts,/team/717/12560,12817,NESCAC,3,2017,12560,NA
717,Tufts,/team/717/12360,12817,NESCAC,3,2016,12360,NA
717,Tufts,/team/717/12080,12817,NESCAC,3,2015,12080,NA
717,Tufts,/team/717/11620,12817,NESCAC,3,2014,11620,NA
717,Tufts,/team/717/11320,12817,NESCAC,3,2013,11320,NA
717,Tufts,/team/717/10942,12817,NESCAC,3,2012,10942,NA
717,Tufts,/team/717/10561,12817,NESCAC,3,2011,10561,NA
717,Tufts,/team/717/10240,12817,NESCAC,3,2010,10240,NA
137,UChicago,/teams/615179,1471,UAA,3,2026,17040,615179
137,UChicago,/teams/597250,1471,UAA,3,2025,16840,597250
137,UChicago,/team/137/16580,23119,MWC,3,2024,16580,NA
137,UChicago,/team/137/16340,23119,MWC,3,2023,16340,NA
137,UChicago,/team/137/15860,23119,MWC,3,2022,15860,NA
137,UChicago,/team/137/15580,23119,MWC,3,2021,15580,NA
137,UChicago,/team/137/15204,23119,MWC,3,2020,15204,NA
137,UChicago,/team/137/14781,23119,MWC,3,2019,14781,NA
137,UChicago,/team/137/12973,99020,DIII Independent,3,2018,12973,NA
137,UChicago,/team/137/12560,1471,UAA,3,2017,12560,NA
137,UChicago,/team/137/12360,1471,UAA,3,2016,12360,NA
137,UChicago,/team/137/12080,1471,UAA,3,2015,12080,NA
137,UChicago,/team/137/11620,1471,UAA,3,2014,11620,NA
137,UChicago,/team/137/11320,1471,UAA,3,2013,11320,NA
137,UChicago,/team/137/10942,1471,UAA,3,2012,10942,NA
137,UChicago,/team/137/10561,1471,UAA,3,2011,10561,NA
137,UChicago,/team/137/10240,1471,UAA,3,2010,10240,NA
NA,UMSV,/teams/615283,13054,Skyline,3,2026,17040,615283
NA,UMSV,/teams/597354,13054,Skyline,3,2025,16840,597354
401,UMass Boston,/teams/615260,867,Little East,3,2026,17040,615260
401,UMass Boston,/teams/597331,867,Little East,3,2025,16840,597331
401,UMass Boston,/team/401/16580,867,Little East,3,2024,16580,NA
401,UMass Boston,/team/401/16340,867,Little East,3,2023,16340,NA
401,UMass Boston,/team/401/15860,867,Little East,3,2022,15860,NA
401,UMass Boston,/team/401/15580,867,Little East,3,2021,15580,NA
401,UMass Boston,/team/401/15204,867,Little East,3,2020,15204,NA
401,UMass Boston,/team/401/14781,867,Little East,3,2019,14781,NA
401,UMass Boston,/team/401/12973,867,Little East,3,2018,12973,NA
401,UMass Boston,/team/401/12560,867,Little East,3,2017,12560,NA
401,UMass Boston,/team/401/12360,867,Little East,3,2016,12360,NA
401,UMass Boston,/team/401/12080,867,Little East,3,2015,12080,NA
401,UMass Boston,/team/401/11620,867,Little East,3,2014,11620,NA
401,UMass Boston,/team/401/11320,867,Little East,3,2013,11320,NA
401,UMass Boston,/team/401/10942,867,Little East,3,2012,10942,NA
401,UMass Boston,/team/401/10561,867,Little East,3,2011,10561,NA
401,UMass Boston,/team/401/10240,867,Little East,3,2010,10240,NA
656,UMass Dartmouth,/teams/615354,867,Little East,3,2026,17040,615354
656,UMass Dartmouth,/teams/597038,867,Little East,3,2025,16840,597038
656,UMass Dartmouth,/team/656/16580,867,Little East,3,2024,16580,NA
656,UMass Dartmouth,/team/656/16340,867,Little East,3,2023,16340,NA
656,UMass Dartmouth,/team/656/15860,867,Little East,3,2022,15860,NA
656,UMass Dartmouth,/team/656/15580,867,Little East,3,2021,15580,NA
656,UMass Dartmouth,/team/656/15204,867,Little East,3,2020,15204,NA
656,UMass Dartmouth,/team/656/14781,867,Little East,3,2019,14781,NA
656,UMass Dartmouth,/team/656/12973,867,Little East,3,2018,12973,NA
656,UMass Dartmouth,/team/656/12560,867,Little East,3,2017,12560,NA
656,UMass Dartmouth,/team/656/12360,867,Little East,3,2016,12360,NA
656,UMass Dartmouth,/team/656/12080,867,Little East,3,2015,12080,NA
656,UMass Dartmouth,/team/656/11620,867,Little East,3,2014,11620,NA
656,UMass Dartmouth,/team/656/11320,867,Little East,3,2013,11320,NA
656,UMass Dartmouth,/team/656/10942,867,Little East,3,2012,10942,NA
656,UMass Dartmouth,/team/656/10561,867,Little East,3,2011,10561,NA
656,UMass Dartmouth,/team/656/10240,867,Little East,3,2010,10240,NA
30028,UT Tyler,/team/30028/14781,14825,ASC,3,2019,14781,NA
30028,UT Tyler,/team/30028/12973,14825,ASC,3,2018,12973,NA
30028,UT Tyler,/team/30028/12560,14825,ASC,3,2017,12560,NA
30028,UT Tyler,/team/30028/12360,14825,ASC,3,2016,12360,NA
30028,UT Tyler,/team/30028/12080,14825,ASC,3,2015,12080,NA
30028,UT Tyler,/team/30028/11620,14825,ASC,3,2014,11620,NA
30028,UT Tyler,/team/30028/11320,14825,ASC,3,2013,11320,NA
30028,UT Tyler,/team/30028/10942,14825,ASC,3,2012,10942,NA
30028,UT Tyler,/team/30028/10561,14825,ASC,3,2011,10561,NA
30028,UT Tyler,/team/30028/10240,14825,ASC,3,2010,10240,NA
NA,UW-River Falls,/teams/615126,1473,WIAC,3,2026,17040,615126
NA,UW-River Falls,/teams/601221,1473,WIAC,3,2025,16840,601221
727,Union (NY),/teams/615369,24197,Liberty League,3,2026,17040,615369
727,Union (NY),/teams/597053,24197,Liberty League,3,2025,16840,597053
727,Union (NY),/team/727/16580,24197,Liberty League,3,2024,16580,NA
727,Union (NY),/team/727/16340,24197,Liberty League,3,2023,16340,NA
727,Union (NY),/team/727/15860,24197,Liberty League,3,2022,15860,NA
727,Union (NY),/team/727/15580,24197,Liberty League,3,2021,15580,NA
727,Union (NY),/team/727/15204,24197,Liberty League,3,2020,15204,NA
727,Union (NY),/team/727/14781,24197,Liberty League,3,2019,14781,NA
727,Union (NY),/team/727/12973,24197,Liberty League,3,2018,12973,NA
727,Union (NY),/team/727/12560,24197,Liberty League,3,2017,12560,NA
727,Union (NY),/team/727/12360,24197,Liberty League,3,2016,12360,NA
727,Union (NY),/team/727/12080,24197,Liberty League,3,2015,12080,NA
727,Union (NY),/team/727/11620,24197,Liberty League,3,2014,11620,NA
727,Union (NY),/team/727/11320,24197,Liberty League,3,2013,11320,NA
727,Union (NY),/team/727/10942,24197,Liberty League,3,2012,10942,NA
727,Union (NY),/team/727/10561,24197,Liberty League,3,2011,10561,NA
727,Union (NY),/team/727/10240,24197,Liberty League,3,2010,10240,NA
730,Ursinus,/teams/615370,9683,Centennial,3,2026,17040,615370
730,Ursinus,/teams/597054,9683,Centennial,3,2025,16840,597054
730,Ursinus,/team/730/16580,9683,Centennial,3,2024,16580,NA
730,Ursinus,/team/730/16340,9683,Centennial,3,2023,16340,NA
730,Ursinus,/team/730/15860,9683,Centennial,3,2022,15860,NA
730,Ursinus,/team/730/15580,9683,Centennial,3,2021,15580,NA
730,Ursinus,/team/730/15204,9683,Centennial,3,2020,15204,NA
730,Ursinus,/team/730/14781,9683,Centennial,3,2019,14781,NA
730,Ursinus,/team/730/12973,9683,Centennial,3,2018,12973,NA
730,Ursinus,/team/730/12560,9683,Centennial,3,2017,12560,NA
730,Ursinus,/team/730/12360,9683,Centennial,3,2016,12360,NA
730,Ursinus,/team/730/12080,9683,Centennial,3,2015,12080,NA
730,Ursinus,/team/730/11620,9683,Centennial,3,2014,11620,NA
730,Ursinus,/team/730/11320,9683,Centennial,3,2013,11320,NA
730,Ursinus,/team/730/10942,9683,Centennial,3,2012,10942,NA
730,Ursinus,/team/730/10561,9683,Centennial,3,2011,10561,NA
730,Ursinus,/team/730/10240,9683,Centennial,3,2010,10240,NA
733,Utica,/teams/615371,863,Empire 8,3,2026,17040,615371
733,Utica,/teams/597055,863,Empire 8,3,2025,16840,597055
733,Utica,/team/733/16580,863,Empire 8,3,2024,16580,NA
733,Utica,/team/733/16340,863,Empire 8,3,2023,16340,NA
733,Utica,/team/733/15860,863,Empire 8,3,2022,15860,NA
733,Utica,/team/733/15580,863,Empire 8,3,2021,15580,NA
733,Utica,/team/733/15204,863,Empire 8,3,2020,15204,NA
733,Utica,/team/733/14781,863,Empire 8,3,2019,14781,NA
733,Utica,/team/733/12973,863,Empire 8,3,2018,12973,NA
733,Utica,/team/733/12560,863,Empire 8,3,2017,12560,NA
733,Utica,/team/733/12360,863,Empire 8,3,2016,12360,NA
733,Utica,/team/733/12080,863,Empire 8,3,2015,12080,NA
733,Utica,/team/733/11620,863,Empire 8,3,2014,11620,NA
733,Utica,/team/733/11320,863,Empire 8,3,2013,11320,NA
733,Utica,/team/733/10942,863,Empire 8,3,2012,10942,NA
733,Utica,/team/733/10561,863,Empire 8,3,2011,10561,NA
733,Utica,/team/733/10240,863,Empire 8,3,2010,10240,NA
123,VTSU Castleton,/teams/615173,867,Little East,3,2026,17040,615173
123,VTSU Castleton,/teams/597244,867,Little East,3,2025,16840,597244
123,VTSU Castleton,/team/123/16580,867,Little East,3,2024,16580,NA
30065,VTSU Lyndon,/teams/615503,30026,North Atlantic,3,2026,17040,615503
30065,VTSU Lyndon,/teams/597193,30026,North Atlantic,3,2025,16840,597193
30065,VTSU Lyndon,/team/30065/16580,30026,North Atlantic,3,2024,16580,NA
745,Va. Wesleyan,/teams/615373,903,ODAC,3,2026,17040,615373
745,Va. Wesleyan,/teams/597057,903,ODAC,3,2025,16840,597057
745,Va. Wesleyan,/team/745/16580,903,ODAC,3,2024,16580,NA
745,Va. Wesleyan,/team/745/16340,903,ODAC,3,2023,16340,NA
745,Va. Wesleyan,/team/745/15860,903,ODAC,3,2022,15860,NA
745,Va. Wesleyan,/team/745/15580,903,ODAC,3,2021,15580,NA
745,Va. Wesleyan,/team/745/15204,903,ODAC,3,2020,15204,NA
745,Va. Wesleyan,/team/745/14781,903,ODAC,3,2019,14781,NA
745,Va. Wesleyan,/team/745/12973,903,ODAC,3,2018,12973,NA
745,Va. Wesleyan,/team/745/12560,903,ODAC,3,2017,12560,NA
745,Va. Wesleyan,/team/745/12360,903,ODAC,3,2016,12360,NA
745,Va. Wesleyan,/team/745/12080,903,ODAC,3,2015,12080,NA
745,Va. Wesleyan,/team/745/11620,903,ODAC,3,2014,11620,NA
745,Va. Wesleyan,/team/745/11320,903,ODAC,3,2013,11320,NA
745,Va. Wesleyan,/team/745/10942,903,ODAC,3,2012,10942,NA
745,Va. Wesleyan,/team/745/10561,903,ODAC,3,2011,10561,NA
745,Va. Wesleyan,/team/745/10240,903,ODAC,3,2010,10240,NA
30166,Valley Forge,/teams/615134,30071,United East,3,2026,17040,615134
30166,Valley Forge,/teams/597204,30071,United East,3,2025,16840,597204
30166,Valley Forge,/team/30166/16580,21062,CSAC,3,2024,16580,NA
30166,Valley Forge,/team/30166/16340,21062,CSAC,3,2023,16340,NA
30166,Valley Forge,/team/30166/15860,21062,CSAC,3,2022,15860,NA
30166,Valley Forge,/team/30166/15580,21062,CSAC,3,2021,15580,NA
30166,Valley Forge,/team/30166/15204,21062,CSAC,3,2020,15204,NA
30166,Valley Forge,/team/30166/14781,21062,CSAC,3,2019,14781,NA
30166,Valley Forge,/team/30166/12973,99020,DIII Independent,3,2018,12973,NA
30166,Valley Forge,/team/30166/12560,99020,DIII Independent,3,2017,12560,NA
737,Vassar,/teams/615372,24197,Liberty League,3,2026,17040,615372
737,Vassar,/teams/597056,24197,Liberty League,3,2025,16840,597056
737,Vassar,/team/737/16580,24197,Liberty League,3,2024,16580,NA
737,Vassar,/team/737/16340,24197,Liberty League,3,2023,16340,NA
737,Vassar,/team/737/15860,24197,Liberty League,3,2022,15860,NA
737,Vassar,/team/737/15580,24197,Liberty League,3,2021,15580,NA
737,Vassar,/team/737/15204,24197,Liberty League,3,2020,15204,NA
737,Vassar,/team/737/14781,24197,Liberty League,3,2019,14781,NA
737,Vassar,/team/737/12973,24197,Liberty League,3,2018,12973,NA
737,Vassar,/team/737/12560,24197,Liberty League,3,2017,12560,NA
737,Vassar,/team/737/12360,24197,Liberty League,3,2016,12360,NA
737,Vassar,/team/737/12080,24197,Liberty League,3,2015,12080,NA
737,Vassar,/team/737/11620,24197,Liberty League,3,2014,11620,NA
737,Vassar,/team/737/11320,24197,Liberty League,3,2013,11320,NA
737,Vassar,/team/737/10942,24197,Liberty League,3,2012,10942,NA
737,Vassar,/team/737/10561,24197,Liberty League,3,2011,10561,NA
737,Vassar,/team/737/10240,24197,Liberty League,3,2010,10240,NA
808,WPI,/teams/615405,890,NEWMAC,3,2026,17040,615405
808,WPI,/teams/597090,890,NEWMAC,3,2025,16840,597090
808,WPI,/team/808/16580,890,NEWMAC,3,2024,16580,NA
808,WPI,/team/808/16340,890,NEWMAC,3,2023,16340,NA
808,WPI,/team/808/15860,890,NEWMAC,3,2022,15860,NA
808,WPI,/team/808/15580,890,NEWMAC,3,2021,15580,NA
808,WPI,/team/808/15204,890,NEWMAC,3,2020,15204,NA
808,WPI,/team/808/14781,890,NEWMAC,3,2019,14781,NA
808,WPI,/team/808/12973,890,NEWMAC,3,2018,12973,NA
808,WPI,/team/808/12560,890,NEWMAC,3,2017,12560,NA
808,WPI,/team/808/12360,890,NEWMAC,3,2016,12360,NA
808,WPI,/team/808/12080,890,NEWMAC,3,2015,12080,NA
808,WPI,/team/808/11620,890,NEWMAC,3,2014,11620,NA
808,WPI,/team/808/11320,890,NEWMAC,3,2013,11320,NA
808,WPI,/team/808/10942,890,NEWMAC,3,2012,10942,NA
808,WPI,/team/808/10561,890,NEWMAC,3,2011,10561,NA
808,WPI,/team/808/10240,890,NEWMAC,3,2010,10240,NA
747,Wabash,/teams/615374,897,NCAC,3,2026,17040,615374
747,Wabash,/teams/597058,897,NCAC,3,2025,16840,597058
747,Wabash,/team/747/16580,897,NCAC,3,2024,16580,NA
747,Wabash,/team/747/16340,897,NCAC,3,2023,16340,NA
747,Wabash,/team/747/15860,897,NCAC,3,2022,15860,NA
747,Wabash,/team/747/15580,897,NCAC,3,2021,15580,NA
747,Wabash,/team/747/15204,897,NCAC,3,2020,15204,NA
747,Wabash,/team/747/14781,897,NCAC,3,2019,14781,NA
747,Wabash,/team/747/12973,897,NCAC,3,2018,12973,NA
747,Wabash,/team/747/12560,897,NCAC,3,2017,12560,NA
747,Wabash,/team/747/12360,897,NCAC,3,2016,12360,NA
747,Wabash,/team/747/12080,897,NCAC,3,2015,12080,NA
747,Wabash,/team/747/11620,897,NCAC,3,2014,11620,NA
747,Wabash,/team/747/11320,897,NCAC,3,2013,11320,NA
747,Wabash,/team/747/10942,897,NCAC,3,2012,10942,NA
747,Wabash,/team/747/10561,897,NCAC,3,2011,10561,NA
747,Wabash,/team/747/10240,897,NCAC,3,2010,10240,NA
30141,Walsh,/team/30141/11320,0,Independent,3,2013,11320,NA
750,Wartburg,/teams/615375,864,American Rivers,3,2026,17040,615375
750,Wartburg,/teams/597059,864,American Rivers,3,2025,16840,597059
750,Wartburg,/team/750/16580,864,American Rivers,3,2024,16580,NA
750,Wartburg,/team/750/16340,864,American Rivers,3,2023,16340,NA
750,Wartburg,/team/750/15860,864,American Rivers,3,2022,15860,NA
750,Wartburg,/team/750/15580,864,American Rivers,3,2021,15580,NA
750,Wartburg,/team/750/15204,864,American Rivers,3,2020,15204,NA
750,Wartburg,/team/750/14781,864,American Rivers,3,2019,14781,NA
750,Wartburg,/team/750/12973,864,American Rivers,3,2018,12973,NA
750,Wartburg,/team/750/12560,864,American Rivers,3,2017,12560,NA
750,Wartburg,/team/750/12360,864,American Rivers,3,2016,12360,NA
750,Wartburg,/team/750/12080,864,American Rivers,3,2015,12080,NA
750,Wartburg,/team/750/11620,864,American Rivers,3,2014,11620,NA
750,Wartburg,/team/750/11320,864,American Rivers,3,2013,11320,NA
750,Wartburg,/team/750/10942,864,American Rivers,3,2012,10942,NA
750,Wartburg,/team/750/10561,864,American Rivers,3,2011,10561,NA
750,Wartburg,/team/750/10240,864,American Rivers,3,2010,10240,NA
751,Wash. & Jeff.,/teams/615376,907,PAC,3,2026,17040,615376
751,Wash. & Jeff.,/teams/597060,907,PAC,3,2025,16840,597060
751,Wash. & Jeff.,/team/751/16580,907,PAC,3,2024,16580,NA
751,Wash. & Jeff.,/team/751/16340,907,PAC,3,2023,16340,NA
751,Wash. & Jeff.,/team/751/15860,907,PAC,3,2022,15860,NA
751,Wash. & Jeff.,/team/751/15580,907,PAC,3,2021,15580,NA
751,Wash. & Jeff.,/team/751/15204,907,PAC,3,2020,15204,NA
751,Wash. & Jeff.,/team/751/14781,907,PAC,3,2019,14781,NA
751,Wash. & Jeff.,/team/751/12973,907,PAC,3,2018,12973,NA
751,Wash. & Jeff.,/team/751/12560,907,PAC,3,2017,12560,NA
751,Wash. & Jeff.,/team/751/12360,907,PAC,3,2016,12360,NA
751,Wash. & Jeff.,/team/751/12080,907,PAC,3,2015,12080,NA
751,Wash. & Jeff.,/team/751/11620,907,PAC,3,2014,11620,NA
751,Wash. & Jeff.,/team/751/11320,907,PAC,3,2013,11320,NA
751,Wash. & Jeff.,/team/751/10942,907,PAC,3,2012,10942,NA
751,Wash. & Jeff.,/team/751/10561,907,PAC,3,2011,10561,NA
751,Wash. & Jeff.,/team/751/10240,907,PAC,3,2010,10240,NA
752,Wash. & Lee,/teams/615377,903,ODAC,3,2026,17040,615377
752,Wash. & Lee,/teams/597061,903,ODAC,3,2025,16840,597061
752,Wash. & Lee,/team/752/16580,903,ODAC,3,2024,16580,NA
752,Wash. & Lee,/team/752/16340,903,ODAC,3,2023,16340,NA
752,Wash. & Lee,/team/752/15860,903,ODAC,3,2022,15860,NA
752,Wash. & Lee,/team/752/15580,903,ODAC,3,2021,15580,NA
752,Wash. & Lee,/team/752/15204,903,ODAC,3,2020,15204,NA
752,Wash. & Lee,/team/752/14781,903,ODAC,3,2019,14781,NA
752,Wash. & Lee,/team/752/12973,903,ODAC,3,2018,12973,NA
752,Wash. & Lee,/team/752/12560,903,ODAC,3,2017,12560,NA
752,Wash. & Lee,/team/752/12360,903,ODAC,3,2016,12360,NA
752,Wash. & Lee,/team/752/12080,903,ODAC,3,2015,12080,NA
752,Wash. & Lee,/team/752/11620,903,ODAC,3,2014,11620,NA
752,Wash. & Lee,/team/752/11320,903,ODAC,3,2013,11320,NA
752,Wash. & Lee,/team/752/10942,903,ODAC,3,2012,10942,NA
752,Wash. & Lee,/team/752/10561,903,ODAC,3,2011,10561,NA
752,Wash. & Lee,/team/752/10240,903,ODAC,3,2010,10240,NA
755,WashU,/teams/615379,1471,UAA,3,2026,17040,615379
755,WashU,/teams/597063,1471,UAA,3,2025,16840,597063
755,WashU,/team/755/16580,1471,UAA,3,2024,16580,NA
755,WashU,/team/755/16340,1471,UAA,3,2023,16340,NA
755,WashU,/team/755/15860,1471,UAA,3,2022,15860,NA
755,WashU,/team/755/15580,1471,UAA,3,2021,15580,NA
755,WashU,/team/755/15204,1471,UAA,3,2020,15204,NA
755,WashU,/team/755/14781,1471,UAA,3,2019,14781,NA
755,WashU,/team/755/12973,1471,UAA,3,2018,12973,NA
755,WashU,/team/755/12560,1471,UAA,3,2017,12560,NA
755,WashU,/team/755/12360,1471,UAA,3,2016,12360,NA
755,WashU,/team/755/12080,1471,UAA,3,2015,12080,NA
755,WashU,/team/755/11620,1471,UAA,3,2014,11620,NA
755,WashU,/team/755/11320,1471,UAA,3,2013,11320,NA
755,WashU,/team/755/10942,1471,UAA,3,2012,10942,NA
755,WashU,/team/755/10561,1471,UAA,3,2011,10561,NA
755,WashU,/team/755/10240,1471,UAA,3,2010,10240,NA
753,Washington Col.,/teams/615378,9683,Centennial,3,2026,17040,615378
753,Washington Col.,/teams/597062,9683,Centennial,3,2025,16840,597062
753,Washington Col.,/team/753/16580,9683,Centennial,3,2024,16580,NA
753,Washington Col.,/team/753/16340,9683,Centennial,3,2023,16340,NA
753,Washington Col.,/team/753/15860,9683,Centennial,3,2022,15860,NA
753,Washington Col.,/team/753/15580,9683,Centennial,3,2021,15580,NA
753,Washington Col.,/team/753/15204,9683,Centennial,3,2020,15204,NA
753,Washington Col.,/team/753/14781,9683,Centennial,3,2019,14781,NA
753,Washington Col.,/team/753/12973,9683,Centennial,3,2018,12973,NA
753,Washington Col.,/team/753/12560,9683,Centennial,3,2017,12560,NA
753,Washington Col.,/team/753/12360,9683,Centennial,3,2016,12360,NA
753,Washington Col.,/team/753/12080,9683,Centennial,3,2015,12080,NA
753,Washington Col.,/team/753/11620,9683,Centennial,3,2014,11620,NA
753,Washington Col.,/team/753/11320,9683,Centennial,3,2013,11320,NA
753,Washington Col.,/team/753/10942,9683,Centennial,3,2012,10942,NA
753,Washington Col.,/team/753/10561,9683,Centennial,3,2011,10561,NA
753,Washington Col.,/team/753/10240,9683,Centennial,3,2010,10240,NA
1434,Waynesburg,/teams/615447,907,PAC,3,2026,17040,615447
1434,Waynesburg,/teams/597135,907,PAC,3,2025,16840,597135
1434,Waynesburg,/team/1434/16580,907,PAC,3,2024,16580,NA
1434,Waynesburg,/team/1434/16340,907,PAC,3,2023,16340,NA
1434,Waynesburg,/team/1434/15860,907,PAC,3,2022,15860,NA
1434,Waynesburg,/team/1434/15580,907,PAC,3,2021,15580,NA
1434,Waynesburg,/team/1434/15204,907,PAC,3,2020,15204,NA
1434,Waynesburg,/team/1434/14781,907,PAC,3,2019,14781,NA
1434,Waynesburg,/team/1434/12973,907,PAC,3,2018,12973,NA
1434,Waynesburg,/team/1434/12560,907,PAC,3,2017,12560,NA
1434,Waynesburg,/team/1434/12360,907,PAC,3,2016,12360,NA
1434,Waynesburg,/team/1434/12080,907,PAC,3,2015,12080,NA
1434,Waynesburg,/team/1434/11620,907,PAC,3,2014,11620,NA
1434,Waynesburg,/team/1434/11320,907,PAC,3,2013,11320,NA
1434,Waynesburg,/team/1434/10942,907,PAC,3,2012,10942,NA
1434,Waynesburg,/team/1434/10561,907,PAC,3,2011,10561,NA
1434,Waynesburg,/team/1434/10240,907,PAC,3,2010,10240,NA
759,Webster,/teams/615380,12974,SLIAC,3,2026,17040,615380
759,Webster,/teams/597064,12974,SLIAC,3,2025,16840,597064
759,Webster,/team/759/16580,12974,SLIAC,3,2024,16580,NA
759,Webster,/team/759/16340,12974,SLIAC,3,2023,16340,NA
759,Webster,/team/759/15860,12974,SLIAC,3,2022,15860,NA
759,Webster,/team/759/15580,12974,SLIAC,3,2021,15580,NA
759,Webster,/team/759/15204,12974,SLIAC,3,2020,15204,NA
759,Webster,/team/759/14781,12974,SLIAC,3,2019,14781,NA
759,Webster,/team/759/12973,12974,SLIAC,3,2018,12973,NA
759,Webster,/team/759/12560,12974,SLIAC,3,2017,12560,NA
759,Webster,/team/759/12360,12974,SLIAC,3,2016,12360,NA
759,Webster,/team/759/12080,12974,SLIAC,3,2015,12080,NA
759,Webster,/team/759/11620,12974,SLIAC,3,2014,11620,NA
759,Webster,/team/759/11320,12974,SLIAC,3,2013,11320,NA
759,Webster,/team/759/10942,12974,SLIAC,3,2012,10942,NA
759,Webster,/team/759/10561,12974,SLIAC,3,2011,10561,NA
759,Webster,/team/759/10240,12974,SLIAC,3,2010,10240,NA
761,Wells,/team/761/16580,30071,United East,3,2024,16580,NA
761,Wells,/team/761/16340,30071,United East,3,2023,16340,NA
761,Wells,/team/761/15860,30071,United East,3,2022,15860,NA
761,Wells,/team/761/15580,30071,United East,3,2021,15580,NA
761,Wells,/team/761/15204,30071,United East,3,2020,15204,NA
761,Wells,/team/761/14781,30071,United East,3,2019,14781,NA
761,Wells,/team/761/12973,30071,United East,3,2018,12973,NA
761,Wells,/team/761/12560,30071,United East,3,2017,12560,NA
762,Wentworth,/teams/615381,839,CNE,3,2026,17040,615381
762,Wentworth,/teams/597066,839,CNE,3,2025,16840,597066
762,Wentworth,/team/762/16580,839,CCC,3,2024,16580,NA
762,Wentworth,/team/762/16340,839,CCC,3,2023,16340,NA
762,Wentworth,/team/762/15860,839,CCC,3,2022,15860,NA
762,Wentworth,/team/762/15580,839,CCC,3,2021,15580,NA
762,Wentworth,/team/762/15204,839,CCC,3,2020,15204,NA
762,Wentworth,/team/762/14781,839,CCC,3,2019,14781,NA
762,Wentworth,/team/762/12973,839,CCC,3,2018,12973,NA
762,Wentworth,/team/762/12560,839,CCC,3,2017,12560,NA
762,Wentworth,/team/762/12360,839,CCC,3,2016,12360,NA
762,Wentworth,/team/762/12080,839,CCC,3,2015,12080,NA
762,Wentworth,/team/762/11620,839,CCC,3,2014,11620,NA
762,Wentworth,/team/762/11320,839,CCC,3,2013,11320,NA
762,Wentworth,/team/762/10942,839,CCC,3,2012,10942,NA
762,Wentworth,/team/762/10561,839,CCC,3,2011,10561,NA
762,Wentworth,/team/762/10240,839,CCC,3,2010,10240,NA
763,Wesley,/team/763/15580,30233,Atlantic East,3,2021,15580,NA
763,Wesley,/team/763/15204,30233,Atlantic East,3,2020,15204,NA
763,Wesley,/team/763/14781,30233,Atlantic East,3,2019,14781,NA
763,Wesley,/team/763/12973,15810,C2C,3,2018,12973,NA
763,Wesley,/team/763/12560,15810,C2C,3,2017,12560,NA
763,Wesley,/team/763/12360,15810,C2C,3,2016,12360,NA
763,Wesley,/team/763/12080,15810,C2C,3,2015,12080,NA
763,Wesley,/team/763/11620,15810,C2C,3,2014,11620,NA
763,Wesley,/team/763/11320,15810,C2C,3,2013,11320,NA
763,Wesley,/team/763/10942,15810,C2C,3,2012,10942,NA
763,Wesley,/team/763/10561,15810,C2C,3,2011,10561,NA
763,Wesley,/team/763/10240,15810,C2C,3,2010,10240,NA
764,Wesleyan (CT),/teams/615382,12817,NESCAC,3,2026,17040,615382
764,Wesleyan (CT),/teams/597067,12817,NESCAC,3,2025,16840,597067
764,Wesleyan (CT),/team/764/16580,12817,NESCAC,3,2024,16580,NA
764,Wesleyan (CT),/team/764/16340,12817,NESCAC,3,2023,16340,NA
764,Wesleyan (CT),/team/764/15860,12817,NESCAC,3,2022,15860,NA
764,Wesleyan (CT),/team/764/15580,12817,NESCAC,3,2021,15580,NA
764,Wesleyan (CT),/team/764/15204,12817,NESCAC,3,2020,15204,NA
764,Wesleyan (CT),/team/764/14781,12817,NESCAC,3,2019,14781,NA
764,Wesleyan (CT),/team/764/12973,12817,NESCAC,3,2018,12973,NA
764,Wesleyan (CT),/team/764/12560,12817,NESCAC,3,2017,12560,NA
764,Wesleyan (CT),/team/764/12360,12817,NESCAC,3,2016,12360,NA
764,Wesleyan (CT),/team/764/12080,12817,NESCAC,3,2015,12080,NA
764,Wesleyan (CT),/team/764/11620,12817,NESCAC,3,2014,11620,NA
764,Wesleyan (CT),/team/764/11320,12817,NESCAC,3,2013,11320,NA
764,Wesleyan (CT),/team/764/10942,12817,NESCAC,3,2012,10942,NA
764,Wesleyan (CT),/team/764/10561,12817,NESCAC,3,2011,10561,NA
764,Wesleyan (CT),/team/764/10240,12817,NESCAC,3,2010,10240,NA
770,WestConn,/teams/615383,867,Little East,3,2026,17040,615383
770,WestConn,/teams/597068,867,Little East,3,2025,16840,597068
770,WestConn,/team/770/16580,867,Little East,3,2024,16580,NA
770,WestConn,/team/770/16340,867,Little East,3,2023,16340,NA
770,WestConn,/team/770/15860,867,Little East,3,2022,15860,NA
770,WestConn,/team/770/15580,867,Little East,3,2021,15580,NA
770,WestConn,/team/770/15204,867,Little East,3,2020,15204,NA
770,WestConn,/team/770/14781,867,Little East,3,2019,14781,NA
770,WestConn,/team/770/12973,867,Little East,3,2018,12973,NA
770,WestConn,/team/770/12560,867,Little East,3,2017,12560,NA
770,WestConn,/team/770/12360,867,Little East,3,2016,12360,NA
770,WestConn,/team/770/12080,867,Little East,3,2015,12080,NA
770,WestConn,/team/770/11620,867,Little East,3,2014,11620,NA
770,WestConn,/team/770/11320,867,Little East,3,2013,11320,NA
770,WestConn,/team/770/10942,867,Little East,3,2012,10942,NA
770,WestConn,/team/770/10561,867,Little East,3,2011,10561,NA
770,WestConn,/team/770/10240,867,Little East,3,2010,10240,NA
775,Western New Eng.,/teams/615385,839,CNE,3,2026,17040,615385
775,Western New Eng.,/teams/597070,839,CNE,3,2025,16840,597070
775,Western New Eng.,/team/775/16580,839,CCC,3,2024,16580,NA
775,Western New Eng.,/team/775/16340,839,CCC,3,2023,16340,NA
775,Western New Eng.,/team/775/15860,839,CCC,3,2022,15860,NA
775,Western New Eng.,/team/775/15580,839,CCC,3,2021,15580,NA
775,Western New Eng.,/team/775/15204,839,CCC,3,2020,15204,NA
775,Western New Eng.,/team/775/14781,839,CCC,3,2019,14781,NA
775,Western New Eng.,/team/775/12973,839,CCC,3,2018,12973,NA
775,Western New Eng.,/team/775/12560,839,CCC,3,2017,12560,NA
775,Western New Eng.,/team/775/12360,839,CCC,3,2016,12360,NA
775,Western New Eng.,/team/775/12080,839,CCC,3,2015,12080,NA
775,Western New Eng.,/team/775/11620,839,CCC,3,2014,11620,NA
775,Western New Eng.,/team/775/11320,839,CCC,3,2013,11320,NA
775,Western New Eng.,/team/775/10942,839,CCC,3,2012,10942,NA
775,Western New Eng.,/team/775/10561,839,CCC,3,2011,10561,NA
775,Western New Eng.,/team/775/10240,839,CCC,3,2010,10240,NA
777,Westfield St.,/teams/615386,870,MASCAC,3,2026,17040,615386
777,Westfield St.,/teams/597071,870,MASCAC,3,2025,16840,597071
777,Westfield St.,/team/777/16580,870,MASCAC,3,2024,16580,NA
777,Westfield St.,/team/777/16340,870,MASCAC,3,2023,16340,NA
777,Westfield St.,/team/777/15860,870,MASCAC,3,2022,15860,NA
777,Westfield St.,/team/777/15580,870,MASCAC,3,2021,15580,NA
777,Westfield St.,/team/777/15204,870,MASCAC,3,2020,15204,NA
777,Westfield St.,/team/777/14781,870,MASCAC,3,2019,14781,NA
777,Westfield St.,/team/777/12973,870,MASCAC,3,2018,12973,NA
777,Westfield St.,/team/777/12560,870,MASCAC,3,2017,12560,NA
777,Westfield St.,/team/777/12360,870,MASCAC,3,2016,12360,NA
777,Westfield St.,/team/777/12080,870,MASCAC,3,2015,12080,NA
777,Westfield St.,/team/777/11620,870,MASCAC,3,2014,11620,NA
777,Westfield St.,/team/777/11320,870,MASCAC,3,2013,11320,NA
777,Westfield St.,/team/777/10942,870,MASCAC,3,2012,10942,NA
777,Westfield St.,/team/777/10561,870,MASCAC,3,2011,10561,NA
777,Westfield St.,/team/777/10240,870,MASCAC,3,2010,10240,NA
1450,Westminster (MO),/teams/615448,12974,SLIAC,3,2026,17040,615448
1450,Westminster (MO),/teams/597136,12974,SLIAC,3,2025,16840,597136
1450,Westminster (MO),/team/1450/16580,12974,SLIAC,3,2024,16580,NA
1450,Westminster (MO),/team/1450/16340,12974,SLIAC,3,2023,16340,NA
1450,Westminster (MO),/team/1450/15860,12974,SLIAC,3,2022,15860,NA
1450,Westminster (MO),/team/1450/15580,12974,SLIAC,3,2021,15580,NA
1450,Westminster (MO),/team/1450/15204,12974,SLIAC,3,2020,15204,NA
1450,Westminster (MO),/team/1450/14781,12974,SLIAC,3,2019,14781,NA
1450,Westminster (MO),/team/1450/12973,12974,SLIAC,3,2018,12973,NA
1450,Westminster (MO),/team/1450/12560,12974,SLIAC,3,2017,12560,NA
1450,Westminster (MO),/team/1450/12360,12974,SLIAC,3,2016,12360,NA
1450,Westminster (MO),/team/1450/12080,12974,SLIAC,3,2015,12080,NA
1450,Westminster (MO),/team/1450/11620,12974,SLIAC,3,2014,11620,NA
1450,Westminster (MO),/team/1450/11320,12974,SLIAC,3,2013,11320,NA
1450,Westminster (MO),/team/1450/10942,12974,SLIAC,3,2012,10942,NA
1450,Westminster (MO),/team/1450/10561,12974,SLIAC,3,2011,10561,NA
1450,Westminster (MO),/team/1450/10240,12974,SLIAC,3,2010,10240,NA
1451,Westminster (PA),/teams/615449,907,PAC,3,2026,17040,615449
1451,Westminster (PA),/teams/597137,907,PAC,3,2025,16840,597137
1451,Westminster (PA),/team/1451/16580,907,PAC,3,2024,16580,NA
1451,Westminster (PA),/team/1451/16340,907,PAC,3,2023,16340,NA
1451,Westminster (PA),/team/1451/15860,907,PAC,3,2022,15860,NA
1451,Westminster (PA),/team/1451/15580,907,PAC,3,2021,15580,NA
1451,Westminster (PA),/team/1451/15204,907,PAC,3,2020,15204,NA
1451,Westminster (PA),/team/1451/14781,907,PAC,3,2019,14781,NA
1451,Westminster (PA),/team/1451/12973,907,PAC,3,2018,12973,NA
1451,Westminster (PA),/team/1451/12560,907,PAC,3,2017,12560,NA
1451,Westminster (PA),/team/1451/12360,907,PAC,3,2016,12360,NA
1451,Westminster (PA),/team/1451/12080,907,PAC,3,2015,12080,NA
1451,Westminster (PA),/team/1451/11620,907,PAC,3,2014,11620,NA
1451,Westminster (PA),/team/1451/11320,907,PAC,3,2013,11320,NA
1451,Westminster (PA),/team/1451/10942,907,PAC,3,2012,10942,NA
1451,Westminster (PA),/team/1451/10561,907,PAC,3,2011,10561,NA
1451,Westminster (PA),/team/1451/10240,907,PAC,3,2010,10240,NA
778,Wheaton (IL),/teams/615387,836,CCIW,3,2026,17040,615387
778,Wheaton (IL),/teams/597072,836,CCIW,3,2025,16840,597072
778,Wheaton (IL),/team/778/16580,836,CCIW,3,2024,16580,NA
778,Wheaton (IL),/team/778/16340,836,CCIW,3,2023,16340,NA
778,Wheaton (IL),/team/778/15860,836,CCIW,3,2022,15860,NA
778,Wheaton (IL),/team/778/15580,836,CCIW,3,2021,15580,NA
778,Wheaton (IL),/team/778/15204,836,CCIW,3,2020,15204,NA
778,Wheaton (IL),/team/778/14781,836,CCIW,3,2019,14781,NA
778,Wheaton (IL),/team/778/12973,836,CCIW,3,2018,12973,NA
778,Wheaton (IL),/team/778/12560,836,CCIW,3,2017,12560,NA
778,Wheaton (IL),/team/778/12360,836,CCIW,3,2016,12360,NA
778,Wheaton (IL),/team/778/12080,836,CCIW,3,2015,12080,NA
778,Wheaton (IL),/team/778/11620,836,CCIW,3,2014,11620,NA
778,Wheaton (IL),/team/778/11320,836,CCIW,3,2013,11320,NA
778,Wheaton (IL),/team/778/10942,836,CCIW,3,2012,10942,NA
778,Wheaton (IL),/team/778/10561,836,CCIW,3,2011,10561,NA
778,Wheaton (IL),/team/778/10240,836,CCIW,3,2010,10240,NA
779,Wheaton (MA),/teams/615388,890,NEWMAC,3,2026,17040,615388
779,Wheaton (MA),/teams/597073,890,NEWMAC,3,2025,16840,597073
779,Wheaton (MA),/team/779/16580,890,NEWMAC,3,2024,16580,NA
779,Wheaton (MA),/team/779/16340,890,NEWMAC,3,2023,16340,NA
779,Wheaton (MA),/team/779/15860,890,NEWMAC,3,2022,15860,NA
779,Wheaton (MA),/team/779/15580,890,NEWMAC,3,2021,15580,NA
779,Wheaton (MA),/team/779/15204,890,NEWMAC,3,2020,15204,NA
779,Wheaton (MA),/team/779/14781,890,NEWMAC,3,2019,14781,NA
779,Wheaton (MA),/team/779/12973,890,NEWMAC,3,2018,12973,NA
779,Wheaton (MA),/team/779/12560,890,NEWMAC,3,2017,12560,NA
779,Wheaton (MA),/team/779/12360,890,NEWMAC,3,2016,12360,NA
779,Wheaton (MA),/team/779/12080,890,NEWMAC,3,2015,12080,NA
779,Wheaton (MA),/team/779/11620,890,NEWMAC,3,2014,11620,NA
779,Wheaton (MA),/team/779/11320,890,NEWMAC,3,2013,11320,NA
779,Wheaton (MA),/team/779/10942,890,NEWMAC,3,2012,10942,NA
779,Wheaton (MA),/team/779/10561,890,NEWMAC,3,2011,10561,NA
779,Wheaton (MA),/team/779/10240,890,NEWMAC,3,2010,10240,NA
780,Whitman,/teams/615389,25300,NWC,3,2026,17040,615389
780,Whitman,/teams/597074,25300,NWC,3,2025,16840,597074
780,Whitman,/team/780/16580,25300,NWC,3,2024,16580,NA
780,Whitman,/team/780/16340,25300,NWC,3,2023,16340,NA
780,Whitman,/team/780/15860,25300,NWC,3,2022,15860,NA
780,Whitman,/team/780/15580,25300,NWC,3,2021,15580,NA
780,Whitman,/team/780/15204,25300,NWC,3,2020,15204,NA
780,Whitman,/team/780/14781,25300,NWC,3,2019,14781,NA
780,Whitman,/team/780/12973,25300,NWC,3,2018,12973,NA
780,Whitman,/team/780/12560,25300,NWC,3,2017,12560,NA
780,Whitman,/team/780/12360,25300,NWC,3,2016,12360,NA
780,Whitman,/team/780/12080,25300,NWC,3,2015,12080,NA
780,Whitman,/team/780/11620,25300,NWC,3,2014,11620,NA
780,Whitman,/team/780/11320,25300,NWC,3,2013,11320,NA
780,Whitman,/team/780/10942,25300,NWC,3,2012,10942,NA
780,Whitman,/team/780/10561,25300,NWC,3,2011,10561,NA
780,Whitman,/team/780/10240,25300,NWC,3,2010,10240,NA
781,Whittier,/teams/615390,910,SCIAC,3,2026,17040,615390
781,Whittier,/teams/597075,910,SCIAC,3,2025,16840,597075
781,Whittier,/team/781/16580,910,SCIAC,3,2024,16580,NA
781,Whittier,/team/781/16340,910,SCIAC,3,2023,16340,NA
781,Whittier,/team/781/15860,910,SCIAC,3,2022,15860,NA
781,Whittier,/team/781/15580,910,SCIAC,3,2021,15580,NA
781,Whittier,/team/781/15204,910,SCIAC,3,2020,15204,NA
781,Whittier,/team/781/14781,910,SCIAC,3,2019,14781,NA
781,Whittier,/team/781/12973,910,SCIAC,3,2018,12973,NA
781,Whittier,/team/781/12560,910,SCIAC,3,2017,12560,NA
781,Whittier,/team/781/12360,910,SCIAC,3,2016,12360,NA
781,Whittier,/team/781/12080,910,SCIAC,3,2015,12080,NA
781,Whittier,/team/781/11620,910,SCIAC,3,2014,11620,NA
781,Whittier,/team/781/11320,910,SCIAC,3,2013,11320,NA
781,Whittier,/team/781/10942,910,SCIAC,3,2012,10942,NA
781,Whittier,/team/781/10561,910,SCIAC,3,2011,10561,NA
781,Whittier,/team/781/10240,910,SCIAC,3,2010,10240,NA
1454,Whitworth,/teams/615450,25300,NWC,3,2026,17040,615450
1454,Whitworth,/teams/597138,25300,NWC,3,2025,16840,597138
1454,Whitworth,/team/1454/16580,25300,NWC,3,2024,16580,NA
1454,Whitworth,/team/1454/16340,25300,NWC,3,2023,16340,NA
1454,Whitworth,/team/1454/15860,25300,NWC,3,2022,15860,NA
1454,Whitworth,/team/1454/15580,25300,NWC,3,2021,15580,NA
1454,Whitworth,/team/1454/15204,25300,NWC,3,2020,15204,NA
1454,Whitworth,/team/1454/14781,25300,NWC,3,2019,14781,NA
1454,Whitworth,/team/1454/12973,25300,NWC,3,2018,12973,NA
1454,Whitworth,/team/1454/12560,25300,NWC,3,2017,12560,NA
1454,Whitworth,/team/1454/12360,25300,NWC,3,2016,12360,NA
1454,Whitworth,/team/1454/12080,25300,NWC,3,2015,12080,NA
1454,Whitworth,/team/1454/11620,25300,NWC,3,2014,11620,NA
1454,Whitworth,/team/1454/11320,25300,NWC,3,2013,11320,NA
1454,Whitworth,/team/1454/10942,25300,NWC,3,2012,10942,NA
1454,Whitworth,/team/1454/10561,25300,NWC,3,2011,10561,NA
1454,Whitworth,/team/1454/10240,25300,NWC,3,2010,10240,NA
783,Widener,/teams/615391,28744,MAC Commonwealth,3,2026,17040,615391
783,Widener,/teams/597076,28744,MAC Commonwealth,3,2025,16840,597076
783,Widener,/team/783/16580,28744,MAC Commonwealth,3,2024,16580,NA
783,Widener,/team/783/16340,28744,MAC Commonwealth,3,2023,16340,NA
783,Widener,/team/783/15860,28744,MAC Commonwealth,3,2022,15860,NA
783,Widener,/team/783/15580,28744,MAC Commonwealth,3,2021,15580,NA
783,Widener,/team/783/15204,28744,MAC Commonwealth,3,2020,15204,NA
783,Widener,/team/783/14781,28744,MAC Commonwealth,3,2019,14781,NA
783,Widener,/team/783/12973,28744,MAC Commonwealth,3,2018,12973,NA
783,Widener,/team/783/12560,28744,MAC Commonwealth,3,2017,12560,NA
783,Widener,/team/783/12360,28744,MAC Commonwealth,3,2016,12360,NA
783,Widener,/team/783/12080,28744,MAC Commonwealth,3,2015,12080,NA
783,Widener,/team/783/11620,28744,MAC Commonwealth,3,2014,11620,NA
783,Widener,/team/783/11320,28744,MAC Commonwealth,3,2013,11320,NA
783,Widener,/team/783/10942,28744,MAC Commonwealth,3,2012,10942,NA
783,Widener,/team/783/10561,28744,MAC Commonwealth,3,2011,10561,NA
783,Widener,/team/783/10240,28744,MAC Commonwealth,3,2010,10240,NA
784,Wilkes,/teams/615392,30101,Landmark,3,2026,17040,615392
784,Wilkes,/teams/597077,30101,Landmark,3,2025,16840,597077
784,Wilkes,/team/784/16580,28745,MAC Freedom,3,2024,16580,NA
784,Wilkes,/team/784/16340,28745,MAC Freedom,3,2023,16340,NA
784,Wilkes,/team/784/15860,28745,MAC Freedom,3,2022,15860,NA
784,Wilkes,/team/784/15580,28745,MAC Freedom,3,2021,15580,NA
784,Wilkes,/team/784/15204,28745,MAC Freedom,3,2020,15204,NA
784,Wilkes,/team/784/14781,28745,MAC Freedom,3,2019,14781,NA
784,Wilkes,/team/784/12973,28745,MAC Freedom,3,2018,12973,NA
784,Wilkes,/team/784/12560,28745,MAC Freedom,3,2017,12560,NA
784,Wilkes,/team/784/12360,28745,MAC Freedom,3,2016,12360,NA
784,Wilkes,/team/784/12080,28745,MAC Freedom,3,2015,12080,NA
784,Wilkes,/team/784/11620,28745,MAC Freedom,3,2014,11620,NA
784,Wilkes,/team/784/11320,28745,MAC Freedom,3,2013,11320,NA
784,Wilkes,/team/784/10942,28745,MAC Freedom,3,2012,10942,NA
784,Wilkes,/team/784/10561,28745,MAC Freedom,3,2011,10561,NA
784,Wilkes,/team/784/10240,28745,MAC Freedom,3,2010,10240,NA
785,Willamette,/teams/615393,25300,NWC,3,2026,17040,615393
785,Willamette,/teams/597078,25300,NWC,3,2025,16840,597078
785,Willamette,/team/785/16580,25300,NWC,3,2024,16580,NA
785,Willamette,/team/785/16340,25300,NWC,3,2023,16340,NA
785,Willamette,/team/785/15860,25300,NWC,3,2022,15860,NA
785,Willamette,/team/785/15580,25300,NWC,3,2021,15580,NA
785,Willamette,/team/785/15204,25300,NWC,3,2020,15204,NA
785,Willamette,/team/785/14781,25300,NWC,3,2019,14781,NA
785,Willamette,/team/785/12973,25300,NWC,3,2018,12973,NA
785,Willamette,/team/785/12560,25300,NWC,3,2017,12560,NA
785,Willamette,/team/785/12360,25300,NWC,3,2016,12360,NA
785,Willamette,/team/785/12080,25300,NWC,3,2015,12080,NA
785,Willamette,/team/785/11620,25300,NWC,3,2014,11620,NA
785,Willamette,/team/785/11320,25300,NWC,3,2013,11320,NA
785,Willamette,/team/785/10942,25300,NWC,3,2012,10942,NA
785,Willamette,/team/785/10561,25300,NWC,3,2011,10561,NA
785,Willamette,/team/785/10240,25300,NWC,3,2010,10240,NA
17094,William Peace,/teams/615477,842,USA South,3,2026,17040,615477
17094,William Peace,/teams/597165,842,USA South,3,2025,16840,597165
17094,William Peace,/team/17094/16580,842,USA South,3,2024,16580,NA
17094,William Peace,/team/17094/16340,842,USA South,3,2023,16340,NA
17094,William Peace,/team/17094/15860,842,USA South,3,2022,15860,NA
17094,William Peace,/team/17094/15580,842,USA South,3,2021,15580,NA
17094,William Peace,/team/17094/15204,842,USA South,3,2020,15204,NA
17094,William Peace,/team/17094/14781,842,USA South,3,2019,14781,NA
17094,William Peace,/team/17094/12973,842,USA South,3,2018,12973,NA
17094,William Peace,/team/17094/12560,842,USA South,3,2017,12560,NA
17094,William Peace,/team/17094/12360,842,USA South,3,2016,12360,NA
17094,William Peace,/team/17094/12080,842,USA South,3,2015,12080,NA
789,Williams,/teams/615395,12817,NESCAC,3,2026,17040,615395
789,Williams,/teams/597080,12817,NESCAC,3,2025,16840,597080
789,Williams,/team/789/16580,12817,NESCAC,3,2024,16580,NA
789,Williams,/team/789/16340,12817,NESCAC,3,2023,16340,NA
789,Williams,/team/789/15860,12817,NESCAC,3,2022,15860,NA
789,Williams,/team/789/15580,12817,NESCAC,3,2021,15580,NA
789,Williams,/team/789/15204,12817,NESCAC,3,2020,15204,NA
789,Williams,/team/789/14781,12817,NESCAC,3,2019,14781,NA
789,Williams,/team/789/12973,12817,NESCAC,3,2018,12973,NA
789,Williams,/team/789/12560,12817,NESCAC,3,2017,12560,NA
789,Williams,/team/789/12360,12817,NESCAC,3,2016,12360,NA
789,Williams,/team/789/12080,12817,NESCAC,3,2015,12080,NA
789,Williams,/team/789/11620,12817,NESCAC,3,2014,11620,NA
789,Williams,/team/789/11320,12817,NESCAC,3,2013,11320,NA
789,Williams,/team/789/10942,12817,NESCAC,3,2012,10942,NA
789,Williams,/team/789/10561,12817,NESCAC,3,2011,10561,NA
789,Williams,/team/789/10240,12817,NESCAC,3,2010,10240,NA
1461,Wilmington (OH),/teams/615451,901,OAC,3,2026,17040,615451
1461,Wilmington (OH),/teams/597139,901,OAC,3,2025,16840,597139
1461,Wilmington (OH),/team/1461/16580,901,OAC,3,2024,16580,NA
1461,Wilmington (OH),/team/1461/16340,901,OAC,3,2023,16340,NA
1461,Wilmington (OH),/team/1461/15860,901,OAC,3,2022,15860,NA
1461,Wilmington (OH),/team/1461/15580,901,OAC,3,2021,15580,NA
1461,Wilmington (OH),/team/1461/15204,901,OAC,3,2020,15204,NA
1461,Wilmington (OH),/team/1461/14781,901,OAC,3,2019,14781,NA
1461,Wilmington (OH),/team/1461/12973,901,OAC,3,2018,12973,NA
1461,Wilmington (OH),/team/1461/12560,901,OAC,3,2017,12560,NA
1461,Wilmington (OH),/team/1461/12360,901,OAC,3,2016,12360,NA
1461,Wilmington (OH),/team/1461/12080,901,OAC,3,2015,12080,NA
1461,Wilmington (OH),/team/1461/11620,901,OAC,3,2014,11620,NA
1461,Wilmington (OH),/team/1461/11320,901,OAC,3,2013,11320,NA
1461,Wilmington (OH),/team/1461/10942,901,OAC,3,2012,10942,NA
1461,Wilmington (OH),/team/1461/10561,901,OAC,3,2011,10561,NA
1461,Wilmington (OH),/team/1461/10240,901,OAC,3,2010,10240,NA
12973,Wilson,/teams/615270,30071,United East,3,2026,17040,615270
12973,Wilson,/teams/597341,30071,United East,3,2025,16840,597341
12973,Wilson,/team/12973/16580,21062,CSAC,3,2024,16580,NA
12973,Wilson,/team/12973/16340,21062,CSAC,3,2023,16340,NA
12973,Wilson,/team/12973/15860,21062,CSAC,3,2022,15860,NA
12973,Wilson,/team/12973/15580,21062,CSAC,3,2021,15580,NA
12973,Wilson,/team/12973/15204,21062,CSAC,3,2020,15204,NA
12973,Wilson,/team/12973/14781,21062,CSAC,3,2019,14781,NA
8911,Wis. Lutheran,/teams/615467,30097,NACC,3,2026,17040,615467
8911,Wis. Lutheran,/teams/597155,30097,NACC,3,2025,16840,597155
8911,Wis. Lutheran,/team/8911/16580,30097,NACC,3,2024,16580,NA
8911,Wis. Lutheran,/team/8911/16340,30097,NACC,3,2023,16340,NA
8911,Wis. Lutheran,/team/8911/15860,30097,NACC,3,2022,15860,NA
8911,Wis. Lutheran,/team/8911/15580,30097,NACC,3,2021,15580,NA
8911,Wis. Lutheran,/team/8911/15204,30097,NACC,3,2020,15204,NA
8911,Wis. Lutheran,/team/8911/14781,30097,NACC,3,2019,14781,NA
8911,Wis. Lutheran,/team/8911/12973,30097,NACC,3,2018,12973,NA
8911,Wis. Lutheran,/team/8911/12560,30097,NACC,3,2017,12560,NA
8911,Wis. Lutheran,/team/8911/12360,30097,NACC,3,2016,12360,NA
8911,Wis. Lutheran,/team/8911/12080,30097,NACC,3,2015,12080,NA
8911,Wis. Lutheran,/team/8911/11620,30097,NACC,3,2014,11620,NA
8911,Wis. Lutheran,/team/8911/11320,30097,NACC,3,2013,11320,NA
8911,Wis. Lutheran,/team/8911/10942,30097,NACC,3,2012,10942,NA
8911,Wis. Lutheran,/team/8911/10561,30097,NACC,3,2011,10561,NA
8911,Wis. Lutheran,/team/8911/10240,30097,NACC,3,2010,10240,NA
793,Wis.-Eau Claire,/teams/615272,1473,WIAC,3,2026,17040,615272
793,Wis.-Eau Claire,/teams/597343,1473,WIAC,3,2025,16840,597343
793,Wis.-Eau Claire,/team/793/16580,1473,WIAC,3,2024,16580,NA
793,Wis.-Eau Claire,/team/793/16340,1473,WIAC,3,2023,16340,NA
793,Wis.-Eau Claire,/team/793/15860,1473,WIAC,3,2022,15860,NA
793,Wis.-Eau Claire,/team/793/15580,1473,WIAC,3,2021,15580,NA
795,Wis.-La Crosse,/teams/615396,1473,WIAC,3,2026,17040,615396
795,Wis.-La Crosse,/teams/597081,1473,WIAC,3,2025,16840,597081
795,Wis.-La Crosse,/team/795/16580,1473,WIAC,3,2024,16580,NA
795,Wis.-La Crosse,/team/795/16340,1473,WIAC,3,2023,16340,NA
795,Wis.-La Crosse,/team/795/15860,1473,WIAC,3,2022,15860,NA
795,Wis.-La Crosse,/team/795/15580,1473,WIAC,3,2021,15580,NA
795,Wis.-La Crosse,/team/795/15204,1473,WIAC,3,2020,15204,NA
795,Wis.-La Crosse,/team/795/14781,1473,WIAC,3,2019,14781,NA
795,Wis.-La Crosse,/team/795/12973,1473,WIAC,3,2018,12973,NA
795,Wis.-La Crosse,/team/795/12560,1473,WIAC,3,2017,12560,NA
795,Wis.-La Crosse,/team/795/12360,1473,WIAC,3,2016,12360,NA
795,Wis.-La Crosse,/team/795/12080,1473,WIAC,3,2015,12080,NA
795,Wis.-La Crosse,/team/795/11620,1473,WIAC,3,2014,11620,NA
795,Wis.-La Crosse,/team/795/11320,1473,WIAC,3,2013,11320,NA
795,Wis.-La Crosse,/team/795/10942,1473,WIAC,3,2012,10942,NA
795,Wis.-La Crosse,/team/795/10561,1473,WIAC,3,2011,10561,NA
795,Wis.-La Crosse,/team/795/10240,1473,WIAC,3,2010,10240,NA
798,Wis.-Oshkosh,/teams/615397,1473,WIAC,3,2026,17040,615397
798,Wis.-Oshkosh,/teams/597082,1473,WIAC,3,2025,16840,597082
798,Wis.-Oshkosh,/team/798/16580,1473,WIAC,3,2024,16580,NA
798,Wis.-Oshkosh,/team/798/16340,1473,WIAC,3,2023,16340,NA
798,Wis.-Oshkosh,/team/798/15860,1473,WIAC,3,2022,15860,NA
798,Wis.-Oshkosh,/team/798/15580,1473,WIAC,3,2021,15580,NA
798,Wis.-Oshkosh,/team/798/15204,1473,WIAC,3,2020,15204,NA
798,Wis.-Oshkosh,/team/798/14781,1473,WIAC,3,2019,14781,NA
798,Wis.-Oshkosh,/team/798/12973,1473,WIAC,3,2018,12973,NA
798,Wis.-Oshkosh,/team/798/12560,1473,WIAC,3,2017,12560,NA
798,Wis.-Oshkosh,/team/798/12360,1473,WIAC,3,2016,12360,NA
798,Wis.-Oshkosh,/team/798/12080,1473,WIAC,3,2015,12080,NA
798,Wis.-Oshkosh,/team/798/11620,1473,WIAC,3,2014,11620,NA
798,Wis.-Oshkosh,/team/798/11320,1473,WIAC,3,2013,11320,NA
798,Wis.-Oshkosh,/team/798/10942,1473,WIAC,3,2012,10942,NA
798,Wis.-Oshkosh,/team/798/10561,1473,WIAC,3,2011,10561,NA
798,Wis.-Oshkosh,/team/798/10240,1473,WIAC,3,2010,10240,NA
800,Wis.-Platteville,/teams/615398,1473,WIAC,3,2026,17040,615398
800,Wis.-Platteville,/teams/597083,1473,WIAC,3,2025,16840,597083
800,Wis.-Platteville,/team/800/16580,1473,WIAC,3,2024,16580,NA
800,Wis.-Platteville,/team/800/16340,1473,WIAC,3,2023,16340,NA
800,Wis.-Platteville,/team/800/15860,1473,WIAC,3,2022,15860,NA
800,Wis.-Platteville,/team/800/15580,1473,WIAC,3,2021,15580,NA
800,Wis.-Platteville,/team/800/15204,1473,WIAC,3,2020,15204,NA
800,Wis.-Platteville,/team/800/14781,1473,WIAC,3,2019,14781,NA
800,Wis.-Platteville,/team/800/12973,1473,WIAC,3,2018,12973,NA
800,Wis.-Platteville,/team/800/12560,1473,WIAC,3,2017,12560,NA
800,Wis.-Platteville,/team/800/12360,1473,WIAC,3,2016,12360,NA
800,Wis.-Platteville,/team/800/12080,1473,WIAC,3,2015,12080,NA
800,Wis.-Platteville,/team/800/11620,1473,WIAC,3,2014,11620,NA
800,Wis.-Platteville,/team/800/11320,1473,WIAC,3,2013,11320,NA
800,Wis.-Platteville,/team/800/10942,1473,WIAC,3,2012,10942,NA
800,Wis.-Platteville,/team/800/10561,1473,WIAC,3,2011,10561,NA
800,Wis.-Platteville,/team/800/10240,1473,WIAC,3,2010,10240,NA
802,Wis.-Stevens Point,/teams/615399,1473,WIAC,3,2026,17040,615399
802,Wis.-Stevens Point,/teams/597084,1473,WIAC,3,2025,16840,597084
802,Wis.-Stevens Point,/team/802/16580,1473,WIAC,3,2024,16580,NA
802,Wis.-Stevens Point,/team/802/16340,1473,WIAC,3,2023,16340,NA
802,Wis.-Stevens Point,/team/802/15860,1473,WIAC,3,2022,15860,NA
802,Wis.-Stevens Point,/team/802/15580,1473,WIAC,3,2021,15580,NA
802,Wis.-Stevens Point,/team/802/15204,1473,WIAC,3,2020,15204,NA
802,Wis.-Stevens Point,/team/802/14781,1473,WIAC,3,2019,14781,NA
802,Wis.-Stevens Point,/team/802/12973,1473,WIAC,3,2018,12973,NA
802,Wis.-Stevens Point,/team/802/12560,1473,WIAC,3,2017,12560,NA
802,Wis.-Stevens Point,/team/802/12360,1473,WIAC,3,2016,12360,NA
802,Wis.-Stevens Point,/team/802/12080,1473,WIAC,3,2015,12080,NA
802,Wis.-Stevens Point,/team/802/11620,1473,WIAC,3,2014,11620,NA
802,Wis.-Stevens Point,/team/802/11320,1473,WIAC,3,2013,11320,NA
802,Wis.-Stevens Point,/team/802/10942,1473,WIAC,3,2012,10942,NA
802,Wis.-Stevens Point,/team/802/10561,1473,WIAC,3,2011,10561,NA
802,Wis.-Stevens Point,/team/802/10240,1473,WIAC,3,2010,10240,NA
803,Wis.-Stout,/teams/615400,1473,WIAC,3,2026,17040,615400
803,Wis.-Stout,/teams/597085,1473,WIAC,3,2025,16840,597085
803,Wis.-Stout,/team/803/16580,1473,WIAC,3,2024,16580,NA
803,Wis.-Stout,/team/803/16340,1473,WIAC,3,2023,16340,NA
803,Wis.-Stout,/team/803/15860,1473,WIAC,3,2022,15860,NA
803,Wis.-Stout,/team/803/15580,1473,WIAC,3,2021,15580,NA
803,Wis.-Stout,/team/803/15204,1473,WIAC,3,2020,15204,NA
803,Wis.-Stout,/team/803/14781,1473,WIAC,3,2019,14781,NA
803,Wis.-Stout,/team/803/12973,1473,WIAC,3,2018,12973,NA
803,Wis.-Stout,/team/803/12560,1473,WIAC,3,2017,12560,NA
803,Wis.-Stout,/team/803/12360,1473,WIAC,3,2016,12360,NA
803,Wis.-Stout,/team/803/12080,1473,WIAC,3,2015,12080,NA
803,Wis.-Stout,/team/803/11620,1473,WIAC,3,2014,11620,NA
803,Wis.-Stout,/team/803/11320,1473,WIAC,3,2013,11320,NA
803,Wis.-Stout,/team/803/10942,1473,WIAC,3,2012,10942,NA
803,Wis.-Stout,/team/803/10561,1473,WIAC,3,2011,10561,NA
803,Wis.-Stout,/team/803/10240,1473,WIAC,3,2010,10240,NA
804,Wis.-Superior,/teams/615401,30115,UMAC,3,2026,17040,615401
804,Wis.-Superior,/teams/597086,30115,UMAC,3,2025,16840,597086
804,Wis.-Superior,/team/804/16580,30115,UMAC,3,2024,16580,NA
804,Wis.-Superior,/team/804/16340,30115,UMAC,3,2023,16340,NA
804,Wis.-Superior,/team/804/15860,30115,UMAC,3,2022,15860,NA
804,Wis.-Superior,/team/804/15580,30115,UMAC,3,2021,15580,NA
804,Wis.-Superior,/team/804/15204,30115,UMAC,3,2020,15204,NA
804,Wis.-Superior,/team/804/14781,30115,UMAC,3,2019,14781,NA
804,Wis.-Superior,/team/804/12973,30115,UMAC,3,2018,12973,NA
804,Wis.-Superior,/team/804/12560,30115,UMAC,3,2017,12560,NA
804,Wis.-Superior,/team/804/12360,30115,UMAC,3,2016,12360,NA
804,Wis.-Superior,/team/804/12080,1473,WIAC,3,2015,12080,NA
804,Wis.-Superior,/team/804/11620,1473,WIAC,3,2014,11620,NA
804,Wis.-Superior,/team/804/11320,1473,WIAC,3,2013,11320,NA
804,Wis.-Superior,/team/804/10942,1473,WIAC,3,2012,10942,NA
804,Wis.-Superior,/team/804/10561,1473,WIAC,3,2011,10561,NA
804,Wis.-Superior,/team/804/10240,1473,WIAC,3,2010,10240,NA
805,Wis.-Whitewater,/teams/615402,1473,WIAC,3,2026,17040,615402
805,Wis.-Whitewater,/teams/597087,1473,WIAC,3,2025,16840,597087
805,Wis.-Whitewater,/team/805/16580,1473,WIAC,3,2024,16580,NA
805,Wis.-Whitewater,/team/805/16340,1473,WIAC,3,2023,16340,NA
805,Wis.-Whitewater,/team/805/15860,1473,WIAC,3,2022,15860,NA
805,Wis.-Whitewater,/team/805/15580,1473,WIAC,3,2021,15580,NA
805,Wis.-Whitewater,/team/805/15204,1473,WIAC,3,2020,15204,NA
805,Wis.-Whitewater,/team/805/14781,1473,WIAC,3,2019,14781,NA
805,Wis.-Whitewater,/team/805/12973,1473,WIAC,3,2018,12973,NA
805,Wis.-Whitewater,/team/805/12560,1473,WIAC,3,2017,12560,NA
805,Wis.-Whitewater,/team/805/12360,1473,WIAC,3,2016,12360,NA
805,Wis.-Whitewater,/team/805/12080,1473,WIAC,3,2015,12080,NA
805,Wis.-Whitewater,/team/805/11620,1473,WIAC,3,2014,11620,NA
805,Wis.-Whitewater,/team/805/11320,1473,WIAC,3,2013,11320,NA
805,Wis.-Whitewater,/team/805/10942,1473,WIAC,3,2012,10942,NA
805,Wis.-Whitewater,/team/805/10561,1473,WIAC,3,2011,10561,NA
805,Wis.-Whitewater,/team/805/10240,1473,WIAC,3,2010,10240,NA
806,Wittenberg,/teams/615403,897,NCAC,3,2026,17040,615403
806,Wittenberg,/teams/597088,897,NCAC,3,2025,16840,597088
806,Wittenberg,/team/806/16580,897,NCAC,3,2024,16580,NA
806,Wittenberg,/team/806/16340,897,NCAC,3,2023,16340,NA
806,Wittenberg,/team/806/15860,897,NCAC,3,2022,15860,NA
806,Wittenberg,/team/806/15580,897,NCAC,3,2021,15580,NA
806,Wittenberg,/team/806/15204,897,NCAC,3,2020,15204,NA
806,Wittenberg,/team/806/14781,897,NCAC,3,2019,14781,NA
806,Wittenberg,/team/806/12973,897,NCAC,3,2018,12973,NA
806,Wittenberg,/team/806/12560,897,NCAC,3,2017,12560,NA
806,Wittenberg,/team/806/12360,897,NCAC,3,2016,12360,NA
806,Wittenberg,/team/806/12080,897,NCAC,3,2015,12080,NA
806,Wittenberg,/team/806/11620,897,NCAC,3,2014,11620,NA
806,Wittenberg,/team/806/11320,897,NCAC,3,2013,11320,NA
806,Wittenberg,/team/806/10942,897,NCAC,3,2012,10942,NA
806,Wittenberg,/team/806/10561,897,NCAC,3,2011,10561,NA
806,Wittenberg,/team/806/10240,897,NCAC,3,2010,10240,NA
787,Wm. Paterson,/teams/615394,891,NJAC,3,2026,17040,615394
787,Wm. Paterson,/teams/597079,891,NJAC,3,2025,16840,597079
787,Wm. Paterson,/team/787/16580,891,NJAC,3,2024,16580,NA
787,Wm. Paterson,/team/787/16340,891,NJAC,3,2023,16340,NA
787,Wm. Paterson,/team/787/15860,891,NJAC,3,2022,15860,NA
787,Wm. Paterson,/team/787/15580,891,NJAC,3,2021,15580,NA
787,Wm. Paterson,/team/787/15204,891,NJAC,3,2020,15204,NA
787,Wm. Paterson,/team/787/14781,891,NJAC,3,2019,14781,NA
787,Wm. Paterson,/team/787/12973,891,NJAC,3,2018,12973,NA
787,Wm. Paterson,/team/787/12560,891,NJAC,3,2017,12560,NA
787,Wm. Paterson,/team/787/12360,891,NJAC,3,2016,12360,NA
787,Wm. Paterson,/team/787/12080,891,NJAC,3,2015,12080,NA
787,Wm. Paterson,/team/787/11620,891,NJAC,3,2014,11620,NA
787,Wm. Paterson,/team/787/11320,891,NJAC,3,2013,11320,NA
787,Wm. Paterson,/team/787/10942,891,NJAC,3,2012,10942,NA
787,Wm. Paterson,/team/787/10561,891,NJAC,3,2011,10561,NA
787,Wm. Paterson,/team/787/10240,891,NJAC,3,2010,10240,NA
807,Wooster,/teams/615404,897,NCAC,3,2026,17040,615404
807,Wooster,/teams/597089,897,NCAC,3,2025,16840,597089
807,Wooster,/team/807/16580,897,NCAC,3,2024,16580,NA
807,Wooster,/team/807/16340,897,NCAC,3,2023,16340,NA
807,Wooster,/team/807/15860,897,NCAC,3,2022,15860,NA
807,Wooster,/team/807/15580,897,NCAC,3,2021,15580,NA
807,Wooster,/team/807/15204,897,NCAC,3,2020,15204,NA
807,Wooster,/team/807/14781,897,NCAC,3,2019,14781,NA
807,Wooster,/team/807/12973,897,NCAC,3,2018,12973,NA
807,Wooster,/team/807/12560,897,NCAC,3,2017,12560,NA
807,Wooster,/team/807/12360,897,NCAC,3,2016,12360,NA
807,Wooster,/team/807/12080,897,NCAC,3,2015,12080,NA
807,Wooster,/team/807/11620,897,NCAC,3,2014,11620,NA
807,Wooster,/team/807/11320,897,NCAC,3,2013,11320,NA
807,Wooster,/team/807/10942,897,NCAC,3,2012,10942,NA
807,Wooster,/team/807/10561,897,NCAC,3,2011,10561,NA
807,Wooster,/team/807/10240,897,NCAC,3,2010,10240,NA
809,Worcester St.,/teams/615406,870,MASCAC,3,2026,17040,615406
809,Worcester St.,/teams/597091,870,MASCAC,3,2025,16840,597091
809,Worcester St.,/team/809/16580,870,MASCAC,3,2024,16580,NA
809,Worcester St.,/team/809/16340,870,MASCAC,3,2023,16340,NA
809,Worcester St.,/team/809/15860,870,MASCAC,3,2022,15860,NA
809,Worcester St.,/team/809/15580,870,MASCAC,3,2021,15580,NA
809,Worcester St.,/team/809/15204,870,MASCAC,3,2020,15204,NA
809,Worcester St.,/team/809/14781,870,MASCAC,3,2019,14781,NA
809,Worcester St.,/team/809/12973,870,MASCAC,3,2018,12973,NA
809,Worcester St.,/team/809/12560,870,MASCAC,3,2017,12560,NA
809,Worcester St.,/team/809/12360,870,MASCAC,3,2016,12360,NA
809,Worcester St.,/team/809/12080,870,MASCAC,3,2015,12080,NA
809,Worcester St.,/team/809/11620,870,MASCAC,3,2014,11620,NA
809,Worcester St.,/team/809/11320,870,MASCAC,3,2013,11320,NA
809,Worcester St.,/team/809/10942,870,MASCAC,3,2012,10942,NA
809,Worcester St.,/team/809/10561,870,MASCAC,3,2011,10561,NA
809,Worcester St.,/team/809/10240,870,MASCAC,3,2010,10240,NA
814,Yeshiva,/teams/615407,13054,Skyline,3,2026,17040,615407
814,Yeshiva,/teams/597092,13054,Skyline,3,2025,16840,597092
814,Yeshiva,/team/814/16580,13054,Skyline,3,2024,16580,NA
814,Yeshiva,/team/814/16340,13054,Skyline,3,2023,16340,NA
814,Yeshiva,/team/814/15860,13054,Skyline,3,2022,15860,NA
814,Yeshiva,/team/814/15580,13054,Skyline,3,2021,15580,NA
814,Yeshiva,/team/814/15204,13054,Skyline,3,2020,15204,NA
814,Yeshiva,/team/814/14781,13054,Skyline,3,2019,14781,NA
814,Yeshiva,/team/814/12973,834,CUNYAC,3,2018,12973,NA
814,Yeshiva,/team/814/12560,834,CUNYAC,3,2017,12560,NA
814,Yeshiva,/team/814/12360,834,CUNYAC,3,2016,12360,NA
814,Yeshiva,/team/814/12080,834,CUNYAC,3,2015,12080,NA
814,Yeshiva,/team/814/11620,834,CUNYAC,3,2014,11620,NA
814,Yeshiva,/team/814/11320,834,CUNYAC,3,2013,11320,NA
814,Yeshiva,/team/814/10942,834,CUNYAC,3,2012,10942,NA
814,Yeshiva,/team/814/10561,13054,Skyline,3,2011,10561,NA
814,Yeshiva,/team/814/10240,13054,Skyline,3,2010,10240,NA
815,York (PA),/teams/615408,28744,MAC Commonwealth,3,2026,17040,615408
815,York (PA),/teams/597093,28744,MAC Commonwealth,3,2025,16840,597093
815,York (PA),/team/815/16580,28744,MAC Commonwealth,3,2024,16580,NA
815,York (PA),/team/815/16340,28744,MAC Commonwealth,3,2023,16340,NA
815,York (PA),/team/815/15860,28744,MAC Commonwealth,3,2022,15860,NA
815,York (PA),/team/815/15580,28744,MAC Commonwealth,3,2021,15580,NA
815,York (PA),/team/815/15204,15810,C2C,3,2020,15204,NA
815,York (PA),/team/815/14781,15810,C2C,3,2019,14781,NA
815,York (PA),/team/815/12973,15810,C2C,3,2018,12973,NA
815,York (PA),/team/815/12560,15810,C2C,3,2017,12560,NA
815,York (PA),/team/815/12360,15810,C2C,3,2016,12360,NA
815,York (PA),/team/815/12080,15810,C2C,3,2015,12080,NA
815,York (PA),/team/815/11620,15810,C2C,3,2014,11620,NA
815,York (PA),/team/815/11320,15810,C2C,3,2013,11320,NA
815,York (PA),/team/815/10942,15810,C2C,3,2012,10942,NA
815,York (PA),/team/815/10561,15810,C2C,3,2011,10561,NA
815,York (PA),/team/815/10240,15810,C2C,3,2010,10240,NA
