[games] shard 1/8: 1054 contests
2026-09-25 23:25:06,944 INFO sportsdataverse.mbb.mbb_ncaa_fetch: stats.ncaa.org terms gate -- accepting (one 10000 ms dwell)
2026-09-25 23:25:24,517 WARNING sportsdataverse.mbb.mbb_ncaa_fetch: stats.ncaa.org terms gate not accepted: https://stats.ncaa.org/contests/293157/play_by_play -- backing off 300 s (1/3)
2026-09-25 23:30:36,848 INFO sportsdataverse.mbb.mbb_ncaa_fetch: stats.ncaa.org terms gate -- accepting (one 10000 ms dwell)
2026-09-25 23:30:53,749 WARNING sportsdataverse.mbb.mbb_ncaa_fetch: stats.ncaa.org terms gate not accepted: https://stats.ncaa.org/contests/293157/play_by_play -- backing off 300 s (2/3)
2026-09-25 23:36:06,585 INFO sportsdataverse.mbb.mbb_ncaa_fetch: stats.ncaa.org terms gate -- accepting (one 10000 ms dwell)
2026-09-25 23:36:26,318 INFO sportsdataverse.mbb.mbb_ncaa_fetch: stats.ncaa.org terms gate -- accepting (one 10000 ms dwell)
2026-09-25 23:36:46,577 INFO sportsdataverse.mbb.mbb_ncaa_fetch: stats.ncaa.org terms gate -- accepting (one 10000 ms dwell)
2026-09-25 23:37:07,093 INFO sportsdataverse.mbb.mbb_ncaa_fetch: stats.ncaa.org terms gate -- accepting (one 10000 ms dwell)
2026-09-25 23:37:28,250 INFO sportsdataverse.mbb.mbb_ncaa_fetch: stats.ncaa.org terms gate -- accepting (one 10000 ms dwell)
2026-09-25 23:37:45,077 INFO sportsdataverse.mbb.mbb_ncaa_fetch: bm-verify not passed (413-byte response) -- re-solving, attempt 1/3
2026-09-25 23:37:53,650 INFO sportsdataverse.mbb.mbb_ncaa_fetch: bm-verify not passed (413-byte response) -- re-solving, attempt 2/3
2026-09-25 23:38:02,228 INFO sportsdataverse.mbb.mbb_ncaa_fetch: bm-verify not passed (413-byte response) -- re-solving, attempt 3/3
2026-09-25 23:38:02,229 DEBUG sportsdataverse.mbb.mbb_ncaa_fetch: transport error on http://<redacted>:<redacted>@us.decodo.com:10007: RuntimeError: bm-verify not passed after 3 attempts (413-byte response): https://stats.ncaa.org/contests/293177/situational_stats
2026-09-25 23:38:02,229 DEBUG sportsdataverse.mbb.mbb_ncaa_fetch: rotating proxy: transport error
2026-09-25 23:38:03,230 INFO sportsdataverse.mbb.mbb_ncaa_fetch: browser proxy rotated -> http://<redacted>:<redacted>@us.decodo.com:10008 (relaunching context)
2026-09-25 23:38:21,043 INFO sportsdataverse.mbb.mbb_ncaa_fetch: stats.ncaa.org terms gate -- accepting (one 10000 ms dwell)
2026-09-25 23:38:42,189 INFO sportsdataverse.mbb.mbb_ncaa_fetch: stats.ncaa.org terms gate -- accepting (one 10000 ms dwell)
2026-09-25 23:39:02,304 INFO sportsdataverse.mbb.mbb_ncaa_fetch: stats.ncaa.org terms gate -- accepting (one 10000 ms dwell)
2026-09-25 23:39:23,574 INFO sportsdataverse.mbb.mbb_ncaa_fetch: stats.ncaa.org terms gate -- accepting (one 10000 ms dwell)
2026-09-25 23:39:43,465 INFO sportsdataverse.mbb.mbb_ncaa_fetch: stats.ncaa.org terms gate -- accepting (one 10000 ms dwell)
2026-09-25 23:40:02,322 INFO sportsdataverse.mbb.mbb_ncaa_fetch: bm-verify not passed (411-byte response) -- re-solving, attempt 1/3
2026-09-25 23:40:10,825 INFO sportsdataverse.mbb.mbb_ncaa_fetch: bm-verify not passed (411-byte response) -- re-solving, attempt 2/3
2026-09-25 23:40:19,279 INFO sportsdataverse.mbb.mbb_ncaa_fetch: bm-verify not passed (411-byte response) -- re-solving, attempt 3/3
2026-09-25 23:40:19,279 DEBUG sportsdataverse.mbb.mbb_ncaa_fetch: transport error on http://<redacted>:<redacted>@us.decodo.com:10008: RuntimeError: bm-verify not passed after 3 attempts (411-byte response): https://stats.ncaa.org/contests/293216/situational_stats
2026-09-25 23:40:19,279 DEBUG sportsdataverse.mbb.mbb_ncaa_fetch: rotating proxy: transport error
2026-09-25 23:40:20,280 INFO sportsdataverse.mbb.mbb_ncaa_fetch: browser proxy rotated -> http://<redacted>:<redacted>@us.decodo.com:10009 (relaunching context)
2026-09-25 23:40:38,116 INFO sportsdataverse.mbb.mbb_ncaa_fetch: stats.ncaa.org terms gate -- accepting (one 10000 ms dwell)
2026-09-25 23:40:58,112 INFO sportsdataverse.mbb.mbb_ncaa_fetch: stats.ncaa.org terms gate -- accepting (one 10000 ms dwell)
2026-09-25 23:41:16,629 INFO sportsdataverse.mbb.mbb_ncaa_fetch: stats.ncaa.org terms gate -- accepting (one 10000 ms dwell)
2026-09-25 23:41:32,840 WARNING sportsdataverse.mbb.mbb_ncaa_fetch: stats.ncaa.org terms gate not accepted: https://stats.ncaa.org/contests/293250/play_by_play -- backing off 300 s (1/3)
2026-09-25 23:46:44,781 INFO sportsdataverse.mbb.mbb_ncaa_fetch: stats.ncaa.org terms gate -- accepting (one 10000 ms dwell)
2026-09-25 23:47:01,296 WARNING sportsdataverse.mbb.mbb_ncaa_fetch: stats.ncaa.org terms gate not accepted: https://stats.ncaa.org/contests/293250/play_by_play -- backing off 300 s (2/3)
2026-09-25 23:52:13,068 INFO sportsdataverse.mbb.mbb_ncaa_fetch: stats.ncaa.org terms gate -- accepting (one 10000 ms dwell)
2026-09-25 23:52:28,837 WARNING sportsdataverse.mbb.mbb_ncaa_fetch: stats.ncaa.org terms gate not accepted: https://stats.ncaa.org/contests/293250/play_by_play -- backing off 300 s (3/3)
2026-09-25 23:57:41,207 INFO sportsdataverse.mbb.mbb_ncaa_fetch: stats.ncaa.org terms gate -- accepting (one 10000 ms dwell)
2026-09-25 23:58:09,958 INFO sportsdataverse.mbb.mbb_ncaa_fetch: stats.ncaa.org terms gate -- accepting (one 10000 ms dwell)
2026-09-25 23:58:26,986 WARNING sportsdataverse.mbb.mbb_ncaa_fetch: stats.ncaa.org terms gate not accepted: https://stats.ncaa.org/contests/293262/play_by_play -- backing off 300 s (1/3)
=== 2026-09-26T04:07:05Z shard 1/4 ===
[games] shard 1/4: 2107 contests
2026-09-26 00:07:39,513 INFO sportsdataverse.mbb.mbb_ncaa_fetch: stats.ncaa.org terms gate -- accepting (one 10000 ms dwell)
2026-09-26 00:07:58,156 INFO sportsdataverse.mbb.mbb_ncaa_fetch: stats.ncaa.org terms gate -- accepting (one 10000 ms dwell)
2026-09-26 00:08:17,540 INFO sportsdataverse.mbb.mbb_ncaa_fetch: stats.ncaa.org terms gate -- accepting (one 10000 ms dwell)
2026-09-26 00:08:35,583 INFO sportsdataverse.mbb.mbb_ncaa_fetch: stats.ncaa.org terms gate -- accepting (one 10000 ms dwell)
2026-09-26 00:08:54,687 INFO sportsdataverse.mbb.mbb_ncaa_fetch: stats.ncaa.org terms gate -- accepting (one 10000 ms dwell)
2026-09-26 00:09:11,563 INFO sportsdataverse.mbb.mbb_ncaa_fetch: bm-verify not passed (410-byte response) -- re-solving, attempt 1/3
2026-09-26 00:09:19,915 INFO sportsdataverse.mbb.mbb_ncaa_fetch: bm-verify not passed (410-byte response) -- re-solving, attempt 2/3
2026-09-26 00:09:28,287 INFO sportsdataverse.mbb.mbb_ncaa_fetch: bm-verify not passed (410-byte response) -- re-solving, attempt 3/3
2026-09-26 00:09:28,288 DEBUG sportsdataverse.mbb.mbb_ncaa_fetch: transport error on http://<redacted>:<redacted>@us.decodo.com:10013: RuntimeError: bm-verify not passed after 3 attempts (410-byte response): https://stats.ncaa.org/contests/293309/play_by_play
2026-09-26 00:09:28,288 DEBUG sportsdataverse.mbb.mbb_ncaa_fetch: rotating proxy: transport error
2026-09-26 00:09:29,292 INFO sportsdataverse.mbb.mbb_ncaa_fetch: browser proxy rotated -> http://<redacted>:<redacted>@us.decodo.com:10014 (relaunching context)
2026-09-26 00:09:46,477 INFO sportsdataverse.mbb.mbb_ncaa_fetch: stats.ncaa.org terms gate -- accepting (one 10000 ms dwell)
2026-09-26 00:10:05,827 INFO sportsdataverse.mbb.mbb_ncaa_fetch: stats.ncaa.org terms gate -- accepting (one 10000 ms dwell)
2026-09-26 00:10:25,120 INFO sportsdataverse.mbb.mbb_ncaa_fetch: stats.ncaa.org terms gate -- accepting (one 10000 ms dwell)
2026-09-26 00:10:43,779 INFO sportsdataverse.mbb.mbb_ncaa_fetch: stats.ncaa.org terms gate -- accepting (one 10000 ms dwell)
2026-09-26 00:11:02,872 INFO sportsdataverse.mbb.mbb_ncaa_fetch: stats.ncaa.org terms gate -- accepting (one 10000 ms dwell)
2026-09-26 00:11:20,495 INFO sportsdataverse.mbb.mbb_ncaa_fetch: bm-verify not passed (412-byte response) -- re-solving, attempt 1/3
2026-09-26 00:11:28,822 INFO sportsdataverse.mbb.mbb_ncaa_fetch: bm-verify not passed (412-byte response) -- re-solving, attempt 2/3
2026-09-26 00:11:37,135 INFO sportsdataverse.mbb.mbb_ncaa_fetch: bm-verify not passed (412-byte response) -- re-solving, attempt 3/3
2026-09-26 00:11:37,135 DEBUG sportsdataverse.mbb.mbb_ncaa_fetch: transport error on http://<redacted>:<redacted>@us.decodo.com:10014: RuntimeError: bm-verify not passed after 3 attempts (412-byte response): https://stats.ncaa.org/contests/293326/play_by_play
2026-09-26 00:11:37,135 DEBUG sportsdataverse.mbb.mbb_ncaa_fetch: rotating proxy: transport error
2026-09-26 00:11:38,136 INFO sportsdataverse.mbb.mbb_ncaa_fetch: browser proxy rotated -> http://<redacted>:<redacted>@us.decodo.com:10015 (relaunching context)
2026-09-26 00:11:55,840 INFO sportsdataverse.mbb.mbb_ncaa_fetch: stats.ncaa.org terms gate -- accepting (one 10000 ms dwell)
2026-09-26 00:12:16,975 INFO sportsdataverse.mbb.mbb_ncaa_fetch: stats.ncaa.org terms gate -- accepting (one 10000 ms dwell)
2026-09-26 00:12:33,869 WARNING sportsdataverse.mbb.mbb_ncaa_fetch: stats.ncaa.org terms gate not accepted: https://stats.ncaa.org/contests/293326/individual_stats -- backing off 300 s (1/3)
2026-09-26 00:17:47,525 INFO sportsdataverse.mbb.mbb_ncaa_fetch: stats.ncaa.org terms gate -- accepting (one 10000 ms dwell)
2026-09-26 00:18:05,894 INFO sportsdataverse.mbb.mbb_ncaa_fetch: stats.ncaa.org terms gate -- accepting (one 10000 ms dwell)
2026-09-26 00:18:23,888 INFO sportsdataverse.mbb.mbb_ncaa_fetch: stats.ncaa.org terms gate -- accepting (one 10000 ms dwell)
2026-09-26 00:18:41,697 INFO sportsdataverse.mbb.mbb_ncaa_fetch: stats.ncaa.org terms gate -- accepting (one 10000 ms dwell)
2026-09-26 00:18:57,545 INFO sportsdataverse.mbb.mbb_ncaa_fetch: bm-verify not passed (413-byte response) -- re-solving, attempt 1/3
2026-09-26 00:19:05,772 INFO sportsdataverse.mbb.mbb_ncaa_fetch: bm-verify not passed (413-byte response) -- re-solving, attempt 2/3
2026-09-26 00:19:13,993 INFO sportsdataverse.mbb.mbb_ncaa_fetch: bm-verify not passed (413-byte response) -- re-solving, attempt 3/3
2026-09-26 00:19:13,993 DEBUG sportsdataverse.mbb.mbb_ncaa_fetch: transport error on http://<redacted>:<redacted>@us.decodo.com:10015: RuntimeError: bm-verify not passed after 3 attempts (413-byte response): https://stats.ncaa.org/contests/293365/situational_stats
2026-09-26 00:19:13,993 DEBUG sportsdataverse.mbb.mbb_ncaa_fetch: rotating proxy: transport error
2026-09-26 00:19:14,993 INFO sportsdataverse.mbb.mbb_ncaa_fetch: browser proxy rotated -> http://<redacted>:<redacted>@us.decodo.com:10016 (relaunching context)
2026-09-26 00:20:02,496 DEBUG sportsdataverse.mbb.mbb_ncaa_fetch: transport error on http://<redacted>:<redacted>@us.decodo.com:10016: TimeoutError: Page.goto: Timeout 45000ms exceeded.
Call log:
  - navigating to "https://stats.ncaa.org/contests/293365/situational_stats", waiting until "domcontentloaded"

2026-09-26 00:20:02,496 DEBUG sportsdataverse.mbb.mbb_ncaa_fetch: rotating proxy: transport error
2026-09-26 00:20:03,497 INFO sportsdataverse.mbb.mbb_ncaa_fetch: browser proxy rotated -> http://<redacted>:<redacted>@us.decodo.com:10017 (relaunching context)
2026-09-26 00:20:18,159 INFO sportsdataverse.mbb.mbb_ncaa_fetch: stats.ncaa.org terms gate -- accepting (one 10000 ms dwell)
2026-09-26 00:20:43,156 DEBUG sportsdataverse.mbb.mbb_ncaa_fetch: transport error on http://<redacted>:<redacted>@us.decodo.com:10017: _TermsAcceptError: stats.ncaa.org terms acceptance failed: https://stats.ncaa.org/contests/293365/situational_stats: net::ERR_TUNNEL_CONNECTION_FAILED
2026-09-26 00:20:43,156 DEBUG sportsdataverse.mbb.mbb_ncaa_fetch: rotating proxy: transport error
2026-09-26 00:20:44,157 INFO sportsdataverse.mbb.mbb_ncaa_fetch: browser proxy rotated -> http://<redacted>:<redacted>@us.decodo.com:10018 (relaunching context)
2026-09-26 00:20:59,029 INFO sportsdataverse.mbb.mbb_ncaa_fetch: stats.ncaa.org terms gate -- accepting (one 10000 ms dwell)
2026-09-26 00:21:14,658 WARNING sportsdataverse.mbb.mbb_ncaa_fetch: stats.ncaa.org terms gate not accepted: https://stats.ncaa.org/contests/293365/situational_stats -- backing off 300 s (1/3)
2026-09-26 00:26:26,827 INFO sportsdataverse.mbb.mbb_ncaa_fetch: stats.ncaa.org terms gate -- accepting (one 10000 ms dwell)
2026-09-26 00:26:45,469 INFO sportsdataverse.mbb.mbb_ncaa_fetch: stats.ncaa.org terms gate -- accepting (one 10000 ms dwell)
2026-09-26 00:27:04,892 INFO sportsdataverse.mbb.mbb_ncaa_fetch: stats.ncaa.org terms gate -- accepting (one 10000 ms dwell)
2026-09-26 00:27:23,335 INFO sportsdataverse.mbb.mbb_ncaa_fetch: bm-verify not passed (412-byte response) -- re-solving, attempt 1/3
2026-09-26 00:27:31,844 INFO sportsdataverse.mbb.mbb_ncaa_fetch: bm-verify not passed (412-byte response) -- re-solving, attempt 2/3
2026-09-26 00:27:40,348 INFO sportsdataverse.mbb.mbb_ncaa_fetch: bm-verify not passed (412-byte response) -- re-solving, attempt 3/3
2026-09-26 00:27:40,349 DEBUG sportsdataverse.mbb.mbb_ncaa_fetch: transport error on http://<redacted>:<redacted>@us.decodo.com:10018: RuntimeError: bm-verify not passed after 3 attempts (412-byte response): https://stats.ncaa.org/contests/293376/individual_stats
2026-09-26 00:27:40,349 DEBUG sportsdataverse.mbb.mbb_ncaa_fetch: rotating proxy: transport error
2026-09-26 00:27:41,349 INFO sportsdataverse.mbb.mbb_ncaa_fetch: browser proxy rotated -> http://<redacted>:<redacted>@us.decodo.com:10019 (relaunching context)
2026-09-26 00:28:00,001 INFO sportsdataverse.mbb.mbb_ncaa_fetch: stats.ncaa.org terms gate -- accepting (one 10000 ms dwell)
2026-09-26 00:28:20,415 INFO sportsdataverse.mbb.mbb_ncaa_fetch: stats.ncaa.org terms gate -- accepting (one 10000 ms dwell)
2026-09-26 00:28:40,241 INFO sportsdataverse.mbb.mbb_ncaa_fetch: stats.ncaa.org terms gate -- accepting (one 10000 ms dwell)
2026-09-26 00:28:59,598 INFO sportsdataverse.mbb.mbb_ncaa_fetch: stats.ncaa.org terms gate -- accepting (one 10000 ms dwell)
2026-09-26 00:29:19,278 INFO sportsdataverse.mbb.mbb_ncaa_fetch: bm-verify not passed (412-byte response) -- re-solving, attempt 1/3
2026-09-26 00:29:27,806 INFO sportsdataverse.mbb.mbb_ncaa_fetch: bm-verify not passed (412-byte response) -- re-solving, attempt 2/3
2026-09-26 00:29:36,856 INFO sportsdataverse.mbb.mbb_ncaa_fetch: bm-verify not passed (412-byte response) -- re-solving, attempt 3/3
2026-09-26 00:29:36,856 DEBUG sportsdataverse.mbb.mbb_ncaa_fetch: transport error on http://<redacted>:<redacted>@us.decodo.com:10019: RuntimeError: bm-verify not passed after 3 attempts (412-byte response): https://stats.ncaa.org/contests/293396/play_by_play
2026-09-26 00:29:36,856 DEBUG sportsdataverse.mbb.mbb_ncaa_fetch: rotating proxy: transport error
2026-09-26 00:29:37,856 INFO sportsdataverse.mbb.mbb_ncaa_fetch: browser proxy rotated -> http://<redacted>:<redacted>@us.decodo.com:10020 (relaunching context)
2026-09-26 00:29:55,305 INFO sportsdataverse.mbb.mbb_ncaa_fetch: stats.ncaa.org terms gate -- accepting (one 10000 ms dwell)
2026-09-26 00:30:13,780 INFO sportsdataverse.mbb.mbb_ncaa_fetch: stats.ncaa.org terms gate -- accepting (one 10000 ms dwell)
2026-09-26 00:30:31,236 INFO sportsdataverse.mbb.mbb_ncaa_fetch: stats.ncaa.org terms gate -- accepting (one 10000 ms dwell)
2026-09-26 00:30:48,545 INFO sportsdataverse.mbb.mbb_ncaa_fetch: stats.ncaa.org terms gate -- accepting (one 10000 ms dwell)
2026-09-26 00:31:06,527 INFO sportsdataverse.mbb.mbb_ncaa_fetch: stats.ncaa.org terms gate -- accepting (one 10000 ms dwell)
2026-09-26 00:31:22,433 INFO sportsdataverse.mbb.mbb_ncaa_fetch: bm-verify not passed (412-byte response) -- re-solving, attempt 1/3
2026-09-26 00:31:30,933 INFO sportsdataverse.mbb.mbb_ncaa_fetch: bm-verify not passed (412-byte response) -- re-solving, attempt 2/3
2026-09-26 00:31:39,456 INFO sportsdataverse.mbb.mbb_ncaa_fetch: bm-verify not passed (412-byte response) -- re-solving, attempt 3/3
2026-09-26 00:31:39,456 DEBUG sportsdataverse.mbb.mbb_ncaa_fetch: transport error on http://<redacted>:<redacted>@us.decodo.com:10020: RuntimeError: bm-verify not passed after 3 attempts (412-byte response): https://stats.ncaa.org/contests/293413/play_by_play
2026-09-26 00:31:39,456 DEBUG sportsdataverse.mbb.mbb_ncaa_fetch: rotating proxy: transport error
2026-09-26 00:31:40,457 INFO sportsdataverse.mbb.mbb_ncaa_fetch: browser proxy rotated -> http://<redacted>:<redacted>@us.decodo.com:10021 (relaunching context)
2026-09-26 00:31:55,811 INFO sportsdataverse.mbb.mbb_ncaa_fetch: stats.ncaa.org terms gate -- accepting (one 10000 ms dwell)
2026-09-26 00:32:15,728 INFO sportsdataverse.mbb.mbb_ncaa_fetch: stats.ncaa.org terms gate -- accepting (one 10000 ms dwell)
2026-09-26 00:32:34,935 INFO sportsdataverse.mbb.mbb_ncaa_fetch: stats.ncaa.org terms gate -- accepting (one 10000 ms dwell)
2026-09-26 00:32:53,710 INFO sportsdataverse.mbb.mbb_ncaa_fetch: stats.ncaa.org terms gate -- accepting (one 10000 ms dwell)
2026-09-26 00:33:13,612 INFO sportsdataverse.mbb.mbb_ncaa_fetch: stats.ncaa.org terms gate -- accepting (one 10000 ms dwell)
2026-09-26 00:33:30,690 INFO sportsdataverse.mbb.mbb_ncaa_fetch: bm-verify not passed (412-byte response) -- re-solving, attempt 1/3
2026-09-26 00:33:39,040 INFO sportsdataverse.mbb.mbb_ncaa_fetch: bm-verify not passed (412-byte response) -- re-solving, attempt 2/3
2026-09-26 00:33:47,403 INFO sportsdataverse.mbb.mbb_ncaa_fetch: bm-verify not passed (412-byte response) -- re-solving, attempt 3/3
2026-09-26 00:33:47,403 DEBUG sportsdataverse.mbb.mbb_ncaa_fetch: transport error on http://<redacted>:<redacted>@us.decodo.com:10021: RuntimeError: bm-verify not passed after 3 attempts (412-byte response): https://stats.ncaa.org/contests/293431/play_by_play
2026-09-26 00:33:47,403 DEBUG sportsdataverse.mbb.mbb_ncaa_fetch: rotating proxy: transport error
2026-09-26 00:33:48,403 INFO sportsdataverse.mbb.mbb_ncaa_fetch: browser proxy rotated -> http://<redacted>:<redacted>@us.decodo.com:10022 (relaunching context)
2026-09-26 00:34:03,170 INFO sportsdataverse.mbb.mbb_ncaa_fetch: stats.ncaa.org terms gate -- accepting (one 10000 ms dwell)
2026-09-26 00:34:22,026 INFO sportsdataverse.mbb.mbb_ncaa_fetch: stats.ncaa.org terms gate -- accepting (one 10000 ms dwell)
2026-09-26 00:34:40,046 INFO sportsdataverse.mbb.mbb_ncaa_fetch: stats.ncaa.org terms gate -- accepting (one 10000 ms dwell)
2026-09-26 00:34:57,764 INFO sportsdataverse.mbb.mbb_ncaa_fetch: stats.ncaa.org terms gate -- accepting (one 10000 ms dwell)
2026-09-26 00:35:16,191 INFO sportsdataverse.mbb.mbb_ncaa_fetch: stats.ncaa.org terms gate -- accepting (one 10000 ms dwell)
2026-09-26 00:35:32,537 INFO sportsdataverse.mbb.mbb_ncaa_fetch: bm-verify not passed (412-byte response) -- re-solving, attempt 1/3
2026-09-26 00:35:40,742 INFO sportsdataverse.mbb.mbb_ncaa_fetch: bm-verify not passed (412-byte response) -- re-solving, attempt 2/3
2026-09-26 00:35:48,989 INFO sportsdataverse.mbb.mbb_ncaa_fetch: bm-verify not passed (412-byte response) -- re-solving, attempt 3/3
2026-09-26 00:35:48,989 DEBUG sportsdataverse.mbb.mbb_ncaa_fetch: transport error on http://<redacted>:<redacted>@us.decodo.com:10022: RuntimeError: bm-verify not passed after 3 attempts (412-byte response): https://stats.ncaa.org/contests/293452/play_by_play
2026-09-26 00:35:48,989 DEBUG sportsdataverse.mbb.mbb_ncaa_fetch: rotating proxy: transport error
2026-09-26 00:35:49,990 INFO sportsdataverse.mbb.mbb_ncaa_fetch: browser proxy rotated -> http://<redacted>:<redacted>@us.decodo.com:10023 (relaunching context)
2026-09-26 00:36:06,040 INFO sportsdataverse.mbb.mbb_ncaa_fetch: stats.ncaa.org terms gate -- accepting (one 10000 ms dwell)
2026-09-26 00:36:21,996 WARNING sportsdataverse.mbb.mbb_ncaa_fetch: stats.ncaa.org terms gate not accepted: https://stats.ncaa.org/contests/293452/play_by_play -- backing off 300 s (1/3)
2026-09-26 00:41:33,551 INFO sportsdataverse.mbb.mbb_ncaa_fetch: stats.ncaa.org terms gate -- accepting (one 10000 ms dwell)
2026-09-26 00:41:48,843 WARNING sportsdataverse.mbb.mbb_ncaa_fetch: stats.ncaa.org terms gate not accepted: https://stats.ncaa.org/contests/293452/play_by_play -- backing off 300 s (2/3)
2026-09-26 00:47:01,013 INFO sportsdataverse.mbb.mbb_ncaa_fetch: stats.ncaa.org terms gate -- accepting (one 10000 ms dwell)
2026-09-26 00:47:19,265 INFO sportsdataverse.mbb.mbb_ncaa_fetch: stats.ncaa.org terms gate -- accepting (one 10000 ms dwell)
2026-09-26 00:47:38,119 INFO sportsdataverse.mbb.mbb_ncaa_fetch: stats.ncaa.org terms gate -- accepting (one 10000 ms dwell)
2026-09-26 00:47:57,218 INFO sportsdataverse.mbb.mbb_ncaa_fetch: stats.ncaa.org terms gate -- accepting (one 10000 ms dwell)
2026-09-26 00:48:15,877 INFO sportsdataverse.mbb.mbb_ncaa_fetch: stats.ncaa.org terms gate -- accepting (one 10000 ms dwell)
2026-09-26 00:48:32,173 INFO sportsdataverse.mbb.mbb_ncaa_fetch: bm-verify not passed (413-byte response) -- re-solving, attempt 1/3
2026-09-26 00:48:40,483 INFO sportsdataverse.mbb.mbb_ncaa_fetch: bm-verify not passed (413-byte response) -- re-solving, attempt 2/3
2026-09-26 00:48:48,775 INFO sportsdataverse.mbb.mbb_ncaa_fetch: bm-verify not passed (413-byte response) -- re-solving, attempt 3/3
2026-09-26 00:48:48,775 DEBUG sportsdataverse.mbb.mbb_ncaa_fetch: transport error on http://<redacted>:<redacted>@us.decodo.com:10023: RuntimeError: bm-verify not passed after 3 attempts (413-byte response): https://stats.ncaa.org/contests/293460/situational_stats
2026-09-26 00:48:48,775 DEBUG sportsdataverse.mbb.mbb_ncaa_fetch: rotating proxy: transport error
2026-09-26 00:48:49,775 INFO sportsdataverse.mbb.mbb_ncaa_fetch: browser proxy rotated -> http://<redacted>:<redacted>@us.decodo.com:10024 (relaunching context)
2026-09-26 00:49:05,296 INFO sportsdataverse.mbb.mbb_ncaa_fetch: stats.ncaa.org terms gate -- accepting (one 10000 ms dwell)
2026-09-26 00:49:20,643 WARNING sportsdataverse.mbb.mbb_ncaa_fetch: stats.ncaa.org terms gate not accepted: https://stats.ncaa.org/contests/293460/situational_stats -- backing off 300 s (1/3)
2026-09-26 00:54:31,682 INFO sportsdataverse.mbb.mbb_ncaa_fetch: stats.ncaa.org terms gate -- accepting (one 10000 ms dwell)
2026-09-26 00:54:49,438 INFO sportsdataverse.mbb.mbb_ncaa_fetch: stats.ncaa.org terms gate -- accepting (one 10000 ms dwell)
2026-09-26 00:55:07,072 INFO sportsdataverse.mbb.mbb_ncaa_fetch: stats.ncaa.org terms gate -- accepting (one 10000 ms dwell)
2026-09-26 00:55:25,546 INFO sportsdataverse.mbb.mbb_ncaa_fetch: stats.ncaa.org terms gate -- accepting (one 10000 ms dwell)
2026-09-26 00:55:43,834 INFO sportsdataverse.mbb.mbb_ncaa_fetch: stats.ncaa.org terms gate -- accepting (one 10000 ms dwell)
2026-09-26 00:55:58,730 INFO sportsdataverse.mbb.mbb_ncaa_fetch: bm-verify not passed (412-byte response) -- re-solving, attempt 1/3
2026-09-26 00:56:06,938 INFO sportsdataverse.mbb.mbb_ncaa_fetch: bm-verify not passed (412-byte response) -- re-solving, attempt 2/3
2026-09-26 00:56:15,181 INFO sportsdataverse.mbb.mbb_ncaa_fetch: bm-verify not passed (412-byte response) -- re-solving, attempt 3/3
2026-09-26 00:56:15,181 DEBUG sportsdataverse.mbb.mbb_ncaa_fetch: transport error on http://<redacted>:<redacted>@us.decodo.com:10024: RuntimeError: bm-verify not passed after 3 attempts (412-byte response): https://stats.ncaa.org/contests/293478/individual_stats
2026-09-26 00:56:15,181 DEBUG sportsdataverse.mbb.mbb_ncaa_fetch: rotating proxy: transport error
2026-09-26 00:56:16,182 INFO sportsdataverse.mbb.mbb_ncaa_fetch: browser proxy rotated -> http://<redacted>:<redacted>@us.decodo.com:10025 (relaunching context)
2026-09-26 00:57:19,593 INFO sportsdataverse.mbb.mbb_ncaa_fetch: stats.ncaa.org terms gate -- accepting (one 10000 ms dwell)
2026-09-26 00:58:13,677 INFO sportsdataverse.mbb.mbb_ncaa_fetch: stats.ncaa.org terms gate -- accepting (one 10000 ms dwell)
2026-09-26 00:58:38,539 DEBUG sportsdataverse.mbb.mbb_ncaa_fetch: transport error on http://<redacted>:<redacted>@us.decodo.com:10025: _TermsAcceptError: stats.ncaa.org terms acceptance failed: https://stats.ncaa.org/contests/293483/box_score: net::ERR_TUNNEL_CONNECTION_FAILED
2026-09-26 00:58:38,540 DEBUG sportsdataverse.mbb.mbb_ncaa_fetch: rotating proxy: transport error
2026-09-26 00:58:39,540 INFO sportsdataverse.mbb.mbb_ncaa_fetch: browser proxy rotated -> http://<redacted>:<redacted>@us.decodo.com:10026 (relaunching context)
2026-09-26 00:58:56,832 INFO sportsdataverse.mbb.mbb_ncaa_fetch: stats.ncaa.org terms gate -- accepting (one 10000 ms dwell)
2026-09-26 00:59:13,542 WARNING sportsdataverse.mbb.mbb_ncaa_fetch: stats.ncaa.org terms gate not accepted: https://stats.ncaa.org/contests/293483/box_score -- backing off 300 s (1/3)
2026-09-26 01:04:25,970 INFO sportsdataverse.mbb.mbb_ncaa_fetch: stats.ncaa.org terms gate -- accepting (one 10000 ms dwell)
2026-09-26 01:04:43,012 WARNING sportsdataverse.mbb.mbb_ncaa_fetch: stats.ncaa.org terms gate not accepted: https://stats.ncaa.org/contests/293483/box_score -- backing off 300 s (2/3)
2026-09-26 01:09:55,827 INFO sportsdataverse.mbb.mbb_ncaa_fetch: stats.ncaa.org terms gate -- accepting (one 10000 ms dwell)
2026-09-26 01:10:11,796 WARNING sportsdataverse.mbb.mbb_ncaa_fetch: stats.ncaa.org terms gate not accepted: https://stats.ncaa.org/contests/293483/box_score -- backing off 300 s (3/3)
=== 2026-09-26T05:17:32Z shard 1/4 ===
[games] shard 1/4: 2107 contests
2026-09-26 01:17:58,066 INFO sportsdataverse.mbb.mbb_ncaa_fetch: stats.ncaa.org terms gate -- accepting (one 10000 ms dwell)
2026-09-26 01:18:19,589 INFO sportsdataverse.mbb.mbb_ncaa_fetch: stats.ncaa.org terms gate -- accepting (one 10000 ms dwell)
2026-09-26 01:18:40,289 INFO sportsdataverse.mbb.mbb_ncaa_fetch: stats.ncaa.org terms gate -- accepting (one 10000 ms dwell)
2026-09-26 01:18:59,452 INFO sportsdataverse.mbb.mbb_ncaa_fetch: stats.ncaa.org terms gate -- accepting (one 10000 ms dwell)
2026-09-26 01:19:19,592 INFO sportsdataverse.mbb.mbb_ncaa_fetch: stats.ncaa.org terms gate -- accepting (one 10000 ms dwell)
2026-09-26 01:19:37,093 INFO sportsdataverse.mbb.mbb_ncaa_fetch: bm-verify not passed (412-byte response) -- re-solving, attempt 1/3
2026-09-26 01:19:45,478 INFO sportsdataverse.mbb.mbb_ncaa_fetch: bm-verify not passed (412-byte response) -- re-solving, attempt 2/3
2026-09-26 01:19:53,896 INFO sportsdataverse.mbb.mbb_ncaa_fetch: bm-verify not passed (412-byte response) -- re-solving, attempt 3/3
2026-09-26 01:19:53,897 DEBUG sportsdataverse.mbb.mbb_ncaa_fetch: transport error on http://<redacted>:<redacted>@us.decodo.com:10013: RuntimeError: bm-verify not passed after 3 attempts (412-byte response): https://stats.ncaa.org/contests/293511/play_by_play
2026-09-26 01:19:53,897 DEBUG sportsdataverse.mbb.mbb_ncaa_fetch: rotating proxy: transport error
2026-09-26 01:19:54,897 INFO sportsdataverse.mbb.mbb_ncaa_fetch: browser proxy rotated -> http://<redacted>:<redacted>@us.decodo.com:10014 (relaunching context)
2026-09-26 01:20:11,008 INFO sportsdataverse.mbb.mbb_ncaa_fetch: stats.ncaa.org terms gate -- accepting (one 10000 ms dwell)
2026-09-26 01:20:29,659 INFO sportsdataverse.mbb.mbb_ncaa_fetch: stats.ncaa.org terms gate -- accepting (one 10000 ms dwell)
2026-09-26 01:20:48,114 INFO sportsdataverse.mbb.mbb_ncaa_fetch: stats.ncaa.org terms gate -- accepting (one 10000 ms dwell)
2026-09-26 01:21:07,038 INFO sportsdataverse.mbb.mbb_ncaa_fetch: stats.ncaa.org terms gate -- accepting (one 10000 ms dwell)
2026-09-26 01:21:25,308 INFO sportsdataverse.mbb.mbb_ncaa_fetch: stats.ncaa.org terms gate -- accepting (one 10000 ms dwell)
2026-09-26 01:21:41,710 WARNING sportsdataverse.mbb.mbb_ncaa_fetch: stats.ncaa.org terms gate not accepted: https://stats.ncaa.org/contests/293528/team_stats -- backing off 120 s (1/3)
2026-09-26 01:23:54,430 INFO sportsdataverse.mbb.mbb_ncaa_fetch: stats.ncaa.org terms gate -- accepting (one 10000 ms dwell)
2026-09-26 01:24:10,565 INFO sportsdataverse.mbb.mbb_ncaa_fetch: bm-verify not passed (411-byte response) -- re-solving, attempt 1/3
2026-09-26 01:24:19,449 INFO sportsdataverse.mbb.mbb_ncaa_fetch: bm-verify not passed (411-byte response) -- re-solving, attempt 2/3
2026-09-26 01:24:28,048 INFO sportsdataverse.mbb.mbb_ncaa_fetch: bm-verify not passed (411-byte response) -- re-solving, attempt 3/3
2026-09-26 01:24:28,049 DEBUG sportsdataverse.mbb.mbb_ncaa_fetch: transport error on http://<redacted>:<redacted>@us.decodo.com:10014: RuntimeError: bm-verify not passed after 3 attempts (411-byte response): https://stats.ncaa.org/contests/293528/situational_stats
2026-09-26 01:24:28,049 DEBUG sportsdataverse.mbb.mbb_ncaa_fetch: rotating proxy: transport error
2026-09-26 01:24:29,049 INFO sportsdataverse.mbb.mbb_ncaa_fetch: browser proxy rotated -> http://<redacted>:<redacted>@us.decodo.com:10015 (relaunching context)
2026-09-26 01:24:45,956 INFO sportsdataverse.mbb.mbb_ncaa_fetch: stats.ncaa.org terms gate -- accepting (one 10000 ms dwell)
2026-09-26 01:25:02,694 WARNING sportsdataverse.mbb.mbb_ncaa_fetch: stats.ncaa.org terms gate not accepted: https://stats.ncaa.org/contests/293528/situational_stats -- backing off 120 s (1/3)
2026-09-26 01:27:13,780 INFO sportsdataverse.mbb.mbb_ncaa_fetch: stats.ncaa.org terms gate -- accepting (one 10000 ms dwell)
2026-09-26 01:27:31,491 INFO sportsdataverse.mbb.mbb_ncaa_fetch: stats.ncaa.org terms gate -- accepting (one 10000 ms dwell)
2026-09-26 01:27:49,113 INFO sportsdataverse.mbb.mbb_ncaa_fetch: stats.ncaa.org terms gate -- accepting (one 10000 ms dwell)
2026-09-26 01:28:06,985 INFO sportsdataverse.mbb.mbb_ncaa_fetch: stats.ncaa.org terms gate -- accepting (one 10000 ms dwell)
2026-09-26 01:28:24,854 INFO sportsdataverse.mbb.mbb_ncaa_fetch: stats.ncaa.org terms gate -- accepting (one 10000 ms dwell)
2026-09-26 01:28:39,778 INFO sportsdataverse.mbb.mbb_ncaa_fetch: bm-verify not passed (412-byte response) -- re-solving, attempt 1/3
2026-09-26 01:28:48,064 INFO sportsdataverse.mbb.mbb_ncaa_fetch: bm-verify not passed (412-byte response) -- re-solving, attempt 2/3
2026-09-26 01:28:56,359 INFO sportsdataverse.mbb.mbb_ncaa_fetch: bm-verify not passed (412-byte response) -- re-solving, attempt 3/3
2026-09-26 01:28:56,360 DEBUG sportsdataverse.mbb.mbb_ncaa_fetch: transport error on http://<redacted>:<redacted>@us.decodo.com:10015: RuntimeError: bm-verify not passed after 3 attempts (412-byte response): https://stats.ncaa.org/contests/293542/individual_stats
2026-09-26 01:28:56,360 DEBUG sportsdataverse.mbb.mbb_ncaa_fetch: rotating proxy: transport error
2026-09-26 01:28:57,360 INFO sportsdataverse.mbb.mbb_ncaa_fetch: browser proxy rotated -> http://<redacted>:<redacted>@us.decodo.com:10016 (relaunching context)
2026-09-26 01:29:13,868 INFO sportsdataverse.mbb.mbb_ncaa_fetch: stats.ncaa.org terms gate -- accepting (one 10000 ms dwell)
2026-09-26 01:29:30,285 WARNING sportsdataverse.mbb.mbb_ncaa_fetch: stats.ncaa.org terms gate not accepted: https://stats.ncaa.org/contests/293542/individual_stats -- backing off 120 s (1/3)
2026-09-26 01:31:42,173 INFO sportsdataverse.mbb.mbb_ncaa_fetch: stats.ncaa.org terms gate -- accepting (one 10000 ms dwell)
2026-09-26 01:31:58,201 WARNING sportsdataverse.mbb.mbb_ncaa_fetch: stats.ncaa.org terms gate not accepted: https://stats.ncaa.org/contests/293542/individual_stats -- backing off 120 s (2/3)
2026-09-26 01:34:09,735 INFO sportsdataverse.mbb.mbb_ncaa_fetch: stats.ncaa.org terms gate -- accepting (one 10000 ms dwell)
2026-09-26 01:34:25,732 WARNING sportsdataverse.mbb.mbb_ncaa_fetch: stats.ncaa.org terms gate not accepted: https://stats.ncaa.org/contests/293542/individual_stats -- backing off 120 s (3/3)
2026-09-26 01:36:37,438 INFO sportsdataverse.mbb.mbb_ncaa_fetch: stats.ncaa.org terms gate -- accepting (one 10000 ms dwell)
2026-09-26 01:37:04,716 INFO sportsdataverse.mbb.mbb_ncaa_fetch: stats.ncaa.org terms gate -- accepting (one 10000 ms dwell)
2026-09-26 01:37:20,793 WARNING sportsdataverse.mbb.mbb_ncaa_fetch: stats.ncaa.org terms gate not accepted: https://stats.ncaa.org/contests/293542/situational_stats -- backing off 120 s (1/3)
2026-09-26 01:39:29,503 INFO sportsdataverse.mbb.mbb_ncaa_fetch: bm-verify not passed (413-byte response) -- re-solving, attempt 1/3
2026-09-26 01:39:37,790 INFO sportsdataverse.mbb.mbb_ncaa_fetch: bm-verify not passed (413-byte response) -- re-solving, attempt 2/3
2026-09-26 01:39:46,110 INFO sportsdataverse.mbb.mbb_ncaa_fetch: bm-verify not passed (413-byte response) -- re-solving, attempt 3/3
2026-09-26 01:39:46,111 DEBUG sportsdataverse.mbb.mbb_ncaa_fetch: transport error on http://<redacted>:<redacted>@us.decodo.com:10016: RuntimeError: bm-verify not passed after 3 attempts (413-byte response): https://stats.ncaa.org/contests/293542/situational_stats
2026-09-26 01:39:46,111 DEBUG sportsdataverse.mbb.mbb_ncaa_fetch: rotating proxy: transport error
2026-09-26 01:39:47,113 INFO sportsdataverse.mbb.mbb_ncaa_fetch: browser proxy rotated -> http://<redacted>:<redacted>@us.decodo.com:10017 (relaunching context)
2026-09-26 01:40:02,879 INFO sportsdataverse.mbb.mbb_ncaa_fetch: stats.ncaa.org terms gate -- accepting (one 10000 ms dwell)
2026-09-26 01:40:22,414 INFO sportsdataverse.mbb.mbb_ncaa_fetch: stats.ncaa.org terms gate -- accepting (one 10000 ms dwell)
2026-09-26 01:40:41,382 INFO sportsdataverse.mbb.mbb_ncaa_fetch: stats.ncaa.org terms gate -- accepting (one 10000 ms dwell)
2026-09-26 01:41:00,966 INFO sportsdataverse.mbb.mbb_ncaa_fetch: stats.ncaa.org terms gate -- accepting (one 10000 ms dwell)
2026-09-26 01:41:19,487 INFO sportsdataverse.mbb.mbb_ncaa_fetch: stats.ncaa.org terms gate -- accepting (one 10000 ms dwell)
2026-09-26 01:41:36,253 INFO sportsdataverse.mbb.mbb_ncaa_fetch: bm-verify not passed (413-byte response) -- re-solving, attempt 1/3
2026-09-26 01:41:44,536 INFO sportsdataverse.mbb.mbb_ncaa_fetch: bm-verify not passed (413-byte response) -- re-solving, attempt 2/3
2026-09-26 01:41:52,901 INFO sportsdataverse.mbb.mbb_ncaa_fetch: bm-verify not passed (413-byte response) -- re-solving, attempt 3/3
2026-09-26 01:41:52,901 DEBUG sportsdataverse.mbb.mbb_ncaa_fetch: transport error on http://<redacted>:<redacted>@us.decodo.com:10017: RuntimeError: bm-verify not passed after 3 attempts (413-byte response): https://stats.ncaa.org/contests/293561/situational_stats
2026-09-26 01:41:52,901 DEBUG sportsdataverse.mbb.mbb_ncaa_fetch: rotating proxy: transport error
2026-09-26 01:41:53,901 INFO sportsdataverse.mbb.mbb_ncaa_fetch: browser proxy rotated -> http://<redacted>:<redacted>@us.decodo.com:10018 (relaunching context)
2026-09-26 01:42:10,325 INFO sportsdataverse.mbb.mbb_ncaa_fetch: stats.ncaa.org terms gate -- accepting (one 10000 ms dwell)
2026-09-26 01:42:28,846 INFO sportsdataverse.mbb.mbb_ncaa_fetch: stats.ncaa.org terms gate -- accepting (one 10000 ms dwell)
2026-09-26 01:42:48,659 INFO sportsdataverse.mbb.mbb_ncaa_fetch: stats.ncaa.org terms gate -- accepting (one 10000 ms dwell)
2026-09-26 01:43:07,298 INFO sportsdataverse.mbb.mbb_ncaa_fetch: stats.ncaa.org terms gate -- accepting (one 10000 ms dwell)
2026-09-26 01:43:25,817 INFO sportsdataverse.mbb.mbb_ncaa_fetch: stats.ncaa.org terms gate -- accepting (one 10000 ms dwell)
2026-09-26 01:43:42,908 INFO sportsdataverse.mbb.mbb_ncaa_fetch: bm-verify not passed (411-byte response) -- re-solving, attempt 1/3
2026-09-26 01:43:51,183 INFO sportsdataverse.mbb.mbb_ncaa_fetch: bm-verify not passed (411-byte response) -- re-solving, attempt 2/3
2026-09-26 01:43:59,440 INFO sportsdataverse.mbb.mbb_ncaa_fetch: bm-verify not passed (411-byte response) -- re-solving, attempt 3/3
2026-09-26 01:43:59,440 DEBUG sportsdataverse.mbb.mbb_ncaa_fetch: transport error on http://<redacted>:<redacted>@us.decodo.com:10018: RuntimeError: bm-verify not passed after 3 attempts (411-byte response): https://stats.ncaa.org/contests/293578/situational_stats
2026-09-26 01:43:59,440 DEBUG sportsdataverse.mbb.mbb_ncaa_fetch: rotating proxy: transport error
2026-09-26 01:44:00,441 INFO sportsdataverse.mbb.mbb_ncaa_fetch: browser proxy rotated -> http://<redacted>:<redacted>@us.decodo.com:10019 (relaunching context)
2026-09-26 01:44:18,967 INFO sportsdataverse.mbb.mbb_ncaa_fetch: stats.ncaa.org terms gate -- accepting (one 10000 ms dwell)
2026-09-26 01:44:47,168 INFO sportsdataverse.mbb.mbb_ncaa_fetch: stats.ncaa.org terms gate -- accepting (one 10000 ms dwell)
2026-09-26 01:45:07,161 INFO sportsdataverse.mbb.mbb_ncaa_fetch: stats.ncaa.org terms gate -- accepting (one 10000 ms dwell)
2026-09-26 01:45:28,445 INFO sportsdataverse.mbb.mbb_ncaa_fetch: stats.ncaa.org terms gate -- accepting (one 10000 ms dwell)
2026-09-26 01:45:50,969 INFO sportsdataverse.mbb.mbb_ncaa_fetch: stats.ncaa.org terms gate -- accepting (one 10000 ms dwell)
2026-09-26 01:46:09,922 INFO sportsdataverse.mbb.mbb_ncaa_fetch: bm-verify not passed (413-byte response) -- re-solving, attempt 1/3
2026-09-26 01:46:18,500 INFO sportsdataverse.mbb.mbb_ncaa_fetch: bm-verify not passed (413-byte response) -- re-solving, attempt 2/3
2026-09-26 01:46:27,147 INFO sportsdataverse.mbb.mbb_ncaa_fetch: bm-verify not passed (413-byte response) -- re-solving, attempt 3/3
2026-09-26 01:46:27,147 DEBUG sportsdataverse.mbb.mbb_ncaa_fetch: transport error on http://<redacted>:<redacted>@us.decodo.com:10019: RuntimeError: bm-verify not passed after 3 attempts (413-byte response): https://stats.ncaa.org/contests/293599/situational_stats
2026-09-26 01:46:27,147 DEBUG sportsdataverse.mbb.mbb_ncaa_fetch: rotating proxy: transport error
2026-09-26 01:46:28,147 INFO sportsdataverse.mbb.mbb_ncaa_fetch: browser proxy rotated -> http://<redacted>:<redacted>@us.decodo.com:10020 (relaunching context)
2026-09-26 01:46:44,019 INFO sportsdataverse.mbb.mbb_ncaa_fetch: stats.ncaa.org terms gate -- accepting (one 10000 ms dwell)
2026-09-26 01:47:03,280 INFO sportsdataverse.mbb.mbb_ncaa_fetch: stats.ncaa.org terms gate -- accepting (one 10000 ms dwell)
2026-09-26 01:47:21,157 INFO sportsdataverse.mbb.mbb_ncaa_fetch: stats.ncaa.org terms gate -- accepting (one 10000 ms dwell)
2026-09-26 01:47:40,054 INFO sportsdataverse.mbb.mbb_ncaa_fetch: stats.ncaa.org terms gate -- accepting (one 10000 ms dwell)
2026-09-26 01:47:58,239 INFO sportsdataverse.mbb.mbb_ncaa_fetch: stats.ncaa.org terms gate -- accepting (one 10000 ms dwell)
2026-09-26 01:48:14,568 INFO sportsdataverse.mbb.mbb_ncaa_fetch: bm-verify not passed (413-byte response) -- re-solving, attempt 1/3
2026-09-26 01:48:22,897 INFO sportsdataverse.mbb.mbb_ncaa_fetch: bm-verify not passed (413-byte response) -- re-solving, attempt 2/3
2026-09-26 01:48:31,270 INFO sportsdataverse.mbb.mbb_ncaa_fetch: bm-verify not passed (413-byte response) -- re-solving, attempt 3/3
2026-09-26 01:48:31,270 DEBUG sportsdataverse.mbb.mbb_ncaa_fetch: transport error on http://<redacted>:<redacted>@us.decodo.com:10020: RuntimeError: bm-verify not passed after 3 attempts (413-byte response): https://stats.ncaa.org/contests/293622/situational_stats
2026-09-26 01:48:31,271 DEBUG sportsdataverse.mbb.mbb_ncaa_fetch: rotating proxy: transport error
2026-09-26 01:48:32,271 INFO sportsdataverse.mbb.mbb_ncaa_fetch: browser proxy rotated -> http://<redacted>:<redacted>@us.decodo.com:10021 (relaunching context)
2026-09-26 01:48:50,620 INFO sportsdataverse.mbb.mbb_ncaa_fetch: stats.ncaa.org terms gate -- accepting (one 10000 ms dwell)
2026-09-26 01:49:11,387 INFO sportsdataverse.mbb.mbb_ncaa_fetch: stats.ncaa.org terms gate -- accepting (one 10000 ms dwell)
2026-09-26 01:49:30,900 INFO sportsdataverse.mbb.mbb_ncaa_fetch: stats.ncaa.org terms gate -- accepting (one 10000 ms dwell)
2026-09-26 01:49:50,638 INFO sportsdataverse.mbb.mbb_ncaa_fetch: stats.ncaa.org terms gate -- accepting (one 10000 ms dwell)
=== 2026-09-26T05:52:00Z shard 1/4 ===
[games] shard 1/4: 2107 contests
2026-09-26 01:52:24,707 INFO sportsdataverse.mbb.mbb_ncaa_fetch: stats.ncaa.org terms gate -- accepting (one 10000 ms dwell)
2026-09-26 01:52:43,257 INFO sportsdataverse.mbb.mbb_ncaa_fetch: stats.ncaa.org terms gate -- accepting (one 10000 ms dwell)
2026-09-26 01:53:02,636 INFO sportsdataverse.mbb.mbb_ncaa_fetch: stats.ncaa.org terms gate -- accepting (one 10000 ms dwell)
2026-09-26 01:53:20,805 INFO sportsdataverse.mbb.mbb_ncaa_fetch: stats.ncaa.org terms gate -- accepting (one 10000 ms dwell)
2026-09-26 01:53:36,873 WARNING sportsdataverse.mbb.mbb_ncaa_fetch: stats.ncaa.org terms gate not accepted: https://stats.ncaa.org/contests/293644/situational_stats -- backing off 300 s (1/3)
2026-09-26 01:58:48,888 INFO sportsdataverse.mbb.mbb_ncaa_fetch: stats.ncaa.org terms gate -- accepting (one 10000 ms dwell)
2026-09-26 01:59:08,627 INFO sportsdataverse.mbb.mbb_ncaa_fetch: stats.ncaa.org terms gate -- accepting (one 10000 ms dwell)
2026-09-26 01:59:25,066 INFO sportsdataverse.mbb.mbb_ncaa_fetch: bm-verify not passed (413-byte response) -- re-solving, attempt 1/3
2026-09-26 01:59:33,457 INFO sportsdataverse.mbb.mbb_ncaa_fetch: bm-verify not passed (413-byte response) -- re-solving, attempt 2/3
2026-09-26 01:59:41,870 INFO sportsdataverse.mbb.mbb_ncaa_fetch: bm-verify not passed (413-byte response) -- re-solving, attempt 3/3
2026-09-26 01:59:41,871 DEBUG sportsdataverse.mbb.mbb_ncaa_fetch: transport error on http://<redacted>:<redacted>@us.decodo.com:10013: RuntimeError: bm-verify not passed after 3 attempts (413-byte response): https://stats.ncaa.org/contests/293649/situational_stats
2026-09-26 01:59:41,871 DEBUG sportsdataverse.mbb.mbb_ncaa_fetch: rotating proxy: transport error
2026-09-26 01:59:42,871 INFO sportsdataverse.mbb.mbb_ncaa_fetch: browser proxy rotated -> http://<redacted>:<redacted>@us.decodo.com:10014 (relaunching context)
2026-09-26 01:59:58,527 INFO sportsdataverse.mbb.mbb_ncaa_fetch: stats.ncaa.org terms gate -- accepting (one 10000 ms dwell)
2026-09-26 02:00:15,165 WARNING sportsdataverse.mbb.mbb_ncaa_fetch: stats.ncaa.org terms gate not accepted: https://stats.ncaa.org/contests/293649/situational_stats -- backing off 300 s (1/3)
2026-09-26 02:05:18,375 DEBUG sportsdataverse.mbb.mbb_ncaa_fetch: transport error on http://<redacted>:<redacted>@us.decodo.com:10014: Error: Page.goto: net::ERR_TUNNEL_CONNECTION_FAILED at https://stats.ncaa.org/contests/293649/situational_stats
Call log:
  - navigating to "https://stats.ncaa.org/contests/293649/situational_stats", waiting until "domcontentloaded"

2026-09-26 02:05:18,375 DEBUG sportsdataverse.mbb.mbb_ncaa_fetch: rotating proxy: transport error
2026-09-26 02:05:19,376 INFO sportsdataverse.mbb.mbb_ncaa_fetch: browser proxy rotated -> http://<redacted>:<redacted>@us.decodo.com:10015 (relaunching context)
2026-09-26 02:05:36,286 INFO sportsdataverse.mbb.mbb_ncaa_fetch: stats.ncaa.org terms gate -- accepting (one 10000 ms dwell)
2026-09-26 02:05:53,155 WARNING sportsdataverse.mbb.mbb_ncaa_fetch: stats.ncaa.org terms gate not accepted: https://stats.ncaa.org/contests/293649/situational_stats -- backing off 300 s (2/3)
2026-09-26 02:11:04,682 INFO sportsdataverse.mbb.mbb_ncaa_fetch: stats.ncaa.org terms gate -- accepting (one 10000 ms dwell)
2026-09-26 02:11:21,014 WARNING sportsdataverse.mbb.mbb_ncaa_fetch: stats.ncaa.org terms gate not accepted: https://stats.ncaa.org/contests/293649/situational_stats -- backing off 300 s (3/3)
2026-09-26 02:16:38,609 INFO sportsdataverse.mbb.mbb_ncaa_fetch: stats.ncaa.org terms gate -- accepting (one 10000 ms dwell)
2026-09-26 02:17:07,377 INFO sportsdataverse.mbb.mbb_ncaa_fetch: stats.ncaa.org terms gate -- accepting (one 10000 ms dwell)
2026-09-26 02:17:24,314 WARNING sportsdataverse.mbb.mbb_ncaa_fetch: stats.ncaa.org terms gate not accepted: https://stats.ncaa.org/contests/293657/play_by_play -- backing off 300 s (1/3)
2026-09-26 02:22:38,326 INFO sportsdataverse.mbb.mbb_ncaa_fetch: stats.ncaa.org terms gate -- accepting (one 10000 ms dwell)
2026-09-26 02:22:56,908 INFO sportsdataverse.mbb.mbb_ncaa_fetch: stats.ncaa.org terms gate -- accepting (one 10000 ms dwell)
2026-09-26 02:23:16,388 INFO sportsdataverse.mbb.mbb_ncaa_fetch: stats.ncaa.org terms gate -- accepting (one 10000 ms dwell)
2026-09-26 02:23:35,676 INFO sportsdataverse.mbb.mbb_ncaa_fetch: stats.ncaa.org terms gate -- accepting (one 10000 ms dwell)
2026-09-26 02:23:54,849 INFO sportsdataverse.mbb.mbb_ncaa_fetch: stats.ncaa.org terms gate -- accepting (one 10000 ms dwell)
2026-09-26 02:24:10,874 INFO sportsdataverse.mbb.mbb_ncaa_fetch: bm-verify not passed (411-byte response) -- re-solving, attempt 1/3
2026-09-26 02:24:19,248 INFO sportsdataverse.mbb.mbb_ncaa_fetch: bm-verify not passed (411-byte response) -- re-solving, attempt 2/3
2026-09-26 02:24:27,605 INFO sportsdataverse.mbb.mbb_ncaa_fetch: bm-verify not passed (411-byte response) -- re-solving, attempt 3/3
2026-09-26 02:24:27,605 DEBUG sportsdataverse.mbb.mbb_ncaa_fetch: transport error on http://<redacted>:<redacted>@us.decodo.com:10015: RuntimeError: bm-verify not passed after 3 attempts (411-byte response): https://stats.ncaa.org/contests/293670/situational_stats
2026-09-26 02:24:27,605 DEBUG sportsdataverse.mbb.mbb_ncaa_fetch: rotating proxy: transport error
2026-09-26 02:24:28,608 INFO sportsdataverse.mbb.mbb_ncaa_fetch: browser proxy rotated -> http://<redacted>:<redacted>@us.decodo.com:10016 (relaunching context)
2026-09-26 02:24:44,206 INFO sportsdataverse.mbb.mbb_ncaa_fetch: stats.ncaa.org terms gate -- accepting (one 10000 ms dwell)
2026-09-26 02:25:00,147 WARNING sportsdataverse.mbb.mbb_ncaa_fetch: stats.ncaa.org terms gate not accepted: https://stats.ncaa.org/contests/293670/situational_stats -- backing off 300 s (1/3)
2026-09-26 02:30:12,393 INFO sportsdataverse.mbb.mbb_ncaa_fetch: stats.ncaa.org terms gate -- accepting (one 10000 ms dwell)
2026-09-26 02:30:30,918 INFO sportsdataverse.mbb.mbb_ncaa_fetch: stats.ncaa.org terms gate -- accepting (one 10000 ms dwell)
2026-09-26 02:30:49,261 INFO sportsdataverse.mbb.mbb_ncaa_fetch: stats.ncaa.org terms gate -- accepting (one 10000 ms dwell)
2026-09-26 02:31:07,378 INFO sportsdataverse.mbb.mbb_ncaa_fetch: stats.ncaa.org terms gate -- accepting (one 10000 ms dwell)
2026-09-26 02:31:26,393 INFO sportsdataverse.mbb.mbb_ncaa_fetch: stats.ncaa.org terms gate -- accepting (one 10000 ms dwell)
2026-09-26 02:31:41,545 INFO sportsdataverse.mbb.mbb_ncaa_fetch: bm-verify not passed (410-byte response) -- re-solving, attempt 1/3
2026-09-26 02:31:49,803 INFO sportsdataverse.mbb.mbb_ncaa_fetch: bm-verify not passed (410-byte response) -- re-solving, attempt 2/3
2026-09-26 02:31:58,045 INFO sportsdataverse.mbb.mbb_ncaa_fetch: bm-verify not passed (410-byte response) -- re-solving, attempt 3/3
2026-09-26 02:31:58,046 DEBUG sportsdataverse.mbb.mbb_ncaa_fetch: transport error on http://<redacted>:<redacted>@us.decodo.com:10016: RuntimeError: bm-verify not passed after 3 attempts (410-byte response): https://stats.ncaa.org/contests/293704/individual_stats
2026-09-26 02:31:58,046 DEBUG sportsdataverse.mbb.mbb_ncaa_fetch: rotating proxy: transport error
2026-09-26 02:31:59,046 INFO sportsdataverse.mbb.mbb_ncaa_fetch: browser proxy rotated -> http://<redacted>:<redacted>@us.decodo.com:10017 (relaunching context)
2026-09-26 02:32:15,227 INFO sportsdataverse.mbb.mbb_ncaa_fetch: stats.ncaa.org terms gate -- accepting (one 10000 ms dwell)
2026-09-26 02:32:34,529 INFO sportsdataverse.mbb.mbb_ncaa_fetch: stats.ncaa.org terms gate -- accepting (one 10000 ms dwell)
2026-09-26 02:32:53,955 INFO sportsdataverse.mbb.mbb_ncaa_fetch: stats.ncaa.org terms gate -- accepting (one 10000 ms dwell)
2026-09-26 02:33:13,192 INFO sportsdataverse.mbb.mbb_ncaa_fetch: stats.ncaa.org terms gate -- accepting (one 10000 ms dwell)
2026-09-26 02:33:31,745 INFO sportsdataverse.mbb.mbb_ncaa_fetch: stats.ncaa.org terms gate -- accepting (one 10000 ms dwell)
2026-09-26 02:33:49,666 INFO sportsdataverse.mbb.mbb_ncaa_fetch: bm-verify not passed (412-byte response) -- re-solving, attempt 1/3
2026-09-26 02:33:58,069 INFO sportsdataverse.mbb.mbb_ncaa_fetch: bm-verify not passed (412-byte response) -- re-solving, attempt 2/3
2026-09-26 02:34:06,396 INFO sportsdataverse.mbb.mbb_ncaa_fetch: bm-verify not passed (412-byte response) -- re-solving, attempt 3/3
2026-09-26 02:34:06,396 DEBUG sportsdataverse.mbb.mbb_ncaa_fetch: transport error on http://<redacted>:<redacted>@us.decodo.com:10017: RuntimeError: bm-verify not passed after 3 attempts (412-byte response): https://stats.ncaa.org/contests/293722/individual_stats
2026-09-26 02:34:06,396 DEBUG sportsdataverse.mbb.mbb_ncaa_fetch: rotating proxy: transport error
2026-09-26 02:34:07,396 INFO sportsdataverse.mbb.mbb_ncaa_fetch: browser proxy rotated -> http://<redacted>:<redacted>@us.decodo.com:10018 (relaunching context)
2026-09-26 02:34:24,812 INFO sportsdataverse.mbb.mbb_ncaa_fetch: stats.ncaa.org terms gate -- accepting (one 10000 ms dwell)
2026-09-26 02:34:45,699 INFO sportsdataverse.mbb.mbb_ncaa_fetch: stats.ncaa.org terms gate -- accepting (one 10000 ms dwell)
2026-09-26 02:35:04,834 INFO sportsdataverse.mbb.mbb_ncaa_fetch: stats.ncaa.org terms gate -- accepting (one 10000 ms dwell)
2026-09-26 02:35:25,573 INFO sportsdataverse.mbb.mbb_ncaa_fetch: stats.ncaa.org terms gate -- accepting (one 10000 ms dwell)
2026-09-26 02:35:44,248 INFO sportsdataverse.mbb.mbb_ncaa_fetch: stats.ncaa.org terms gate -- accepting (one 10000 ms dwell)
2026-09-26 02:36:01,601 WARNING sportsdataverse.mbb.mbb_ncaa_fetch: stats.ncaa.org terms gate not accepted: https://stats.ncaa.org/contests/293730/individual_stats -- backing off 300 s (1/3)
2026-09-26 02:41:14,794 INFO sportsdataverse.mbb.mbb_ncaa_fetch: stats.ncaa.org terms gate -- accepting (one 10000 ms dwell)
2026-09-26 02:41:32,853 WARNING sportsdataverse.mbb.mbb_ncaa_fetch: stats.ncaa.org terms gate not accepted: https://stats.ncaa.org/contests/293730/individual_stats -- backing off 300 s (2/3)
2026-09-26 02:46:45,679 INFO sportsdataverse.mbb.mbb_ncaa_fetch: stats.ncaa.org terms gate -- accepting (one 10000 ms dwell)
2026-09-26 02:47:02,684 WARNING sportsdataverse.mbb.mbb_ncaa_fetch: stats.ncaa.org terms gate not accepted: https://stats.ncaa.org/contests/293730/individual_stats -- backing off 300 s (3/3)
2026-09-26 02:52:14,379 INFO sportsdataverse.mbb.mbb_ncaa_fetch: stats.ncaa.org terms gate -- accepting (one 10000 ms dwell)
2026-09-26 02:52:41,635 INFO sportsdataverse.mbb.mbb_ncaa_fetch: stats.ncaa.org terms gate -- accepting (one 10000 ms dwell)
2026-09-26 02:52:57,824 WARNING sportsdataverse.mbb.mbb_ncaa_fetch: stats.ncaa.org terms gate not accepted: https://stats.ncaa.org/contests/293730/situational_stats -- backing off 300 s (1/3)
2026-09-26 02:58:10,175 INFO sportsdataverse.mbb.mbb_ncaa_fetch: stats.ncaa.org terms gate -- accepting (one 10000 ms dwell)
2026-09-26 02:58:28,876 INFO sportsdataverse.mbb.mbb_ncaa_fetch: stats.ncaa.org terms gate -- accepting (one 10000 ms dwell)
2026-09-26 02:58:43,723 INFO sportsdataverse.mbb.mbb_ncaa_fetch: bm-verify not passed (412-byte response) -- re-solving, attempt 1/3
2026-09-26 02:58:52,098 INFO sportsdataverse.mbb.mbb_ncaa_fetch: bm-verify not passed (412-byte response) -- re-solving, attempt 2/3
2026-09-26 02:59:00,474 INFO sportsdataverse.mbb.mbb_ncaa_fetch: bm-verify not passed (412-byte response) -- re-solving, attempt 3/3
2026-09-26 02:59:00,474 DEBUG sportsdataverse.mbb.mbb_ncaa_fetch: transport error on http://<redacted>:<redacted>@us.decodo.com:10018: RuntimeError: bm-verify not passed after 3 attempts (412-byte response): https://stats.ncaa.org/contests/293736/individual_stats
2026-09-26 02:59:00,474 DEBUG sportsdataverse.mbb.mbb_ncaa_fetch: rotating proxy: transport error
2026-09-26 02:59:01,474 INFO sportsdataverse.mbb.mbb_ncaa_fetch: browser proxy rotated -> http://<redacted>:<redacted>@us.decodo.com:10019 (relaunching context)
2026-09-26 03:00:02,352 INFO sportsdataverse.mbb.mbb_ncaa_fetch: stats.ncaa.org terms gate -- accepting (one 10000 ms dwell)
2026-09-26 03:00:47,394 DEBUG sportsdataverse.mbb.mbb_ncaa_fetch: transport error on http://<redacted>:<redacted>@us.decodo.com:10019: _TermsAcceptError: stats.ncaa.org terms acceptance failed: https://stats.ncaa.org/contests/293736/individual_stats: Page.goto: Timeout 45000ms exceeded.
Call log:
  - navigating to "https://stats.ncaa.org/contests/293736/individual_stats", waiting until "domcontentloaded"

2026-09-26 03:00:47,394 DEBUG sportsdataverse.mbb.mbb_ncaa_fetch: rotating proxy: transport error
2026-09-26 03:00:48,394 INFO sportsdataverse.mbb.mbb_ncaa_fetch: browser proxy rotated -> http://<redacted>:<redacted>@us.decodo.com:10020 (relaunching context)
2026-09-26 03:01:05,507 INFO sportsdataverse.mbb.mbb_ncaa_fetch: stats.ncaa.org terms gate -- accepting (one 10000 ms dwell)
2026-09-26 03:01:26,777 INFO sportsdataverse.mbb.mbb_ncaa_fetch: stats.ncaa.org terms gate -- accepting (one 10000 ms dwell)
2026-09-26 03:01:46,225 INFO sportsdataverse.mbb.mbb_ncaa_fetch: stats.ncaa.org terms gate -- accepting (one 10000 ms dwell)
2026-09-26 03:02:06,699 INFO sportsdataverse.mbb.mbb_ncaa_fetch: stats.ncaa.org terms gate -- accepting (one 10000 ms dwell)
2026-09-26 03:02:26,685 INFO sportsdataverse.mbb.mbb_ncaa_fetch: stats.ncaa.org terms gate -- accepting (one 10000 ms dwell)
2026-09-26 03:02:45,806 INFO sportsdataverse.mbb.mbb_ncaa_fetch: bm-verify not passed (412-byte response) -- re-solving, attempt 1/3
2026-09-26 03:02:54,205 INFO sportsdataverse.mbb.mbb_ncaa_fetch: bm-verify not passed (412-byte response) -- re-solving, attempt 2/3
2026-09-26 03:03:02,656 INFO sportsdataverse.mbb.mbb_ncaa_fetch: bm-verify not passed (412-byte response) -- re-solving, attempt 3/3
2026-09-26 03:03:02,657 DEBUG sportsdataverse.mbb.mbb_ncaa_fetch: transport error on http://<redacted>:<redacted>@us.decodo.com:10020: RuntimeError: bm-verify not passed after 3 attempts (412-byte response): https://stats.ncaa.org/contests/293778/individual_stats
2026-09-26 03:03:02,657 DEBUG sportsdataverse.mbb.mbb_ncaa_fetch: rotating proxy: transport error
2026-09-26 03:03:03,657 INFO sportsdataverse.mbb.mbb_ncaa_fetch: browser proxy rotated -> http://<redacted>:<redacted>@us.decodo.com:10021 (relaunching context)
2026-09-26 03:03:20,379 INFO sportsdataverse.mbb.mbb_ncaa_fetch: stats.ncaa.org terms gate -- accepting (one 10000 ms dwell)
2026-09-26 03:03:41,000 INFO sportsdataverse.mbb.mbb_ncaa_fetch: stats.ncaa.org terms gate -- accepting (one 10000 ms dwell)
2026-09-26 03:03:59,777 INFO sportsdataverse.mbb.mbb_ncaa_fetch: stats.ncaa.org terms gate -- accepting (one 10000 ms dwell)
2026-09-26 03:04:18,914 INFO sportsdataverse.mbb.mbb_ncaa_fetch: stats.ncaa.org terms gate -- accepting (one 10000 ms dwell)
2026-09-26 03:04:37,779 INFO sportsdataverse.mbb.mbb_ncaa_fetch: stats.ncaa.org terms gate -- accepting (one 10000 ms dwell)
2026-09-26 03:04:55,248 INFO sportsdataverse.mbb.mbb_ncaa_fetch: bm-verify not passed (410-byte response) -- re-solving, attempt 1/3
2026-09-26 03:05:03,586 INFO sportsdataverse.mbb.mbb_ncaa_fetch: bm-verify not passed (410-byte response) -- re-solving, attempt 2/3
2026-09-26 03:05:11,988 INFO sportsdataverse.mbb.mbb_ncaa_fetch: bm-verify not passed (410-byte response) -- re-solving, attempt 3/3
2026-09-26 03:05:11,988 DEBUG sportsdataverse.mbb.mbb_ncaa_fetch: transport error on http://<redacted>:<redacted>@us.decodo.com:10021: RuntimeError: bm-verify not passed after 3 attempts (410-byte response): https://stats.ncaa.org/contests/293793/individual_stats
2026-09-26 03:05:11,988 DEBUG sportsdataverse.mbb.mbb_ncaa_fetch: rotating proxy: transport error
2026-09-26 03:05:12,988 INFO sportsdataverse.mbb.mbb_ncaa_fetch: browser proxy rotated -> http://<redacted>:<redacted>@us.decodo.com:10022 (relaunching context)
2026-09-26 03:05:28,477 INFO sportsdataverse.mbb.mbb_ncaa_fetch: stats.ncaa.org terms gate -- accepting (one 10000 ms dwell)
2026-09-26 03:05:47,475 INFO sportsdataverse.mbb.mbb_ncaa_fetch: stats.ncaa.org terms gate -- accepting (one 10000 ms dwell)
2026-09-26 03:06:05,808 INFO sportsdataverse.mbb.mbb_ncaa_fetch: stats.ncaa.org terms gate -- accepting (one 10000 ms dwell)
2026-09-26 03:06:24,303 INFO sportsdataverse.mbb.mbb_ncaa_fetch: stats.ncaa.org terms gate -- accepting (one 10000 ms dwell)
2026-09-26 03:06:38,791 INFO sportsdataverse.mbb.mbb_ncaa_fetch: bm-verify not passed (412-byte response) -- re-solving, attempt 1/3
2026-09-26 03:06:47,078 INFO sportsdataverse.mbb.mbb_ncaa_fetch: bm-verify not passed (412-byte response) -- re-solving, attempt 2/3
2026-09-26 03:06:55,357 INFO sportsdataverse.mbb.mbb_ncaa_fetch: bm-verify not passed (412-byte response) -- re-solving, attempt 3/3
2026-09-26 03:06:55,357 DEBUG sportsdataverse.mbb.mbb_ncaa_fetch: transport error on http://<redacted>:<redacted>@us.decodo.com:10022: RuntimeError: bm-verify not passed after 3 attempts (412-byte response): https://stats.ncaa.org/contests/293806/individual_stats
2026-09-26 03:06:55,357 DEBUG sportsdataverse.mbb.mbb_ncaa_fetch: rotating proxy: transport error
2026-09-26 03:06:56,358 INFO sportsdataverse.mbb.mbb_ncaa_fetch: browser proxy rotated -> http://<redacted>:<redacted>@us.decodo.com:10023 (relaunching context)
2026-09-26 03:07:14,012 INFO sportsdataverse.mbb.mbb_ncaa_fetch: stats.ncaa.org terms gate -- accepting (one 10000 ms dwell)
2026-09-26 03:07:30,721 WARNING sportsdataverse.mbb.mbb_ncaa_fetch: stats.ncaa.org terms gate not accepted: https://stats.ncaa.org/contests/293806/individual_stats -- backing off 300 s (1/3)
2026-09-26 03:12:43,129 INFO sportsdataverse.mbb.mbb_ncaa_fetch: stats.ncaa.org terms gate -- accepting (one 10000 ms dwell)
2026-09-26 03:13:00,085 WARNING sportsdataverse.mbb.mbb_ncaa_fetch: stats.ncaa.org terms gate not accepted: https://stats.ncaa.org/contests/293806/individual_stats -- backing off 300 s (2/3)
2026-09-26 03:18:11,977 INFO sportsdataverse.mbb.mbb_ncaa_fetch: stats.ncaa.org terms gate -- accepting (one 10000 ms dwell)
2026-09-26 03:18:27,860 WARNING sportsdataverse.mbb.mbb_ncaa_fetch: stats.ncaa.org terms gate not accepted: https://stats.ncaa.org/contests/293806/individual_stats -- backing off 300 s (3/3)
=== 2026-09-26T07:23:33Z shard 1/2 ===
[games] shard 1/2: 4214 contests
2026-09-26 03:23:52,678 INFO sportsdataverse.mbb.mbb_ncaa_fetch: stats.ncaa.org terms gate -- accepting (one 10000 ms dwell)
2026-09-26 03:24:11,006 INFO sportsdataverse.mbb.mbb_ncaa_fetch: stats.ncaa.org terms gate -- accepting (one 10000 ms dwell)
2026-09-26 03:24:29,575 INFO sportsdataverse.mbb.mbb_ncaa_fetch: stats.ncaa.org terms gate -- accepting (one 10000 ms dwell)
2026-09-26 03:24:47,643 INFO sportsdataverse.mbb.mbb_ncaa_fetch: stats.ncaa.org terms gate -- accepting (one 10000 ms dwell)
2026-09-26 03:25:06,453 INFO sportsdataverse.mbb.mbb_ncaa_fetch: stats.ncaa.org terms gate -- accepting (one 10000 ms dwell)
2026-09-26 03:25:22,945 INFO sportsdataverse.mbb.mbb_ncaa_fetch: bm-verify not passed (412-byte response) -- re-solving, attempt 1/3
2026-09-26 03:25:31,234 INFO sportsdataverse.mbb.mbb_ncaa_fetch: bm-verify not passed (412-byte response) -- re-solving, attempt 2/3
2026-09-26 03:25:39,568 INFO sportsdataverse.mbb.mbb_ncaa_fetch: bm-verify not passed (412-byte response) -- re-solving, attempt 3/3
2026-09-26 03:25:39,568 DEBUG sportsdataverse.mbb.mbb_ncaa_fetch: transport error on http://<redacted>:<redacted>@us.decodo.com:10026: RuntimeError: bm-verify not passed after 3 attempts (412-byte response): https://stats.ncaa.org/contests/293694/play_by_play
2026-09-26 03:25:39,568 DEBUG sportsdataverse.mbb.mbb_ncaa_fetch: rotating proxy: transport error
2026-09-26 03:25:40,571 INFO sportsdataverse.mbb.mbb_ncaa_fetch: browser proxy rotated -> http://<redacted>:<redacted>@us.decodo.com:10027 (relaunching context)
2026-09-26 03:25:58,664 INFO sportsdataverse.mbb.mbb_ncaa_fetch: stats.ncaa.org terms gate -- accepting (one 10000 ms dwell)
2026-09-26 03:26:19,016 INFO sportsdataverse.mbb.mbb_ncaa_fetch: stats.ncaa.org terms gate -- accepting (one 10000 ms dwell)
2026-09-26 03:26:37,885 INFO sportsdataverse.mbb.mbb_ncaa_fetch: stats.ncaa.org terms gate -- accepting (one 10000 ms dwell)
2026-09-26 03:26:57,123 INFO sportsdataverse.mbb.mbb_ncaa_fetch: stats.ncaa.org terms gate -- accepting (one 10000 ms dwell)
2026-09-26 03:27:15,912 INFO sportsdataverse.mbb.mbb_ncaa_fetch: stats.ncaa.org terms gate -- accepting (one 10000 ms dwell)
2026-09-26 03:27:33,913 INFO sportsdataverse.mbb.mbb_ncaa_fetch: bm-verify not passed (412-byte response) -- re-solving, attempt 1/3
2026-09-26 03:27:42,260 INFO sportsdataverse.mbb.mbb_ncaa_fetch: bm-verify not passed (412-byte response) -- re-solving, attempt 2/3
2026-09-26 03:27:50,682 INFO sportsdataverse.mbb.mbb_ncaa_fetch: bm-verify not passed (412-byte response) -- re-solving, attempt 3/3
2026-09-26 03:27:50,682 DEBUG sportsdataverse.mbb.mbb_ncaa_fetch: transport error on http://<redacted>:<redacted>@us.decodo.com:10027: RuntimeError: bm-verify not passed after 3 attempts (412-byte response): https://stats.ncaa.org/contests/293716/play_by_play
2026-09-26 03:27:50,682 DEBUG sportsdataverse.mbb.mbb_ncaa_fetch: rotating proxy: transport error
2026-09-26 03:27:51,683 INFO sportsdataverse.mbb.mbb_ncaa_fetch: browser proxy rotated -> http://<redacted>:<redacted>@us.decodo.com:10028 (relaunching context)
2026-09-26 03:28:06,916 INFO sportsdataverse.mbb.mbb_ncaa_fetch: stats.ncaa.org terms gate -- accepting (one 10000 ms dwell)
2026-09-26 03:28:25,667 INFO sportsdataverse.mbb.mbb_ncaa_fetch: stats.ncaa.org terms gate -- accepting (one 10000 ms dwell)
2026-09-26 03:28:44,756 INFO sportsdataverse.mbb.mbb_ncaa_fetch: stats.ncaa.org terms gate -- accepting (one 10000 ms dwell)
2026-09-26 03:29:04,264 INFO sportsdataverse.mbb.mbb_ncaa_fetch: stats.ncaa.org terms gate -- accepting (one 10000 ms dwell)
2026-09-26 03:29:23,122 INFO sportsdataverse.mbb.mbb_ncaa_fetch: stats.ncaa.org terms gate -- accepting (one 10000 ms dwell)
2026-09-26 03:29:39,759 INFO sportsdataverse.mbb.mbb_ncaa_fetch: bm-verify not passed (410-byte response) -- re-solving, attempt 1/3
2026-09-26 03:29:48,063 INFO sportsdataverse.mbb.mbb_ncaa_fetch: bm-verify not passed (410-byte response) -- re-solving, attempt 2/3
2026-09-26 03:29:56,388 INFO sportsdataverse.mbb.mbb_ncaa_fetch: bm-verify not passed (410-byte response) -- re-solving, attempt 3/3
2026-09-26 03:29:56,388 DEBUG sportsdataverse.mbb.mbb_ncaa_fetch: transport error on http://<redacted>:<redacted>@us.decodo.com:10028: RuntimeError: bm-verify not passed after 3 attempts (410-byte response): https://stats.ncaa.org/contests/293728/play_by_play
2026-09-26 03:29:56,388 DEBUG sportsdataverse.mbb.mbb_ncaa_fetch: rotating proxy: transport error
2026-09-26 03:29:57,389 INFO sportsdataverse.mbb.mbb_ncaa_fetch: browser proxy rotated -> http://<redacted>:<redacted>@us.decodo.com:10029 (relaunching context)
2026-09-26 03:30:13,695 INFO sportsdataverse.mbb.mbb_ncaa_fetch: stats.ncaa.org terms gate -- accepting (one 10000 ms dwell)
2026-09-26 03:30:33,103 INFO sportsdataverse.mbb.mbb_ncaa_fetch: stats.ncaa.org terms gate -- accepting (one 10000 ms dwell)
2026-09-26 03:30:52,008 INFO sportsdataverse.mbb.mbb_ncaa_fetch: stats.ncaa.org terms gate -- accepting (one 10000 ms dwell)
2026-09-26 03:31:09,779 INFO sportsdataverse.mbb.mbb_ncaa_fetch: stats.ncaa.org terms gate -- accepting (one 10000 ms dwell)
2026-09-26 03:31:27,879 INFO sportsdataverse.mbb.mbb_ncaa_fetch: stats.ncaa.org terms gate -- accepting (one 10000 ms dwell)
2026-09-26 03:31:43,733 WARNING sportsdataverse.mbb.mbb_ncaa_fetch: stats.ncaa.org terms gate not accepted: https://stats.ncaa.org/contests/293749/team_stats -- backing off 300 s (1/3)
2026-09-26 03:36:55,803 INFO sportsdataverse.mbb.mbb_ncaa_fetch: stats.ncaa.org terms gate -- accepting (one 10000 ms dwell)
2026-09-26 03:37:11,801 INFO sportsdataverse.mbb.mbb_ncaa_fetch: bm-verify not passed (413-byte response) -- re-solving, attempt 1/3
2026-09-26 03:37:20,311 INFO sportsdataverse.mbb.mbb_ncaa_fetch: bm-verify not passed (413-byte response) -- re-solving, attempt 2/3
2026-09-26 03:37:28,826 INFO sportsdataverse.mbb.mbb_ncaa_fetch: bm-verify not passed (413-byte response) -- re-solving, attempt 3/3
2026-09-26 03:37:28,826 DEBUG sportsdataverse.mbb.mbb_ncaa_fetch: transport error on http://<redacted>:<redacted>@us.decodo.com:10029: RuntimeError: bm-verify not passed after 3 attempts (413-byte response): https://stats.ncaa.org/contests/293749/situational_stats
2026-09-26 03:37:28,826 DEBUG sportsdataverse.mbb.mbb_ncaa_fetch: rotating proxy: transport error
2026-09-26 03:37:29,826 INFO sportsdataverse.mbb.mbb_ncaa_fetch: browser proxy rotated -> http://<redacted>:<redacted>@us.decodo.com:10030 (relaunching context)
2026-09-26 03:37:47,431 INFO sportsdataverse.mbb.mbb_ncaa_fetch: stats.ncaa.org terms gate -- accepting (one 10000 ms dwell)
2026-09-26 03:38:05,418 WARNING sportsdataverse.mbb.mbb_ncaa_fetch: stats.ncaa.org terms gate not accepted: https://stats.ncaa.org/contests/293749/situational_stats -- backing off 300 s (1/3)
2026-09-26 03:43:19,535 INFO sportsdataverse.mbb.mbb_ncaa_fetch: stats.ncaa.org terms gate -- accepting (one 10000 ms dwell)
2026-09-26 03:43:40,717 INFO sportsdataverse.mbb.mbb_ncaa_fetch: stats.ncaa.org terms gate -- accepting (one 10000 ms dwell)
2026-09-26 03:44:00,661 INFO sportsdataverse.mbb.mbb_ncaa_fetch: stats.ncaa.org terms gate -- accepting (one 10000 ms dwell)
2026-09-26 03:44:20,122 INFO sportsdataverse.mbb.mbb_ncaa_fetch: stats.ncaa.org terms gate -- accepting (one 10000 ms dwell)
2026-09-26 03:44:39,715 INFO sportsdataverse.mbb.mbb_ncaa_fetch: stats.ncaa.org terms gate -- accepting (one 10000 ms dwell)
2026-09-26 03:44:56,018 INFO sportsdataverse.mbb.mbb_ncaa_fetch: bm-verify not passed (412-byte response) -- re-solving, attempt 1/3
2026-09-26 03:45:04,530 INFO sportsdataverse.mbb.mbb_ncaa_fetch: bm-verify not passed (412-byte response) -- re-solving, attempt 2/3
2026-09-26 03:45:13,074 INFO sportsdataverse.mbb.mbb_ncaa_fetch: bm-verify not passed (412-byte response) -- re-solving, attempt 3/3
2026-09-26 03:45:13,075 DEBUG sportsdataverse.mbb.mbb_ncaa_fetch: transport error on http://<redacted>:<redacted>@us.decodo.com:10030: RuntimeError: bm-verify not passed after 3 attempts (412-byte response): https://stats.ncaa.org/contests/293780/individual_stats
2026-09-26 03:45:13,075 DEBUG sportsdataverse.mbb.mbb_ncaa_fetch: rotating proxy: transport error
2026-09-26 03:45:14,075 INFO sportsdataverse.mbb.mbb_ncaa_fetch: browser proxy rotated -> http://<redacted>:<redacted>@us.decodo.com:10031 (relaunching context)
2026-09-26 03:45:36,098 INFO sportsdataverse.mbb.mbb_ncaa_fetch: stats.ncaa.org terms gate -- accepting (one 10000 ms dwell)
2026-09-26 03:45:53,837 WARNING sportsdataverse.mbb.mbb_ncaa_fetch: stats.ncaa.org terms gate not accepted: https://stats.ncaa.org/contests/293780/individual_stats -- backing off 300 s (1/3)
2026-09-26 03:51:06,533 INFO sportsdataverse.mbb.mbb_ncaa_fetch: stats.ncaa.org terms gate -- accepting (one 10000 ms dwell)
2026-09-26 03:51:26,909 INFO sportsdataverse.mbb.mbb_ncaa_fetch: stats.ncaa.org terms gate -- accepting (one 10000 ms dwell)
2026-09-26 03:51:47,193 INFO sportsdataverse.mbb.mbb_ncaa_fetch: stats.ncaa.org terms gate -- accepting (one 10000 ms dwell)
2026-09-26 03:52:07,600 INFO sportsdataverse.mbb.mbb_ncaa_fetch: stats.ncaa.org terms gate -- accepting (one 10000 ms dwell)
2026-09-26 03:52:28,258 INFO sportsdataverse.mbb.mbb_ncaa_fetch: stats.ncaa.org terms gate -- accepting (one 10000 ms dwell)
2026-09-26 03:52:45,500 INFO sportsdataverse.mbb.mbb_ncaa_fetch: bm-verify not passed (406-byte response) -- re-solving, attempt 1/3
2026-09-26 03:52:54,001 INFO sportsdataverse.mbb.mbb_ncaa_fetch: bm-verify not passed (406-byte response) -- re-solving, attempt 2/3
2026-09-26 03:53:02,699 INFO sportsdataverse.mbb.mbb_ncaa_fetch: bm-verify not passed (406-byte response) -- re-solving, attempt 3/3
2026-09-26 03:53:02,699 DEBUG sportsdataverse.mbb.mbb_ncaa_fetch: transport error on http://<redacted>:<redacted>@us.decodo.com:10031: RuntimeError: bm-verify not passed after 3 attempts (406-byte response): https://stats.ncaa.org/contests/293797/team_stats
2026-09-26 03:53:02,699 DEBUG sportsdataverse.mbb.mbb_ncaa_fetch: rotating proxy: transport error
2026-09-26 03:53:03,700 INFO sportsdataverse.mbb.mbb_ncaa_fetch: browser proxy rotated -> http://<redacted>:<redacted>@us.decodo.com:10032 (relaunching context)
2026-09-26 03:53:19,433 INFO sportsdataverse.mbb.mbb_ncaa_fetch: stats.ncaa.org terms gate -- accepting (one 10000 ms dwell)
2026-09-26 03:53:37,919 INFO sportsdataverse.mbb.mbb_ncaa_fetch: stats.ncaa.org terms gate -- accepting (one 10000 ms dwell)
2026-09-26 03:53:56,480 INFO sportsdataverse.mbb.mbb_ncaa_fetch: stats.ncaa.org terms gate -- accepting (one 10000 ms dwell)
2026-09-26 03:54:14,668 INFO sportsdataverse.mbb.mbb_ncaa_fetch: stats.ncaa.org terms gate -- accepting (one 10000 ms dwell)
2026-09-26 03:54:32,643 INFO sportsdataverse.mbb.mbb_ncaa_fetch: stats.ncaa.org terms gate -- accepting (one 10000 ms dwell)
2026-09-26 03:54:49,572 INFO sportsdataverse.mbb.mbb_ncaa_fetch: bm-verify not passed (406-byte response) -- re-solving, attempt 1/3
2026-09-26 03:54:57,994 INFO sportsdataverse.mbb.mbb_ncaa_fetch: bm-verify not passed (406-byte response) -- re-solving, attempt 2/3
2026-09-26 03:55:06,451 INFO sportsdataverse.mbb.mbb_ncaa_fetch: bm-verify not passed (406-byte response) -- re-solving, attempt 3/3
2026-09-26 03:55:06,451 DEBUG sportsdataverse.mbb.mbb_ncaa_fetch: transport error on http://<redacted>:<redacted>@us.decodo.com:10032: RuntimeError: bm-verify not passed after 3 attempts (406-byte response): https://stats.ncaa.org/contests/293808/team_stats
2026-09-26 03:55:06,451 DEBUG sportsdataverse.mbb.mbb_ncaa_fetch: rotating proxy: transport error
2026-09-26 03:55:07,452 INFO sportsdataverse.mbb.mbb_ncaa_fetch: browser proxy rotated -> http://<redacted>:<redacted>@us.decodo.com:10033 (relaunching context)
2026-09-26 03:55:25,094 INFO sportsdataverse.mbb.mbb_ncaa_fetch: stats.ncaa.org terms gate -- accepting (one 10000 ms dwell)
2026-09-26 03:55:45,974 INFO sportsdataverse.mbb.mbb_ncaa_fetch: stats.ncaa.org terms gate -- accepting (one 10000 ms dwell)
2026-09-26 03:56:05,461 INFO sportsdataverse.mbb.mbb_ncaa_fetch: stats.ncaa.org terms gate -- accepting (one 10000 ms dwell)
2026-09-26 03:56:25,037 INFO sportsdataverse.mbb.mbb_ncaa_fetch: stats.ncaa.org terms gate -- accepting (one 10000 ms dwell)
2026-09-26 03:56:44,320 INFO sportsdataverse.mbb.mbb_ncaa_fetch: stats.ncaa.org terms gate -- accepting (one 10000 ms dwell)
2026-09-26 03:57:02,741 INFO sportsdataverse.mbb.mbb_ncaa_fetch: bm-verify not passed (406-byte response) -- re-solving, attempt 1/3
2026-09-26 03:57:11,348 INFO sportsdataverse.mbb.mbb_ncaa_fetch: bm-verify not passed (406-byte response) -- re-solving, attempt 2/3
2026-09-26 03:57:20,290 INFO sportsdataverse.mbb.mbb_ncaa_fetch: bm-verify not passed (406-byte response) -- re-solving, attempt 3/3
2026-09-26 03:57:20,290 DEBUG sportsdataverse.mbb.mbb_ncaa_fetch: transport error on http://<redacted>:<redacted>@us.decodo.com:10033: RuntimeError: bm-verify not passed after 3 attempts (406-byte response): https://stats.ncaa.org/contests/293815/team_stats
2026-09-26 03:57:20,290 DEBUG sportsdataverse.mbb.mbb_ncaa_fetch: rotating proxy: transport error
2026-09-26 03:57:21,290 INFO sportsdataverse.mbb.mbb_ncaa_fetch: browser proxy rotated -> http://<redacted>:<redacted>@us.decodo.com:10034 (relaunching context)
2026-09-26 03:57:37,592 INFO sportsdataverse.mbb.mbb_ncaa_fetch: stats.ncaa.org terms gate -- accepting (one 10000 ms dwell)
2026-09-26 03:57:56,413 INFO sportsdataverse.mbb.mbb_ncaa_fetch: stats.ncaa.org terms gate -- accepting (one 10000 ms dwell)
2026-09-26 03:58:16,707 INFO sportsdataverse.mbb.mbb_ncaa_fetch: stats.ncaa.org terms gate -- accepting (one 10000 ms dwell)
2026-09-26 03:58:35,673 INFO sportsdataverse.mbb.mbb_ncaa_fetch: stats.ncaa.org terms gate -- accepting (one 10000 ms dwell)
2026-09-26 03:58:53,939 INFO sportsdataverse.mbb.mbb_ncaa_fetch: stats.ncaa.org terms gate -- accepting (one 10000 ms dwell)
2026-09-26 03:59:10,022 WARNING sportsdataverse.mbb.mbb_ncaa_fetch: stats.ncaa.org terms gate not accepted: https://stats.ncaa.org/contests/293819/situational_stats -- backing off 300 s (1/3)
2026-09-26 04:04:20,820 INFO sportsdataverse.mbb.mbb_ncaa_fetch: stats.ncaa.org terms gate -- accepting (one 10000 ms dwell)
2026-09-26 04:04:35,806 INFO sportsdataverse.mbb.mbb_ncaa_fetch: bm-verify not passed (405-byte response) -- re-solving, attempt 1/3
2026-09-26 04:04:43,974 INFO sportsdataverse.mbb.mbb_ncaa_fetch: bm-verify not passed (405-byte response) -- re-solving, attempt 2/3
2026-09-26 04:04:52,124 INFO sportsdataverse.mbb.mbb_ncaa_fetch: bm-verify not passed (405-byte response) -- re-solving, attempt 3/3
2026-09-26 04:04:52,125 DEBUG sportsdataverse.mbb.mbb_ncaa_fetch: transport error on http://<redacted>:<redacted>@us.decodo.com:10034: RuntimeError: bm-verify not passed after 3 attempts (405-byte response): https://stats.ncaa.org/contests/293821/box_score
2026-09-26 04:04:52,125 DEBUG sportsdataverse.mbb.mbb_ncaa_fetch: rotating proxy: transport error
2026-09-26 04:04:53,125 INFO sportsdataverse.mbb.mbb_ncaa_fetch: browser proxy rotated -> http://<redacted>:<redacted>@us.decodo.com:10035 (relaunching context)
2026-09-26 04:05:10,927 INFO sportsdataverse.mbb.mbb_ncaa_fetch: stats.ncaa.org terms gate -- accepting (one 10000 ms dwell)
2026-09-26 04:05:28,151 WARNING sportsdataverse.mbb.mbb_ncaa_fetch: stats.ncaa.org terms gate not accepted: https://stats.ncaa.org/contests/293821/box_score -- backing off 300 s (1/3)
2026-09-26 04:10:39,725 INFO sportsdataverse.mbb.mbb_ncaa_fetch: stats.ncaa.org terms gate -- accepting (one 10000 ms dwell)
2026-09-26 04:10:58,686 INFO sportsdataverse.mbb.mbb_ncaa_fetch: stats.ncaa.org terms gate -- accepting (one 10000 ms dwell)
2026-09-26 04:11:18,096 INFO sportsdataverse.mbb.mbb_ncaa_fetch: stats.ncaa.org terms gate -- accepting (one 10000 ms dwell)
2026-09-26 04:11:35,514 INFO sportsdataverse.mbb.mbb_ncaa_fetch: bm-verify not passed (410-byte response) -- re-solving, attempt 1/3
2026-09-26 04:11:43,939 INFO sportsdataverse.mbb.mbb_ncaa_fetch: bm-verify not passed (410-byte response) -- re-solving, attempt 2/3
2026-09-26 04:11:52,323 INFO sportsdataverse.mbb.mbb_ncaa_fetch: bm-verify not passed (410-byte response) -- re-solving, attempt 3/3
2026-09-26 04:11:52,323 DEBUG sportsdataverse.mbb.mbb_ncaa_fetch: transport error on http://<redacted>:<redacted>@us.decodo.com:10035: RuntimeError: bm-verify not passed after 3 attempts (410-byte response): https://stats.ncaa.org/contests/293827/play_by_play
2026-09-26 04:11:52,323 DEBUG sportsdataverse.mbb.mbb_ncaa_fetch: rotating proxy: transport error
2026-09-26 04:11:53,323 INFO sportsdataverse.mbb.mbb_ncaa_fetch: browser proxy rotated -> http://<redacted>:<redacted>@us.decodo.com:10036 (relaunching context)
2026-09-26 04:12:09,718 INFO sportsdataverse.mbb.mbb_ncaa_fetch: stats.ncaa.org terms gate -- accepting (one 10000 ms dwell)
2026-09-26 04:12:25,431 WARNING sportsdataverse.mbb.mbb_ncaa_fetch: stats.ncaa.org terms gate not accepted: https://stats.ncaa.org/contests/293827/play_by_play -- backing off 300 s (1/3)
2026-09-26 04:17:36,791 INFO sportsdataverse.mbb.mbb_ncaa_fetch: stats.ncaa.org terms gate -- accepting (one 10000 ms dwell)
2026-09-26 04:17:52,528 WARNING sportsdataverse.mbb.mbb_ncaa_fetch: stats.ncaa.org terms gate not accepted: https://stats.ncaa.org/contests/293827/play_by_play -- backing off 300 s (2/3)
2026-09-26 04:23:04,361 INFO sportsdataverse.mbb.mbb_ncaa_fetch: stats.ncaa.org terms gate -- accepting (one 10000 ms dwell)
2026-09-26 04:23:20,419 WARNING sportsdataverse.mbb.mbb_ncaa_fetch: stats.ncaa.org terms gate not accepted: https://stats.ncaa.org/contests/293827/play_by_play -- backing off 300 s (3/3)
2026-09-26 04:28:32,472 INFO sportsdataverse.mbb.mbb_ncaa_fetch: stats.ncaa.org terms gate -- accepting (one 10000 ms dwell)
2026-09-26 04:28:50,178 INFO sportsdataverse.mbb.mbb_ncaa_fetch: stats.ncaa.org terms gate -- accepting (one 10000 ms dwell)
2026-09-26 04:29:09,041 INFO sportsdataverse.mbb.mbb_ncaa_fetch: stats.ncaa.org terms gate -- accepting (one 10000 ms dwell)
2026-09-26 04:29:27,371 INFO sportsdataverse.mbb.mbb_ncaa_fetch: stats.ncaa.org terms gate -- accepting (one 10000 ms dwell)
2026-09-26 04:29:45,917 INFO sportsdataverse.mbb.mbb_ncaa_fetch: stats.ncaa.org terms gate -- accepting (one 10000 ms dwell)
2026-09-26 04:30:02,022 INFO sportsdataverse.mbb.mbb_ncaa_fetch: bm-verify not passed (413-byte response) -- re-solving, attempt 1/3
2026-09-26 04:30:10,318 INFO sportsdataverse.mbb.mbb_ncaa_fetch: bm-verify not passed (413-byte response) -- re-solving, attempt 2/3
2026-09-26 04:30:18,585 INFO sportsdataverse.mbb.mbb_ncaa_fetch: bm-verify not passed (413-byte response) -- re-solving, attempt 3/3
2026-09-26 04:30:18,585 DEBUG sportsdataverse.mbb.mbb_ncaa_fetch: transport error on http://<redacted>:<redacted>@us.decodo.com:10036: RuntimeError: bm-verify not passed after 3 attempts (413-byte response): https://stats.ncaa.org/contests/293832/situational_stats
2026-09-26 04:30:18,585 DEBUG sportsdataverse.mbb.mbb_ncaa_fetch: rotating proxy: transport error
2026-09-26 04:30:19,586 INFO sportsdataverse.mbb.mbb_ncaa_fetch: browser proxy rotated -> http://<redacted>:<redacted>@us.decodo.com:10037 (relaunching context)
2026-09-26 04:30:37,248 INFO sportsdataverse.mbb.mbb_ncaa_fetch: stats.ncaa.org terms gate -- accepting (one 10000 ms dwell)
2026-09-26 04:30:56,520 INFO sportsdataverse.mbb.mbb_ncaa_fetch: stats.ncaa.org terms gate -- accepting (one 10000 ms dwell)
2026-09-26 04:31:15,849 INFO sportsdataverse.mbb.mbb_ncaa_fetch: stats.ncaa.org terms gate -- accepting (one 10000 ms dwell)
2026-09-26 04:31:37,051 INFO sportsdataverse.mbb.mbb_ncaa_fetch: stats.ncaa.org terms gate -- accepting (one 10000 ms dwell)
2026-09-26 04:31:57,116 INFO sportsdataverse.mbb.mbb_ncaa_fetch: stats.ncaa.org terms gate -- accepting (one 10000 ms dwell)
2026-09-26 04:32:15,064 INFO sportsdataverse.mbb.mbb_ncaa_fetch: bm-verify not passed (413-byte response) -- re-solving, attempt 1/3
2026-09-26 04:32:23,582 INFO sportsdataverse.mbb.mbb_ncaa_fetch: bm-verify not passed (413-byte response) -- re-solving, attempt 2/3
2026-09-26 04:32:31,879 INFO sportsdataverse.mbb.mbb_ncaa_fetch: bm-verify not passed (413-byte response) -- re-solving, attempt 3/3
2026-09-26 04:32:31,879 DEBUG sportsdataverse.mbb.mbb_ncaa_fetch: transport error on http://<redacted>:<redacted>@us.decodo.com:10037: RuntimeError: bm-verify not passed after 3 attempts (413-byte response): https://stats.ncaa.org/contests/293840/situational_stats
2026-09-26 04:32:31,879 DEBUG sportsdataverse.mbb.mbb_ncaa_fetch: rotating proxy: transport error
2026-09-26 04:32:32,881 INFO sportsdataverse.mbb.mbb_ncaa_fetch: browser proxy rotated -> http://<redacted>:<redacted>@us.decodo.com:10038 (relaunching context)
2026-09-26 04:32:48,910 INFO sportsdataverse.mbb.mbb_ncaa_fetch: stats.ncaa.org terms gate -- accepting (one 10000 ms dwell)
2026-09-26 04:33:07,038 INFO sportsdataverse.mbb.mbb_ncaa_fetch: stats.ncaa.org terms gate -- accepting (one 10000 ms dwell)
2026-09-26 04:33:24,884 INFO sportsdataverse.mbb.mbb_ncaa_fetch: stats.ncaa.org terms gate -- accepting (one 10000 ms dwell)
2026-09-26 04:33:43,970 INFO sportsdataverse.mbb.mbb_ncaa_fetch: stats.ncaa.org terms gate -- accepting (one 10000 ms dwell)
2026-09-26 04:34:02,112 INFO sportsdataverse.mbb.mbb_ncaa_fetch: stats.ncaa.org terms gate -- accepting (one 10000 ms dwell)
2026-09-26 04:34:18,605 INFO sportsdataverse.mbb.mbb_ncaa_fetch: bm-verify not passed (413-byte response) -- re-solving, attempt 1/3
2026-09-26 04:34:27,027 INFO sportsdataverse.mbb.mbb_ncaa_fetch: bm-verify not passed (413-byte response) -- re-solving, attempt 2/3
2026-09-26 04:34:35,315 INFO sportsdataverse.mbb.mbb_ncaa_fetch: bm-verify not passed (413-byte response) -- re-solving, attempt 3/3
2026-09-26 04:34:35,315 DEBUG sportsdataverse.mbb.mbb_ncaa_fetch: transport error on http://<redacted>:<redacted>@us.decodo.com:10038: RuntimeError: bm-verify not passed after 3 attempts (413-byte response): https://stats.ncaa.org/contests/293852/situational_stats
2026-09-26 04:34:35,315 DEBUG sportsdataverse.mbb.mbb_ncaa_fetch: rotating proxy: transport error
2026-09-26 04:34:36,316 INFO sportsdataverse.mbb.mbb_ncaa_fetch: browser proxy rotated -> http://<redacted>:<redacted>@us.decodo.com:10039 (relaunching context)
2026-09-26 04:34:54,532 INFO sportsdataverse.mbb.mbb_ncaa_fetch: stats.ncaa.org terms gate -- accepting (one 10000 ms dwell)
2026-09-26 04:35:15,808 INFO sportsdataverse.mbb.mbb_ncaa_fetch: stats.ncaa.org terms gate -- accepting (one 10000 ms dwell)
2026-09-26 04:35:36,326 INFO sportsdataverse.mbb.mbb_ncaa_fetch: stats.ncaa.org terms gate -- accepting (one 10000 ms dwell)
2026-09-26 04:35:58,582 INFO sportsdataverse.mbb.mbb_ncaa_fetch: stats.ncaa.org terms gate -- accepting (one 10000 ms dwell)
2026-09-26 04:36:20,036 INFO sportsdataverse.mbb.mbb_ncaa_fetch: stats.ncaa.org terms gate -- accepting (one 10000 ms dwell)
2026-09-26 04:36:38,550 INFO sportsdataverse.mbb.mbb_ncaa_fetch: bm-verify not passed (413-byte response) -- re-solving, attempt 1/3
2026-09-26 04:36:47,177 INFO sportsdataverse.mbb.mbb_ncaa_fetch: bm-verify not passed (413-byte response) -- re-solving, attempt 2/3
2026-09-26 04:36:55,788 INFO sportsdataverse.mbb.mbb_ncaa_fetch: bm-verify not passed (413-byte response) -- re-solving, attempt 3/3
2026-09-26 04:36:55,789 DEBUG sportsdataverse.mbb.mbb_ncaa_fetch: transport error on http://<redacted>:<redacted>@us.decodo.com:10039: RuntimeError: bm-verify not passed after 3 attempts (413-byte response): https://stats.ncaa.org/contests/293862/situational_stats
2026-09-26 04:36:55,789 DEBUG sportsdataverse.mbb.mbb_ncaa_fetch: rotating proxy: transport error
2026-09-26 04:36:56,789 INFO sportsdataverse.mbb.mbb_ncaa_fetch: browser proxy rotated -> http://<redacted>:<redacted>@us.decodo.com:10040 (relaunching context)
2026-09-26 04:37:08,537 INFO sportsdataverse.mbb.mbb_ncaa_fetch: bm-verify not passed (411-byte response) -- re-solving, attempt 1/3
2026-09-26 04:37:17,019 INFO sportsdataverse.mbb.mbb_ncaa_fetch: bm-verify not passed (411-byte response) -- re-solving, attempt 2/3
2026-09-26 04:37:25,538 INFO sportsdataverse.mbb.mbb_ncaa_fetch: bm-verify not passed (411-byte response) -- re-solving, attempt 3/3
2026-09-26 04:37:25,538 DEBUG sportsdataverse.mbb.mbb_ncaa_fetch: transport error on http://<redacted>:<redacted>@us.decodo.com:10040: RuntimeError: bm-verify not passed after 3 attempts (411-byte response): https://stats.ncaa.org/contests/293862/situational_stats
2026-09-26 04:37:25,538 DEBUG sportsdataverse.mbb.mbb_ncaa_fetch: rotating proxy: transport error
2026-09-26 04:37:26,539 INFO sportsdataverse.mbb.mbb_ncaa_fetch: browser proxy rotated -> http://<redacted>:<redacted>@us.decodo.com:10041 (relaunching context)
2026-09-26 04:37:41,304 INFO sportsdataverse.mbb.mbb_ncaa_fetch: stats.ncaa.org terms gate -- accepting (one 10000 ms dwell)
2026-09-26 04:37:59,649 INFO sportsdataverse.mbb.mbb_ncaa_fetch: stats.ncaa.org terms gate -- accepting (one 10000 ms dwell)
2026-09-26 04:38:17,330 INFO sportsdataverse.mbb.mbb_ncaa_fetch: stats.ncaa.org terms gate -- accepting (one 10000 ms dwell)
2026-09-26 04:38:35,886 INFO sportsdataverse.mbb.mbb_ncaa_fetch: stats.ncaa.org terms gate -- accepting (one 10000 ms dwell)
2026-09-26 04:38:53,909 INFO sportsdataverse.mbb.mbb_ncaa_fetch: stats.ncaa.org terms gate -- accepting (one 10000 ms dwell)
2026-09-26 04:39:10,253 INFO sportsdataverse.mbb.mbb_ncaa_fetch: bm-verify not passed (411-byte response) -- re-solving, attempt 1/3
2026-09-26 04:39:18,464 INFO sportsdataverse.mbb.mbb_ncaa_fetch: bm-verify not passed (411-byte response) -- re-solving, attempt 2/3
2026-09-26 04:39:26,673 INFO sportsdataverse.mbb.mbb_ncaa_fetch: bm-verify not passed (411-byte response) -- re-solving, attempt 3/3
2026-09-26 04:39:26,673 DEBUG sportsdataverse.mbb.mbb_ncaa_fetch: transport error on http://<redacted>:<redacted>@us.decodo.com:10041: RuntimeError: bm-verify not passed after 3 attempts (411-byte response): https://stats.ncaa.org/contests/293870/situational_stats
2026-09-26 04:39:26,673 DEBUG sportsdataverse.mbb.mbb_ncaa_fetch: rotating proxy: transport error
2026-09-26 04:39:27,674 INFO sportsdataverse.mbb.mbb_ncaa_fetch: browser proxy rotated -> http://<redacted>:<redacted>@us.decodo.com:10042 (relaunching context)
2026-09-26 04:39:42,694 INFO sportsdataverse.mbb.mbb_ncaa_fetch: stats.ncaa.org terms gate -- accepting (one 10000 ms dwell)
2026-09-26 04:40:02,711 INFO sportsdataverse.mbb.mbb_ncaa_fetch: stats.ncaa.org terms gate -- accepting (one 10000 ms dwell)
2026-09-26 04:40:18,785 WARNING sportsdataverse.mbb.mbb_ncaa_fetch: stats.ncaa.org terms gate not accepted: https://stats.ncaa.org/contests/293874/team_stats -- backing off 300 s (1/3)
2026-09-26 04:45:30,077 INFO sportsdataverse.mbb.mbb_ncaa_fetch: stats.ncaa.org terms gate -- accepting (one 10000 ms dwell)
2026-09-26 04:45:47,800 INFO sportsdataverse.mbb.mbb_ncaa_fetch: stats.ncaa.org terms gate -- accepting (one 10000 ms dwell)
2026-09-26 04:46:07,340 INFO sportsdataverse.mbb.mbb_ncaa_fetch: stats.ncaa.org terms gate -- accepting (one 10000 ms dwell)
2026-09-26 04:46:25,568 INFO sportsdataverse.mbb.mbb_ncaa_fetch: stats.ncaa.org terms gate -- accepting (one 10000 ms dwell)
2026-09-26 04:46:40,658 INFO sportsdataverse.mbb.mbb_ncaa_fetch: bm-verify not passed (412-byte response) -- re-solving, attempt 1/3
2026-09-26 04:46:48,902 INFO sportsdataverse.mbb.mbb_ncaa_fetch: bm-verify not passed (412-byte response) -- re-solving, attempt 2/3
2026-09-26 04:46:57,169 INFO sportsdataverse.mbb.mbb_ncaa_fetch: bm-verify not passed (412-byte response) -- re-solving, attempt 3/3
2026-09-26 04:46:57,169 DEBUG sportsdataverse.mbb.mbb_ncaa_fetch: transport error on http://<redacted>:<redacted>@us.decodo.com:10042: RuntimeError: bm-verify not passed after 3 attempts (412-byte response): https://stats.ncaa.org/contests/293883/individual_stats
2026-09-26 04:46:57,169 DEBUG sportsdataverse.mbb.mbb_ncaa_fetch: rotating proxy: transport error
2026-09-26 04:46:58,170 INFO sportsdataverse.mbb.mbb_ncaa_fetch: browser proxy rotated -> http://<redacted>:<redacted>@us.decodo.com:10043 (relaunching context)
2026-09-26 04:47:14,358 INFO sportsdataverse.mbb.mbb_ncaa_fetch: stats.ncaa.org terms gate -- accepting (one 10000 ms dwell)
2026-09-26 04:47:30,229 WARNING sportsdataverse.mbb.mbb_ncaa_fetch: stats.ncaa.org terms gate not accepted: https://stats.ncaa.org/contests/293883/individual_stats -- backing off 300 s (1/3)
2026-09-26 04:52:41,944 INFO sportsdataverse.mbb.mbb_ncaa_fetch: stats.ncaa.org terms gate -- accepting (one 10000 ms dwell)
2026-09-26 04:53:00,372 INFO sportsdataverse.mbb.mbb_ncaa_fetch: stats.ncaa.org terms gate -- accepting (one 10000 ms dwell)
2026-09-26 04:53:18,543 INFO sportsdataverse.mbb.mbb_ncaa_fetch: stats.ncaa.org terms gate -- accepting (one 10000 ms dwell)
2026-09-26 04:53:37,081 INFO sportsdataverse.mbb.mbb_ncaa_fetch: stats.ncaa.org terms gate -- accepting (one 10000 ms dwell)
2026-09-26 04:53:55,084 INFO sportsdataverse.mbb.mbb_ncaa_fetch: stats.ncaa.org terms gate -- accepting (one 10000 ms dwell)
2026-09-26 04:54:10,675 INFO sportsdataverse.mbb.mbb_ncaa_fetch: bm-verify not passed (406-byte response) -- re-solving, attempt 1/3
2026-09-26 04:54:19,043 INFO sportsdataverse.mbb.mbb_ncaa_fetch: bm-verify not passed (406-byte response) -- re-solving, attempt 2/3
2026-09-26 04:54:27,316 INFO sportsdataverse.mbb.mbb_ncaa_fetch: bm-verify not passed (406-byte response) -- re-solving, attempt 3/3
2026-09-26 04:54:27,316 DEBUG sportsdataverse.mbb.mbb_ncaa_fetch: transport error on http://<redacted>:<redacted>@us.decodo.com:10043: RuntimeError: bm-verify not passed after 3 attempts (406-byte response): https://stats.ncaa.org/contests/293906/team_stats
2026-09-26 04:54:27,316 DEBUG sportsdataverse.mbb.mbb_ncaa_fetch: rotating proxy: transport error
2026-09-26 04:54:28,316 INFO sportsdataverse.mbb.mbb_ncaa_fetch: browser proxy rotated -> http://<redacted>:<redacted>@us.decodo.com:10044 (relaunching context)
2026-09-26 04:54:43,088 INFO sportsdataverse.mbb.mbb_ncaa_fetch: stats.ncaa.org terms gate -- accepting (one 10000 ms dwell)
2026-09-26 04:54:58,415 WARNING sportsdataverse.mbb.mbb_ncaa_fetch: stats.ncaa.org terms gate not accepted: https://stats.ncaa.org/contests/293906/team_stats -- backing off 300 s (1/3)
2026-09-26 05:00:10,430 INFO sportsdataverse.mbb.mbb_ncaa_fetch: stats.ncaa.org terms gate -- accepting (one 10000 ms dwell)
2026-09-26 05:00:29,247 INFO sportsdataverse.mbb.mbb_ncaa_fetch: stats.ncaa.org terms gate -- accepting (one 10000 ms dwell)
2026-09-26 05:00:48,371 INFO sportsdataverse.mbb.mbb_ncaa_fetch: stats.ncaa.org terms gate -- accepting (one 10000 ms dwell)
2026-09-26 05:01:06,995 INFO sportsdataverse.mbb.mbb_ncaa_fetch: stats.ncaa.org terms gate -- accepting (one 10000 ms dwell)
2026-09-26 05:01:25,720 INFO sportsdataverse.mbb.mbb_ncaa_fetch: stats.ncaa.org terms gate -- accepting (one 10000 ms dwell)
2026-09-26 05:01:42,237 INFO sportsdataverse.mbb.mbb_ncaa_fetch: bm-verify not passed (403-byte response) -- re-solving, attempt 1/3
2026-09-26 05:01:50,970 INFO sportsdataverse.mbb.mbb_ncaa_fetch: bm-verify not passed (403-byte response) -- re-solving, attempt 2/3
2026-09-26 05:01:59,584 INFO sportsdataverse.mbb.mbb_ncaa_fetch: bm-verify not passed (403-byte response) -- re-solving, attempt 3/3
2026-09-26 05:01:59,585 DEBUG sportsdataverse.mbb.mbb_ncaa_fetch: transport error on http://<redacted>:<redacted>@us.decodo.com:10044: RuntimeError: bm-verify not passed after 3 attempts (403-byte response): https://stats.ncaa.org/contests/293921/box_score
2026-09-26 05:01:59,585 DEBUG sportsdataverse.mbb.mbb_ncaa_fetch: rotating proxy: transport error
2026-09-26 05:02:00,585 INFO sportsdataverse.mbb.mbb_ncaa_fetch: browser proxy rotated -> http://<redacted>:<redacted>@us.decodo.com:10045 (relaunching context)
2026-09-26 05:02:18,497 INFO sportsdataverse.mbb.mbb_ncaa_fetch: stats.ncaa.org terms gate -- accepting (one 10000 ms dwell)
2026-09-26 05:02:38,486 INFO sportsdataverse.mbb.mbb_ncaa_fetch: stats.ncaa.org terms gate -- accepting (one 10000 ms dwell)
2026-09-26 05:02:57,263 INFO sportsdataverse.mbb.mbb_ncaa_fetch: stats.ncaa.org terms gate -- accepting (one 10000 ms dwell)
2026-09-26 05:03:16,483 INFO sportsdataverse.mbb.mbb_ncaa_fetch: stats.ncaa.org terms gate -- accepting (one 10000 ms dwell)
2026-09-26 05:03:35,731 INFO sportsdataverse.mbb.mbb_ncaa_fetch: stats.ncaa.org terms gate -- accepting (one 10000 ms dwell)
2026-09-26 05:03:53,619 INFO sportsdataverse.mbb.mbb_ncaa_fetch: bm-verify not passed (405-byte response) -- re-solving, attempt 1/3
2026-09-26 05:04:02,265 INFO sportsdataverse.mbb.mbb_ncaa_fetch: bm-verify not passed (405-byte response) -- re-solving, attempt 2/3
2026-09-26 05:04:10,804 INFO sportsdataverse.mbb.mbb_ncaa_fetch: bm-verify not passed (405-byte response) -- re-solving, attempt 3/3
2026-09-26 05:04:10,804 DEBUG sportsdataverse.mbb.mbb_ncaa_fetch: transport error on http://<redacted>:<redacted>@us.decodo.com:10045: RuntimeError: bm-verify not passed after 3 attempts (405-byte response): https://stats.ncaa.org/contests/293955/box_score
2026-09-26 05:04:10,804 DEBUG sportsdataverse.mbb.mbb_ncaa_fetch: rotating proxy: transport error
2026-09-26 05:04:11,804 INFO sportsdataverse.mbb.mbb_ncaa_fetch: browser proxy rotated -> http://<redacted>:<redacted>@us.decodo.com:10046 (relaunching context)
2026-09-26 05:04:27,787 INFO sportsdataverse.mbb.mbb_ncaa_fetch: stats.ncaa.org terms gate -- accepting (one 10000 ms dwell)
2026-09-26 05:04:46,997 INFO sportsdataverse.mbb.mbb_ncaa_fetch: stats.ncaa.org terms gate -- accepting (one 10000 ms dwell)
2026-09-26 05:05:06,120 INFO sportsdataverse.mbb.mbb_ncaa_fetch: stats.ncaa.org terms gate -- accepting (one 10000 ms dwell)
2026-09-26 05:05:24,696 INFO sportsdataverse.mbb.mbb_ncaa_fetch: stats.ncaa.org terms gate -- accepting (one 10000 ms dwell)
2026-09-26 05:05:44,459 INFO sportsdataverse.mbb.mbb_ncaa_fetch: stats.ncaa.org terms gate -- accepting (one 10000 ms dwell)
2026-09-26 05:06:02,248 INFO sportsdataverse.mbb.mbb_ncaa_fetch: bm-verify not passed (403-byte response) -- re-solving, attempt 1/3
2026-09-26 05:06:10,686 INFO sportsdataverse.mbb.mbb_ncaa_fetch: bm-verify not passed (403-byte response) -- re-solving, attempt 2/3
2026-09-26 05:06:19,037 INFO sportsdataverse.mbb.mbb_ncaa_fetch: bm-verify not passed (403-byte response) -- re-solving, attempt 3/3
2026-09-26 05:06:19,037 DEBUG sportsdataverse.mbb.mbb_ncaa_fetch: transport error on http://<redacted>:<redacted>@us.decodo.com:10046: RuntimeError: bm-verify not passed after 3 attempts (403-byte response): https://stats.ncaa.org/contests/294007/box_score
2026-09-26 05:06:19,037 DEBUG sportsdataverse.mbb.mbb_ncaa_fetch: rotating proxy: transport error
2026-09-26 05:06:20,037 INFO sportsdataverse.mbb.mbb_ncaa_fetch: browser proxy rotated -> http://<redacted>:<redacted>@us.decodo.com:10047 (relaunching context)
2026-09-26 05:06:36,499 INFO sportsdataverse.mbb.mbb_ncaa_fetch: stats.ncaa.org terms gate -- accepting (one 10000 ms dwell)
2026-09-26 05:06:56,316 INFO sportsdataverse.mbb.mbb_ncaa_fetch: stats.ncaa.org terms gate -- accepting (one 10000 ms dwell)
2026-09-26 05:07:15,664 INFO sportsdataverse.mbb.mbb_ncaa_fetch: stats.ncaa.org terms gate -- accepting (one 10000 ms dwell)
2026-09-26 05:07:34,671 INFO sportsdataverse.mbb.mbb_ncaa_fetch: stats.ncaa.org terms gate -- accepting (one 10000 ms dwell)
2026-09-26 05:07:51,179 WARNING sportsdataverse.mbb.mbb_ncaa_fetch: stats.ncaa.org terms gate not accepted: https://stats.ncaa.org/contests/294016/play_by_play -- backing off 300 s (1/3)
2026-09-26 05:13:02,639 INFO sportsdataverse.mbb.mbb_ncaa_fetch: stats.ncaa.org terms gate -- accepting (one 10000 ms dwell)
2026-09-26 05:13:20,064 INFO sportsdataverse.mbb.mbb_ncaa_fetch: stats.ncaa.org terms gate -- accepting (one 10000 ms dwell)
2026-09-26 05:13:35,239 INFO sportsdataverse.mbb.mbb_ncaa_fetch: bm-verify not passed (412-byte response) -- re-solving, attempt 1/3
2026-09-26 05:13:43,414 INFO sportsdataverse.mbb.mbb_ncaa_fetch: bm-verify not passed (412-byte response) -- re-solving, attempt 2/3
2026-09-26 05:13:51,596 INFO sportsdataverse.mbb.mbb_ncaa_fetch: bm-verify not passed (412-byte response) -- re-solving, attempt 3/3
2026-09-26 05:13:51,596 DEBUG sportsdataverse.mbb.mbb_ncaa_fetch: transport error on http://<redacted>:<redacted>@us.decodo.com:10047: RuntimeError: bm-verify not passed after 3 attempts (412-byte response): https://stats.ncaa.org/contests/294021/play_by_play
2026-09-26 05:13:51,596 DEBUG sportsdataverse.mbb.mbb_ncaa_fetch: rotating proxy: transport error
2026-09-26 05:13:52,596 INFO sportsdataverse.mbb.mbb_ncaa_fetch: browser proxy rotated -> http://<redacted>:<redacted>@us.decodo.com:10048 (relaunching context)
2026-09-26 05:14:15,020 INFO sportsdataverse.mbb.mbb_ncaa_fetch: stats.ncaa.org terms gate -- accepting (one 10000 ms dwell)
2026-09-26 05:14:30,988 WARNING sportsdataverse.mbb.mbb_ncaa_fetch: stats.ncaa.org terms gate not accepted: https://stats.ncaa.org/contests/294021/play_by_play -- backing off 300 s (1/3)
2026-09-26 05:19:46,617 INFO sportsdataverse.mbb.mbb_ncaa_fetch: stats.ncaa.org terms gate -- accepting (one 10000 ms dwell)
2026-09-26 05:20:05,269 INFO sportsdataverse.mbb.mbb_ncaa_fetch: stats.ncaa.org terms gate -- accepting (one 10000 ms dwell)
2026-09-26 05:20:25,846 INFO sportsdataverse.mbb.mbb_ncaa_fetch: stats.ncaa.org terms gate -- accepting (one 10000 ms dwell)
2026-09-26 05:20:46,754 INFO sportsdataverse.mbb.mbb_ncaa_fetch: bm-verify not passed (413-byte response) -- re-solving, attempt 1/3
2026-09-26 05:20:57,489 INFO sportsdataverse.mbb.mbb_ncaa_fetch: bm-verify not passed (413-byte response) -- re-solving, attempt 2/3
2026-09-26 05:21:05,850 INFO sportsdataverse.mbb.mbb_ncaa_fetch: bm-verify not passed (413-byte response) -- re-solving, attempt 3/3
2026-09-26 05:21:05,850 DEBUG sportsdataverse.mbb.mbb_ncaa_fetch: transport error on http://<redacted>:<redacted>@us.decodo.com:10048: RuntimeError: bm-verify not passed after 3 attempts (413-byte response): https://stats.ncaa.org/contests/294040/situational_stats
2026-09-26 05:21:05,850 DEBUG sportsdataverse.mbb.mbb_ncaa_fetch: rotating proxy: transport error
2026-09-26 05:21:06,851 INFO sportsdataverse.mbb.mbb_ncaa_fetch: browser proxy rotated -> http://<redacted>:<redacted>@us.decodo.com:10049 (relaunching context)
2026-09-26 05:21:22,031 INFO sportsdataverse.mbb.mbb_ncaa_fetch: stats.ncaa.org terms gate -- accepting (one 10000 ms dwell)
2026-09-26 05:21:37,846 WARNING sportsdataverse.mbb.mbb_ncaa_fetch: stats.ncaa.org terms gate not accepted: https://stats.ncaa.org/contests/294040/situational_stats -- backing off 300 s (1/3)
2026-09-26 05:26:49,703 INFO sportsdataverse.mbb.mbb_ncaa_fetch: stats.ncaa.org terms gate -- accepting (one 10000 ms dwell)
2026-09-26 05:27:05,783 WARNING sportsdataverse.mbb.mbb_ncaa_fetch: stats.ncaa.org terms gate not accepted: https://stats.ncaa.org/contests/294040/situational_stats -- backing off 300 s (2/3)
2026-09-26 05:32:18,339 INFO sportsdataverse.mbb.mbb_ncaa_fetch: stats.ncaa.org terms gate -- accepting (one 10000 ms dwell)
2026-09-26 05:32:34,992 WARNING sportsdataverse.mbb.mbb_ncaa_fetch: stats.ncaa.org terms gate not accepted: https://stats.ncaa.org/contests/294040/situational_stats -- backing off 300 s (3/3)
2026-09-26 05:37:47,502 INFO sportsdataverse.mbb.mbb_ncaa_fetch: stats.ncaa.org terms gate -- accepting (one 10000 ms dwell)
2026-09-26 05:38:07,382 INFO sportsdataverse.mbb.mbb_ncaa_fetch: stats.ncaa.org terms gate -- accepting (one 10000 ms dwell)
2026-09-26 05:38:27,495 INFO sportsdataverse.mbb.mbb_ncaa_fetch: stats.ncaa.org terms gate -- accepting (one 10000 ms dwell)
2026-09-26 05:38:47,612 INFO sportsdataverse.mbb.mbb_ncaa_fetch: stats.ncaa.org terms gate -- accepting (one 10000 ms dwell)
2026-09-26 05:39:07,832 INFO sportsdataverse.mbb.mbb_ncaa_fetch: stats.ncaa.org terms gate -- accepting (one 10000 ms dwell)
2026-09-26 05:39:24,483 INFO sportsdataverse.mbb.mbb_ncaa_fetch: bm-verify not passed (412-byte response) -- re-solving, attempt 1/3
2026-09-26 05:39:33,057 INFO sportsdataverse.mbb.mbb_ncaa_fetch: bm-verify not passed (412-byte response) -- re-solving, attempt 2/3
2026-09-26 05:39:41,724 INFO sportsdataverse.mbb.mbb_ncaa_fetch: bm-verify not passed (412-byte response) -- re-solving, attempt 3/3
2026-09-26 05:39:41,725 DEBUG sportsdataverse.mbb.mbb_ncaa_fetch: transport error on http://<redacted>:<redacted>@us.decodo.com:10049: RuntimeError: bm-verify not passed after 3 attempts (412-byte response): https://stats.ncaa.org/contests/294092/individual_stats
2026-09-26 05:39:41,725 DEBUG sportsdataverse.mbb.mbb_ncaa_fetch: rotating proxy: transport error
2026-09-26 05:39:42,725 INFO sportsdataverse.mbb.mbb_ncaa_fetch: browser proxy rotated -> http://<redacted>:<redacted>@us.decodo.com:10050 (relaunching context)
2026-09-26 05:40:00,382 INFO sportsdataverse.mbb.mbb_ncaa_fetch: stats.ncaa.org terms gate -- accepting (one 10000 ms dwell)
2026-09-26 05:40:20,673 INFO sportsdataverse.mbb.mbb_ncaa_fetch: stats.ncaa.org terms gate -- accepting (one 10000 ms dwell)
2026-09-26 05:40:39,696 INFO sportsdataverse.mbb.mbb_ncaa_fetch: stats.ncaa.org terms gate -- accepting (one 10000 ms dwell)
2026-09-26 05:40:58,942 INFO sportsdataverse.mbb.mbb_ncaa_fetch: stats.ncaa.org terms gate -- accepting (one 10000 ms dwell)
2026-09-26 05:41:18,107 INFO sportsdataverse.mbb.mbb_ncaa_fetch: stats.ncaa.org terms gate -- accepting (one 10000 ms dwell)
2026-09-26 05:41:35,518 INFO sportsdataverse.mbb.mbb_ncaa_fetch: bm-verify not passed (412-byte response) -- re-solving, attempt 1/3
2026-09-26 05:41:43,979 INFO sportsdataverse.mbb.mbb_ncaa_fetch: bm-verify not passed (412-byte response) -- re-solving, attempt 2/3
2026-09-26 05:41:52,445 INFO sportsdataverse.mbb.mbb_ncaa_fetch: bm-verify not passed (412-byte response) -- re-solving, attempt 3/3
2026-09-26 05:41:52,446 DEBUG sportsdataverse.mbb.mbb_ncaa_fetch: transport error on http://<redacted>:<redacted>@us.decodo.com:10050: RuntimeError: bm-verify not passed after 3 attempts (412-byte response): https://stats.ncaa.org/contests/294112/individual_stats
2026-09-26 05:41:52,446 DEBUG sportsdataverse.mbb.mbb_ncaa_fetch: rotating proxy: transport error
2026-09-26 05:41:53,446 INFO sportsdataverse.mbb.mbb_ncaa_fetch: browser proxy rotated -> http://<redacted>:<redacted>@us.decodo.com:10001 (relaunching context)
2026-09-26 05:42:10,695 INFO sportsdataverse.mbb.mbb_ncaa_fetch: stats.ncaa.org terms gate -- accepting (one 10000 ms dwell)
2026-09-26 05:42:31,138 INFO sportsdataverse.mbb.mbb_ncaa_fetch: stats.ncaa.org terms gate -- accepting (one 10000 ms dwell)
2026-09-26 05:42:51,513 INFO sportsdataverse.mbb.mbb_ncaa_fetch: stats.ncaa.org terms gate -- accepting (one 10000 ms dwell)
2026-09-26 05:43:10,853 INFO sportsdataverse.mbb.mbb_ncaa_fetch: stats.ncaa.org terms gate -- accepting (one 10000 ms dwell)
2026-09-26 05:43:30,070 INFO sportsdataverse.mbb.mbb_ncaa_fetch: stats.ncaa.org terms gate -- accepting (one 10000 ms dwell)
2026-09-26 05:43:47,870 INFO sportsdataverse.mbb.mbb_ncaa_fetch: bm-verify not passed (410-byte response) -- re-solving, attempt 1/3
2026-09-26 05:43:56,234 INFO sportsdataverse.mbb.mbb_ncaa_fetch: bm-verify not passed (410-byte response) -- re-solving, attempt 2/3
2026-09-26 05:44:04,604 INFO sportsdataverse.mbb.mbb_ncaa_fetch: bm-verify not passed (410-byte response) -- re-solving, attempt 3/3
2026-09-26 05:44:04,604 DEBUG sportsdataverse.mbb.mbb_ncaa_fetch: transport error on http://<redacted>:<redacted>@us.decodo.com:10001: RuntimeError: bm-verify not passed after 3 attempts (410-byte response): https://stats.ncaa.org/contests/294132/individual_stats
2026-09-26 05:44:04,604 DEBUG sportsdataverse.mbb.mbb_ncaa_fetch: rotating proxy: transport error
2026-09-26 05:44:05,605 INFO sportsdataverse.mbb.mbb_ncaa_fetch: browser proxy rotated -> http://<redacted>:<redacted>@us.decodo.com:10002 (relaunching context)
2026-09-26 05:44:23,632 INFO sportsdataverse.mbb.mbb_ncaa_fetch: stats.ncaa.org terms gate -- accepting (one 10000 ms dwell)
2026-09-26 05:44:44,856 INFO sportsdataverse.mbb.mbb_ncaa_fetch: stats.ncaa.org terms gate -- accepting (one 10000 ms dwell)
2026-09-26 05:45:04,647 INFO sportsdataverse.mbb.mbb_ncaa_fetch: stats.ncaa.org terms gate -- accepting (one 10000 ms dwell)
2026-09-26 05:45:25,258 INFO sportsdataverse.mbb.mbb_ncaa_fetch: stats.ncaa.org terms gate -- accepting (one 10000 ms dwell)
2026-09-26 05:45:45,229 INFO sportsdataverse.mbb.mbb_ncaa_fetch: stats.ncaa.org terms gate -- accepting (one 10000 ms dwell)
2026-09-26 05:46:04,916 INFO sportsdataverse.mbb.mbb_ncaa_fetch: bm-verify not passed (412-byte response) -- re-solving, attempt 1/3
2026-09-26 05:46:13,501 INFO sportsdataverse.mbb.mbb_ncaa_fetch: bm-verify not passed (412-byte response) -- re-solving, attempt 2/3
2026-09-26 05:46:22,113 INFO sportsdataverse.mbb.mbb_ncaa_fetch: bm-verify not passed (412-byte response) -- re-solving, attempt 3/3
2026-09-26 05:46:22,114 DEBUG sportsdataverse.mbb.mbb_ncaa_fetch: transport error on http://<redacted>:<redacted>@us.decodo.com:10002: RuntimeError: bm-verify not passed after 3 attempts (412-byte response): https://stats.ncaa.org/contests/294138/individual_stats
2026-09-26 05:46:22,114 DEBUG sportsdataverse.mbb.mbb_ncaa_fetch: rotating proxy: transport error
2026-09-26 05:46:23,115 INFO sportsdataverse.mbb.mbb_ncaa_fetch: browser proxy rotated -> http://<redacted>:<redacted>@us.decodo.com:10003 (relaunching context)
2026-09-26 05:46:38,714 INFO sportsdataverse.mbb.mbb_ncaa_fetch: stats.ncaa.org terms gate -- accepting (one 10000 ms dwell)
2026-09-26 05:46:56,597 INFO sportsdataverse.mbb.mbb_ncaa_fetch: stats.ncaa.org terms gate -- accepting (one 10000 ms dwell)
2026-09-26 05:47:13,559 INFO sportsdataverse.mbb.mbb_ncaa_fetch: stats.ncaa.org terms gate -- accepting (one 10000 ms dwell)
2026-09-26 05:47:30,713 INFO sportsdataverse.mbb.mbb_ncaa_fetch: stats.ncaa.org terms gate -- accepting (one 10000 ms dwell)
2026-09-26 05:47:44,586 INFO sportsdataverse.mbb.mbb_ncaa_fetch: bm-verify not passed (412-byte response) -- re-solving, attempt 1/3
2026-09-26 05:47:53,080 INFO sportsdataverse.mbb.mbb_ncaa_fetch: bm-verify not passed (412-byte response) -- re-solving, attempt 2/3
2026-09-26 05:48:01,567 INFO sportsdataverse.mbb.mbb_ncaa_fetch: bm-verify not passed (412-byte response) -- re-solving, attempt 3/3
2026-09-26 05:48:01,568 DEBUG sportsdataverse.mbb.mbb_ncaa_fetch: transport error on http://<redacted>:<redacted>@us.decodo.com:10003: RuntimeError: bm-verify not passed after 3 attempts (412-byte response): https://stats.ncaa.org/contests/294142/individual_stats
2026-09-26 05:48:01,568 DEBUG sportsdataverse.mbb.mbb_ncaa_fetch: rotating proxy: transport error
2026-09-26 05:48:02,568 INFO sportsdataverse.mbb.mbb_ncaa_fetch: browser proxy rotated -> http://<redacted>:<redacted>@us.decodo.com:10004 (relaunching context)
2026-09-26 05:48:19,123 INFO sportsdataverse.mbb.mbb_ncaa_fetch: stats.ncaa.org terms gate -- accepting (one 10000 ms dwell)
2026-09-26 05:48:35,093 WARNING sportsdataverse.mbb.mbb_ncaa_fetch: stats.ncaa.org terms gate not accepted: https://stats.ncaa.org/contests/294142/individual_stats -- backing off 300 s (1/3)
2026-09-26 05:53:48,522 INFO sportsdataverse.mbb.mbb_ncaa_fetch: stats.ncaa.org terms gate -- accepting (one 10000 ms dwell)
2026-09-26 05:54:09,015 INFO sportsdataverse.mbb.mbb_ncaa_fetch: stats.ncaa.org terms gate -- accepting (one 10000 ms dwell)
2026-09-26 05:54:28,587 INFO sportsdataverse.mbb.mbb_ncaa_fetch: stats.ncaa.org terms gate -- accepting (one 10000 ms dwell)
2026-09-26 05:54:48,097 INFO sportsdataverse.mbb.mbb_ncaa_fetch: stats.ncaa.org terms gate -- accepting (one 10000 ms dwell)
2026-09-26 05:55:13,509 DEBUG sportsdataverse.mbb.mbb_ncaa_fetch: transport error on http://<redacted>:<redacted>@us.decodo.com:10004: _TermsAcceptError: stats.ncaa.org terms acceptance failed: https://stats.ncaa.org/contests/294150/team_stats: net::ERR_TUNNEL_CONNECTION_FAILED
2026-09-26 05:55:13,510 DEBUG sportsdataverse.mbb.mbb_ncaa_fetch: rotating proxy: transport error
2026-09-26 05:55:14,510 INFO sportsdataverse.mbb.mbb_ncaa_fetch: browser proxy rotated -> http://<redacted>:<redacted>@us.decodo.com:10005 (relaunching context)
2026-09-26 05:55:30,197 INFO sportsdataverse.mbb.mbb_ncaa_fetch: stats.ncaa.org terms gate -- accepting (one 10000 ms dwell)
2026-09-26 05:55:46,787 WARNING sportsdataverse.mbb.mbb_ncaa_fetch: stats.ncaa.org terms gate not accepted: https://stats.ncaa.org/contests/294150/team_stats -- backing off 300 s (1/3)
2026-09-26 06:00:59,320 INFO sportsdataverse.mbb.mbb_ncaa_fetch: stats.ncaa.org terms gate -- accepting (one 10000 ms dwell)
2026-09-26 06:01:19,809 INFO sportsdataverse.mbb.mbb_ncaa_fetch: stats.ncaa.org terms gate -- accepting (one 10000 ms dwell)
2026-09-26 06:01:40,613 INFO sportsdataverse.mbb.mbb_ncaa_fetch: stats.ncaa.org terms gate -- accepting (one 10000 ms dwell)
2026-09-26 06:02:01,841 INFO sportsdataverse.mbb.mbb_ncaa_fetch: stats.ncaa.org terms gate -- accepting (one 10000 ms dwell)
2026-09-26 06:02:22,164 INFO sportsdataverse.mbb.mbb_ncaa_fetch: stats.ncaa.org terms gate -- accepting (one 10000 ms dwell)
2026-09-26 06:02:39,490 INFO sportsdataverse.mbb.mbb_ncaa_fetch: bm-verify not passed (405-byte response) -- re-solving, attempt 1/3
2026-09-26 06:02:48,114 INFO sportsdataverse.mbb.mbb_ncaa_fetch: bm-verify not passed (405-byte response) -- re-solving, attempt 2/3
2026-09-26 06:02:56,757 INFO sportsdataverse.mbb.mbb_ncaa_fetch: bm-verify not passed (405-byte response) -- re-solving, attempt 3/3
2026-09-26 06:02:56,757 DEBUG sportsdataverse.mbb.mbb_ncaa_fetch: transport error on http://<redacted>:<redacted>@us.decodo.com:10005: RuntimeError: bm-verify not passed after 3 attempts (405-byte response): https://stats.ncaa.org/contests/294160/box_score
2026-09-26 06:02:56,757 DEBUG sportsdataverse.mbb.mbb_ncaa_fetch: rotating proxy: transport error
2026-09-26 06:02:57,758 INFO sportsdataverse.mbb.mbb_ncaa_fetch: browser proxy rotated -> http://<redacted>:<redacted>@us.decodo.com:10006 (relaunching context)
2026-09-26 06:03:12,867 INFO sportsdataverse.mbb.mbb_ncaa_fetch: stats.ncaa.org terms gate -- accepting (one 10000 ms dwell)
2026-09-26 06:03:30,099 INFO sportsdataverse.mbb.mbb_ncaa_fetch: stats.ncaa.org terms gate -- accepting (one 10000 ms dwell)
2026-09-26 06:03:47,295 INFO sportsdataverse.mbb.mbb_ncaa_fetch: stats.ncaa.org terms gate -- accepting (one 10000 ms dwell)
2026-09-26 06:04:04,878 INFO sportsdataverse.mbb.mbb_ncaa_fetch: stats.ncaa.org terms gate -- accepting (one 10000 ms dwell)
2026-09-26 06:04:22,175 INFO sportsdataverse.mbb.mbb_ncaa_fetch: stats.ncaa.org terms gate -- accepting (one 10000 ms dwell)
2026-09-26 06:04:38,142 INFO sportsdataverse.mbb.mbb_ncaa_fetch: bm-verify not passed (405-byte response) -- re-solving, attempt 1/3
2026-09-26 06:04:46,346 INFO sportsdataverse.mbb.mbb_ncaa_fetch: bm-verify not passed (405-byte response) -- re-solving, attempt 2/3
2026-09-26 06:04:54,592 INFO sportsdataverse.mbb.mbb_ncaa_fetch: bm-verify not passed (405-byte response) -- re-solving, attempt 3/3
2026-09-26 06:04:54,593 DEBUG sportsdataverse.mbb.mbb_ncaa_fetch: transport error on http://<redacted>:<redacted>@us.decodo.com:10006: RuntimeError: bm-verify not passed after 3 attempts (405-byte response): https://stats.ncaa.org/contests/294182/box_score
2026-09-26 06:04:54,593 DEBUG sportsdataverse.mbb.mbb_ncaa_fetch: rotating proxy: transport error
2026-09-26 06:04:55,593 INFO sportsdataverse.mbb.mbb_ncaa_fetch: browser proxy rotated -> http://<redacted>:<redacted>@us.decodo.com:10007 (relaunching context)
2026-09-26 06:05:13,594 INFO sportsdataverse.mbb.mbb_ncaa_fetch: stats.ncaa.org terms gate -- accepting (one 10000 ms dwell)
2026-09-26 06:05:33,604 INFO sportsdataverse.mbb.mbb_ncaa_fetch: stats.ncaa.org terms gate -- accepting (one 10000 ms dwell)
2026-09-26 06:05:52,901 INFO sportsdataverse.mbb.mbb_ncaa_fetch: stats.ncaa.org terms gate -- accepting (one 10000 ms dwell)
2026-09-26 06:06:11,669 INFO sportsdataverse.mbb.mbb_ncaa_fetch: stats.ncaa.org terms gate -- accepting (one 10000 ms dwell)
2026-09-26 06:06:30,850 INFO sportsdataverse.mbb.mbb_ncaa_fetch: stats.ncaa.org terms gate -- accepting (one 10000 ms dwell)
2026-09-26 06:06:48,206 INFO sportsdataverse.mbb.mbb_ncaa_fetch: bm-verify not passed (405-byte response) -- re-solving, attempt 1/3
2026-09-26 06:06:56,530 INFO sportsdataverse.mbb.mbb_ncaa_fetch: bm-verify not passed (405-byte response) -- re-solving, attempt 2/3
2026-09-26 06:07:04,910 INFO sportsdataverse.mbb.mbb_ncaa_fetch: bm-verify not passed (405-byte response) -- re-solving, attempt 3/3
2026-09-26 06:07:04,911 DEBUG sportsdataverse.mbb.mbb_ncaa_fetch: transport error on http://<redacted>:<redacted>@us.decodo.com:10007: RuntimeError: bm-verify not passed after 3 attempts (405-byte response): https://stats.ncaa.org/contests/294206/box_score
2026-09-26 06:07:04,911 DEBUG sportsdataverse.mbb.mbb_ncaa_fetch: rotating proxy: transport error
2026-09-26 06:07:05,911 INFO sportsdataverse.mbb.mbb_ncaa_fetch: browser proxy rotated -> http://<redacted>:<redacted>@us.decodo.com:10008 (relaunching context)
2026-09-26 06:07:20,693 INFO sportsdataverse.mbb.mbb_ncaa_fetch: stats.ncaa.org terms gate -- accepting (one 10000 ms dwell)
2026-09-26 06:07:39,397 INFO sportsdataverse.mbb.mbb_ncaa_fetch: stats.ncaa.org terms gate -- accepting (one 10000 ms dwell)
2026-09-26 06:07:58,458 INFO sportsdataverse.mbb.mbb_ncaa_fetch: stats.ncaa.org terms gate -- accepting (one 10000 ms dwell)
2026-09-26 06:08:16,391 INFO sportsdataverse.mbb.mbb_ncaa_fetch: stats.ncaa.org terms gate -- accepting (one 10000 ms dwell)
2026-09-26 06:08:35,923 INFO sportsdataverse.mbb.mbb_ncaa_fetch: stats.ncaa.org terms gate -- accepting (one 10000 ms dwell)
2026-09-26 06:08:52,451 INFO sportsdataverse.mbb.mbb_ncaa_fetch: bm-verify not passed (405-byte response) -- re-solving, attempt 1/3
2026-09-26 06:09:00,677 INFO sportsdataverse.mbb.mbb_ncaa_fetch: bm-verify not passed (405-byte response) -- re-solving, attempt 2/3
2026-09-26 06:09:09,116 INFO sportsdataverse.mbb.mbb_ncaa_fetch: bm-verify not passed (405-byte response) -- re-solving, attempt 3/3
2026-09-26 06:09:09,116 DEBUG sportsdataverse.mbb.mbb_ncaa_fetch: transport error on http://<redacted>:<redacted>@us.decodo.com:10008: RuntimeError: bm-verify not passed after 3 attempts (405-byte response): https://stats.ncaa.org/contests/294223/box_score
2026-09-26 06:09:09,116 DEBUG sportsdataverse.mbb.mbb_ncaa_fetch: rotating proxy: transport error
2026-09-26 06:09:10,116 INFO sportsdataverse.mbb.mbb_ncaa_fetch: browser proxy rotated -> http://<redacted>:<redacted>@us.decodo.com:10009 (relaunching context)
2026-09-26 06:09:29,522 INFO sportsdataverse.mbb.mbb_ncaa_fetch: stats.ncaa.org terms gate -- accepting (one 10000 ms dwell)
2026-09-26 06:09:50,924 INFO sportsdataverse.mbb.mbb_ncaa_fetch: stats.ncaa.org terms gate -- accepting (one 10000 ms dwell)
2026-09-26 06:10:12,101 INFO sportsdataverse.mbb.mbb_ncaa_fetch: stats.ncaa.org terms gate -- accepting (one 10000 ms dwell)
2026-09-26 06:10:37,883 INFO sportsdataverse.mbb.mbb_ncaa_fetch: stats.ncaa.org terms gate -- accepting (one 10000 ms dwell)
2026-09-26 06:11:00,423 INFO sportsdataverse.mbb.mbb_ncaa_fetch: stats.ncaa.org terms gate -- accepting (one 10000 ms dwell)
2026-09-26 06:11:19,221 INFO sportsdataverse.mbb.mbb_ncaa_fetch: bm-verify not passed (405-byte response) -- re-solving, attempt 1/3
2026-09-26 06:11:27,698 INFO sportsdataverse.mbb.mbb_ncaa_fetch: bm-verify not passed (405-byte response) -- re-solving, attempt 2/3
2026-09-26 06:11:36,430 INFO sportsdataverse.mbb.mbb_ncaa_fetch: bm-verify not passed (405-byte response) -- re-solving, attempt 3/3
2026-09-26 06:11:36,430 DEBUG sportsdataverse.mbb.mbb_ncaa_fetch: transport error on http://<redacted>:<redacted>@us.decodo.com:10009: RuntimeError: bm-verify not passed after 3 attempts (405-byte response): https://stats.ncaa.org/contests/294247/box_score
2026-09-26 06:11:36,430 DEBUG sportsdataverse.mbb.mbb_ncaa_fetch: rotating proxy: transport error
2026-09-26 06:11:37,431 INFO sportsdataverse.mbb.mbb_ncaa_fetch: browser proxy rotated -> http://<redacted>:<redacted>@us.decodo.com:10010 (relaunching context)
2026-09-26 06:11:55,373 INFO sportsdataverse.mbb.mbb_ncaa_fetch: stats.ncaa.org terms gate -- accepting (one 10000 ms dwell)
2026-09-26 06:12:15,830 INFO sportsdataverse.mbb.mbb_ncaa_fetch: stats.ncaa.org terms gate -- accepting (one 10000 ms dwell)
2026-09-26 06:12:35,957 INFO sportsdataverse.mbb.mbb_ncaa_fetch: stats.ncaa.org terms gate -- accepting (one 10000 ms dwell)
2026-09-26 06:12:55,670 INFO sportsdataverse.mbb.mbb_ncaa_fetch: stats.ncaa.org terms gate -- accepting (one 10000 ms dwell)
2026-09-26 06:13:11,227 INFO sportsdataverse.mbb.mbb_ncaa_fetch: bm-verify not passed (405-byte response) -- re-solving, attempt 1/3
2026-09-26 06:13:19,816 INFO sportsdataverse.mbb.mbb_ncaa_fetch: bm-verify not passed (405-byte response) -- re-solving, attempt 2/3
2026-09-26 06:13:28,426 INFO sportsdataverse.mbb.mbb_ncaa_fetch: bm-verify not passed (405-byte response) -- re-solving, attempt 3/3
2026-09-26 06:13:28,426 DEBUG sportsdataverse.mbb.mbb_ncaa_fetch: transport error on http://<redacted>:<redacted>@us.decodo.com:10010: RuntimeError: bm-verify not passed after 3 attempts (405-byte response): https://stats.ncaa.org/contests/294262/box_score
2026-09-26 06:13:28,426 DEBUG sportsdataverse.mbb.mbb_ncaa_fetch: rotating proxy: transport error
2026-09-26 06:13:29,427 INFO sportsdataverse.mbb.mbb_ncaa_fetch: browser proxy rotated -> http://<redacted>:<redacted>@us.decodo.com:10011 (relaunching context)
2026-09-26 06:13:46,432 INFO sportsdataverse.mbb.mbb_ncaa_fetch: stats.ncaa.org terms gate -- accepting (one 10000 ms dwell)
2026-09-26 06:14:03,214 WARNING sportsdataverse.mbb.mbb_ncaa_fetch: stats.ncaa.org terms gate not accepted: https://stats.ncaa.org/contests/294262/box_score -- backing off 300 s (1/3)
2026-09-26 06:19:14,728 INFO sportsdataverse.mbb.mbb_ncaa_fetch: stats.ncaa.org terms gate -- accepting (one 10000 ms dwell)
2026-09-26 06:19:31,512 WARNING sportsdataverse.mbb.mbb_ncaa_fetch: stats.ncaa.org terms gate not accepted: https://stats.ncaa.org/contests/294262/box_score -- backing off 300 s (2/3)
2026-09-26 06:24:43,503 INFO sportsdataverse.mbb.mbb_ncaa_fetch: stats.ncaa.org terms gate -- accepting (one 10000 ms dwell)
2026-09-26 06:25:02,258 INFO sportsdataverse.mbb.mbb_ncaa_fetch: stats.ncaa.org terms gate -- accepting (one 10000 ms dwell)
2026-09-26 06:25:21,687 INFO sportsdataverse.mbb.mbb_ncaa_fetch: stats.ncaa.org terms gate -- accepting (one 10000 ms dwell)
2026-09-26 06:25:40,721 INFO sportsdataverse.mbb.mbb_ncaa_fetch: stats.ncaa.org terms gate -- accepting (one 10000 ms dwell)
2026-09-26 06:26:00,956 INFO sportsdataverse.mbb.mbb_ncaa_fetch: stats.ncaa.org terms gate -- accepting (one 10000 ms dwell)
2026-09-26 06:26:18,603 INFO sportsdataverse.mbb.mbb_ncaa_fetch: bm-verify not passed (412-byte response) -- re-solving, attempt 1/3
2026-09-26 06:26:26,961 INFO sportsdataverse.mbb.mbb_ncaa_fetch: bm-verify not passed (412-byte response) -- re-solving, attempt 2/3
2026-09-26 06:26:35,349 INFO sportsdataverse.mbb.mbb_ncaa_fetch: bm-verify not passed (412-byte response) -- re-solving, attempt 3/3
2026-09-26 06:26:35,350 DEBUG sportsdataverse.mbb.mbb_ncaa_fetch: transport error on http://<redacted>:<redacted>@us.decodo.com:10011: RuntimeError: bm-verify not passed after 3 attempts (412-byte response): https://stats.ncaa.org/contests/294283/play_by_play
2026-09-26 06:26:35,350 DEBUG sportsdataverse.mbb.mbb_ncaa_fetch: rotating proxy: transport error
2026-09-26 06:26:36,350 INFO sportsdataverse.mbb.mbb_ncaa_fetch: browser proxy rotated -> http://<redacted>:<redacted>@us.decodo.com:10012 (relaunching context)
2026-09-26 06:26:53,242 INFO sportsdataverse.mbb.mbb_ncaa_fetch: stats.ncaa.org terms gate -- accepting (one 10000 ms dwell)
2026-09-26 06:27:10,389 WARNING sportsdataverse.mbb.mbb_ncaa_fetch: stats.ncaa.org terms gate not accepted: https://stats.ncaa.org/contests/294283/play_by_play -- backing off 300 s (1/3)
2026-09-26 06:32:22,213 INFO sportsdataverse.mbb.mbb_ncaa_fetch: stats.ncaa.org terms gate -- accepting (one 10000 ms dwell)
2026-09-26 06:32:40,649 INFO sportsdataverse.mbb.mbb_ncaa_fetch: stats.ncaa.org terms gate -- accepting (one 10000 ms dwell)
2026-09-26 06:33:00,796 INFO sportsdataverse.mbb.mbb_ncaa_fetch: stats.ncaa.org terms gate -- accepting (one 10000 ms dwell)
2026-09-26 06:33:19,736 INFO sportsdataverse.mbb.mbb_ncaa_fetch: stats.ncaa.org terms gate -- accepting (one 10000 ms dwell)
2026-09-26 06:33:38,559 INFO sportsdataverse.mbb.mbb_ncaa_fetch: stats.ncaa.org terms gate -- accepting (one 10000 ms dwell)
2026-09-26 06:33:54,280 INFO sportsdataverse.mbb.mbb_ncaa_fetch: bm-verify not passed (413-byte response) -- re-solving, attempt 1/3
2026-09-26 06:34:02,559 INFO sportsdataverse.mbb.mbb_ncaa_fetch: bm-verify not passed (413-byte response) -- re-solving, attempt 2/3
2026-09-26 06:34:10,896 INFO sportsdataverse.mbb.mbb_ncaa_fetch: bm-verify not passed (413-byte response) -- re-solving, attempt 3/3
2026-09-26 06:34:10,896 DEBUG sportsdataverse.mbb.mbb_ncaa_fetch: transport error on http://<redacted>:<redacted>@us.decodo.com:10012: RuntimeError: bm-verify not passed after 3 attempts (413-byte response): https://stats.ncaa.org/contests/294301/situational_stats
2026-09-26 06:34:10,896 DEBUG sportsdataverse.mbb.mbb_ncaa_fetch: rotating proxy: transport error
2026-09-26 06:34:11,897 INFO sportsdataverse.mbb.mbb_ncaa_fetch: browser proxy rotated -> http://<redacted>:<redacted>@us.decodo.com:10013 (relaunching context)
2026-09-26 06:34:28,202 INFO sportsdataverse.mbb.mbb_ncaa_fetch: stats.ncaa.org terms gate -- accepting (one 10000 ms dwell)
2026-09-26 06:34:48,187 INFO sportsdataverse.mbb.mbb_ncaa_fetch: stats.ncaa.org terms gate -- accepting (one 10000 ms dwell)
2026-09-26 06:35:06,848 INFO sportsdataverse.mbb.mbb_ncaa_fetch: stats.ncaa.org terms gate -- accepting (one 10000 ms dwell)
2026-09-26 06:35:25,417 INFO sportsdataverse.mbb.mbb_ncaa_fetch: stats.ncaa.org terms gate -- accepting (one 10000 ms dwell)
2026-09-26 06:35:44,141 INFO sportsdataverse.mbb.mbb_ncaa_fetch: stats.ncaa.org terms gate -- accepting (one 10000 ms dwell)
2026-09-26 06:36:01,187 INFO sportsdataverse.mbb.mbb_ncaa_fetch: bm-verify not passed (413-byte response) -- re-solving, attempt 1/3
2026-09-26 06:36:09,628 INFO sportsdataverse.mbb.mbb_ncaa_fetch: bm-verify not passed (413-byte response) -- re-solving, attempt 2/3
2026-09-26 06:36:18,089 INFO sportsdataverse.mbb.mbb_ncaa_fetch: bm-verify not passed (413-byte response) -- re-solving, attempt 3/3
2026-09-26 06:36:18,089 DEBUG sportsdataverse.mbb.mbb_ncaa_fetch: transport error on http://<redacted>:<redacted>@us.decodo.com:10013: RuntimeError: bm-verify not passed after 3 attempts (413-byte response): https://stats.ncaa.org/contests/294307/situational_stats
2026-09-26 06:36:18,089 DEBUG sportsdataverse.mbb.mbb_ncaa_fetch: rotating proxy: transport error
2026-09-26 06:36:19,089 INFO sportsdataverse.mbb.mbb_ncaa_fetch: browser proxy rotated -> http://<redacted>:<redacted>@us.decodo.com:10014 (relaunching context)
2026-09-26 06:36:36,136 INFO sportsdataverse.mbb.mbb_ncaa_fetch: stats.ncaa.org terms gate -- accepting (one 10000 ms dwell)
2026-09-26 06:36:55,440 INFO sportsdataverse.mbb.mbb_ncaa_fetch: stats.ncaa.org terms gate -- accepting (one 10000 ms dwell)
2026-09-26 06:37:13,896 INFO sportsdataverse.mbb.mbb_ncaa_fetch: stats.ncaa.org terms gate -- accepting (one 10000 ms dwell)
2026-09-26 06:37:32,680 INFO sportsdataverse.mbb.mbb_ncaa_fetch: stats.ncaa.org terms gate -- accepting (one 10000 ms dwell)
2026-09-26 06:37:51,932 INFO sportsdataverse.mbb.mbb_ncaa_fetch: stats.ncaa.org terms gate -- accepting (one 10000 ms dwell)
2026-09-26 06:38:08,832 INFO sportsdataverse.mbb.mbb_ncaa_fetch: bm-verify not passed (411-byte response) -- re-solving, attempt 1/3
2026-09-26 06:38:17,122 INFO sportsdataverse.mbb.mbb_ncaa_fetch: bm-verify not passed (411-byte response) -- re-solving, attempt 2/3
2026-09-26 06:38:25,513 INFO sportsdataverse.mbb.mbb_ncaa_fetch: bm-verify not passed (411-byte response) -- re-solving, attempt 3/3
2026-09-26 06:38:25,513 DEBUG sportsdataverse.mbb.mbb_ncaa_fetch: transport error on http://<redacted>:<redacted>@us.decodo.com:10014: RuntimeError: bm-verify not passed after 3 attempts (411-byte response): https://stats.ncaa.org/contests/294315/situational_stats
2026-09-26 06:38:25,513 DEBUG sportsdataverse.mbb.mbb_ncaa_fetch: rotating proxy: transport error
2026-09-26 06:38:26,513 INFO sportsdataverse.mbb.mbb_ncaa_fetch: browser proxy rotated -> http://<redacted>:<redacted>@us.decodo.com:10015 (relaunching context)
2026-09-26 06:38:41,220 INFO sportsdataverse.mbb.mbb_ncaa_fetch: stats.ncaa.org terms gate -- accepting (one 10000 ms dwell)
2026-09-26 06:38:58,697 INFO sportsdataverse.mbb.mbb_ncaa_fetch: stats.ncaa.org terms gate -- accepting (one 10000 ms dwell)
2026-09-26 06:39:15,911 INFO sportsdataverse.mbb.mbb_ncaa_fetch: stats.ncaa.org terms gate -- accepting (one 10000 ms dwell)
2026-09-26 06:39:33,496 INFO sportsdataverse.mbb.mbb_ncaa_fetch: stats.ncaa.org terms gate -- accepting (one 10000 ms dwell)
2026-09-26 06:39:47,445 INFO sportsdataverse.mbb.mbb_ncaa_fetch: bm-verify not passed (413-byte response) -- re-solving, attempt 1/3
2026-09-26 06:39:55,676 INFO sportsdataverse.mbb.mbb_ncaa_fetch: bm-verify not passed (413-byte response) -- re-solving, attempt 2/3
2026-09-26 06:40:03,869 INFO sportsdataverse.mbb.mbb_ncaa_fetch: bm-verify not passed (413-byte response) -- re-solving, attempt 3/3
2026-09-26 06:40:03,869 DEBUG sportsdataverse.mbb.mbb_ncaa_fetch: transport error on http://<redacted>:<redacted>@us.decodo.com:10015: RuntimeError: bm-verify not passed after 3 attempts (413-byte response): https://stats.ncaa.org/contests/294321/situational_stats
2026-09-26 06:40:03,869 DEBUG sportsdataverse.mbb.mbb_ncaa_fetch: rotating proxy: transport error
2026-09-26 06:40:04,869 INFO sportsdataverse.mbb.mbb_ncaa_fetch: browser proxy rotated -> http://<redacted>:<redacted>@us.decodo.com:10016 (relaunching context)
2026-09-26 06:40:22,184 INFO sportsdataverse.mbb.mbb_ncaa_fetch: stats.ncaa.org terms gate -- accepting (one 10000 ms dwell)
2026-09-26 06:40:39,341 WARNING sportsdataverse.mbb.mbb_ncaa_fetch: stats.ncaa.org terms gate not accepted: https://stats.ncaa.org/contests/294321/situational_stats -- backing off 300 s (1/3)
2026-09-26 06:45:51,443 INFO sportsdataverse.mbb.mbb_ncaa_fetch: stats.ncaa.org terms gate -- accepting (one 10000 ms dwell)
2026-09-26 06:46:10,714 INFO sportsdataverse.mbb.mbb_ncaa_fetch: stats.ncaa.org terms gate -- accepting (one 10000 ms dwell)
2026-09-26 06:46:30,031 INFO sportsdataverse.mbb.mbb_ncaa_fetch: stats.ncaa.org terms gate -- accepting (one 10000 ms dwell)
2026-09-26 06:46:49,266 INFO sportsdataverse.mbb.mbb_ncaa_fetch: stats.ncaa.org terms gate -- accepting (one 10000 ms dwell)
2026-09-26 06:47:08,221 INFO sportsdataverse.mbb.mbb_ncaa_fetch: stats.ncaa.org terms gate -- accepting (one 10000 ms dwell)
2026-09-26 06:47:24,197 INFO sportsdataverse.mbb.mbb_ncaa_fetch: bm-verify not passed (412-byte response) -- re-solving, attempt 1/3
2026-09-26 06:47:32,743 INFO sportsdataverse.mbb.mbb_ncaa_fetch: bm-verify not passed (412-byte response) -- re-solving, attempt 2/3
2026-09-26 06:47:41,303 INFO sportsdataverse.mbb.mbb_ncaa_fetch: bm-verify not passed (412-byte response) -- re-solving, attempt 3/3
2026-09-26 06:47:41,304 DEBUG sportsdataverse.mbb.mbb_ncaa_fetch: transport error on http://<redacted>:<redacted>@us.decodo.com:10016: RuntimeError: bm-verify not passed after 3 attempts (412-byte response): https://stats.ncaa.org/contests/294328/individual_stats
2026-09-26 06:47:41,304 DEBUG sportsdataverse.mbb.mbb_ncaa_fetch: rotating proxy: transport error
2026-09-26 06:47:42,304 INFO sportsdataverse.mbb.mbb_ncaa_fetch: browser proxy rotated -> http://<redacted>:<redacted>@us.decodo.com:10017 (relaunching context)
2026-09-26 06:47:57,968 INFO sportsdataverse.mbb.mbb_ncaa_fetch: stats.ncaa.org terms gate -- accepting (one 10000 ms dwell)
2026-09-26 06:48:13,668 WARNING sportsdataverse.mbb.mbb_ncaa_fetch: stats.ncaa.org terms gate not accepted: https://stats.ncaa.org/contests/294328/individual_stats -- backing off 300 s (1/3)
2026-09-26 06:53:24,894 INFO sportsdataverse.mbb.mbb_ncaa_fetch: stats.ncaa.org terms gate -- accepting (one 10000 ms dwell)
2026-09-26 06:53:42,722 INFO sportsdataverse.mbb.mbb_ncaa_fetch: stats.ncaa.org terms gate -- accepting (one 10000 ms dwell)
2026-09-26 06:54:00,527 INFO sportsdataverse.mbb.mbb_ncaa_fetch: stats.ncaa.org terms gate -- accepting (one 10000 ms dwell)
2026-09-26 06:54:18,558 INFO sportsdataverse.mbb.mbb_ncaa_fetch: stats.ncaa.org terms gate -- accepting (one 10000 ms dwell)
2026-09-26 06:54:36,406 INFO sportsdataverse.mbb.mbb_ncaa_fetch: stats.ncaa.org terms gate -- accepting (one 10000 ms dwell)
2026-09-26 06:54:52,437 INFO sportsdataverse.mbb.mbb_ncaa_fetch: bm-verify not passed (406-byte response) -- re-solving, attempt 1/3
2026-09-26 06:55:00,803 INFO sportsdataverse.mbb.mbb_ncaa_fetch: bm-verify not passed (406-byte response) -- re-solving, attempt 2/3
2026-09-26 06:55:09,210 INFO sportsdataverse.mbb.mbb_ncaa_fetch: bm-verify not passed (406-byte response) -- re-solving, attempt 3/3
2026-09-26 06:55:09,210 DEBUG sportsdataverse.mbb.mbb_ncaa_fetch: transport error on http://<redacted>:<redacted>@us.decodo.com:10017: RuntimeError: bm-verify not passed after 3 attempts (406-byte response): https://stats.ncaa.org/contests/294337/team_stats
2026-09-26 06:55:09,210 DEBUG sportsdataverse.mbb.mbb_ncaa_fetch: rotating proxy: transport error
2026-09-26 06:55:10,210 INFO sportsdataverse.mbb.mbb_ncaa_fetch: browser proxy rotated -> http://<redacted>:<redacted>@us.decodo.com:10018 (relaunching context)
2026-09-26 06:55:28,294 INFO sportsdataverse.mbb.mbb_ncaa_fetch: stats.ncaa.org terms gate -- accepting (one 10000 ms dwell)
2026-09-26 06:55:49,507 INFO sportsdataverse.mbb.mbb_ncaa_fetch: stats.ncaa.org terms gate -- accepting (one 10000 ms dwell)
2026-09-26 06:56:11,575 INFO sportsdataverse.mbb.mbb_ncaa_fetch: stats.ncaa.org terms gate -- accepting (one 10000 ms dwell)
2026-09-26 06:56:32,123 INFO sportsdataverse.mbb.mbb_ncaa_fetch: stats.ncaa.org terms gate -- accepting (one 10000 ms dwell)
2026-09-26 06:56:52,586 INFO sportsdataverse.mbb.mbb_ncaa_fetch: stats.ncaa.org terms gate -- accepting (one 10000 ms dwell)
2026-09-26 06:57:11,161 INFO sportsdataverse.mbb.mbb_ncaa_fetch: bm-verify not passed (406-byte response) -- re-solving, attempt 1/3
2026-09-26 06:57:19,889 INFO sportsdataverse.mbb.mbb_ncaa_fetch: bm-verify not passed (406-byte response) -- re-solving, attempt 2/3
2026-09-26 06:57:28,587 INFO sportsdataverse.mbb.mbb_ncaa_fetch: bm-verify not passed (406-byte response) -- re-solving, attempt 3/3
2026-09-26 06:57:28,587 DEBUG sportsdataverse.mbb.mbb_ncaa_fetch: transport error on http://<redacted>:<redacted>@us.decodo.com:10018: RuntimeError: bm-verify not passed after 3 attempts (406-byte response): https://stats.ncaa.org/contests/294345/team_stats
2026-09-26 06:57:28,587 DEBUG sportsdataverse.mbb.mbb_ncaa_fetch: rotating proxy: transport error
2026-09-26 06:57:29,588 INFO sportsdataverse.mbb.mbb_ncaa_fetch: browser proxy rotated -> http://<redacted>:<redacted>@us.decodo.com:10019 (relaunching context)
2026-09-26 06:57:44,820 INFO sportsdataverse.mbb.mbb_ncaa_fetch: stats.ncaa.org terms gate -- accepting (one 10000 ms dwell)
2026-09-26 06:58:03,275 INFO sportsdataverse.mbb.mbb_ncaa_fetch: stats.ncaa.org terms gate -- accepting (one 10000 ms dwell)
2026-09-26 06:58:22,002 INFO sportsdataverse.mbb.mbb_ncaa_fetch: stats.ncaa.org terms gate -- accepting (one 10000 ms dwell)
2026-09-26 06:58:40,880 INFO sportsdataverse.mbb.mbb_ncaa_fetch: stats.ncaa.org terms gate -- accepting (one 10000 ms dwell)
2026-09-26 06:58:59,591 INFO sportsdataverse.mbb.mbb_ncaa_fetch: stats.ncaa.org terms gate -- accepting (one 10000 ms dwell)
2026-09-26 06:59:16,517 INFO sportsdataverse.mbb.mbb_ncaa_fetch: bm-verify not passed (406-byte response) -- re-solving, attempt 1/3
2026-09-26 06:59:24,787 INFO sportsdataverse.mbb.mbb_ncaa_fetch: bm-verify not passed (406-byte response) -- re-solving, attempt 2/3
2026-09-26 06:59:33,092 INFO sportsdataverse.mbb.mbb_ncaa_fetch: bm-verify not passed (406-byte response) -- re-solving, attempt 3/3
2026-09-26 06:59:33,092 DEBUG sportsdataverse.mbb.mbb_ncaa_fetch: transport error on http://<redacted>:<redacted>@us.decodo.com:10019: RuntimeError: bm-verify not passed after 3 attempts (406-byte response): https://stats.ncaa.org/contests/294355/team_stats
2026-09-26 06:59:33,092 DEBUG sportsdataverse.mbb.mbb_ncaa_fetch: rotating proxy: transport error
2026-09-26 06:59:34,093 INFO sportsdataverse.mbb.mbb_ncaa_fetch: browser proxy rotated -> http://<redacted>:<redacted>@us.decodo.com:10020 (relaunching context)
2026-09-26 06:59:50,239 INFO sportsdataverse.mbb.mbb_ncaa_fetch: stats.ncaa.org terms gate -- accepting (one 10000 ms dwell)
2026-09-26 07:00:09,264 INFO sportsdataverse.mbb.mbb_ncaa_fetch: stats.ncaa.org terms gate -- accepting (one 10000 ms dwell)
2026-09-26 07:00:28,264 INFO sportsdataverse.mbb.mbb_ncaa_fetch: stats.ncaa.org terms gate -- accepting (one 10000 ms dwell)
2026-09-26 07:00:46,992 INFO sportsdataverse.mbb.mbb_ncaa_fetch: stats.ncaa.org terms gate -- accepting (one 10000 ms dwell)
2026-09-26 07:01:05,346 INFO sportsdataverse.mbb.mbb_ncaa_fetch: stats.ncaa.org terms gate -- accepting (one 10000 ms dwell)
2026-09-26 07:01:23,200 INFO sportsdataverse.mbb.mbb_ncaa_fetch: bm-verify not passed (404-byte response) -- re-solving, attempt 1/3
2026-09-26 07:01:31,481 INFO sportsdataverse.mbb.mbb_ncaa_fetch: bm-verify not passed (404-byte response) -- re-solving, attempt 2/3
2026-09-26 07:01:39,782 INFO sportsdataverse.mbb.mbb_ncaa_fetch: bm-verify not passed (404-byte response) -- re-solving, attempt 3/3
2026-09-26 07:01:39,782 DEBUG sportsdataverse.mbb.mbb_ncaa_fetch: transport error on http://<redacted>:<redacted>@us.decodo.com:10020: RuntimeError: bm-verify not passed after 3 attempts (404-byte response): https://stats.ncaa.org/contests/294365/team_stats
2026-09-26 07:01:39,782 DEBUG sportsdataverse.mbb.mbb_ncaa_fetch: rotating proxy: transport error
2026-09-26 07:01:40,783 INFO sportsdataverse.mbb.mbb_ncaa_fetch: browser proxy rotated -> http://<redacted>:<redacted>@us.decodo.com:10021 (relaunching context)
2026-09-26 07:01:58,039 INFO sportsdataverse.mbb.mbb_ncaa_fetch: stats.ncaa.org terms gate -- accepting (one 10000 ms dwell)
2026-09-26 07:02:18,288 INFO sportsdataverse.mbb.mbb_ncaa_fetch: stats.ncaa.org terms gate -- accepting (one 10000 ms dwell)
2026-09-26 07:02:37,720 INFO sportsdataverse.mbb.mbb_ncaa_fetch: stats.ncaa.org terms gate -- accepting (one 10000 ms dwell)
2026-09-26 07:02:57,047 INFO sportsdataverse.mbb.mbb_ncaa_fetch: stats.ncaa.org terms gate -- accepting (one 10000 ms dwell)
2026-09-26 07:03:11,965 INFO sportsdataverse.mbb.mbb_ncaa_fetch: bm-verify not passed (406-byte response) -- re-solving, attempt 1/3
2026-09-26 07:03:20,541 INFO sportsdataverse.mbb.mbb_ncaa_fetch: bm-verify not passed (406-byte response) -- re-solving, attempt 2/3
2026-09-26 07:03:29,115 INFO sportsdataverse.mbb.mbb_ncaa_fetch: bm-verify not passed (406-byte response) -- re-solving, attempt 3/3
2026-09-26 07:03:29,115 DEBUG sportsdataverse.mbb.mbb_ncaa_fetch: transport error on http://<redacted>:<redacted>@us.decodo.com:10021: RuntimeError: bm-verify not passed after 3 attempts (406-byte response): https://stats.ncaa.org/contests/294371/team_stats
2026-09-26 07:03:29,115 DEBUG sportsdataverse.mbb.mbb_ncaa_fetch: rotating proxy: transport error
2026-09-26 07:03:30,116 INFO sportsdataverse.mbb.mbb_ncaa_fetch: browser proxy rotated -> http://<redacted>:<redacted>@us.decodo.com:10022 (relaunching context)
2026-09-26 07:03:46,677 INFO sportsdataverse.mbb.mbb_ncaa_fetch: stats.ncaa.org terms gate -- accepting (one 10000 ms dwell)
2026-09-26 07:04:02,798 WARNING sportsdataverse.mbb.mbb_ncaa_fetch: stats.ncaa.org terms gate not accepted: https://stats.ncaa.org/contests/294371/team_stats -- backing off 300 s (1/3)
2026-09-26 07:09:14,484 INFO sportsdataverse.mbb.mbb_ncaa_fetch: stats.ncaa.org terms gate -- accepting (one 10000 ms dwell)
2026-09-26 07:09:33,611 INFO sportsdataverse.mbb.mbb_ncaa_fetch: stats.ncaa.org terms gate -- accepting (one 10000 ms dwell)
2026-09-26 07:09:52,655 INFO sportsdataverse.mbb.mbb_ncaa_fetch: stats.ncaa.org terms gate -- accepting (one 10000 ms dwell)
2026-09-26 07:10:10,812 INFO sportsdataverse.mbb.mbb_ncaa_fetch: bm-verify not passed (405-byte response) -- re-solving, attempt 1/3
2026-09-26 07:10:19,246 INFO sportsdataverse.mbb.mbb_ncaa_fetch: bm-verify not passed (405-byte response) -- re-solving, attempt 2/3
2026-09-26 07:10:27,641 INFO sportsdataverse.mbb.mbb_ncaa_fetch: bm-verify not passed (405-byte response) -- re-solving, attempt 3/3
2026-09-26 07:10:27,642 DEBUG sportsdataverse.mbb.mbb_ncaa_fetch: transport error on http://<redacted>:<redacted>@us.decodo.com:10022: RuntimeError: bm-verify not passed after 3 attempts (405-byte response): https://stats.ncaa.org/contests/294380/box_score
2026-09-26 07:10:27,642 DEBUG sportsdataverse.mbb.mbb_ncaa_fetch: rotating proxy: transport error
2026-09-26 07:10:28,642 INFO sportsdataverse.mbb.mbb_ncaa_fetch: browser proxy rotated -> http://<redacted>:<redacted>@us.decodo.com:10023 (relaunching context)
2026-09-26 07:10:45,563 INFO sportsdataverse.mbb.mbb_ncaa_fetch: stats.ncaa.org terms gate -- accepting (one 10000 ms dwell)
2026-09-26 07:11:02,317 WARNING sportsdataverse.mbb.mbb_ncaa_fetch: stats.ncaa.org terms gate not accepted: https://stats.ncaa.org/contests/294380/box_score -- backing off 300 s (1/3)
2026-09-26 07:16:14,322 INFO sportsdataverse.mbb.mbb_ncaa_fetch: stats.ncaa.org terms gate -- accepting (one 10000 ms dwell)
2026-09-26 07:16:31,227 WARNING sportsdataverse.mbb.mbb_ncaa_fetch: stats.ncaa.org terms gate not accepted: https://stats.ncaa.org/contests/294380/box_score -- backing off 300 s (2/3)
2026-09-26 07:21:43,661 INFO sportsdataverse.mbb.mbb_ncaa_fetch: stats.ncaa.org terms gate -- accepting (one 10000 ms dwell)
2026-09-26 07:21:59,666 WARNING sportsdataverse.mbb.mbb_ncaa_fetch: stats.ncaa.org terms gate not accepted: https://stats.ncaa.org/contests/294380/box_score -- backing off 300 s (3/3)
2026-09-26 07:27:11,417 INFO sportsdataverse.mbb.mbb_ncaa_fetch: stats.ncaa.org terms gate -- accepting (one 10000 ms dwell)
2026-09-26 07:27:29,890 INFO sportsdataverse.mbb.mbb_ncaa_fetch: stats.ncaa.org terms gate -- accepting (one 10000 ms dwell)
2026-09-26 07:27:48,545 INFO sportsdataverse.mbb.mbb_ncaa_fetch: stats.ncaa.org terms gate -- accepting (one 10000 ms dwell)
2026-09-26 07:28:07,677 INFO sportsdataverse.mbb.mbb_ncaa_fetch: stats.ncaa.org terms gate -- accepting (one 10000 ms dwell)
2026-09-26 07:28:26,585 INFO sportsdataverse.mbb.mbb_ncaa_fetch: stats.ncaa.org terms gate -- accepting (one 10000 ms dwell)
2026-09-26 07:28:42,345 INFO sportsdataverse.mbb.mbb_ncaa_fetch: bm-verify not passed (412-byte response) -- re-solving, attempt 1/3
2026-09-26 07:28:50,737 INFO sportsdataverse.mbb.mbb_ncaa_fetch: bm-verify not passed (412-byte response) -- re-solving, attempt 2/3
2026-09-26 07:28:59,164 INFO sportsdataverse.mbb.mbb_ncaa_fetch: bm-verify not passed (412-byte response) -- re-solving, attempt 3/3
2026-09-26 07:28:59,164 DEBUG sportsdataverse.mbb.mbb_ncaa_fetch: transport error on http://<redacted>:<redacted>@us.decodo.com:10023: RuntimeError: bm-verify not passed after 3 attempts (412-byte response): https://stats.ncaa.org/contests/294393/play_by_play
2026-09-26 07:28:59,165 DEBUG sportsdataverse.mbb.mbb_ncaa_fetch: rotating proxy: transport error
2026-09-26 07:29:00,165 INFO sportsdataverse.mbb.mbb_ncaa_fetch: browser proxy rotated -> http://<redacted>:<redacted>@us.decodo.com:10024 (relaunching context)
2026-09-26 07:29:16,421 INFO sportsdataverse.mbb.mbb_ncaa_fetch: stats.ncaa.org terms gate -- accepting (one 10000 ms dwell)
2026-09-26 07:29:36,069 INFO sportsdataverse.mbb.mbb_ncaa_fetch: stats.ncaa.org terms gate -- accepting (one 10000 ms dwell)
2026-09-26 07:29:54,619 INFO sportsdataverse.mbb.mbb_ncaa_fetch: stats.ncaa.org terms gate -- accepting (one 10000 ms dwell)
2026-09-26 07:30:13,082 INFO sportsdataverse.mbb.mbb_ncaa_fetch: stats.ncaa.org terms gate -- accepting (one 10000 ms dwell)
2026-09-26 07:30:32,526 INFO sportsdataverse.mbb.mbb_ncaa_fetch: stats.ncaa.org terms gate -- accepting (one 10000 ms dwell)
2026-09-26 07:30:50,116 INFO sportsdataverse.mbb.mbb_ncaa_fetch: bm-verify not passed (412-byte response) -- re-solving, attempt 1/3
2026-09-26 07:30:58,416 INFO sportsdataverse.mbb.mbb_ncaa_fetch: bm-verify not passed (412-byte response) -- re-solving, attempt 2/3
2026-09-26 07:31:06,762 INFO sportsdataverse.mbb.mbb_ncaa_fetch: bm-verify not passed (412-byte response) -- re-solving, attempt 3/3
2026-09-26 07:31:06,764 DEBUG sportsdataverse.mbb.mbb_ncaa_fetch: transport error on http://<redacted>:<redacted>@us.decodo.com:10024: RuntimeError: bm-verify not passed after 3 attempts (412-byte response): https://stats.ncaa.org/contests/294405/play_by_play
2026-09-26 07:31:06,764 DEBUG sportsdataverse.mbb.mbb_ncaa_fetch: rotating proxy: transport error
2026-09-26 07:31:07,765 INFO sportsdataverse.mbb.mbb_ncaa_fetch: browser proxy rotated -> http://<redacted>:<redacted>@us.decodo.com:10025 (relaunching context)
2026-09-26 07:31:22,911 INFO sportsdataverse.mbb.mbb_ncaa_fetch: stats.ncaa.org terms gate -- accepting (one 10000 ms dwell)
2026-09-26 07:31:41,625 INFO sportsdataverse.mbb.mbb_ncaa_fetch: stats.ncaa.org terms gate -- accepting (one 10000 ms dwell)
2026-09-26 07:32:00,366 INFO sportsdataverse.mbb.mbb_ncaa_fetch: stats.ncaa.org terms gate -- accepting (one 10000 ms dwell)
2026-09-26 07:32:18,687 INFO sportsdataverse.mbb.mbb_ncaa_fetch: stats.ncaa.org terms gate -- accepting (one 10000 ms dwell)
2026-09-26 07:32:36,945 INFO sportsdataverse.mbb.mbb_ncaa_fetch: stats.ncaa.org terms gate -- accepting (one 10000 ms dwell)
2026-09-26 07:32:53,569 INFO sportsdataverse.mbb.mbb_ncaa_fetch: bm-verify not passed (412-byte response) -- re-solving, attempt 1/3
2026-09-26 07:33:01,832 INFO sportsdataverse.mbb.mbb_ncaa_fetch: bm-verify not passed (412-byte response) -- re-solving, attempt 2/3
2026-09-26 07:33:10,142 INFO sportsdataverse.mbb.mbb_ncaa_fetch: bm-verify not passed (412-byte response) -- re-solving, attempt 3/3
2026-09-26 07:33:10,142 DEBUG sportsdataverse.mbb.mbb_ncaa_fetch: transport error on http://<redacted>:<redacted>@us.decodo.com:10025: RuntimeError: bm-verify not passed after 3 attempts (412-byte response): https://stats.ncaa.org/contests/294418/play_by_play
2026-09-26 07:33:10,143 DEBUG sportsdataverse.mbb.mbb_ncaa_fetch: rotating proxy: transport error
2026-09-26 07:33:11,143 INFO sportsdataverse.mbb.mbb_ncaa_fetch: browser proxy rotated -> http://<redacted>:<redacted>@us.decodo.com:10026 (relaunching context)
2026-09-26 07:33:29,669 INFO sportsdataverse.mbb.mbb_ncaa_fetch: stats.ncaa.org terms gate -- accepting (one 10000 ms dwell)
2026-09-26 07:33:50,571 INFO sportsdataverse.mbb.mbb_ncaa_fetch: stats.ncaa.org terms gate -- accepting (one 10000 ms dwell)
2026-09-26 07:34:11,866 INFO sportsdataverse.mbb.mbb_ncaa_fetch: stats.ncaa.org terms gate -- accepting (one 10000 ms dwell)
2026-09-26 07:34:32,365 INFO sportsdataverse.mbb.mbb_ncaa_fetch: stats.ncaa.org terms gate -- accepting (one 10000 ms dwell)
2026-09-26 07:34:53,891 INFO sportsdataverse.mbb.mbb_ncaa_fetch: stats.ncaa.org terms gate -- accepting (one 10000 ms dwell)
2026-09-26 07:35:13,554 INFO sportsdataverse.mbb.mbb_ncaa_fetch: bm-verify not passed (412-byte response) -- re-solving, attempt 1/3
2026-09-26 07:35:22,225 INFO sportsdataverse.mbb.mbb_ncaa_fetch: bm-verify not passed (412-byte response) -- re-solving, attempt 2/3
2026-09-26 07:35:31,325 INFO sportsdataverse.mbb.mbb_ncaa_fetch: bm-verify not passed (412-byte response) -- re-solving, attempt 3/3
2026-09-26 07:35:31,326 DEBUG sportsdataverse.mbb.mbb_ncaa_fetch: transport error on http://<redacted>:<redacted>@us.decodo.com:10026: RuntimeError: bm-verify not passed after 3 attempts (412-byte response): https://stats.ncaa.org/contests/294424/play_by_play
2026-09-26 07:35:31,326 DEBUG sportsdataverse.mbb.mbb_ncaa_fetch: rotating proxy: transport error
2026-09-26 07:35:32,326 INFO sportsdataverse.mbb.mbb_ncaa_fetch: browser proxy rotated -> http://<redacted>:<redacted>@us.decodo.com:10027 (relaunching context)
2026-09-26 07:35:47,554 INFO sportsdataverse.mbb.mbb_ncaa_fetch: stats.ncaa.org terms gate -- accepting (one 10000 ms dwell)
2026-09-26 07:36:06,742 INFO sportsdataverse.mbb.mbb_ncaa_fetch: stats.ncaa.org terms gate -- accepting (one 10000 ms dwell)
2026-09-26 07:36:25,031 INFO sportsdataverse.mbb.mbb_ncaa_fetch: stats.ncaa.org terms gate -- accepting (one 10000 ms dwell)
2026-09-26 07:36:43,182 INFO sportsdataverse.mbb.mbb_ncaa_fetch: stats.ncaa.org terms gate -- accepting (one 10000 ms dwell)
2026-09-26 07:36:57,401 INFO sportsdataverse.mbb.mbb_ncaa_fetch: bm-verify not passed (412-byte response) -- re-solving, attempt 1/3
2026-09-26 07:37:05,726 INFO sportsdataverse.mbb.mbb_ncaa_fetch: bm-verify not passed (412-byte response) -- re-solving, attempt 2/3
2026-09-26 07:37:14,060 INFO sportsdataverse.mbb.mbb_ncaa_fetch: bm-verify not passed (412-byte response) -- re-solving, attempt 3/3
2026-09-26 07:37:14,060 DEBUG sportsdataverse.mbb.mbb_ncaa_fetch: transport error on http://<redacted>:<redacted>@us.decodo.com:10027: RuntimeError: bm-verify not passed after 3 attempts (412-byte response): https://stats.ncaa.org/contests/294432/play_by_play
2026-09-26 07:37:14,060 DEBUG sportsdataverse.mbb.mbb_ncaa_fetch: rotating proxy: transport error
2026-09-26 07:37:15,061 INFO sportsdataverse.mbb.mbb_ncaa_fetch: browser proxy rotated -> http://<redacted>:<redacted>@us.decodo.com:10028 (relaunching context)
2026-09-26 07:37:26,939 INFO sportsdataverse.mbb.mbb_ncaa_fetch: bm-verify not passed (412-byte response) -- re-solving, attempt 1/3
2026-09-26 07:37:35,530 INFO sportsdataverse.mbb.mbb_ncaa_fetch: bm-verify not passed (412-byte response) -- re-solving, attempt 2/3
2026-09-26 07:37:43,941 INFO sportsdataverse.mbb.mbb_ncaa_fetch: bm-verify not passed (412-byte response) -- re-solving, attempt 3/3
2026-09-26 07:37:43,941 DEBUG sportsdataverse.mbb.mbb_ncaa_fetch: transport error on http://<redacted>:<redacted>@us.decodo.com:10028: RuntimeError: bm-verify not passed after 3 attempts (412-byte response): https://stats.ncaa.org/contests/294432/play_by_play
2026-09-26 07:37:43,941 DEBUG sportsdataverse.mbb.mbb_ncaa_fetch: rotating proxy: transport error
2026-09-26 07:37:44,942 INFO sportsdataverse.mbb.mbb_ncaa_fetch: browser proxy rotated -> http://<redacted>:<redacted>@us.decodo.com:10029 (relaunching context)
2026-09-26 07:38:03,364 INFO sportsdataverse.mbb.mbb_ncaa_fetch: stats.ncaa.org terms gate -- accepting (one 10000 ms dwell)
2026-09-26 07:38:21,543 WARNING sportsdataverse.mbb.mbb_ncaa_fetch: stats.ncaa.org terms gate not accepted: https://stats.ncaa.org/contests/294432/play_by_play -- backing off 300 s (1/3)
2026-09-26 07:43:34,359 INFO sportsdataverse.mbb.mbb_ncaa_fetch: stats.ncaa.org terms gate -- accepting (one 10000 ms dwell)
2026-09-26 07:43:54,652 INFO sportsdataverse.mbb.mbb_ncaa_fetch: stats.ncaa.org terms gate -- accepting (one 10000 ms dwell)
2026-09-26 07:44:15,399 INFO sportsdataverse.mbb.mbb_ncaa_fetch: stats.ncaa.org terms gate -- accepting (one 10000 ms dwell)
2026-09-26 07:44:36,486 INFO sportsdataverse.mbb.mbb_ncaa_fetch: stats.ncaa.org terms gate -- accepting (one 10000 ms dwell)
2026-09-26 07:44:58,490 INFO sportsdataverse.mbb.mbb_ncaa_fetch: stats.ncaa.org terms gate -- accepting (one 10000 ms dwell)
2026-09-26 07:45:15,803 INFO sportsdataverse.mbb.mbb_ncaa_fetch: bm-verify not passed (413-byte response) -- re-solving, attempt 1/3
2026-09-26 07:45:24,563 INFO sportsdataverse.mbb.mbb_ncaa_fetch: bm-verify not passed (413-byte response) -- re-solving, attempt 2/3
2026-09-26 07:45:33,403 INFO sportsdataverse.mbb.mbb_ncaa_fetch: bm-verify not passed (413-byte response) -- re-solving, attempt 3/3
2026-09-26 07:45:33,403 DEBUG sportsdataverse.mbb.mbb_ncaa_fetch: transport error on http://<redacted>:<redacted>@us.decodo.com:10029: RuntimeError: bm-verify not passed after 3 attempts (413-byte response): https://stats.ncaa.org/contests/294441/situational_stats
2026-09-26 07:45:33,403 DEBUG sportsdataverse.mbb.mbb_ncaa_fetch: rotating proxy: transport error
2026-09-26 07:45:34,404 INFO sportsdataverse.mbb.mbb_ncaa_fetch: browser proxy rotated -> http://<redacted>:<redacted>@us.decodo.com:10030 (relaunching context)
2026-09-26 07:45:51,460 INFO sportsdataverse.mbb.mbb_ncaa_fetch: stats.ncaa.org terms gate -- accepting (one 10000 ms dwell)
2026-09-26 07:46:08,410 WARNING sportsdataverse.mbb.mbb_ncaa_fetch: stats.ncaa.org terms gate not accepted: https://stats.ncaa.org/contests/294441/situational_stats -- backing off 300 s (1/3)
2026-09-26 07:51:19,745 INFO sportsdataverse.mbb.mbb_ncaa_fetch: stats.ncaa.org terms gate -- accepting (one 10000 ms dwell)
2026-09-26 07:51:38,532 INFO sportsdataverse.mbb.mbb_ncaa_fetch: stats.ncaa.org terms gate -- accepting (one 10000 ms dwell)
2026-09-26 07:51:56,597 INFO sportsdataverse.mbb.mbb_ncaa_fetch: stats.ncaa.org terms gate -- accepting (one 10000 ms dwell)
2026-09-26 07:52:15,926 INFO sportsdataverse.mbb.mbb_ncaa_fetch: stats.ncaa.org terms gate -- accepting (one 10000 ms dwell)
2026-09-26 07:52:34,174 INFO sportsdataverse.mbb.mbb_ncaa_fetch: stats.ncaa.org terms gate -- accepting (one 10000 ms dwell)
2026-09-26 07:52:49,517 INFO sportsdataverse.mbb.mbb_ncaa_fetch: bm-verify not passed (412-byte response) -- re-solving, attempt 1/3
2026-09-26 07:52:57,761 INFO sportsdataverse.mbb.mbb_ncaa_fetch: bm-verify not passed (412-byte response) -- re-solving, attempt 2/3
2026-09-26 07:53:06,064 INFO sportsdataverse.mbb.mbb_ncaa_fetch: bm-verify not passed (412-byte response) -- re-solving, attempt 3/3
2026-09-26 07:53:06,064 DEBUG sportsdataverse.mbb.mbb_ncaa_fetch: transport error on http://<redacted>:<redacted>@us.decodo.com:10030: RuntimeError: bm-verify not passed after 3 attempts (412-byte response): https://stats.ncaa.org/contests/294451/individual_stats
2026-09-26 07:53:06,064 DEBUG sportsdataverse.mbb.mbb_ncaa_fetch: rotating proxy: transport error
2026-09-26 07:53:07,065 INFO sportsdataverse.mbb.mbb_ncaa_fetch: browser proxy rotated -> http://<redacted>:<redacted>@us.decodo.com:10031 (relaunching context)
2026-09-26 07:53:20,235 INFO sportsdataverse.mbb.mbb_ncaa_fetch: bm-verify not passed (412-byte response) -- re-solving, attempt 1/3
2026-09-26 07:53:28,734 INFO sportsdataverse.mbb.mbb_ncaa_fetch: bm-verify not passed (412-byte response) -- re-solving, attempt 2/3
2026-09-26 07:53:37,206 INFO sportsdataverse.mbb.mbb_ncaa_fetch: bm-verify not passed (412-byte response) -- re-solving, attempt 3/3
2026-09-26 07:53:37,206 DEBUG sportsdataverse.mbb.mbb_ncaa_fetch: transport error on http://<redacted>:<redacted>@us.decodo.com:10031: RuntimeError: bm-verify not passed after 3 attempts (412-byte response): https://stats.ncaa.org/contests/294451/individual_stats
2026-09-26 07:53:37,206 DEBUG sportsdataverse.mbb.mbb_ncaa_fetch: rotating proxy: transport error
2026-09-26 07:53:38,207 INFO sportsdataverse.mbb.mbb_ncaa_fetch: browser proxy rotated -> http://<redacted>:<redacted>@us.decodo.com:10032 (relaunching context)
2026-09-26 07:53:54,629 INFO sportsdataverse.mbb.mbb_ncaa_fetch: stats.ncaa.org terms gate -- accepting (one 10000 ms dwell)
2026-09-26 07:54:14,904 INFO sportsdataverse.mbb.mbb_ncaa_fetch: stats.ncaa.org terms gate -- accepting (one 10000 ms dwell)
2026-09-26 07:54:34,018 INFO sportsdataverse.mbb.mbb_ncaa_fetch: stats.ncaa.org terms gate -- accepting (one 10000 ms dwell)
2026-09-26 07:54:53,132 INFO sportsdataverse.mbb.mbb_ncaa_fetch: stats.ncaa.org terms gate -- accepting (one 10000 ms dwell)
2026-09-26 07:55:12,677 INFO sportsdataverse.mbb.mbb_ncaa_fetch: stats.ncaa.org terms gate -- accepting (one 10000 ms dwell)
2026-09-26 07:55:31,122 INFO sportsdataverse.mbb.mbb_ncaa_fetch: bm-verify not passed (412-byte response) -- re-solving, attempt 1/3
2026-09-26 07:55:39,570 INFO sportsdataverse.mbb.mbb_ncaa_fetch: bm-verify not passed (412-byte response) -- re-solving, attempt 2/3
2026-09-26 07:55:48,040 INFO sportsdataverse.mbb.mbb_ncaa_fetch: bm-verify not passed (412-byte response) -- re-solving, attempt 3/3
2026-09-26 07:55:48,040 DEBUG sportsdataverse.mbb.mbb_ncaa_fetch: transport error on http://<redacted>:<redacted>@us.decodo.com:10032: RuntimeError: bm-verify not passed after 3 attempts (412-byte response): https://stats.ncaa.org/contests/294488/individual_stats
2026-09-26 07:55:48,040 DEBUG sportsdataverse.mbb.mbb_ncaa_fetch: rotating proxy: transport error
2026-09-26 07:55:49,041 INFO sportsdataverse.mbb.mbb_ncaa_fetch: browser proxy rotated -> http://<redacted>:<redacted>@us.decodo.com:10033 (relaunching context)
2026-09-26 07:56:04,010 INFO sportsdataverse.mbb.mbb_ncaa_fetch: stats.ncaa.org terms gate -- accepting (one 10000 ms dwell)
2026-09-26 07:56:21,844 INFO sportsdataverse.mbb.mbb_ncaa_fetch: stats.ncaa.org terms gate -- accepting (one 10000 ms dwell)
2026-09-26 07:56:39,800 INFO sportsdataverse.mbb.mbb_ncaa_fetch: stats.ncaa.org terms gate -- accepting (one 10000 ms dwell)
2026-09-26 07:56:57,636 INFO sportsdataverse.mbb.mbb_ncaa_fetch: stats.ncaa.org terms gate -- accepting (one 10000 ms dwell)
2026-09-26 07:57:15,432 INFO sportsdataverse.mbb.mbb_ncaa_fetch: stats.ncaa.org terms gate -- accepting (one 10000 ms dwell)
2026-09-26 07:57:31,935 INFO sportsdataverse.mbb.mbb_ncaa_fetch: bm-verify not passed (412-byte response) -- re-solving, attempt 1/3
2026-09-26 07:57:40,155 INFO sportsdataverse.mbb.mbb_ncaa_fetch: bm-verify not passed (412-byte response) -- re-solving, attempt 2/3
2026-09-26 07:57:48,404 INFO sportsdataverse.mbb.mbb_ncaa_fetch: bm-verify not passed (412-byte response) -- re-solving, attempt 3/3
2026-09-26 07:57:48,404 DEBUG sportsdataverse.mbb.mbb_ncaa_fetch: transport error on http://<redacted>:<redacted>@us.decodo.com:10033: RuntimeError: bm-verify not passed after 3 attempts (412-byte response): https://stats.ncaa.org/contests/294502/individual_stats
2026-09-26 07:57:48,404 DEBUG sportsdataverse.mbb.mbb_ncaa_fetch: rotating proxy: transport error
2026-09-26 07:57:49,405 INFO sportsdataverse.mbb.mbb_ncaa_fetch: browser proxy rotated -> http://<redacted>:<redacted>@us.decodo.com:10034 (relaunching context)
2026-09-26 07:58:04,762 INFO sportsdataverse.mbb.mbb_ncaa_fetch: stats.ncaa.org terms gate -- accepting (one 10000 ms dwell)
2026-09-26 07:58:23,243 INFO sportsdataverse.mbb.mbb_ncaa_fetch: stats.ncaa.org terms gate -- accepting (one 10000 ms dwell)
2026-09-26 07:58:42,072 INFO sportsdataverse.mbb.mbb_ncaa_fetch: stats.ncaa.org terms gate -- accepting (one 10000 ms dwell)
2026-09-26 07:59:00,316 INFO sportsdataverse.mbb.mbb_ncaa_fetch: stats.ncaa.org terms gate -- accepting (one 10000 ms dwell)
2026-09-26 07:59:18,217 INFO sportsdataverse.mbb.mbb_ncaa_fetch: stats.ncaa.org terms gate -- accepting (one 10000 ms dwell)
2026-09-26 07:59:35,919 INFO sportsdataverse.mbb.mbb_ncaa_fetch: bm-verify not passed (412-byte response) -- re-solving, attempt 1/3
2026-09-26 07:59:44,224 INFO sportsdataverse.mbb.mbb_ncaa_fetch: bm-verify not passed (412-byte response) -- re-solving, attempt 2/3
2026-09-26 07:59:52,533 INFO sportsdataverse.mbb.mbb_ncaa_fetch: bm-verify not passed (412-byte response) -- re-solving, attempt 3/3
2026-09-26 07:59:52,534 DEBUG sportsdataverse.mbb.mbb_ncaa_fetch: transport error on http://<redacted>:<redacted>@us.decodo.com:10034: RuntimeError: bm-verify not passed after 3 attempts (412-byte response): https://stats.ncaa.org/contests/294515/individual_stats
2026-09-26 07:59:52,534 DEBUG sportsdataverse.mbb.mbb_ncaa_fetch: rotating proxy: transport error
2026-09-26 07:59:53,534 INFO sportsdataverse.mbb.mbb_ncaa_fetch: browser proxy rotated -> http://<redacted>:<redacted>@us.decodo.com:10035 (relaunching context)
2026-09-26 08:00:12,776 INFO sportsdataverse.mbb.mbb_ncaa_fetch: stats.ncaa.org terms gate -- accepting (one 10000 ms dwell)
2026-09-26 08:00:35,599 INFO sportsdataverse.mbb.mbb_ncaa_fetch: stats.ncaa.org terms gate -- accepting (one 10000 ms dwell)
2026-09-26 08:00:57,255 INFO sportsdataverse.mbb.mbb_ncaa_fetch: stats.ncaa.org terms gate -- accepting (one 10000 ms dwell)
2026-09-26 08:01:18,978 INFO sportsdataverse.mbb.mbb_ncaa_fetch: stats.ncaa.org terms gate -- accepting (one 10000 ms dwell)
2026-09-26 08:01:37,594 INFO sportsdataverse.mbb.mbb_ncaa_fetch: bm-verify not passed (410-byte response) -- re-solving, attempt 1/3
2026-09-26 08:01:46,229 INFO sportsdataverse.mbb.mbb_ncaa_fetch: bm-verify not passed (410-byte response) -- re-solving, attempt 2/3
2026-09-26 08:01:54,965 INFO sportsdataverse.mbb.mbb_ncaa_fetch: bm-verify not passed (410-byte response) -- re-solving, attempt 3/3
2026-09-26 08:01:54,966 DEBUG sportsdataverse.mbb.mbb_ncaa_fetch: transport error on http://<redacted>:<redacted>@us.decodo.com:10035: RuntimeError: bm-verify not passed after 3 attempts (410-byte response): https://stats.ncaa.org/contests/294521/individual_stats
2026-09-26 08:01:54,966 DEBUG sportsdataverse.mbb.mbb_ncaa_fetch: rotating proxy: transport error
2026-09-26 08:01:55,966 INFO sportsdataverse.mbb.mbb_ncaa_fetch: browser proxy rotated -> http://<redacted>:<redacted>@us.decodo.com:10036 (relaunching context)
2026-09-26 08:02:13,470 INFO sportsdataverse.mbb.mbb_ncaa_fetch: stats.ncaa.org terms gate -- accepting (one 10000 ms dwell)
2026-09-26 08:02:32,448 WARNING sportsdataverse.mbb.mbb_ncaa_fetch: stats.ncaa.org terms gate not accepted: https://stats.ncaa.org/contests/294521/individual_stats -- backing off 300 s (1/3)
2026-09-26 08:07:44,080 INFO sportsdataverse.mbb.mbb_ncaa_fetch: stats.ncaa.org terms gate -- accepting (one 10000 ms dwell)
2026-09-26 08:08:03,143 INFO sportsdataverse.mbb.mbb_ncaa_fetch: stats.ncaa.org terms gate -- accepting (one 10000 ms dwell)
2026-09-26 08:08:22,072 INFO sportsdataverse.mbb.mbb_ncaa_fetch: stats.ncaa.org terms gate -- accepting (one 10000 ms dwell)
2026-09-26 08:08:41,405 INFO sportsdataverse.mbb.mbb_ncaa_fetch: stats.ncaa.org terms gate -- accepting (one 10000 ms dwell)
2026-09-26 08:08:59,993 INFO sportsdataverse.mbb.mbb_ncaa_fetch: stats.ncaa.org terms gate -- accepting (one 10000 ms dwell)
2026-09-26 08:09:16,661 INFO sportsdataverse.mbb.mbb_ncaa_fetch: bm-verify not passed (404-byte response) -- re-solving, attempt 1/3
2026-09-26 08:09:24,973 INFO sportsdataverse.mbb.mbb_ncaa_fetch: bm-verify not passed (404-byte response) -- re-solving, attempt 2/3
2026-09-26 08:09:33,304 INFO sportsdataverse.mbb.mbb_ncaa_fetch: bm-verify not passed (404-byte response) -- re-solving, attempt 3/3
2026-09-26 08:09:33,304 DEBUG sportsdataverse.mbb.mbb_ncaa_fetch: transport error on http://<redacted>:<redacted>@us.decodo.com:10036: RuntimeError: bm-verify not passed after 3 attempts (404-byte response): https://stats.ncaa.org/contests/294529/team_stats
2026-09-26 08:09:33,304 DEBUG sportsdataverse.mbb.mbb_ncaa_fetch: rotating proxy: transport error
2026-09-26 08:09:34,305 INFO sportsdataverse.mbb.mbb_ncaa_fetch: browser proxy rotated -> http://<redacted>:<redacted>@us.decodo.com:10037 (relaunching context)
2026-09-26 08:09:50,576 INFO sportsdataverse.mbb.mbb_ncaa_fetch: stats.ncaa.org terms gate -- accepting (one 10000 ms dwell)
2026-09-26 08:10:07,158 WARNING sportsdataverse.mbb.mbb_ncaa_fetch: stats.ncaa.org terms gate not accepted: https://stats.ncaa.org/contests/294529/team_stats -- backing off 300 s (1/3)
2026-09-26 08:15:18,670 INFO sportsdataverse.mbb.mbb_ncaa_fetch: stats.ncaa.org terms gate -- accepting (one 10000 ms dwell)
2026-09-26 08:15:37,002 INFO sportsdataverse.mbb.mbb_ncaa_fetch: stats.ncaa.org terms gate -- accepting (one 10000 ms dwell)
2026-09-26 08:15:56,485 INFO sportsdataverse.mbb.mbb_ncaa_fetch: stats.ncaa.org terms gate -- accepting (one 10000 ms dwell)
2026-09-26 08:16:15,476 INFO sportsdataverse.mbb.mbb_ncaa_fetch: stats.ncaa.org terms gate -- accepting (one 10000 ms dwell)
2026-09-26 08:16:34,069 INFO sportsdataverse.mbb.mbb_ncaa_fetch: stats.ncaa.org terms gate -- accepting (one 10000 ms dwell)
2026-09-26 08:16:49,910 INFO sportsdataverse.mbb.mbb_ncaa_fetch: bm-verify not passed (405-byte response) -- re-solving, attempt 1/3
2026-09-26 08:16:58,204 INFO sportsdataverse.mbb.mbb_ncaa_fetch: bm-verify not passed (405-byte response) -- re-solving, attempt 2/3
2026-09-26 08:17:06,488 INFO sportsdataverse.mbb.mbb_ncaa_fetch: bm-verify not passed (405-byte response) -- re-solving, attempt 3/3
2026-09-26 08:17:06,488 DEBUG sportsdataverse.mbb.mbb_ncaa_fetch: transport error on http://<redacted>:<redacted>@us.decodo.com:10037: RuntimeError: bm-verify not passed after 3 attempts (405-byte response): https://stats.ncaa.org/contests/294537/box_score
2026-09-26 08:17:06,488 DEBUG sportsdataverse.mbb.mbb_ncaa_fetch: rotating proxy: transport error
2026-09-26 08:17:07,489 INFO sportsdataverse.mbb.mbb_ncaa_fetch: browser proxy rotated -> http://<redacted>:<redacted>@us.decodo.com:10038 (relaunching context)
2026-09-26 08:17:25,270 INFO sportsdataverse.mbb.mbb_ncaa_fetch: stats.ncaa.org terms gate -- accepting (one 10000 ms dwell)
2026-09-26 08:17:46,259 INFO sportsdataverse.mbb.mbb_ncaa_fetch: stats.ncaa.org terms gate -- accepting (one 10000 ms dwell)
2026-09-26 08:18:06,166 INFO sportsdataverse.mbb.mbb_ncaa_fetch: stats.ncaa.org terms gate -- accepting (one 10000 ms dwell)
2026-09-26 08:18:26,294 INFO sportsdataverse.mbb.mbb_ncaa_fetch: stats.ncaa.org terms gate -- accepting (one 10000 ms dwell)
2026-09-26 08:18:46,522 INFO sportsdataverse.mbb.mbb_ncaa_fetch: stats.ncaa.org terms gate -- accepting (one 10000 ms dwell)
2026-09-26 08:19:05,215 INFO sportsdataverse.mbb.mbb_ncaa_fetch: bm-verify not passed (405-byte response) -- re-solving, attempt 1/3
2026-09-26 08:19:13,895 INFO sportsdataverse.mbb.mbb_ncaa_fetch: bm-verify not passed (405-byte response) -- re-solving, attempt 2/3
2026-09-26 08:19:22,691 INFO sportsdataverse.mbb.mbb_ncaa_fetch: bm-verify not passed (405-byte response) -- re-solving, attempt 3/3
2026-09-26 08:19:22,691 DEBUG sportsdataverse.mbb.mbb_ncaa_fetch: transport error on http://<redacted>:<redacted>@us.decodo.com:10038: RuntimeError: bm-verify not passed after 3 attempts (405-byte response): https://stats.ncaa.org/contests/294585/box_score
2026-09-26 08:19:22,691 DEBUG sportsdataverse.mbb.mbb_ncaa_fetch: rotating proxy: transport error
2026-09-26 08:19:23,691 INFO sportsdataverse.mbb.mbb_ncaa_fetch: browser proxy rotated -> http://<redacted>:<redacted>@us.decodo.com:10039 (relaunching context)
2026-09-26 08:19:40,903 INFO sportsdataverse.mbb.mbb_ncaa_fetch: stats.ncaa.org terms gate -- accepting (one 10000 ms dwell)
2026-09-26 08:19:58,661 INFO sportsdataverse.mbb.mbb_ncaa_fetch: stats.ncaa.org terms gate -- accepting (one 10000 ms dwell)
2026-09-26 08:20:15,914 INFO sportsdataverse.mbb.mbb_ncaa_fetch: stats.ncaa.org terms gate -- accepting (one 10000 ms dwell)
2026-09-26 08:20:33,270 INFO sportsdataverse.mbb.mbb_ncaa_fetch: stats.ncaa.org terms gate -- accepting (one 10000 ms dwell)
2026-09-26 08:20:51,042 INFO sportsdataverse.mbb.mbb_ncaa_fetch: stats.ncaa.org terms gate -- accepting (one 10000 ms dwell)
2026-09-26 08:21:08,017 INFO sportsdataverse.mbb.mbb_ncaa_fetch: bm-verify not passed (405-byte response) -- re-solving, attempt 1/3
2026-09-26 08:21:16,341 INFO sportsdataverse.mbb.mbb_ncaa_fetch: bm-verify not passed (405-byte response) -- re-solving, attempt 2/3
2026-09-26 08:21:24,826 INFO sportsdataverse.mbb.mbb_ncaa_fetch: bm-verify not passed (405-byte response) -- re-solving, attempt 3/3
2026-09-26 08:21:24,826 DEBUG sportsdataverse.mbb.mbb_ncaa_fetch: transport error on http://<redacted>:<redacted>@us.decodo.com:10039: RuntimeError: bm-verify not passed after 3 attempts (405-byte response): https://stats.ncaa.org/contests/294629/box_score
2026-09-26 08:21:24,826 DEBUG sportsdataverse.mbb.mbb_ncaa_fetch: rotating proxy: transport error
2026-09-26 08:21:25,827 INFO sportsdataverse.mbb.mbb_ncaa_fetch: browser proxy rotated -> http://<redacted>:<redacted>@us.decodo.com:10040 (relaunching context)
2026-09-26 08:21:40,844 INFO sportsdataverse.mbb.mbb_ncaa_fetch: stats.ncaa.org terms gate -- accepting (one 10000 ms dwell)
2026-09-26 08:21:58,465 INFO sportsdataverse.mbb.mbb_ncaa_fetch: stats.ncaa.org terms gate -- accepting (one 10000 ms dwell)
2026-09-26 08:22:16,123 INFO sportsdataverse.mbb.mbb_ncaa_fetch: stats.ncaa.org terms gate -- accepting (one 10000 ms dwell)
2026-09-26 08:22:32,838 INFO sportsdataverse.mbb.mbb_ncaa_fetch: stats.ncaa.org terms gate -- accepting (one 10000 ms dwell)
2026-09-26 08:22:49,118 INFO sportsdataverse.mbb.mbb_ncaa_fetch: stats.ncaa.org terms gate -- accepting (one 10000 ms dwell)
2026-09-26 08:23:05,077 INFO sportsdataverse.mbb.mbb_ncaa_fetch: bm-verify not passed (405-byte response) -- re-solving, attempt 1/3
2026-09-26 08:23:13,412 INFO sportsdataverse.mbb.mbb_ncaa_fetch: bm-verify not passed (405-byte response) -- re-solving, attempt 2/3
2026-09-26 08:23:21,743 INFO sportsdataverse.mbb.mbb_ncaa_fetch: bm-verify not passed (405-byte response) -- re-solving, attempt 3/3
2026-09-26 08:23:21,744 DEBUG sportsdataverse.mbb.mbb_ncaa_fetch: transport error on http://<redacted>:<redacted>@us.decodo.com:10040: RuntimeError: bm-verify not passed after 3 attempts (405-byte response): https://stats.ncaa.org/contests/294645/box_score
2026-09-26 08:23:21,744 DEBUG sportsdataverse.mbb.mbb_ncaa_fetch: rotating proxy: transport error
2026-09-26 08:23:22,744 INFO sportsdataverse.mbb.mbb_ncaa_fetch: browser proxy rotated -> http://<redacted>:<redacted>@us.decodo.com:10041 (relaunching context)
2026-09-26 08:23:40,681 INFO sportsdataverse.mbb.mbb_ncaa_fetch: stats.ncaa.org terms gate -- accepting (one 10000 ms dwell)
2026-09-26 08:24:02,263 INFO sportsdataverse.mbb.mbb_ncaa_fetch: stats.ncaa.org terms gate -- accepting (one 10000 ms dwell)
2026-09-26 08:24:22,600 INFO sportsdataverse.mbb.mbb_ncaa_fetch: stats.ncaa.org terms gate -- accepting (one 10000 ms dwell)
2026-09-26 08:24:42,470 INFO sportsdataverse.mbb.mbb_ncaa_fetch: stats.ncaa.org terms gate -- accepting (one 10000 ms dwell)
2026-09-26 08:25:03,477 INFO sportsdataverse.mbb.mbb_ncaa_fetch: stats.ncaa.org terms gate -- accepting (one 10000 ms dwell)
2026-09-26 08:25:20,835 INFO sportsdataverse.mbb.mbb_ncaa_fetch: bm-verify not passed (412-byte response) -- re-solving, attempt 1/3
2026-09-26 08:25:29,479 INFO sportsdataverse.mbb.mbb_ncaa_fetch: bm-verify not passed (412-byte response) -- re-solving, attempt 2/3
2026-09-26 08:25:38,093 INFO sportsdataverse.mbb.mbb_ncaa_fetch: bm-verify not passed (412-byte response) -- re-solving, attempt 3/3
2026-09-26 08:25:38,094 DEBUG sportsdataverse.mbb.mbb_ncaa_fetch: transport error on http://<redacted>:<redacted>@us.decodo.com:10041: RuntimeError: bm-verify not passed after 3 attempts (412-byte response): https://stats.ncaa.org/contests/294686/play_by_play
2026-09-26 08:25:38,094 DEBUG sportsdataverse.mbb.mbb_ncaa_fetch: rotating proxy: transport error
2026-09-26 08:25:39,094 INFO sportsdataverse.mbb.mbb_ncaa_fetch: browser proxy rotated -> http://<redacted>:<redacted>@us.decodo.com:10042 (relaunching context)
2026-09-26 08:25:58,397 INFO sportsdataverse.mbb.mbb_ncaa_fetch: stats.ncaa.org terms gate -- accepting (one 10000 ms dwell)
2026-09-26 08:26:21,737 INFO sportsdataverse.mbb.mbb_ncaa_fetch: stats.ncaa.org terms gate -- accepting (one 10000 ms dwell)
2026-09-26 08:26:42,626 INFO sportsdataverse.mbb.mbb_ncaa_fetch: stats.ncaa.org terms gate -- accepting (one 10000 ms dwell)
2026-09-26 08:27:03,873 INFO sportsdataverse.mbb.mbb_ncaa_fetch: stats.ncaa.org terms gate -- accepting (one 10000 ms dwell)
2026-09-26 08:27:20,177 INFO sportsdataverse.mbb.mbb_ncaa_fetch: bm-verify not passed (412-byte response) -- re-solving, attempt 1/3
2026-09-26 08:27:28,844 INFO sportsdataverse.mbb.mbb_ncaa_fetch: bm-verify not passed (412-byte response) -- re-solving, attempt 2/3
2026-09-26 08:27:37,518 INFO sportsdataverse.mbb.mbb_ncaa_fetch: bm-verify not passed (412-byte response) -- re-solving, attempt 3/3
2026-09-26 08:27:37,518 DEBUG sportsdataverse.mbb.mbb_ncaa_fetch: transport error on http://<redacted>:<redacted>@us.decodo.com:10042: RuntimeError: bm-verify not passed after 3 attempts (412-byte response): https://stats.ncaa.org/contests/294692/play_by_play
2026-09-26 08:27:37,518 DEBUG sportsdataverse.mbb.mbb_ncaa_fetch: rotating proxy: transport error
2026-09-26 08:27:38,519 INFO sportsdataverse.mbb.mbb_ncaa_fetch: browser proxy rotated -> http://<redacted>:<redacted>@us.decodo.com:10043 (relaunching context)
2026-09-26 08:27:56,655 INFO sportsdataverse.mbb.mbb_ncaa_fetch: stats.ncaa.org terms gate -- accepting (one 10000 ms dwell)
2026-09-26 08:28:14,267 WARNING sportsdataverse.mbb.mbb_ncaa_fetch: stats.ncaa.org terms gate not accepted: https://stats.ncaa.org/contests/294692/play_by_play -- backing off 300 s (1/3)
2026-09-26 08:33:27,031 INFO sportsdataverse.mbb.mbb_ncaa_fetch: stats.ncaa.org terms gate -- accepting (one 10000 ms dwell)
2026-09-26 08:33:46,476 INFO sportsdataverse.mbb.mbb_ncaa_fetch: stats.ncaa.org terms gate -- accepting (one 10000 ms dwell)
2026-09-26 08:34:08,242 INFO sportsdataverse.mbb.mbb_ncaa_fetch: stats.ncaa.org terms gate -- accepting (one 10000 ms dwell)
2026-09-26 08:34:28,416 INFO sportsdataverse.mbb.mbb_ncaa_fetch: stats.ncaa.org terms gate -- accepting (one 10000 ms dwell)
2026-09-26 08:34:49,628 INFO sportsdataverse.mbb.mbb_ncaa_fetch: stats.ncaa.org terms gate -- accepting (one 10000 ms dwell)
2026-09-26 08:35:06,928 INFO sportsdataverse.mbb.mbb_ncaa_fetch: bm-verify not passed (413-byte response) -- re-solving, attempt 1/3
2026-09-26 08:35:15,544 INFO sportsdataverse.mbb.mbb_ncaa_fetch: bm-verify not passed (413-byte response) -- re-solving, attempt 2/3
2026-09-26 08:35:24,215 INFO sportsdataverse.mbb.mbb_ncaa_fetch: bm-verify not passed (413-byte response) -- re-solving, attempt 3/3
2026-09-26 08:35:24,215 DEBUG sportsdataverse.mbb.mbb_ncaa_fetch: transport error on http://<redacted>:<redacted>@us.decodo.com:10043: RuntimeError: bm-verify not passed after 3 attempts (413-byte response): https://stats.ncaa.org/contests/294700/situational_stats
2026-09-26 08:35:24,215 DEBUG sportsdataverse.mbb.mbb_ncaa_fetch: rotating proxy: transport error
2026-09-26 08:35:25,215 INFO sportsdataverse.mbb.mbb_ncaa_fetch: browser proxy rotated -> http://<redacted>:<redacted>@us.decodo.com:10044 (relaunching context)
2026-09-26 08:35:41,859 INFO sportsdataverse.mbb.mbb_ncaa_fetch: stats.ncaa.org terms gate -- accepting (one 10000 ms dwell)
2026-09-26 08:35:59,020 WARNING sportsdataverse.mbb.mbb_ncaa_fetch: stats.ncaa.org terms gate not accepted: https://stats.ncaa.org/contests/294700/situational_stats -- backing off 300 s (1/3)
2026-09-26 08:41:11,509 INFO sportsdataverse.mbb.mbb_ncaa_fetch: stats.ncaa.org terms gate -- accepting (one 10000 ms dwell)
2026-09-26 08:41:28,146 WARNING sportsdataverse.mbb.mbb_ncaa_fetch: stats.ncaa.org terms gate not accepted: https://stats.ncaa.org/contests/294700/situational_stats -- backing off 300 s (2/3)
2026-09-26 08:46:41,750 INFO sportsdataverse.mbb.mbb_ncaa_fetch: stats.ncaa.org terms gate -- accepting (one 10000 ms dwell)
2026-09-26 08:46:59,714 WARNING sportsdataverse.mbb.mbb_ncaa_fetch: stats.ncaa.org terms gate not accepted: https://stats.ncaa.org/contests/294700/situational_stats -- backing off 300 s (3/3)
2026-09-26 08:52:12,901 INFO sportsdataverse.mbb.mbb_ncaa_fetch: stats.ncaa.org terms gate -- accepting (one 10000 ms dwell)
2026-09-26 08:52:45,329 INFO sportsdataverse.mbb.mbb_ncaa_fetch: stats.ncaa.org terms gate -- accepting (one 10000 ms dwell)
2026-09-26 08:53:03,692 WARNING sportsdataverse.mbb.mbb_ncaa_fetch: stats.ncaa.org terms gate not accepted: https://stats.ncaa.org/contests/294703/play_by_play -- backing off 300 s (1/3)
2026-09-26 08:58:17,294 INFO sportsdataverse.mbb.mbb_ncaa_fetch: stats.ncaa.org terms gate -- accepting (one 10000 ms dwell)
2026-09-26 08:58:37,381 INFO sportsdataverse.mbb.mbb_ncaa_fetch: stats.ncaa.org terms gate -- accepting (one 10000 ms dwell)
2026-09-26 08:58:58,327 INFO sportsdataverse.mbb.mbb_ncaa_fetch: stats.ncaa.org terms gate -- accepting (one 10000 ms dwell)
2026-09-26 08:59:19,192 INFO sportsdataverse.mbb.mbb_ncaa_fetch: stats.ncaa.org terms gate -- accepting (one 10000 ms dwell)
2026-09-26 08:59:41,073 INFO sportsdataverse.mbb.mbb_ncaa_fetch: stats.ncaa.org terms gate -- accepting (one 10000 ms dwell)
2026-09-26 08:59:56,740 INFO sportsdataverse.mbb.mbb_ncaa_fetch: bm-verify not passed (412-byte response) -- re-solving, attempt 1/3
2026-09-26 09:00:05,466 INFO sportsdataverse.mbb.mbb_ncaa_fetch: bm-verify not passed (412-byte response) -- re-solving, attempt 2/3
2026-09-26 09:00:14,210 INFO sportsdataverse.mbb.mbb_ncaa_fetch: bm-verify not passed (412-byte response) -- re-solving, attempt 3/3
2026-09-26 09:00:14,210 DEBUG sportsdataverse.mbb.mbb_ncaa_fetch: transport error on http://<redacted>:<redacted>@us.decodo.com:10044: RuntimeError: bm-verify not passed after 3 attempts (412-byte response): https://stats.ncaa.org/contests/294710/individual_stats
2026-09-26 09:00:14,210 DEBUG sportsdataverse.mbb.mbb_ncaa_fetch: rotating proxy: transport error
2026-09-26 09:00:15,211 INFO sportsdataverse.mbb.mbb_ncaa_fetch: browser proxy rotated -> http://<redacted>:<redacted>@us.decodo.com:10045 (relaunching context)
2026-09-26 09:00:34,414 INFO sportsdataverse.mbb.mbb_ncaa_fetch: stats.ncaa.org terms gate -- accepting (one 10000 ms dwell)
2026-09-26 09:00:54,987 INFO sportsdataverse.mbb.mbb_ncaa_fetch: stats.ncaa.org terms gate -- accepting (one 10000 ms dwell)
2026-09-26 09:01:14,912 INFO sportsdataverse.mbb.mbb_ncaa_fetch: stats.ncaa.org terms gate -- accepting (one 10000 ms dwell)
2026-09-26 09:01:34,922 INFO sportsdataverse.mbb.mbb_ncaa_fetch: stats.ncaa.org terms gate -- accepting (one 10000 ms dwell)
2026-09-26 09:01:54,744 INFO sportsdataverse.mbb.mbb_ncaa_fetch: stats.ncaa.org terms gate -- accepting (one 10000 ms dwell)
2026-09-26 09:02:13,621 INFO sportsdataverse.mbb.mbb_ncaa_fetch: bm-verify not passed (412-byte response) -- re-solving, attempt 1/3
2026-09-26 09:02:21,983 INFO sportsdataverse.mbb.mbb_ncaa_fetch: bm-verify not passed (412-byte response) -- re-solving, attempt 2/3
2026-09-26 09:02:30,358 INFO sportsdataverse.mbb.mbb_ncaa_fetch: bm-verify not passed (412-byte response) -- re-solving, attempt 3/3
2026-09-26 09:02:30,359 DEBUG sportsdataverse.mbb.mbb_ncaa_fetch: transport error on http://<redacted>:<redacted>@us.decodo.com:10045: RuntimeError: bm-verify not passed after 3 attempts (412-byte response): https://stats.ncaa.org/contests/294720/individual_stats
2026-09-26 09:02:30,359 DEBUG sportsdataverse.mbb.mbb_ncaa_fetch: rotating proxy: transport error
2026-09-26 09:02:31,359 INFO sportsdataverse.mbb.mbb_ncaa_fetch: browser proxy rotated -> http://<redacted>:<redacted>@us.decodo.com:10046 (relaunching context)
2026-09-26 09:02:50,564 INFO sportsdataverse.mbb.mbb_ncaa_fetch: stats.ncaa.org terms gate -- accepting (one 10000 ms dwell)
2026-09-26 09:03:13,233 INFO sportsdataverse.mbb.mbb_ncaa_fetch: stats.ncaa.org terms gate -- accepting (one 10000 ms dwell)
2026-09-26 09:03:34,543 INFO sportsdataverse.mbb.mbb_ncaa_fetch: stats.ncaa.org terms gate -- accepting (one 10000 ms dwell)
2026-09-26 09:03:55,024 INFO sportsdataverse.mbb.mbb_ncaa_fetch: stats.ncaa.org terms gate -- accepting (one 10000 ms dwell)
2026-09-26 09:04:15,114 INFO sportsdataverse.mbb.mbb_ncaa_fetch: stats.ncaa.org terms gate -- accepting (one 10000 ms dwell)
2026-09-26 09:04:34,085 INFO sportsdataverse.mbb.mbb_ncaa_fetch: bm-verify not passed (412-byte response) -- re-solving, attempt 1/3
2026-09-26 09:04:42,774 INFO sportsdataverse.mbb.mbb_ncaa_fetch: bm-verify not passed (412-byte response) -- re-solving, attempt 2/3
2026-09-26 09:04:51,447 INFO sportsdataverse.mbb.mbb_ncaa_fetch: bm-verify not passed (412-byte response) -- re-solving, attempt 3/3
2026-09-26 09:04:51,447 DEBUG sportsdataverse.mbb.mbb_ncaa_fetch: transport error on http://<redacted>:<redacted>@us.decodo.com:10046: RuntimeError: bm-verify not passed after 3 attempts (412-byte response): https://stats.ncaa.org/contests/294729/individual_stats
2026-09-26 09:04:51,447 DEBUG sportsdataverse.mbb.mbb_ncaa_fetch: rotating proxy: transport error
2026-09-26 09:04:52,451 INFO sportsdataverse.mbb.mbb_ncaa_fetch: browser proxy rotated -> http://<redacted>:<redacted>@us.decodo.com:10047 (relaunching context)
2026-09-26 09:05:09,623 INFO sportsdataverse.mbb.mbb_ncaa_fetch: stats.ncaa.org terms gate -- accepting (one 10000 ms dwell)
2026-09-26 09:05:29,955 INFO sportsdataverse.mbb.mbb_ncaa_fetch: stats.ncaa.org terms gate -- accepting (one 10000 ms dwell)
2026-09-26 09:05:48,352 INFO sportsdataverse.mbb.mbb_ncaa_fetch: stats.ncaa.org terms gate -- accepting (one 10000 ms dwell)
2026-09-26 09:06:07,587 INFO sportsdataverse.mbb.mbb_ncaa_fetch: stats.ncaa.org terms gate -- accepting (one 10000 ms dwell)
2026-09-26 09:06:27,718 INFO sportsdataverse.mbb.mbb_ncaa_fetch: stats.ncaa.org terms gate -- accepting (one 10000 ms dwell)
2026-09-26 09:06:46,279 INFO sportsdataverse.mbb.mbb_ncaa_fetch: bm-verify not passed (412-byte response) -- re-solving, attempt 1/3
2026-09-26 09:06:54,661 INFO sportsdataverse.mbb.mbb_ncaa_fetch: bm-verify not passed (412-byte response) -- re-solving, attempt 2/3
2026-09-26 09:07:03,008 INFO sportsdataverse.mbb.mbb_ncaa_fetch: bm-verify not passed (412-byte response) -- re-solving, attempt 3/3
2026-09-26 09:07:03,009 DEBUG sportsdataverse.mbb.mbb_ncaa_fetch: transport error on http://<redacted>:<redacted>@us.decodo.com:10047: RuntimeError: bm-verify not passed after 3 attempts (412-byte response): https://stats.ncaa.org/contests/294739/individual_stats
2026-09-26 09:07:03,009 DEBUG sportsdataverse.mbb.mbb_ncaa_fetch: rotating proxy: transport error
2026-09-26 09:07:04,013 INFO sportsdataverse.mbb.mbb_ncaa_fetch: browser proxy rotated -> http://<redacted>:<redacted>@us.decodo.com:10048 (relaunching context)
2026-09-26 09:07:26,045 INFO sportsdataverse.mbb.mbb_ncaa_fetch: stats.ncaa.org terms gate -- accepting (one 10000 ms dwell)
2026-09-26 09:08:01,609 INFO sportsdataverse.mbb.mbb_ncaa_fetch: stats.ncaa.org terms gate -- accepting (one 10000 ms dwell)
2026-09-26 09:08:29,815 INFO sportsdataverse.mbb.mbb_ncaa_fetch: stats.ncaa.org terms gate -- accepting (one 10000 ms dwell)
2026-09-26 09:09:03,107 INFO sportsdataverse.mbb.mbb_ncaa_fetch: stats.ncaa.org terms gate -- accepting (one 10000 ms dwell)
2026-09-26 09:09:36,648 INFO sportsdataverse.mbb.mbb_ncaa_fetch: stats.ncaa.org terms gate -- accepting (one 10000 ms dwell)
2026-09-26 09:10:21,645 INFO sportsdataverse.mbb.mbb_ncaa_fetch: bm-verify not passed (412-byte response) -- re-solving, attempt 1/3
2026-09-26 09:10:30,258 INFO sportsdataverse.mbb.mbb_ncaa_fetch: bm-verify not passed (412-byte response) -- re-solving, attempt 2/3
2026-09-26 09:10:38,897 INFO sportsdataverse.mbb.mbb_ncaa_fetch: bm-verify not passed (412-byte response) -- re-solving, attempt 3/3
2026-09-26 09:10:38,898 DEBUG sportsdataverse.mbb.mbb_ncaa_fetch: transport error on http://<redacted>:<redacted>@us.decodo.com:10048: RuntimeError: bm-verify not passed after 3 attempts (412-byte response): https://stats.ncaa.org/contests/294753/individual_stats
2026-09-26 09:10:38,898 DEBUG sportsdataverse.mbb.mbb_ncaa_fetch: rotating proxy: transport error
2026-09-26 09:10:39,899 INFO sportsdataverse.mbb.mbb_ncaa_fetch: browser proxy rotated -> http://<redacted>:<redacted>@us.decodo.com:10049 (relaunching context)
2026-09-26 09:10:57,457 INFO sportsdataverse.mbb.mbb_ncaa_fetch: stats.ncaa.org terms gate -- accepting (one 10000 ms dwell)
2026-09-26 09:13:18,745 INFO sportsdataverse.mbb.mbb_ncaa_fetch: stats.ncaa.org terms gate -- accepting (one 10000 ms dwell)
2026-09-26 09:13:39,019 INFO sportsdataverse.mbb.mbb_ncaa_fetch: stats.ncaa.org terms gate -- accepting (one 10000 ms dwell)
2026-09-26 09:13:59,809 INFO sportsdataverse.mbb.mbb_ncaa_fetch: stats.ncaa.org terms gate -- accepting (one 10000 ms dwell)
2026-09-26 09:14:19,885 INFO sportsdataverse.mbb.mbb_ncaa_fetch: stats.ncaa.org terms gate -- accepting (one 10000 ms dwell)
2026-09-26 09:14:38,798 INFO sportsdataverse.mbb.mbb_ncaa_fetch: bm-verify not passed (412-byte response) -- re-solving, attempt 1/3
2026-09-26 09:14:47,345 INFO sportsdataverse.mbb.mbb_ncaa_fetch: bm-verify not passed (412-byte response) -- re-solving, attempt 2/3
2026-09-26 09:14:55,859 INFO sportsdataverse.mbb.mbb_ncaa_fetch: bm-verify not passed (412-byte response) -- re-solving, attempt 3/3
2026-09-26 09:14:55,859 DEBUG sportsdataverse.mbb.mbb_ncaa_fetch: transport error on http://<redacted>:<redacted>@us.decodo.com:10049: RuntimeError: bm-verify not passed after 3 attempts (412-byte response): https://stats.ncaa.org/contests/294762/individual_stats
2026-09-26 09:14:55,859 DEBUG sportsdataverse.mbb.mbb_ncaa_fetch: rotating proxy: transport error
2026-09-26 09:14:56,860 INFO sportsdataverse.mbb.mbb_ncaa_fetch: browser proxy rotated -> http://<redacted>:<redacted>@us.decodo.com:10050 (relaunching context)
2026-09-26 09:15:15,677 INFO sportsdataverse.mbb.mbb_ncaa_fetch: stats.ncaa.org terms gate -- accepting (one 10000 ms dwell)
2026-09-26 09:15:33,389 WARNING sportsdataverse.mbb.mbb_ncaa_fetch: stats.ncaa.org terms gate not accepted: https://stats.ncaa.org/contests/294762/individual_stats -- backing off 300 s (1/3)
2026-09-26 09:20:45,817 INFO sportsdataverse.mbb.mbb_ncaa_fetch: stats.ncaa.org terms gate -- accepting (one 10000 ms dwell)
2026-09-26 09:21:06,003 INFO sportsdataverse.mbb.mbb_ncaa_fetch: stats.ncaa.org terms gate -- accepting (one 10000 ms dwell)
2026-09-26 09:21:25,916 INFO sportsdataverse.mbb.mbb_ncaa_fetch: stats.ncaa.org terms gate -- accepting (one 10000 ms dwell)
2026-09-26 09:21:45,940 INFO sportsdataverse.mbb.mbb_ncaa_fetch: stats.ncaa.org terms gate -- accepting (one 10000 ms dwell)
2026-09-26 09:22:05,651 INFO sportsdataverse.mbb.mbb_ncaa_fetch: stats.ncaa.org terms gate -- accepting (one 10000 ms dwell)
2026-09-26 09:22:22,771 INFO sportsdataverse.mbb.mbb_ncaa_fetch: bm-verify not passed (406-byte response) -- re-solving, attempt 1/3
2026-09-26 09:22:31,206 INFO sportsdataverse.mbb.mbb_ncaa_fetch: bm-verify not passed (406-byte response) -- re-solving, attempt 2/3
2026-09-26 09:22:39,667 INFO sportsdataverse.mbb.mbb_ncaa_fetch: bm-verify not passed (406-byte response) -- re-solving, attempt 3/3
2026-09-26 09:22:39,667 DEBUG sportsdataverse.mbb.mbb_ncaa_fetch: transport error on http://<redacted>:<redacted>@us.decodo.com:10050: RuntimeError: bm-verify not passed after 3 attempts (406-byte response): https://stats.ncaa.org/contests/294789/team_stats
2026-09-26 09:22:39,667 DEBUG sportsdataverse.mbb.mbb_ncaa_fetch: rotating proxy: transport error
2026-09-26 09:22:40,667 INFO sportsdataverse.mbb.mbb_ncaa_fetch: browser proxy rotated -> http://<redacted>:<redacted>@us.decodo.com:10001 (relaunching context)
2026-09-26 09:22:58,701 INFO sportsdataverse.mbb.mbb_ncaa_fetch: stats.ncaa.org terms gate -- accepting (one 10000 ms dwell)
2026-09-26 09:23:16,879 WARNING sportsdataverse.mbb.mbb_ncaa_fetch: stats.ncaa.org terms gate not accepted: https://stats.ncaa.org/contests/294789/team_stats -- backing off 300 s (1/3)
2026-09-26 09:28:30,238 INFO sportsdataverse.mbb.mbb_ncaa_fetch: stats.ncaa.org terms gate -- accepting (one 10000 ms dwell)
2026-09-26 09:28:50,154 INFO sportsdataverse.mbb.mbb_ncaa_fetch: stats.ncaa.org terms gate -- accepting (one 10000 ms dwell)
2026-09-26 09:29:09,660 INFO sportsdataverse.mbb.mbb_ncaa_fetch: stats.ncaa.org terms gate -- accepting (one 10000 ms dwell)
2026-09-26 09:29:28,891 INFO sportsdataverse.mbb.mbb_ncaa_fetch: bm-verify not passed (403-byte response) -- re-solving, attempt 1/3
2026-09-26 09:29:37,446 INFO sportsdataverse.mbb.mbb_ncaa_fetch: bm-verify not passed (403-byte response) -- re-solving, attempt 2/3
2026-09-26 09:29:45,958 INFO sportsdataverse.mbb.mbb_ncaa_fetch: bm-verify not passed (403-byte response) -- re-solving, attempt 3/3
2026-09-26 09:29:45,958 DEBUG sportsdataverse.mbb.mbb_ncaa_fetch: transport error on http://<redacted>:<redacted>@us.decodo.com:10001: RuntimeError: bm-verify not passed after 3 attempts (403-byte response): https://stats.ncaa.org/contests/294816/box_score
2026-09-26 09:29:45,958 DEBUG sportsdataverse.mbb.mbb_ncaa_fetch: rotating proxy: transport error
2026-09-26 09:29:46,959 INFO sportsdataverse.mbb.mbb_ncaa_fetch: browser proxy rotated -> http://<redacted>:<redacted>@us.decodo.com:10002 (relaunching context)
2026-09-26 09:30:03,206 INFO sportsdataverse.mbb.mbb_ncaa_fetch: stats.ncaa.org terms gate -- accepting (one 10000 ms dwell)
2026-09-26 09:30:21,877 INFO sportsdataverse.mbb.mbb_ncaa_fetch: stats.ncaa.org terms gate -- accepting (one 10000 ms dwell)
2026-09-26 09:30:41,375 INFO sportsdataverse.mbb.mbb_ncaa_fetch: stats.ncaa.org terms gate -- accepting (one 10000 ms dwell)
2026-09-26 09:31:00,369 INFO sportsdataverse.mbb.mbb_ncaa_fetch: stats.ncaa.org terms gate -- accepting (one 10000 ms dwell)
2026-09-26 09:31:25,971 DEBUG sportsdataverse.mbb.mbb_ncaa_fetch: transport error on http://<redacted>:<redacted>@us.decodo.com:10002: _TermsAcceptError: stats.ncaa.org terms acceptance failed: https://stats.ncaa.org/contests/294824/play_by_play: net::ERR_TUNNEL_CONNECTION_FAILED
2026-09-26 09:31:25,971 DEBUG sportsdataverse.mbb.mbb_ncaa_fetch: rotating proxy: transport error
2026-09-26 09:31:26,972 INFO sportsdataverse.mbb.mbb_ncaa_fetch: browser proxy rotated -> http://<redacted>:<redacted>@us.decodo.com:10003 (relaunching context)
2026-09-26 09:31:45,500 INFO sportsdataverse.mbb.mbb_ncaa_fetch: stats.ncaa.org terms gate -- accepting (one 10000 ms dwell)
2026-09-26 09:32:05,649 INFO sportsdataverse.mbb.mbb_ncaa_fetch: stats.ncaa.org terms gate -- accepting (one 10000 ms dwell)
2026-09-26 09:32:24,816 INFO sportsdataverse.mbb.mbb_ncaa_fetch: stats.ncaa.org terms gate -- accepting (one 10000 ms dwell)
2026-09-26 09:32:44,145 INFO sportsdataverse.mbb.mbb_ncaa_fetch: stats.ncaa.org terms gate -- accepting (one 10000 ms dwell)
2026-09-26 09:33:03,545 INFO sportsdataverse.mbb.mbb_ncaa_fetch: stats.ncaa.org terms gate -- accepting (one 10000 ms dwell)
2026-09-26 09:33:21,099 INFO sportsdataverse.mbb.mbb_ncaa_fetch: bm-verify not passed (410-byte response) -- re-solving, attempt 1/3
2026-09-26 09:33:29,477 INFO sportsdataverse.mbb.mbb_ncaa_fetch: bm-verify not passed (410-byte response) -- re-solving, attempt 2/3
2026-09-26 09:33:37,853 INFO sportsdataverse.mbb.mbb_ncaa_fetch: bm-verify not passed (410-byte response) -- re-solving, attempt 3/3
2026-09-26 09:33:37,854 DEBUG sportsdataverse.mbb.mbb_ncaa_fetch: transport error on http://<redacted>:<redacted>@us.decodo.com:10003: RuntimeError: bm-verify not passed after 3 attempts (410-byte response): https://stats.ncaa.org/contests/294833/play_by_play
2026-09-26 09:33:37,854 DEBUG sportsdataverse.mbb.mbb_ncaa_fetch: rotating proxy: transport error
2026-09-26 09:33:38,854 INFO sportsdataverse.mbb.mbb_ncaa_fetch: browser proxy rotated -> http://<redacted>:<redacted>@us.decodo.com:10004 (relaunching context)
2026-09-26 09:33:54,903 INFO sportsdataverse.mbb.mbb_ncaa_fetch: stats.ncaa.org terms gate -- accepting (one 10000 ms dwell)
2026-09-26 09:34:13,516 INFO sportsdataverse.mbb.mbb_ncaa_fetch: stats.ncaa.org terms gate -- accepting (one 10000 ms dwell)
2026-09-26 09:34:32,830 INFO sportsdataverse.mbb.mbb_ncaa_fetch: stats.ncaa.org terms gate -- accepting (one 10000 ms dwell)
2026-09-26 09:34:51,679 INFO sportsdataverse.mbb.mbb_ncaa_fetch: stats.ncaa.org terms gate -- accepting (one 10000 ms dwell)
2026-09-26 09:35:10,897 INFO sportsdataverse.mbb.mbb_ncaa_fetch: stats.ncaa.org terms gate -- accepting (one 10000 ms dwell)
2026-09-26 09:35:27,907 INFO sportsdataverse.mbb.mbb_ncaa_fetch: bm-verify not passed (412-byte response) -- re-solving, attempt 1/3
2026-09-26 09:35:36,161 INFO sportsdataverse.mbb.mbb_ncaa_fetch: bm-verify not passed (412-byte response) -- re-solving, attempt 2/3
2026-09-26 09:35:44,434 INFO sportsdataverse.mbb.mbb_ncaa_fetch: bm-verify not passed (412-byte response) -- re-solving, attempt 3/3
2026-09-26 09:35:44,434 DEBUG sportsdataverse.mbb.mbb_ncaa_fetch: transport error on http://<redacted>:<redacted>@us.decodo.com:10004: RuntimeError: bm-verify not passed after 3 attempts (412-byte response): https://stats.ncaa.org/contests/294841/play_by_play
2026-09-26 09:35:44,434 DEBUG sportsdataverse.mbb.mbb_ncaa_fetch: rotating proxy: transport error
2026-09-26 09:35:45,434 INFO sportsdataverse.mbb.mbb_ncaa_fetch: browser proxy rotated -> http://<redacted>:<redacted>@us.decodo.com:10005 (relaunching context)
2026-09-26 09:36:04,588 INFO sportsdataverse.mbb.mbb_ncaa_fetch: stats.ncaa.org terms gate -- accepting (one 10000 ms dwell)
2026-09-26 09:36:26,441 INFO sportsdataverse.mbb.mbb_ncaa_fetch: stats.ncaa.org terms gate -- accepting (one 10000 ms dwell)
2026-09-26 09:36:47,510 INFO sportsdataverse.mbb.mbb_ncaa_fetch: stats.ncaa.org terms gate -- accepting (one 10000 ms dwell)
2026-09-26 09:37:07,579 INFO sportsdataverse.mbb.mbb_ncaa_fetch: stats.ncaa.org terms gate -- accepting (one 10000 ms dwell)
2026-09-26 09:37:28,276 INFO sportsdataverse.mbb.mbb_ncaa_fetch: stats.ncaa.org terms gate -- accepting (one 10000 ms dwell)
2026-09-26 09:37:48,563 INFO sportsdataverse.mbb.mbb_ncaa_fetch: bm-verify not passed (412-byte response) -- re-solving, attempt 1/3
2026-09-26 09:37:57,166 INFO sportsdataverse.mbb.mbb_ncaa_fetch: bm-verify not passed (412-byte response) -- re-solving, attempt 2/3
2026-09-26 09:38:05,791 INFO sportsdataverse.mbb.mbb_ncaa_fetch: bm-verify not passed (412-byte response) -- re-solving, attempt 3/3
2026-09-26 09:38:05,791 DEBUG sportsdataverse.mbb.mbb_ncaa_fetch: transport error on http://<redacted>:<redacted>@us.decodo.com:10005: RuntimeError: bm-verify not passed after 3 attempts (412-byte response): https://stats.ncaa.org/contests/294848/play_by_play
2026-09-26 09:38:05,791 DEBUG sportsdataverse.mbb.mbb_ncaa_fetch: rotating proxy: transport error
2026-09-26 09:38:06,792 INFO sportsdataverse.mbb.mbb_ncaa_fetch: browser proxy rotated -> http://<redacted>:<redacted>@us.decodo.com:10006 (relaunching context)
2026-09-26 09:38:24,089 INFO sportsdataverse.mbb.mbb_ncaa_fetch: stats.ncaa.org terms gate -- accepting (one 10000 ms dwell)
2026-09-26 09:38:43,664 INFO sportsdataverse.mbb.mbb_ncaa_fetch: stats.ncaa.org terms gate -- accepting (one 10000 ms dwell)
2026-09-26 09:39:04,253 INFO sportsdataverse.mbb.mbb_ncaa_fetch: stats.ncaa.org terms gate -- accepting (one 10000 ms dwell)
2026-09-26 09:39:23,227 INFO sportsdataverse.mbb.mbb_ncaa_fetch: stats.ncaa.org terms gate -- accepting (one 10000 ms dwell)
2026-09-26 09:39:42,952 INFO sportsdataverse.mbb.mbb_ncaa_fetch: stats.ncaa.org terms gate -- accepting (one 10000 ms dwell)
2026-09-26 09:40:00,088 INFO sportsdataverse.mbb.mbb_ncaa_fetch: bm-verify not passed (412-byte response) -- re-solving, attempt 1/3
2026-09-26 09:40:08,515 INFO sportsdataverse.mbb.mbb_ncaa_fetch: bm-verify not passed (412-byte response) -- re-solving, attempt 2/3
2026-09-26 09:40:16,897 INFO sportsdataverse.mbb.mbb_ncaa_fetch: bm-verify not passed (412-byte response) -- re-solving, attempt 3/3
2026-09-26 09:40:16,898 DEBUG sportsdataverse.mbb.mbb_ncaa_fetch: transport error on http://<redacted>:<redacted>@us.decodo.com:10006: RuntimeError: bm-verify not passed after 3 attempts (412-byte response): https://stats.ncaa.org/contests/294855/play_by_play
2026-09-26 09:40:16,898 DEBUG sportsdataverse.mbb.mbb_ncaa_fetch: rotating proxy: transport error
2026-09-26 09:40:17,898 INFO sportsdataverse.mbb.mbb_ncaa_fetch: browser proxy rotated -> http://<redacted>:<redacted>@us.decodo.com:10007 (relaunching context)
2026-09-26 09:40:35,920 INFO sportsdataverse.mbb.mbb_ncaa_fetch: stats.ncaa.org terms gate -- accepting (one 10000 ms dwell)
2026-09-26 09:40:56,258 INFO sportsdataverse.mbb.mbb_ncaa_fetch: stats.ncaa.org terms gate -- accepting (one 10000 ms dwell)
2026-09-26 09:41:18,402 INFO sportsdataverse.mbb.mbb_ncaa_fetch: stats.ncaa.org terms gate -- accepting (one 10000 ms dwell)
2026-09-26 09:41:38,585 INFO sportsdataverse.mbb.mbb_ncaa_fetch: stats.ncaa.org terms gate -- accepting (one 10000 ms dwell)
2026-09-26 09:41:59,672 INFO sportsdataverse.mbb.mbb_ncaa_fetch: stats.ncaa.org terms gate -- accepting (one 10000 ms dwell)
2026-09-26 09:42:18,703 INFO sportsdataverse.mbb.mbb_ncaa_fetch: bm-verify not passed (412-byte response) -- re-solving, attempt 1/3
2026-09-26 09:42:27,149 INFO sportsdataverse.mbb.mbb_ncaa_fetch: bm-verify not passed (412-byte response) -- re-solving, attempt 2/3
2026-09-26 09:42:35,749 INFO sportsdataverse.mbb.mbb_ncaa_fetch: bm-verify not passed (412-byte response) -- re-solving, attempt 3/3
2026-09-26 09:42:35,749 DEBUG sportsdataverse.mbb.mbb_ncaa_fetch: transport error on http://<redacted>:<redacted>@us.decodo.com:10007: RuntimeError: bm-verify not passed after 3 attempts (412-byte response): https://stats.ncaa.org/contests/294866/play_by_play
2026-09-26 09:42:35,749 DEBUG sportsdataverse.mbb.mbb_ncaa_fetch: rotating proxy: transport error
2026-09-26 09:42:36,750 INFO sportsdataverse.mbb.mbb_ncaa_fetch: browser proxy rotated -> http://<redacted>:<redacted>@us.decodo.com:10008 (relaunching context)
2026-09-26 09:42:53,890 INFO sportsdataverse.mbb.mbb_ncaa_fetch: stats.ncaa.org terms gate -- accepting (one 10000 ms dwell)
2026-09-26 09:43:13,724 INFO sportsdataverse.mbb.mbb_ncaa_fetch: stats.ncaa.org terms gate -- accepting (one 10000 ms dwell)
2026-09-26 09:43:32,458 INFO sportsdataverse.mbb.mbb_ncaa_fetch: stats.ncaa.org terms gate -- accepting (one 10000 ms dwell)
2026-09-26 09:43:51,135 INFO sportsdataverse.mbb.mbb_ncaa_fetch: stats.ncaa.org terms gate -- accepting (one 10000 ms dwell)
2026-09-26 09:44:10,052 INFO sportsdataverse.mbb.mbb_ncaa_fetch: stats.ncaa.org terms gate -- accepting (one 10000 ms dwell)
2026-09-26 09:44:26,841 INFO sportsdataverse.mbb.mbb_ncaa_fetch: bm-verify not passed (412-byte response) -- re-solving, attempt 1/3
2026-09-26 09:44:35,146 INFO sportsdataverse.mbb.mbb_ncaa_fetch: bm-verify not passed (412-byte response) -- re-solving, attempt 2/3
2026-09-26 09:44:43,503 INFO sportsdataverse.mbb.mbb_ncaa_fetch: bm-verify not passed (412-byte response) -- re-solving, attempt 3/3
2026-09-26 09:44:43,503 DEBUG sportsdataverse.mbb.mbb_ncaa_fetch: transport error on http://<redacted>:<redacted>@us.decodo.com:10008: RuntimeError: bm-verify not passed after 3 attempts (412-byte response): https://stats.ncaa.org/contests/294874/play_by_play
2026-09-26 09:44:43,503 DEBUG sportsdataverse.mbb.mbb_ncaa_fetch: rotating proxy: transport error
2026-09-26 09:44:44,503 INFO sportsdataverse.mbb.mbb_ncaa_fetch: browser proxy rotated -> http://<redacted>:<redacted>@us.decodo.com:10009 (relaunching context)
2026-09-26 09:45:02,730 INFO sportsdataverse.mbb.mbb_ncaa_fetch: stats.ncaa.org terms gate -- accepting (one 10000 ms dwell)
2026-09-26 09:45:24,087 INFO sportsdataverse.mbb.mbb_ncaa_fetch: stats.ncaa.org terms gate -- accepting (one 10000 ms dwell)
2026-09-26 09:45:45,319 INFO sportsdataverse.mbb.mbb_ncaa_fetch: stats.ncaa.org terms gate -- accepting (one 10000 ms dwell)
2026-09-26 09:46:05,135 INFO sportsdataverse.mbb.mbb_ncaa_fetch: stats.ncaa.org terms gate -- accepting (one 10000 ms dwell)
2026-09-26 09:46:25,204 INFO sportsdataverse.mbb.mbb_ncaa_fetch: stats.ncaa.org terms gate -- accepting (one 10000 ms dwell)
2026-09-26 09:46:43,205 INFO sportsdataverse.mbb.mbb_ncaa_fetch: bm-verify not passed (412-byte response) -- re-solving, attempt 1/3
2026-09-26 09:46:51,765 INFO sportsdataverse.mbb.mbb_ncaa_fetch: bm-verify not passed (412-byte response) -- re-solving, attempt 2/3
2026-09-26 09:47:00,289 INFO sportsdataverse.mbb.mbb_ncaa_fetch: bm-verify not passed (412-byte response) -- re-solving, attempt 3/3
2026-09-26 09:47:00,289 DEBUG sportsdataverse.mbb.mbb_ncaa_fetch: transport error on http://<redacted>:<redacted>@us.decodo.com:10009: RuntimeError: bm-verify not passed after 3 attempts (412-byte response): https://stats.ncaa.org/contests/294893/play_by_play
2026-09-26 09:47:00,289 DEBUG sportsdataverse.mbb.mbb_ncaa_fetch: rotating proxy: transport error
2026-09-26 09:47:01,290 INFO sportsdataverse.mbb.mbb_ncaa_fetch: browser proxy rotated -> http://<redacted>:<redacted>@us.decodo.com:10010 (relaunching context)
2026-09-26 09:47:17,983 INFO sportsdataverse.mbb.mbb_ncaa_fetch: stats.ncaa.org terms gate -- accepting (one 10000 ms dwell)
2026-09-26 09:47:38,062 INFO sportsdataverse.mbb.mbb_ncaa_fetch: stats.ncaa.org terms gate -- accepting (one 10000 ms dwell)
2026-09-26 09:47:57,097 INFO sportsdataverse.mbb.mbb_ncaa_fetch: stats.ncaa.org terms gate -- accepting (one 10000 ms dwell)
2026-09-26 09:48:16,624 INFO sportsdataverse.mbb.mbb_ncaa_fetch: stats.ncaa.org terms gate -- accepting (one 10000 ms dwell)
2026-09-26 09:48:33,079 WARNING sportsdataverse.mbb.mbb_ncaa_fetch: stats.ncaa.org terms gate not accepted: https://stats.ncaa.org/contests/294895/situational_stats -- backing off 300 s (1/3)
2026-09-26 09:53:44,668 INFO sportsdataverse.mbb.mbb_ncaa_fetch: stats.ncaa.org terms gate -- accepting (one 10000 ms dwell)
2026-09-26 09:54:03,952 INFO sportsdataverse.mbb.mbb_ncaa_fetch: stats.ncaa.org terms gate -- accepting (one 10000 ms dwell)
2026-09-26 09:54:19,989 INFO sportsdataverse.mbb.mbb_ncaa_fetch: bm-verify not passed (413-byte response) -- re-solving, attempt 1/3
2026-09-26 09:54:28,401 INFO sportsdataverse.mbb.mbb_ncaa_fetch: bm-verify not passed (413-byte response) -- re-solving, attempt 2/3
2026-09-26 09:54:36,703 INFO sportsdataverse.mbb.mbb_ncaa_fetch: bm-verify not passed (413-byte response) -- re-solving, attempt 3/3
2026-09-26 09:54:36,704 DEBUG sportsdataverse.mbb.mbb_ncaa_fetch: transport error on http://<redacted>:<redacted>@us.decodo.com:10010: RuntimeError: bm-verify not passed after 3 attempts (413-byte response): https://stats.ncaa.org/contests/294897/situational_stats
2026-09-26 09:54:36,704 DEBUG sportsdataverse.mbb.mbb_ncaa_fetch: rotating proxy: transport error
2026-09-26 09:54:37,704 INFO sportsdataverse.mbb.mbb_ncaa_fetch: browser proxy rotated -> http://<redacted>:<redacted>@us.decodo.com:10011 (relaunching context)
2026-09-26 09:54:55,096 INFO sportsdataverse.mbb.mbb_ncaa_fetch: stats.ncaa.org terms gate -- accepting (one 10000 ms dwell)
2026-09-26 09:55:12,520 WARNING sportsdataverse.mbb.mbb_ncaa_fetch: stats.ncaa.org terms gate not accepted: https://stats.ncaa.org/contests/294897/situational_stats -- backing off 300 s (1/3)
2026-09-26 10:00:24,488 INFO sportsdataverse.mbb.mbb_ncaa_fetch: stats.ncaa.org terms gate -- accepting (one 10000 ms dwell)
2026-09-26 10:00:44,970 INFO sportsdataverse.mbb.mbb_ncaa_fetch: stats.ncaa.org terms gate -- accepting (one 10000 ms dwell)
2026-09-26 10:01:04,365 INFO sportsdataverse.mbb.mbb_ncaa_fetch: stats.ncaa.org terms gate -- accepting (one 10000 ms dwell)
2026-09-26 10:01:23,568 INFO sportsdataverse.mbb.mbb_ncaa_fetch: stats.ncaa.org terms gate -- accepting (one 10000 ms dwell)
2026-09-26 10:01:43,866 INFO sportsdataverse.mbb.mbb_ncaa_fetch: stats.ncaa.org terms gate -- accepting (one 10000 ms dwell)
2026-09-26 10:02:00,086 INFO sportsdataverse.mbb.mbb_ncaa_fetch: bm-verify not passed (412-byte response) -- re-solving, attempt 1/3
2026-09-26 10:02:08,394 INFO sportsdataverse.mbb.mbb_ncaa_fetch: bm-verify not passed (412-byte response) -- re-solving, attempt 2/3
2026-09-26 10:02:16,762 INFO sportsdataverse.mbb.mbb_ncaa_fetch: bm-verify not passed (412-byte response) -- re-solving, attempt 3/3
2026-09-26 10:02:16,762 DEBUG sportsdataverse.mbb.mbb_ncaa_fetch: transport error on http://<redacted>:<redacted>@us.decodo.com:10011: RuntimeError: bm-verify not passed after 3 attempts (412-byte response): https://stats.ncaa.org/contests/294929/individual_stats
2026-09-26 10:02:16,762 DEBUG sportsdataverse.mbb.mbb_ncaa_fetch: rotating proxy: transport error
2026-09-26 10:02:17,763 INFO sportsdataverse.mbb.mbb_ncaa_fetch: browser proxy rotated -> http://<redacted>:<redacted>@us.decodo.com:10012 (relaunching context)
2026-09-26 10:02:33,157 INFO sportsdataverse.mbb.mbb_ncaa_fetch: stats.ncaa.org terms gate -- accepting (one 10000 ms dwell)
2026-09-26 10:02:49,414 WARNING sportsdataverse.mbb.mbb_ncaa_fetch: stats.ncaa.org terms gate not accepted: https://stats.ncaa.org/contests/294929/individual_stats -- backing off 300 s (1/3)
2026-09-26 10:08:01,849 INFO sportsdataverse.mbb.mbb_ncaa_fetch: stats.ncaa.org terms gate -- accepting (one 10000 ms dwell)
2026-09-26 10:08:22,386 INFO sportsdataverse.mbb.mbb_ncaa_fetch: stats.ncaa.org terms gate -- accepting (one 10000 ms dwell)
2026-09-26 10:08:42,238 INFO sportsdataverse.mbb.mbb_ncaa_fetch: stats.ncaa.org terms gate -- accepting (one 10000 ms dwell)
2026-09-26 10:09:02,494 INFO sportsdataverse.mbb.mbb_ncaa_fetch: stats.ncaa.org terms gate -- accepting (one 10000 ms dwell)
2026-09-26 10:09:22,037 INFO sportsdataverse.mbb.mbb_ncaa_fetch: stats.ncaa.org terms gate -- accepting (one 10000 ms dwell)
2026-09-26 10:09:39,111 INFO sportsdataverse.mbb.mbb_ncaa_fetch: bm-verify not passed (406-byte response) -- re-solving, attempt 1/3
2026-09-26 10:09:47,652 INFO sportsdataverse.mbb.mbb_ncaa_fetch: bm-verify not passed (406-byte response) -- re-solving, attempt 2/3
2026-09-26 10:09:56,185 INFO sportsdataverse.mbb.mbb_ncaa_fetch: bm-verify not passed (406-byte response) -- re-solving, attempt 3/3
2026-09-26 10:09:56,185 DEBUG sportsdataverse.mbb.mbb_ncaa_fetch: transport error on http://<redacted>:<redacted>@us.decodo.com:10012: RuntimeError: bm-verify not passed after 3 attempts (406-byte response): https://stats.ncaa.org/contests/294942/team_stats
2026-09-26 10:09:56,185 DEBUG sportsdataverse.mbb.mbb_ncaa_fetch: rotating proxy: transport error
2026-09-26 10:09:57,186 INFO sportsdataverse.mbb.mbb_ncaa_fetch: browser proxy rotated -> http://<redacted>:<redacted>@us.decodo.com:10013 (relaunching context)
2026-09-26 10:10:13,987 INFO sportsdataverse.mbb.mbb_ncaa_fetch: stats.ncaa.org terms gate -- accepting (one 10000 ms dwell)
2026-09-26 10:10:34,542 INFO sportsdataverse.mbb.mbb_ncaa_fetch: stats.ncaa.org terms gate -- accepting (one 10000 ms dwell)
2026-09-26 10:10:54,221 INFO sportsdataverse.mbb.mbb_ncaa_fetch: stats.ncaa.org terms gate -- accepting (one 10000 ms dwell)
2026-09-26 10:11:14,216 INFO sportsdataverse.mbb.mbb_ncaa_fetch: stats.ncaa.org terms gate -- accepting (one 10000 ms dwell)
2026-09-26 10:11:33,938 INFO sportsdataverse.mbb.mbb_ncaa_fetch: stats.ncaa.org terms gate -- accepting (one 10000 ms dwell)
2026-09-26 10:11:51,923 INFO sportsdataverse.mbb.mbb_ncaa_fetch: bm-verify not passed (404-byte response) -- re-solving, attempt 1/3
2026-09-26 10:12:00,295 INFO sportsdataverse.mbb.mbb_ncaa_fetch: bm-verify not passed (404-byte response) -- re-solving, attempt 2/3
2026-09-26 10:12:08,647 INFO sportsdataverse.mbb.mbb_ncaa_fetch: bm-verify not passed (404-byte response) -- re-solving, attempt 3/3
2026-09-26 10:12:08,647 DEBUG sportsdataverse.mbb.mbb_ncaa_fetch: transport error on http://<redacted>:<redacted>@us.decodo.com:10013: RuntimeError: bm-verify not passed after 3 attempts (404-byte response): https://stats.ncaa.org/contests/294980/team_stats
2026-09-26 10:12:08,647 DEBUG sportsdataverse.mbb.mbb_ncaa_fetch: rotating proxy: transport error
2026-09-26 10:12:09,648 INFO sportsdataverse.mbb.mbb_ncaa_fetch: browser proxy rotated -> http://<redacted>:<redacted>@us.decodo.com:10014 (relaunching context)
2026-09-26 10:12:25,934 INFO sportsdataverse.mbb.mbb_ncaa_fetch: stats.ncaa.org terms gate -- accepting (one 10000 ms dwell)
2026-09-26 10:12:45,533 INFO sportsdataverse.mbb.mbb_ncaa_fetch: stats.ncaa.org terms gate -- accepting (one 10000 ms dwell)
2026-09-26 10:13:04,417 INFO sportsdataverse.mbb.mbb_ncaa_fetch: stats.ncaa.org terms gate -- accepting (one 10000 ms dwell)
2026-09-26 10:13:23,808 INFO sportsdataverse.mbb.mbb_ncaa_fetch: stats.ncaa.org terms gate -- accepting (one 10000 ms dwell)
2026-09-26 10:13:43,038 INFO sportsdataverse.mbb.mbb_ncaa_fetch: stats.ncaa.org terms gate -- accepting (one 10000 ms dwell)
2026-09-26 10:14:00,621 INFO sportsdataverse.mbb.mbb_ncaa_fetch: bm-verify not passed (406-byte response) -- re-solving, attempt 1/3
2026-09-26 10:14:09,042 INFO sportsdataverse.mbb.mbb_ncaa_fetch: bm-verify not passed (406-byte response) -- re-solving, attempt 2/3
2026-09-26 10:14:17,418 INFO sportsdataverse.mbb.mbb_ncaa_fetch: bm-verify not passed (406-byte response) -- re-solving, attempt 3/3
2026-09-26 10:14:17,419 DEBUG sportsdataverse.mbb.mbb_ncaa_fetch: transport error on http://<redacted>:<redacted>@us.decodo.com:10014: RuntimeError: bm-verify not passed after 3 attempts (406-byte response): https://stats.ncaa.org/contests/294990/team_stats
2026-09-26 10:14:17,419 DEBUG sportsdataverse.mbb.mbb_ncaa_fetch: rotating proxy: transport error
2026-09-26 10:14:18,419 INFO sportsdataverse.mbb.mbb_ncaa_fetch: browser proxy rotated -> http://<redacted>:<redacted>@us.decodo.com:10015 (relaunching context)
2026-09-26 10:14:35,641 INFO sportsdataverse.mbb.mbb_ncaa_fetch: stats.ncaa.org terms gate -- accepting (one 10000 ms dwell)
2026-09-26 10:14:56,557 INFO sportsdataverse.mbb.mbb_ncaa_fetch: stats.ncaa.org terms gate -- accepting (one 10000 ms dwell)
2026-09-26 10:15:17,733 INFO sportsdataverse.mbb.mbb_ncaa_fetch: stats.ncaa.org terms gate -- accepting (one 10000 ms dwell)
2026-09-26 10:15:38,396 INFO sportsdataverse.mbb.mbb_ncaa_fetch: stats.ncaa.org terms gate -- accepting (one 10000 ms dwell)
2026-09-26 10:15:58,696 INFO sportsdataverse.mbb.mbb_ncaa_fetch: stats.ncaa.org terms gate -- accepting (one 10000 ms dwell)
2026-09-26 10:16:18,178 INFO sportsdataverse.mbb.mbb_ncaa_fetch: bm-verify not passed (406-byte response) -- re-solving, attempt 1/3
2026-09-26 10:16:26,582 INFO sportsdataverse.mbb.mbb_ncaa_fetch: bm-verify not passed (406-byte response) -- re-solving, attempt 2/3
2026-09-26 10:16:35,082 INFO sportsdataverse.mbb.mbb_ncaa_fetch: bm-verify not passed (406-byte response) -- re-solving, attempt 3/3
2026-09-26 10:16:35,083 DEBUG sportsdataverse.mbb.mbb_ncaa_fetch: transport error on http://<redacted>:<redacted>@us.decodo.com:10015: RuntimeError: bm-verify not passed after 3 attempts (406-byte response): https://stats.ncaa.org/contests/294998/team_stats
2026-09-26 10:16:35,083 DEBUG sportsdataverse.mbb.mbb_ncaa_fetch: rotating proxy: transport error
2026-09-26 10:16:36,083 INFO sportsdataverse.mbb.mbb_ncaa_fetch: browser proxy rotated -> http://<redacted>:<redacted>@us.decodo.com:10016 (relaunching context)
2026-09-26 10:16:51,892 INFO sportsdataverse.mbb.mbb_ncaa_fetch: stats.ncaa.org terms gate -- accepting (one 10000 ms dwell)
2026-09-26 10:17:11,253 INFO sportsdataverse.mbb.mbb_ncaa_fetch: stats.ncaa.org terms gate -- accepting (one 10000 ms dwell)
2026-09-26 10:17:27,274 WARNING sportsdataverse.mbb.mbb_ncaa_fetch: stats.ncaa.org terms gate not accepted: https://stats.ncaa.org/contests/295000/play_by_play -- backing off 300 s (1/3)
2026-09-26 10:22:39,344 INFO sportsdataverse.mbb.mbb_ncaa_fetch: stats.ncaa.org terms gate -- accepting (one 10000 ms dwell)
2026-09-26 10:22:57,745 INFO sportsdataverse.mbb.mbb_ncaa_fetch: stats.ncaa.org terms gate -- accepting (one 10000 ms dwell)
2026-09-26 10:23:17,511 INFO sportsdataverse.mbb.mbb_ncaa_fetch: stats.ncaa.org terms gate -- accepting (one 10000 ms dwell)
2026-09-26 10:23:36,465 INFO sportsdataverse.mbb.mbb_ncaa_fetch: stats.ncaa.org terms gate -- accepting (one 10000 ms dwell)
2026-09-26 10:23:53,389 INFO sportsdataverse.mbb.mbb_ncaa_fetch: bm-verify not passed (405-byte response) -- re-solving, attempt 1/3
2026-09-26 10:24:01,625 INFO sportsdataverse.mbb.mbb_ncaa_fetch: bm-verify not passed (405-byte response) -- re-solving, attempt 2/3
2026-09-26 10:24:09,878 INFO sportsdataverse.mbb.mbb_ncaa_fetch: bm-verify not passed (405-byte response) -- re-solving, attempt 3/3
2026-09-26 10:24:09,878 DEBUG sportsdataverse.mbb.mbb_ncaa_fetch: transport error on http://<redacted>:<redacted>@us.decodo.com:10016: RuntimeError: bm-verify not passed after 3 attempts (405-byte response): https://stats.ncaa.org/contests/295005/box_score
2026-09-26 10:24:09,878 DEBUG sportsdataverse.mbb.mbb_ncaa_fetch: rotating proxy: transport error
2026-09-26 10:24:10,878 INFO sportsdataverse.mbb.mbb_ncaa_fetch: browser proxy rotated -> http://<redacted>:<redacted>@us.decodo.com:10017 (relaunching context)
2026-09-26 10:24:29,972 INFO sportsdataverse.mbb.mbb_ncaa_fetch: stats.ncaa.org terms gate -- accepting (one 10000 ms dwell)
2026-09-26 10:24:47,758 WARNING sportsdataverse.mbb.mbb_ncaa_fetch: stats.ncaa.org terms gate not accepted: https://stats.ncaa.org/contests/295005/box_score -- backing off 300 s (1/3)
2026-09-26 10:30:01,554 INFO sportsdataverse.mbb.mbb_ncaa_fetch: stats.ncaa.org terms gate -- accepting (one 10000 ms dwell)
2026-09-26 10:30:22,408 INFO sportsdataverse.mbb.mbb_ncaa_fetch: stats.ncaa.org terms gate -- accepting (one 10000 ms dwell)
2026-09-26 10:30:43,968 INFO sportsdataverse.mbb.mbb_ncaa_fetch: stats.ncaa.org terms gate -- accepting (one 10000 ms dwell)
2026-09-26 10:31:03,941 INFO sportsdataverse.mbb.mbb_ncaa_fetch: bm-verify not passed (410-byte response) -- re-solving, attempt 1/3
2026-09-26 10:31:12,496 INFO sportsdataverse.mbb.mbb_ncaa_fetch: bm-verify not passed (410-byte response) -- re-solving, attempt 2/3
2026-09-26 10:31:20,926 INFO sportsdataverse.mbb.mbb_ncaa_fetch: bm-verify not passed (410-byte response) -- re-solving, attempt 3/3
2026-09-26 10:31:20,926 DEBUG sportsdataverse.mbb.mbb_ncaa_fetch: transport error on http://<redacted>:<redacted>@us.decodo.com:10017: RuntimeError: bm-verify not passed after 3 attempts (410-byte response): https://stats.ncaa.org/contests/295011/play_by_play
2026-09-26 10:31:20,926 DEBUG sportsdataverse.mbb.mbb_ncaa_fetch: rotating proxy: transport error
2026-09-26 10:31:21,926 INFO sportsdataverse.mbb.mbb_ncaa_fetch: browser proxy rotated -> http://<redacted>:<redacted>@us.decodo.com:10018 (relaunching context)
2026-09-26 10:31:40,264 INFO sportsdataverse.mbb.mbb_ncaa_fetch: stats.ncaa.org terms gate -- accepting (one 10000 ms dwell)
2026-09-26 10:31:57,100 WARNING sportsdataverse.mbb.mbb_ncaa_fetch: stats.ncaa.org terms gate not accepted: https://stats.ncaa.org/contests/295011/play_by_play -- backing off 300 s (1/3)
2026-09-26 10:37:09,611 INFO sportsdataverse.mbb.mbb_ncaa_fetch: stats.ncaa.org terms gate -- accepting (one 10000 ms dwell)
2026-09-26 10:37:26,437 WARNING sportsdataverse.mbb.mbb_ncaa_fetch: stats.ncaa.org terms gate not accepted: https://stats.ncaa.org/contests/295011/play_by_play -- backing off 300 s (2/3)
2026-09-26 10:42:39,654 INFO sportsdataverse.mbb.mbb_ncaa_fetch: stats.ncaa.org terms gate -- accepting (one 10000 ms dwell)
2026-09-26 10:42:56,800 WARNING sportsdataverse.mbb.mbb_ncaa_fetch: stats.ncaa.org terms gate not accepted: https://stats.ncaa.org/contests/295011/play_by_play -- backing off 300 s (3/3)
2026-09-26 10:48:08,881 INFO sportsdataverse.mbb.mbb_ncaa_fetch: stats.ncaa.org terms gate -- accepting (one 10000 ms dwell)
2026-09-26 10:48:28,283 INFO sportsdataverse.mbb.mbb_ncaa_fetch: stats.ncaa.org terms gate -- accepting (one 10000 ms dwell)
2026-09-26 10:48:48,395 INFO sportsdataverse.mbb.mbb_ncaa_fetch: stats.ncaa.org terms gate -- accepting (one 10000 ms dwell)
2026-09-26 10:49:07,822 INFO sportsdataverse.mbb.mbb_ncaa_fetch: stats.ncaa.org terms gate -- accepting (one 10000 ms dwell)
2026-09-26 10:49:26,817 INFO sportsdataverse.mbb.mbb_ncaa_fetch: stats.ncaa.org terms gate -- accepting (one 10000 ms dwell)
2026-09-26 10:49:43,648 WARNING sportsdataverse.mbb.mbb_ncaa_fetch: stats.ncaa.org terms gate not accepted: https://stats.ncaa.org/contests/295017/box_score -- backing off 300 s (1/3)
2026-09-26 10:54:56,831 INFO sportsdataverse.mbb.mbb_ncaa_fetch: stats.ncaa.org terms gate -- accepting (one 10000 ms dwell)
2026-09-26 10:55:14,505 WARNING sportsdataverse.mbb.mbb_ncaa_fetch: stats.ncaa.org terms gate not accepted: https://stats.ncaa.org/contests/295017/box_score -- backing off 300 s (2/3)
2026-09-26 11:00:27,305 INFO sportsdataverse.mbb.mbb_ncaa_fetch: stats.ncaa.org terms gate -- accepting (one 10000 ms dwell)
2026-09-26 11:00:45,116 WARNING sportsdataverse.mbb.mbb_ncaa_fetch: stats.ncaa.org terms gate not accepted: https://stats.ncaa.org/contests/295017/box_score -- backing off 300 s (3/3)
