[games] shard 0/8: 1054 contests
2026-09-25 23:25:07,679 INFO sportsdataverse.mbb.mbb_ncaa_fetch: stats.ncaa.org terms gate -- accepting (one 10000 ms dwell)
2026-09-25 23:25:24,892 DEBUG sportsdataverse.mbb.mbb_ncaa_fetch: transport error on http://<redacted>:<redacted>@us.decodo.com:10001: Error: Page.evaluate: TypeError: Failed to fetch
    at eval (eval at evaluate (:303:30), <anonymous>:1:32)
    at UtilityScript.evaluate (<anonymous>:310:18)
    at UtilityScript.<anonymous> (<anonymous>:1:44)
2026-09-25 23:25:24,892 DEBUG sportsdataverse.mbb.mbb_ncaa_fetch: rotating proxy: transport error
2026-09-25 23:25:25,893 INFO sportsdataverse.mbb.mbb_ncaa_fetch: browser proxy rotated -> http://<redacted>:<redacted>@us.decodo.com:10002 (relaunching context)
2026-09-25 23:25:42,784 INFO sportsdataverse.mbb.mbb_ncaa_fetch: stats.ncaa.org terms gate -- accepting (one 10000 ms dwell)
2026-09-25 23:25:59,499 WARNING sportsdataverse.mbb.mbb_ncaa_fetch: stats.ncaa.org terms gate not accepted: https://stats.ncaa.org/contests/293176/play_by_play -- backing off 300 s (1/3)
2026-09-25 23:31:11,180 INFO sportsdataverse.mbb.mbb_ncaa_fetch: stats.ncaa.org terms gate -- accepting (one 10000 ms dwell)
2026-09-25 23:31:27,770 WARNING sportsdataverse.mbb.mbb_ncaa_fetch: stats.ncaa.org terms gate not accepted: https://stats.ncaa.org/contests/293176/play_by_play -- backing off 300 s (2/3)
2026-09-25 23:36:36,447 INFO sportsdataverse.mbb.mbb_ncaa_fetch: bm-verify not passed (412-byte response) -- re-solving, attempt 1/3
2026-09-25 23:36:44,722 INFO sportsdataverse.mbb.mbb_ncaa_fetch: bm-verify not passed (412-byte response) -- re-solving, attempt 2/3
2026-09-25 23:36:53,089 INFO sportsdataverse.mbb.mbb_ncaa_fetch: bm-verify not passed (412-byte response) -- re-solving, attempt 3/3
2026-09-25 23:36:53,089 DEBUG sportsdataverse.mbb.mbb_ncaa_fetch: transport error on http://<redacted>:<redacted>@us.decodo.com:10002: RuntimeError: bm-verify not passed after 3 attempts (412-byte response): https://stats.ncaa.org/contests/293176/play_by_play
2026-09-25 23:36:53,089 DEBUG sportsdataverse.mbb.mbb_ncaa_fetch: rotating proxy: transport error
2026-09-25 23:36:54,090 INFO sportsdataverse.mbb.mbb_ncaa_fetch: browser proxy rotated -> http://<redacted>:<redacted>@us.decodo.com:10003 (relaunching context)
2026-09-25 23:37:12,452 INFO sportsdataverse.mbb.mbb_ncaa_fetch: stats.ncaa.org terms gate -- accepting (one 10000 ms dwell)
2026-09-25 23:37:33,227 INFO sportsdataverse.mbb.mbb_ncaa_fetch: stats.ncaa.org terms gate -- accepting (one 10000 ms dwell)
2026-09-25 23:37:55,053 INFO sportsdataverse.mbb.mbb_ncaa_fetch: stats.ncaa.org terms gate -- accepting (one 10000 ms dwell)
2026-09-25 23:38:16,776 INFO sportsdataverse.mbb.mbb_ncaa_fetch: stats.ncaa.org terms gate -- accepting (one 10000 ms dwell)
2026-09-25 23:38:37,697 INFO sportsdataverse.mbb.mbb_ncaa_fetch: stats.ncaa.org terms gate -- accepting (one 10000 ms dwell)
2026-09-25 23:38:56,188 INFO sportsdataverse.mbb.mbb_ncaa_fetch: bm-verify not passed (412-byte response) -- re-solving, attempt 1/3
2026-09-25 23:39:04,750 INFO sportsdataverse.mbb.mbb_ncaa_fetch: bm-verify not passed (412-byte response) -- re-solving, attempt 2/3
2026-09-25 23:39:13,177 INFO sportsdataverse.mbb.mbb_ncaa_fetch: bm-verify not passed (412-byte response) -- re-solving, attempt 3/3
2026-09-25 23:39:13,177 DEBUG sportsdataverse.mbb.mbb_ncaa_fetch: transport error on http://<redacted>:<redacted>@us.decodo.com:10003: RuntimeError: bm-verify not passed after 3 attempts (412-byte response): https://stats.ncaa.org/contests/293215/play_by_play
2026-09-25 23:39:13,177 DEBUG sportsdataverse.mbb.mbb_ncaa_fetch: rotating proxy: transport error
2026-09-25 23:39:14,178 INFO sportsdataverse.mbb.mbb_ncaa_fetch: browser proxy rotated -> http://<redacted>:<redacted>@us.decodo.com:10004 (relaunching context)
2026-09-25 23:39:30,107 INFO sportsdataverse.mbb.mbb_ncaa_fetch: stats.ncaa.org terms gate -- accepting (one 10000 ms dwell)
2026-09-25 23:39:50,723 INFO sportsdataverse.mbb.mbb_ncaa_fetch: stats.ncaa.org terms gate -- accepting (one 10000 ms dwell)
2026-09-25 23:40:10,667 INFO sportsdataverse.mbb.mbb_ncaa_fetch: stats.ncaa.org terms gate -- accepting (one 10000 ms dwell)
2026-09-25 23:40:30,924 INFO sportsdataverse.mbb.mbb_ncaa_fetch: stats.ncaa.org terms gate -- accepting (one 10000 ms dwell)
2026-09-25 23:40:52,010 INFO sportsdataverse.mbb.mbb_ncaa_fetch: stats.ncaa.org terms gate -- accepting (one 10000 ms dwell)
2026-09-25 23:41:11,848 INFO sportsdataverse.mbb.mbb_ncaa_fetch: bm-verify not passed (410-byte response) -- re-solving, attempt 1/3
2026-09-25 23:41:20,198 INFO sportsdataverse.mbb.mbb_ncaa_fetch: bm-verify not passed (410-byte response) -- re-solving, attempt 2/3
2026-09-25 23:41:29,097 INFO sportsdataverse.mbb.mbb_ncaa_fetch: bm-verify not passed (410-byte response) -- re-solving, attempt 3/3
2026-09-25 23:41:29,097 DEBUG sportsdataverse.mbb.mbb_ncaa_fetch: transport error on http://<redacted>:<redacted>@us.decodo.com:10004: RuntimeError: bm-verify not passed after 3 attempts (410-byte response): https://stats.ncaa.org/contests/293261/play_by_play
2026-09-25 23:41:29,097 DEBUG sportsdataverse.mbb.mbb_ncaa_fetch: rotating proxy: transport error
2026-09-25 23:41:30,097 INFO sportsdataverse.mbb.mbb_ncaa_fetch: browser proxy rotated -> http://<redacted>:<redacted>@us.decodo.com:10005 (relaunching context)
2026-09-25 23:41:51,716 INFO sportsdataverse.mbb.mbb_ncaa_fetch: stats.ncaa.org terms gate -- accepting (one 10000 ms dwell)
2026-09-25 23:42:08,780 WARNING sportsdataverse.mbb.mbb_ncaa_fetch: stats.ncaa.org terms gate not accepted: https://stats.ncaa.org/contests/293261/play_by_play -- backing off 300 s (1/3)
2026-09-25 23:47:20,871 INFO sportsdataverse.mbb.mbb_ncaa_fetch: stats.ncaa.org terms gate -- accepting (one 10000 ms dwell)
2026-09-25 23:47:37,907 WARNING sportsdataverse.mbb.mbb_ncaa_fetch: stats.ncaa.org terms gate not accepted: https://stats.ncaa.org/contests/293261/play_by_play -- backing off 300 s (2/3)
2026-09-25 23:52:50,860 INFO sportsdataverse.mbb.mbb_ncaa_fetch: stats.ncaa.org terms gate -- accepting (one 10000 ms dwell)
2026-09-25 23:53:07,758 WARNING sportsdataverse.mbb.mbb_ncaa_fetch: stats.ncaa.org terms gate not accepted: https://stats.ncaa.org/contests/293261/play_by_play -- backing off 300 s (3/3)
2026-09-25 23:58:20,609 INFO sportsdataverse.mbb.mbb_ncaa_fetch: stats.ncaa.org terms gate -- accepting (one 10000 ms dwell)
2026-09-25 23:58:50,431 INFO sportsdataverse.mbb.mbb_ncaa_fetch: stats.ncaa.org terms gate -- accepting (one 10000 ms dwell)
2026-09-25 23:59:08,369 WARNING sportsdataverse.mbb.mbb_ncaa_fetch: stats.ncaa.org terms gate not accepted: https://stats.ncaa.org/contests/293272/play_by_play -- backing off 300 s (1/3)
=== 2026-09-26T04:07:02Z shard 0/4 ===
[games] shard 0/4: 2107 contests
2026-09-26 00:07:34,425 INFO sportsdataverse.mbb.mbb_ncaa_fetch: stats.ncaa.org terms gate -- accepting (one 10000 ms dwell)
2026-09-26 00:07:54,500 INFO sportsdataverse.mbb.mbb_ncaa_fetch: stats.ncaa.org terms gate -- accepting (one 10000 ms dwell)
2026-09-26 00:08:14,061 INFO sportsdataverse.mbb.mbb_ncaa_fetch: stats.ncaa.org terms gate -- accepting (one 10000 ms dwell)
2026-09-26 00:08:32,701 INFO sportsdataverse.mbb.mbb_ncaa_fetch: stats.ncaa.org terms gate -- accepting (one 10000 ms dwell)
2026-09-26 00:08:51,551 INFO sportsdataverse.mbb.mbb_ncaa_fetch: stats.ncaa.org terms gate -- accepting (one 10000 ms dwell)
2026-09-26 00:09:09,766 INFO sportsdataverse.mbb.mbb_ncaa_fetch: bm-verify not passed (410-byte response) -- re-solving, attempt 1/3
2026-09-26 00:09:18,064 INFO sportsdataverse.mbb.mbb_ncaa_fetch: bm-verify not passed (410-byte response) -- re-solving, attempt 2/3
2026-09-26 00:09:26,334 INFO sportsdataverse.mbb.mbb_ncaa_fetch: bm-verify not passed (410-byte response) -- re-solving, attempt 3/3
2026-09-26 00:09:26,335 DEBUG sportsdataverse.mbb.mbb_ncaa_fetch: transport error on http://<redacted>:<redacted>@us.decodo.com:10001: RuntimeError: bm-verify not passed after 3 attempts (410-byte response): https://stats.ncaa.org/contests/293308/play_by_play
2026-09-26 00:09:26,335 DEBUG sportsdataverse.mbb.mbb_ncaa_fetch: rotating proxy: transport error
2026-09-26 00:09:27,335 INFO sportsdataverse.mbb.mbb_ncaa_fetch: browser proxy rotated -> http://<redacted>:<redacted>@us.decodo.com:10002 (relaunching context)
2026-09-26 00:09:47,205 INFO sportsdataverse.mbb.mbb_ncaa_fetch: stats.ncaa.org terms gate -- accepting (one 10000 ms dwell)
2026-09-26 00:10:08,009 INFO sportsdataverse.mbb.mbb_ncaa_fetch: stats.ncaa.org terms gate -- accepting (one 10000 ms dwell)
2026-09-26 00:10:29,415 INFO sportsdataverse.mbb.mbb_ncaa_fetch: stats.ncaa.org terms gate -- accepting (one 10000 ms dwell)
2026-09-26 00:10:50,762 INFO sportsdataverse.mbb.mbb_ncaa_fetch: stats.ncaa.org terms gate -- accepting (one 10000 ms dwell)
2026-09-26 00:11:13,039 INFO sportsdataverse.mbb.mbb_ncaa_fetch: stats.ncaa.org terms gate -- accepting (one 10000 ms dwell)
2026-09-26 00:11:31,328 INFO sportsdataverse.mbb.mbb_ncaa_fetch: bm-verify not passed (412-byte response) -- re-solving, attempt 1/3
2026-09-26 00:11:40,426 INFO sportsdataverse.mbb.mbb_ncaa_fetch: bm-verify not passed (412-byte response) -- re-solving, attempt 2/3
2026-09-26 00:11:49,292 INFO sportsdataverse.mbb.mbb_ncaa_fetch: bm-verify not passed (412-byte response) -- re-solving, attempt 3/3
2026-09-26 00:11:49,292 DEBUG sportsdataverse.mbb.mbb_ncaa_fetch: transport error on http://<redacted>:<redacted>@us.decodo.com:10002: RuntimeError: bm-verify not passed after 3 attempts (412-byte response): https://stats.ncaa.org/contests/293322/play_by_play
2026-09-26 00:11:49,293 DEBUG sportsdataverse.mbb.mbb_ncaa_fetch: rotating proxy: transport error
2026-09-26 00:11:50,294 INFO sportsdataverse.mbb.mbb_ncaa_fetch: browser proxy rotated -> http://<redacted>:<redacted>@us.decodo.com:10003 (relaunching context)
2026-09-26 00:12:07,979 INFO sportsdataverse.mbb.mbb_ncaa_fetch: stats.ncaa.org terms gate -- accepting (one 10000 ms dwell)
2026-09-26 00:12:25,444 WARNING sportsdataverse.mbb.mbb_ncaa_fetch: stats.ncaa.org terms gate not accepted: https://stats.ncaa.org/contests/293322/play_by_play -- backing off 300 s (1/3)
2026-09-26 00:17:44,255 INFO sportsdataverse.mbb.mbb_ncaa_fetch: stats.ncaa.org terms gate -- accepting (one 10000 ms dwell)
2026-09-26 00:18:02,045 INFO sportsdataverse.mbb.mbb_ncaa_fetch: stats.ncaa.org terms gate -- accepting (one 10000 ms dwell)
2026-09-26 00:18:20,000 INFO sportsdataverse.mbb.mbb_ncaa_fetch: stats.ncaa.org terms gate -- accepting (one 10000 ms dwell)
2026-09-26 00:18:37,804 INFO sportsdataverse.mbb.mbb_ncaa_fetch: stats.ncaa.org terms gate -- accepting (one 10000 ms dwell)
2026-09-26 00:18:55,987 INFO sportsdataverse.mbb.mbb_ncaa_fetch: stats.ncaa.org terms gate -- accepting (one 10000 ms dwell)
2026-09-26 00:19:11,188 INFO sportsdataverse.mbb.mbb_ncaa_fetch: bm-verify not passed (413-byte response) -- re-solving, attempt 1/3
2026-09-26 00:19:19,446 INFO sportsdataverse.mbb.mbb_ncaa_fetch: bm-verify not passed (413-byte response) -- re-solving, attempt 2/3
2026-09-26 00:19:27,745 INFO sportsdataverse.mbb.mbb_ncaa_fetch: bm-verify not passed (413-byte response) -- re-solving, attempt 3/3
2026-09-26 00:19:27,745 DEBUG sportsdataverse.mbb.mbb_ncaa_fetch: transport error on http://<redacted>:<redacted>@us.decodo.com:10003: RuntimeError: bm-verify not passed after 3 attempts (413-byte response): https://stats.ncaa.org/contests/293364/situational_stats
2026-09-26 00:19:27,746 DEBUG sportsdataverse.mbb.mbb_ncaa_fetch: rotating proxy: transport error
2026-09-26 00:19:28,746 INFO sportsdataverse.mbb.mbb_ncaa_fetch: browser proxy rotated -> http://<redacted>:<redacted>@us.decodo.com:10004 (relaunching context)
2026-09-26 00:19:44,673 INFO sportsdataverse.mbb.mbb_ncaa_fetch: stats.ncaa.org terms gate -- accepting (one 10000 ms dwell)
2026-09-26 00:20:01,206 WARNING sportsdataverse.mbb.mbb_ncaa_fetch: stats.ncaa.org terms gate not accepted: https://stats.ncaa.org/contests/293364/situational_stats -- backing off 300 s (1/3)
2026-09-26 00:25:12,906 INFO sportsdataverse.mbb.mbb_ncaa_fetch: stats.ncaa.org terms gate -- accepting (one 10000 ms dwell)
2026-09-26 00:25:32,403 INFO sportsdataverse.mbb.mbb_ncaa_fetch: stats.ncaa.org terms gate -- accepting (one 10000 ms dwell)
2026-09-26 00:25:50,820 INFO sportsdataverse.mbb.mbb_ncaa_fetch: stats.ncaa.org terms gate -- accepting (one 10000 ms dwell)
2026-09-26 00:26:10,406 INFO sportsdataverse.mbb.mbb_ncaa_fetch: stats.ncaa.org terms gate -- accepting (one 10000 ms dwell)
2026-09-26 00:26:29,544 INFO sportsdataverse.mbb.mbb_ncaa_fetch: stats.ncaa.org terms gate -- accepting (one 10000 ms dwell)
2026-09-26 00:26:46,048 INFO sportsdataverse.mbb.mbb_ncaa_fetch: bm-verify not passed (412-byte response) -- re-solving, attempt 1/3
2026-09-26 00:26:54,406 INFO sportsdataverse.mbb.mbb_ncaa_fetch: bm-verify not passed (412-byte response) -- re-solving, attempt 2/3
2026-09-26 00:27:02,781 INFO sportsdataverse.mbb.mbb_ncaa_fetch: bm-verify not passed (412-byte response) -- re-solving, attempt 3/3
2026-09-26 00:27:02,781 DEBUG sportsdataverse.mbb.mbb_ncaa_fetch: transport error on http://<redacted>:<redacted>@us.decodo.com:10004: RuntimeError: bm-verify not passed after 3 attempts (412-byte response): https://stats.ncaa.org/contests/293381/individual_stats
2026-09-26 00:27:02,781 DEBUG sportsdataverse.mbb.mbb_ncaa_fetch: rotating proxy: transport error
2026-09-26 00:27:03,781 INFO sportsdataverse.mbb.mbb_ncaa_fetch: browser proxy rotated -> http://<redacted>:<redacted>@us.decodo.com:10005 (relaunching context)
2026-09-26 00:27:27,169 DEBUG sportsdataverse.mbb.mbb_ncaa_fetch: transport error on http://<redacted>:<redacted>@us.decodo.com:10005: Error: Page.goto: net::ERR_CONNECTION_CLOSED at https://stats.ncaa.org/contests/293381/individual_stats
Call log:
  - navigating to "https://stats.ncaa.org/contests/293381/individual_stats", waiting until "domcontentloaded"

2026-09-26 00:27:27,169 DEBUG sportsdataverse.mbb.mbb_ncaa_fetch: rotating proxy: transport error
2026-09-26 00:27:28,169 INFO sportsdataverse.mbb.mbb_ncaa_fetch: browser proxy rotated -> http://<redacted>:<redacted>@us.decodo.com:10006 (relaunching context)
2026-09-26 00:27:44,349 INFO sportsdataverse.mbb.mbb_ncaa_fetch: stats.ncaa.org terms gate -- accepting (one 10000 ms dwell)
2026-09-26 00:28:04,164 INFO sportsdataverse.mbb.mbb_ncaa_fetch: stats.ncaa.org terms gate -- accepting (one 10000 ms dwell)
2026-09-26 00:28:23,204 INFO sportsdataverse.mbb.mbb_ncaa_fetch: stats.ncaa.org terms gate -- accepting (one 10000 ms dwell)
2026-09-26 00:28:41,680 INFO sportsdataverse.mbb.mbb_ncaa_fetch: stats.ncaa.org terms gate -- accepting (one 10000 ms dwell)
2026-09-26 00:29:00,672 INFO sportsdataverse.mbb.mbb_ncaa_fetch: stats.ncaa.org terms gate -- accepting (one 10000 ms dwell)
2026-09-26 00:29:18,859 INFO sportsdataverse.mbb.mbb_ncaa_fetch: bm-verify not passed (412-byte response) -- re-solving, attempt 1/3
2026-09-26 00:29:27,315 INFO sportsdataverse.mbb.mbb_ncaa_fetch: bm-verify not passed (412-byte response) -- re-solving, attempt 2/3
2026-09-26 00:29:35,758 INFO sportsdataverse.mbb.mbb_ncaa_fetch: bm-verify not passed (412-byte response) -- re-solving, attempt 3/3
2026-09-26 00:29:35,759 DEBUG sportsdataverse.mbb.mbb_ncaa_fetch: transport error on http://<redacted>:<redacted>@us.decodo.com:10006: RuntimeError: bm-verify not passed after 3 attempts (412-byte response): https://stats.ncaa.org/contests/293400/individual_stats
2026-09-26 00:29:35,759 DEBUG sportsdataverse.mbb.mbb_ncaa_fetch: rotating proxy: transport error
2026-09-26 00:29:36,759 INFO sportsdataverse.mbb.mbb_ncaa_fetch: browser proxy rotated -> http://<redacted>:<redacted>@us.decodo.com:10007 (relaunching context)
2026-09-26 00:29:52,940 INFO sportsdataverse.mbb.mbb_ncaa_fetch: stats.ncaa.org terms gate -- accepting (one 10000 ms dwell)
2026-09-26 00:30:12,452 INFO sportsdataverse.mbb.mbb_ncaa_fetch: stats.ncaa.org terms gate -- accepting (one 10000 ms dwell)
2026-09-26 00:30:30,750 INFO sportsdataverse.mbb.mbb_ncaa_fetch: stats.ncaa.org terms gate -- accepting (one 10000 ms dwell)
2026-09-26 00:30:51,647 INFO sportsdataverse.mbb.mbb_ncaa_fetch: stats.ncaa.org terms gate -- accepting (one 10000 ms dwell)
2026-09-26 00:31:10,062 INFO sportsdataverse.mbb.mbb_ncaa_fetch: stats.ncaa.org terms gate -- accepting (one 10000 ms dwell)
2026-09-26 00:31:27,106 INFO sportsdataverse.mbb.mbb_ncaa_fetch: bm-verify not passed (412-byte response) -- re-solving, attempt 1/3
2026-09-26 00:31:35,624 INFO sportsdataverse.mbb.mbb_ncaa_fetch: bm-verify not passed (412-byte response) -- re-solving, attempt 2/3
2026-09-26 00:31:44,161 INFO sportsdataverse.mbb.mbb_ncaa_fetch: bm-verify not passed (412-byte response) -- re-solving, attempt 3/3
2026-09-26 00:31:44,161 DEBUG sportsdataverse.mbb.mbb_ncaa_fetch: transport error on http://<redacted>:<redacted>@us.decodo.com:10007: RuntimeError: bm-verify not passed after 3 attempts (412-byte response): https://stats.ncaa.org/contests/293417/individual_stats
2026-09-26 00:31:44,161 DEBUG sportsdataverse.mbb.mbb_ncaa_fetch: rotating proxy: transport error
2026-09-26 00:31:45,162 INFO sportsdataverse.mbb.mbb_ncaa_fetch: browser proxy rotated -> http://<redacted>:<redacted>@us.decodo.com:10008 (relaunching context)
2026-09-26 00:32:07,862 INFO sportsdataverse.mbb.mbb_ncaa_fetch: stats.ncaa.org terms gate -- accepting (one 10000 ms dwell)
2026-09-26 00:32:31,193 INFO sportsdataverse.mbb.mbb_ncaa_fetch: stats.ncaa.org terms gate -- accepting (one 10000 ms dwell)
2026-09-26 00:32:51,932 INFO sportsdataverse.mbb.mbb_ncaa_fetch: stats.ncaa.org terms gate -- accepting (one 10000 ms dwell)
2026-09-26 00:33:12,755 INFO sportsdataverse.mbb.mbb_ncaa_fetch: stats.ncaa.org terms gate -- accepting (one 10000 ms dwell)
2026-09-26 00:33:33,572 INFO sportsdataverse.mbb.mbb_ncaa_fetch: stats.ncaa.org terms gate -- accepting (one 10000 ms dwell)
2026-09-26 00:33:52,586 INFO sportsdataverse.mbb.mbb_ncaa_fetch: bm-verify not passed (412-byte response) -- re-solving, attempt 1/3
2026-09-26 00:34:01,263 INFO sportsdataverse.mbb.mbb_ncaa_fetch: bm-verify not passed (412-byte response) -- re-solving, attempt 2/3
2026-09-26 00:34:10,061 INFO sportsdataverse.mbb.mbb_ncaa_fetch: bm-verify not passed (412-byte response) -- re-solving, attempt 3/3
2026-09-26 00:34:10,061 DEBUG sportsdataverse.mbb.mbb_ncaa_fetch: transport error on http://<redacted>:<redacted>@us.decodo.com:10008: RuntimeError: bm-verify not passed after 3 attempts (412-byte response): https://stats.ncaa.org/contests/293434/individual_stats
2026-09-26 00:34:10,061 DEBUG sportsdataverse.mbb.mbb_ncaa_fetch: rotating proxy: transport error
2026-09-26 00:34:11,061 INFO sportsdataverse.mbb.mbb_ncaa_fetch: browser proxy rotated -> http://<redacted>:<redacted>@us.decodo.com:10009 (relaunching context)
2026-09-26 00:34:25,662 INFO sportsdataverse.mbb.mbb_ncaa_fetch: stats.ncaa.org terms gate -- accepting (one 10000 ms dwell)
2026-09-26 00:34:44,489 INFO sportsdataverse.mbb.mbb_ncaa_fetch: stats.ncaa.org terms gate -- accepting (one 10000 ms dwell)
2026-09-26 00:35:02,290 INFO sportsdataverse.mbb.mbb_ncaa_fetch: stats.ncaa.org terms gate -- accepting (one 10000 ms dwell)
2026-09-26 00:35:21,864 INFO sportsdataverse.mbb.mbb_ncaa_fetch: stats.ncaa.org terms gate -- accepting (one 10000 ms dwell)
2026-09-26 00:35:35,798 INFO sportsdataverse.mbb.mbb_ncaa_fetch: bm-verify not passed (412-byte response) -- re-solving, attempt 1/3
2026-09-26 00:35:44,020 INFO sportsdataverse.mbb.mbb_ncaa_fetch: bm-verify not passed (412-byte response) -- re-solving, attempt 2/3
2026-09-26 00:35:52,282 INFO sportsdataverse.mbb.mbb_ncaa_fetch: bm-verify not passed (412-byte response) -- re-solving, attempt 3/3
2026-09-26 00:35:52,282 DEBUG sportsdataverse.mbb.mbb_ncaa_fetch: transport error on http://<redacted>:<redacted>@us.decodo.com:10009: RuntimeError: bm-verify not passed after 3 attempts (412-byte response): https://stats.ncaa.org/contests/293450/individual_stats
2026-09-26 00:35:52,282 DEBUG sportsdataverse.mbb.mbb_ncaa_fetch: rotating proxy: transport error
2026-09-26 00:35:53,282 INFO sportsdataverse.mbb.mbb_ncaa_fetch: browser proxy rotated -> http://<redacted>:<redacted>@us.decodo.com:10010 (relaunching context)
2026-09-26 00:36:04,823 INFO sportsdataverse.mbb.mbb_ncaa_fetch: bm-verify not passed (412-byte response) -- re-solving, attempt 1/3
2026-09-26 00:36:13,260 INFO sportsdataverse.mbb.mbb_ncaa_fetch: bm-verify not passed (412-byte response) -- re-solving, attempt 2/3
2026-09-26 00:36:21,959 INFO sportsdataverse.mbb.mbb_ncaa_fetch: bm-verify not passed (412-byte response) -- re-solving, attempt 3/3
2026-09-26 00:36:21,960 DEBUG sportsdataverse.mbb.mbb_ncaa_fetch: transport error on http://<redacted>:<redacted>@us.decodo.com:10010: RuntimeError: bm-verify not passed after 3 attempts (412-byte response): https://stats.ncaa.org/contests/293450/individual_stats
2026-09-26 00:36:21,960 DEBUG sportsdataverse.mbb.mbb_ncaa_fetch: rotating proxy: transport error
2026-09-26 00:36:22,960 INFO sportsdataverse.mbb.mbb_ncaa_fetch: browser proxy rotated -> http://<redacted>:<redacted>@us.decodo.com:10011 (relaunching context)
2026-09-26 00:36:38,940 INFO sportsdataverse.mbb.mbb_ncaa_fetch: stats.ncaa.org terms gate -- accepting (one 10000 ms dwell)
2026-09-26 00:36:59,721 WARNING sportsdataverse.mbb.mbb_ncaa_fetch: stats.ncaa.org terms gate not accepted: https://stats.ncaa.org/contests/293450/individual_stats -- backing off 300 s (1/3)
2026-09-26 00:42:11,895 INFO sportsdataverse.mbb.mbb_ncaa_fetch: stats.ncaa.org terms gate -- accepting (one 10000 ms dwell)
2026-09-26 00:42:31,154 INFO sportsdataverse.mbb.mbb_ncaa_fetch: stats.ncaa.org terms gate -- accepting (one 10000 ms dwell)
2026-09-26 00:42:49,941 INFO sportsdataverse.mbb.mbb_ncaa_fetch: stats.ncaa.org terms gate -- accepting (one 10000 ms dwell)
2026-09-26 00:43:08,668 INFO sportsdataverse.mbb.mbb_ncaa_fetch: stats.ncaa.org terms gate -- accepting (one 10000 ms dwell)
2026-09-26 00:43:27,499 INFO sportsdataverse.mbb.mbb_ncaa_fetch: stats.ncaa.org terms gate -- accepting (one 10000 ms dwell)
2026-09-26 00:43:44,975 INFO sportsdataverse.mbb.mbb_ncaa_fetch: bm-verify not passed (410-byte response) -- re-solving, attempt 1/3
2026-09-26 00:43:53,307 INFO sportsdataverse.mbb.mbb_ncaa_fetch: bm-verify not passed (410-byte response) -- re-solving, attempt 2/3
2026-09-26 00:44:01,669 INFO sportsdataverse.mbb.mbb_ncaa_fetch: bm-verify not passed (410-byte response) -- re-solving, attempt 3/3
2026-09-26 00:44:01,670 DEBUG sportsdataverse.mbb.mbb_ncaa_fetch: transport error on http://<redacted>:<redacted>@us.decodo.com:10011: RuntimeError: bm-verify not passed after 3 attempts (410-byte response): https://stats.ncaa.org/contests/293465/individual_stats
2026-09-26 00:44:01,670 DEBUG sportsdataverse.mbb.mbb_ncaa_fetch: rotating proxy: transport error
2026-09-26 00:44:02,670 INFO sportsdataverse.mbb.mbb_ncaa_fetch: browser proxy rotated -> http://<redacted>:<redacted>@us.decodo.com:10012 (relaunching context)
2026-09-26 00:44:17,063 INFO sportsdataverse.mbb.mbb_ncaa_fetch: stats.ncaa.org terms gate -- accepting (one 10000 ms dwell)
2026-09-26 00:44:32,490 WARNING sportsdataverse.mbb.mbb_ncaa_fetch: stats.ncaa.org terms gate not accepted: https://stats.ncaa.org/contests/293465/individual_stats -- backing off 300 s (1/3)
2026-09-26 00:49:44,568 INFO sportsdataverse.mbb.mbb_ncaa_fetch: stats.ncaa.org terms gate -- accepting (one 10000 ms dwell)
2026-09-26 00:50:03,384 INFO sportsdataverse.mbb.mbb_ncaa_fetch: stats.ncaa.org terms gate -- accepting (one 10000 ms dwell)
2026-09-26 00:50:23,040 INFO sportsdataverse.mbb.mbb_ncaa_fetch: stats.ncaa.org terms gate -- accepting (one 10000 ms dwell)
2026-09-26 00:50:42,009 INFO sportsdataverse.mbb.mbb_ncaa_fetch: stats.ncaa.org terms gate -- accepting (one 10000 ms dwell)
2026-09-26 00:50:59,164 INFO sportsdataverse.mbb.mbb_ncaa_fetch: bm-verify not passed (412-byte response) -- re-solving, attempt 1/3
2026-09-26 00:51:07,597 INFO sportsdataverse.mbb.mbb_ncaa_fetch: bm-verify not passed (412-byte response) -- re-solving, attempt 2/3
2026-09-26 00:51:16,063 INFO sportsdataverse.mbb.mbb_ncaa_fetch: bm-verify not passed (412-byte response) -- re-solving, attempt 3/3
2026-09-26 00:51:16,063 DEBUG sportsdataverse.mbb.mbb_ncaa_fetch: transport error on http://<redacted>:<redacted>@us.decodo.com:10012: RuntimeError: bm-verify not passed after 3 attempts (412-byte response): https://stats.ncaa.org/contests/293481/play_by_play
2026-09-26 00:51:16,063 DEBUG sportsdataverse.mbb.mbb_ncaa_fetch: rotating proxy: transport error
2026-09-26 00:51:17,064 INFO sportsdataverse.mbb.mbb_ncaa_fetch: browser proxy rotated -> http://<redacted>:<redacted>@us.decodo.com:10013 (relaunching context)
2026-09-26 00:51:33,101 INFO sportsdataverse.mbb.mbb_ncaa_fetch: stats.ncaa.org terms gate -- accepting (one 10000 ms dwell)
2026-09-26 00:51:52,542 INFO sportsdataverse.mbb.mbb_ncaa_fetch: stats.ncaa.org terms gate -- accepting (one 10000 ms dwell)
2026-09-26 00:52:12,111 INFO sportsdataverse.mbb.mbb_ncaa_fetch: stats.ncaa.org terms gate -- accepting (one 10000 ms dwell)
2026-09-26 00:52:30,557 INFO sportsdataverse.mbb.mbb_ncaa_fetch: stats.ncaa.org terms gate -- accepting (one 10000 ms dwell)
2026-09-26 00:52:49,174 INFO sportsdataverse.mbb.mbb_ncaa_fetch: stats.ncaa.org terms gate -- accepting (one 10000 ms dwell)
2026-09-26 00:53:05,874 INFO sportsdataverse.mbb.mbb_ncaa_fetch: bm-verify not passed (412-byte response) -- re-solving, attempt 1/3
2026-09-26 00:53:14,161 INFO sportsdataverse.mbb.mbb_ncaa_fetch: bm-verify not passed (412-byte response) -- re-solving, attempt 2/3
2026-09-26 00:53:22,494 INFO sportsdataverse.mbb.mbb_ncaa_fetch: bm-verify not passed (412-byte response) -- re-solving, attempt 3/3
2026-09-26 00:53:22,495 DEBUG sportsdataverse.mbb.mbb_ncaa_fetch: transport error on http://<redacted>:<redacted>@us.decodo.com:10013: RuntimeError: bm-verify not passed after 3 attempts (412-byte response): https://stats.ncaa.org/contests/293508/play_by_play
2026-09-26 00:53:22,495 DEBUG sportsdataverse.mbb.mbb_ncaa_fetch: rotating proxy: transport error
2026-09-26 00:53:23,495 INFO sportsdataverse.mbb.mbb_ncaa_fetch: browser proxy rotated -> http://<redacted>:<redacted>@us.decodo.com:10014 (relaunching context)
2026-09-26 00:53:38,628 INFO sportsdataverse.mbb.mbb_ncaa_fetch: stats.ncaa.org terms gate -- accepting (one 10000 ms dwell)
2026-09-26 00:53:57,995 INFO sportsdataverse.mbb.mbb_ncaa_fetch: stats.ncaa.org terms gate -- accepting (one 10000 ms dwell)
2026-09-26 00:54:16,611 INFO sportsdataverse.mbb.mbb_ncaa_fetch: stats.ncaa.org terms gate -- accepting (one 10000 ms dwell)
2026-09-26 00:54:35,124 INFO sportsdataverse.mbb.mbb_ncaa_fetch: stats.ncaa.org terms gate -- accepting (one 10000 ms dwell)
2026-09-26 00:54:53,799 INFO sportsdataverse.mbb.mbb_ncaa_fetch: stats.ncaa.org terms gate -- accepting (one 10000 ms dwell)
2026-09-26 00:55:10,729 INFO sportsdataverse.mbb.mbb_ncaa_fetch: bm-verify not passed (412-byte response) -- re-solving, attempt 1/3
2026-09-26 00:55:19,074 INFO sportsdataverse.mbb.mbb_ncaa_fetch: bm-verify not passed (412-byte response) -- re-solving, attempt 2/3
2026-09-26 00:55:27,419 INFO sportsdataverse.mbb.mbb_ncaa_fetch: bm-verify not passed (412-byte response) -- re-solving, attempt 3/3
2026-09-26 00:55:27,420 DEBUG sportsdataverse.mbb.mbb_ncaa_fetch: transport error on http://<redacted>:<redacted>@us.decodo.com:10014: RuntimeError: bm-verify not passed after 3 attempts (412-byte response): https://stats.ncaa.org/contests/293531/play_by_play
2026-09-26 00:55:27,420 DEBUG sportsdataverse.mbb.mbb_ncaa_fetch: rotating proxy: transport error
2026-09-26 00:55:28,420 INFO sportsdataverse.mbb.mbb_ncaa_fetch: browser proxy rotated -> http://<redacted>:<redacted>@us.decodo.com:10015 (relaunching context)
2026-09-26 00:55:43,892 INFO sportsdataverse.mbb.mbb_ncaa_fetch: stats.ncaa.org terms gate -- accepting (one 10000 ms dwell)
2026-09-26 00:56:03,213 INFO sportsdataverse.mbb.mbb_ncaa_fetch: stats.ncaa.org terms gate -- accepting (one 10000 ms dwell)
2026-09-26 00:56:22,299 INFO sportsdataverse.mbb.mbb_ncaa_fetch: stats.ncaa.org terms gate -- accepting (one 10000 ms dwell)
2026-09-26 00:56:40,961 INFO sportsdataverse.mbb.mbb_ncaa_fetch: stats.ncaa.org terms gate -- accepting (one 10000 ms dwell)
2026-09-26 00:56:59,713 INFO sportsdataverse.mbb.mbb_ncaa_fetch: stats.ncaa.org terms gate -- accepting (one 10000 ms dwell)
2026-09-26 00:57:16,646 INFO sportsdataverse.mbb.mbb_ncaa_fetch: bm-verify not passed (412-byte response) -- re-solving, attempt 1/3
2026-09-26 00:57:25,038 INFO sportsdataverse.mbb.mbb_ncaa_fetch: bm-verify not passed (412-byte response) -- re-solving, attempt 2/3
2026-09-26 00:57:33,373 INFO sportsdataverse.mbb.mbb_ncaa_fetch: bm-verify not passed (412-byte response) -- re-solving, attempt 3/3
2026-09-26 00:57:33,374 DEBUG sportsdataverse.mbb.mbb_ncaa_fetch: transport error on http://<redacted>:<redacted>@us.decodo.com:10015: RuntimeError: bm-verify not passed after 3 attempts (412-byte response): https://stats.ncaa.org/contests/293547/play_by_play
2026-09-26 00:57:33,374 DEBUG sportsdataverse.mbb.mbb_ncaa_fetch: rotating proxy: transport error
2026-09-26 00:57:34,374 INFO sportsdataverse.mbb.mbb_ncaa_fetch: browser proxy rotated -> http://<redacted>:<redacted>@us.decodo.com:10016 (relaunching context)
2026-09-26 00:57:50,021 INFO sportsdataverse.mbb.mbb_ncaa_fetch: stats.ncaa.org terms gate -- accepting (one 10000 ms dwell)
2026-09-26 00:58:08,600 INFO sportsdataverse.mbb.mbb_ncaa_fetch: stats.ncaa.org terms gate -- accepting (one 10000 ms dwell)
2026-09-26 00:58:26,690 INFO sportsdataverse.mbb.mbb_ncaa_fetch: stats.ncaa.org terms gate -- accepting (one 10000 ms dwell)
2026-09-26 00:58:44,844 INFO sportsdataverse.mbb.mbb_ncaa_fetch: stats.ncaa.org terms gate -- accepting (one 10000 ms dwell)
2026-09-26 00:58:58,692 INFO sportsdataverse.mbb.mbb_ncaa_fetch: bm-verify not passed (412-byte response) -- re-solving, attempt 1/3
2026-09-26 00:59:06,964 INFO sportsdataverse.mbb.mbb_ncaa_fetch: bm-verify not passed (412-byte response) -- re-solving, attempt 2/3
2026-09-26 00:59:15,297 INFO sportsdataverse.mbb.mbb_ncaa_fetch: bm-verify not passed (412-byte response) -- re-solving, attempt 3/3
2026-09-26 00:59:15,297 DEBUG sportsdataverse.mbb.mbb_ncaa_fetch: transport error on http://<redacted>:<redacted>@us.decodo.com:10016: RuntimeError: bm-verify not passed after 3 attempts (412-byte response): https://stats.ncaa.org/contests/293560/play_by_play
2026-09-26 00:59:15,297 DEBUG sportsdataverse.mbb.mbb_ncaa_fetch: rotating proxy: transport error
2026-09-26 00:59:16,297 INFO sportsdataverse.mbb.mbb_ncaa_fetch: browser proxy rotated -> http://<redacted>:<redacted>@us.decodo.com:10017 (relaunching context)
2026-09-26 00:59:47,983 INFO sportsdataverse.mbb.mbb_ncaa_fetch: stats.ncaa.org terms gate -- accepting (one 10000 ms dwell)
2026-09-26 01:00:05,401 WARNING sportsdataverse.mbb.mbb_ncaa_fetch: stats.ncaa.org terms gate not accepted: https://stats.ncaa.org/contests/293560/play_by_play -- backing off 300 s (1/3)
2026-09-26 01:05:18,185 INFO sportsdataverse.mbb.mbb_ncaa_fetch: stats.ncaa.org terms gate -- accepting (one 10000 ms dwell)
2026-09-26 01:05:35,253 WARNING sportsdataverse.mbb.mbb_ncaa_fetch: stats.ncaa.org terms gate not accepted: https://stats.ncaa.org/contests/293560/play_by_play -- backing off 300 s (2/3)
2026-09-26 01:10:49,554 INFO sportsdataverse.mbb.mbb_ncaa_fetch: stats.ncaa.org terms gate -- accepting (one 10000 ms dwell)
2026-09-26 01:11:06,061 WARNING sportsdataverse.mbb.mbb_ncaa_fetch: stats.ncaa.org terms gate not accepted: https://stats.ncaa.org/contests/293560/play_by_play -- backing off 300 s (3/3)
=== 2026-09-26T05:17:29Z shard 0/4 ===
[games] shard 0/4: 2107 contests
2026-09-26 01:17:55,196 INFO sportsdataverse.mbb.mbb_ncaa_fetch: stats.ncaa.org terms gate -- accepting (one 10000 ms dwell)
2026-09-26 01:18:14,248 INFO sportsdataverse.mbb.mbb_ncaa_fetch: stats.ncaa.org terms gate -- accepting (one 10000 ms dwell)
2026-09-26 01:18:34,082 INFO sportsdataverse.mbb.mbb_ncaa_fetch: stats.ncaa.org terms gate -- accepting (one 10000 ms dwell)
2026-09-26 01:18:51,907 INFO sportsdataverse.mbb.mbb_ncaa_fetch: stats.ncaa.org terms gate -- accepting (one 10000 ms dwell)
2026-09-26 01:19:10,822 INFO sportsdataverse.mbb.mbb_ncaa_fetch: stats.ncaa.org terms gate -- accepting (one 10000 ms dwell)
2026-09-26 01:19:27,108 INFO sportsdataverse.mbb.mbb_ncaa_fetch: bm-verify not passed (412-byte response) -- re-solving, attempt 1/3
2026-09-26 01:19:35,296 INFO sportsdataverse.mbb.mbb_ncaa_fetch: bm-verify not passed (412-byte response) -- re-solving, attempt 2/3
2026-09-26 01:19:43,552 INFO sportsdataverse.mbb.mbb_ncaa_fetch: bm-verify not passed (412-byte response) -- re-solving, attempt 3/3
2026-09-26 01:19:43,553 DEBUG sportsdataverse.mbb.mbb_ncaa_fetch: transport error on http://<redacted>:<redacted>@us.decodo.com:10001: RuntimeError: bm-verify not passed after 3 attempts (412-byte response): https://stats.ncaa.org/contests/293577/play_by_play
2026-09-26 01:19:43,553 DEBUG sportsdataverse.mbb.mbb_ncaa_fetch: rotating proxy: transport error
2026-09-26 01:19:44,553 INFO sportsdataverse.mbb.mbb_ncaa_fetch: browser proxy rotated -> http://<redacted>:<redacted>@us.decodo.com:10002 (relaunching context)
2026-09-26 01:20:04,775 INFO sportsdataverse.mbb.mbb_ncaa_fetch: stats.ncaa.org terms gate -- accepting (one 10000 ms dwell)
2026-09-26 01:20:25,020 INFO sportsdataverse.mbb.mbb_ncaa_fetch: stats.ncaa.org terms gate -- accepting (one 10000 ms dwell)
2026-09-26 01:20:45,179 INFO sportsdataverse.mbb.mbb_ncaa_fetch: stats.ncaa.org terms gate -- accepting (one 10000 ms dwell)
2026-09-26 01:21:04,288 INFO sportsdataverse.mbb.mbb_ncaa_fetch: stats.ncaa.org terms gate -- accepting (one 10000 ms dwell)
2026-09-26 01:21:23,658 INFO sportsdataverse.mbb.mbb_ncaa_fetch: stats.ncaa.org terms gate -- accepting (one 10000 ms dwell)
2026-09-26 01:21:40,123 WARNING sportsdataverse.mbb.mbb_ncaa_fetch: stats.ncaa.org terms gate not accepted: https://stats.ncaa.org/contests/293592/team_stats -- backing off 120 s (1/3)
2026-09-26 01:23:51,957 INFO sportsdataverse.mbb.mbb_ncaa_fetch: stats.ncaa.org terms gate -- accepting (one 10000 ms dwell)
2026-09-26 01:24:07,291 INFO sportsdataverse.mbb.mbb_ncaa_fetch: bm-verify not passed (413-byte response) -- re-solving, attempt 1/3
2026-09-26 01:24:15,554 INFO sportsdataverse.mbb.mbb_ncaa_fetch: bm-verify not passed (413-byte response) -- re-solving, attempt 2/3
2026-09-26 01:24:23,830 INFO sportsdataverse.mbb.mbb_ncaa_fetch: bm-verify not passed (413-byte response) -- re-solving, attempt 3/3
2026-09-26 01:24:23,830 DEBUG sportsdataverse.mbb.mbb_ncaa_fetch: transport error on http://<redacted>:<redacted>@us.decodo.com:10002: RuntimeError: bm-verify not passed after 3 attempts (413-byte response): https://stats.ncaa.org/contests/293592/situational_stats
2026-09-26 01:24:23,830 DEBUG sportsdataverse.mbb.mbb_ncaa_fetch: rotating proxy: transport error
2026-09-26 01:24:24,830 INFO sportsdataverse.mbb.mbb_ncaa_fetch: browser proxy rotated -> http://<redacted>:<redacted>@us.decodo.com:10003 (relaunching context)
2026-09-26 01:24:42,946 INFO sportsdataverse.mbb.mbb_ncaa_fetch: stats.ncaa.org terms gate -- accepting (one 10000 ms dwell)
2026-09-26 01:25:00,458 WARNING sportsdataverse.mbb.mbb_ncaa_fetch: stats.ncaa.org terms gate not accepted: https://stats.ncaa.org/contests/293592/situational_stats -- backing off 120 s (1/3)
2026-09-26 01:27:12,064 INFO sportsdataverse.mbb.mbb_ncaa_fetch: stats.ncaa.org terms gate -- accepting (one 10000 ms dwell)
2026-09-26 01:27:30,729 INFO sportsdataverse.mbb.mbb_ncaa_fetch: stats.ncaa.org terms gate -- accepting (one 10000 ms dwell)
2026-09-26 01:27:49,460 INFO sportsdataverse.mbb.mbb_ncaa_fetch: stats.ncaa.org terms gate -- accepting (one 10000 ms dwell)
2026-09-26 01:28:09,038 INFO sportsdataverse.mbb.mbb_ncaa_fetch: stats.ncaa.org terms gate -- accepting (one 10000 ms dwell)
2026-09-26 01:28:28,418 INFO sportsdataverse.mbb.mbb_ncaa_fetch: stats.ncaa.org terms gate -- accepting (one 10000 ms dwell)
2026-09-26 01:28:43,976 INFO sportsdataverse.mbb.mbb_ncaa_fetch: bm-verify not passed (412-byte response) -- re-solving, attempt 1/3
2026-09-26 01:28:52,329 INFO sportsdataverse.mbb.mbb_ncaa_fetch: bm-verify not passed (412-byte response) -- re-solving, attempt 2/3
2026-09-26 01:29:00,937 INFO sportsdataverse.mbb.mbb_ncaa_fetch: bm-verify not passed (412-byte response) -- re-solving, attempt 3/3
2026-09-26 01:29:00,937 DEBUG sportsdataverse.mbb.mbb_ncaa_fetch: transport error on http://<redacted>:<redacted>@us.decodo.com:10003: RuntimeError: bm-verify not passed after 3 attempts (412-byte response): https://stats.ncaa.org/contests/293613/individual_stats
2026-09-26 01:29:00,938 DEBUG sportsdataverse.mbb.mbb_ncaa_fetch: rotating proxy: transport error
2026-09-26 01:29:01,938 INFO sportsdataverse.mbb.mbb_ncaa_fetch: browser proxy rotated -> http://<redacted>:<redacted>@us.decodo.com:10004 (relaunching context)
2026-09-26 01:29:18,790 INFO sportsdataverse.mbb.mbb_ncaa_fetch: stats.ncaa.org terms gate -- accepting (one 10000 ms dwell)
2026-09-26 01:29:35,653 WARNING sportsdataverse.mbb.mbb_ncaa_fetch: stats.ncaa.org terms gate not accepted: https://stats.ncaa.org/contests/293613/individual_stats -- backing off 120 s (1/3)
2026-09-26 01:31:47,224 INFO sportsdataverse.mbb.mbb_ncaa_fetch: stats.ncaa.org terms gate -- accepting (one 10000 ms dwell)
2026-09-26 01:32:03,523 WARNING sportsdataverse.mbb.mbb_ncaa_fetch: stats.ncaa.org terms gate not accepted: https://stats.ncaa.org/contests/293613/individual_stats -- backing off 120 s (2/3)
2026-09-26 01:34:15,079 INFO sportsdataverse.mbb.mbb_ncaa_fetch: stats.ncaa.org terms gate -- accepting (one 10000 ms dwell)
2026-09-26 01:34:30,999 WARNING sportsdataverse.mbb.mbb_ncaa_fetch: stats.ncaa.org terms gate not accepted: https://stats.ncaa.org/contests/293613/individual_stats -- backing off 120 s (3/3)
2026-09-26 01:36:43,603 INFO sportsdataverse.mbb.mbb_ncaa_fetch: stats.ncaa.org terms gate -- accepting (one 10000 ms dwell)
2026-09-26 01:37:12,615 INFO sportsdataverse.mbb.mbb_ncaa_fetch: stats.ncaa.org terms gate -- accepting (one 10000 ms dwell)
2026-09-26 01:37:29,712 WARNING sportsdataverse.mbb.mbb_ncaa_fetch: stats.ncaa.org terms gate not accepted: https://stats.ncaa.org/contests/293613/situational_stats -- backing off 120 s (1/3)
2026-09-26 01:39:41,820 INFO sportsdataverse.mbb.mbb_ncaa_fetch: stats.ncaa.org terms gate -- accepting (one 10000 ms dwell)
2026-09-26 01:39:57,744 WARNING sportsdataverse.mbb.mbb_ncaa_fetch: stats.ncaa.org terms gate not accepted: https://stats.ncaa.org/contests/293613/situational_stats -- backing off 120 s (2/3)
2026-09-26 01:42:10,352 INFO sportsdataverse.mbb.mbb_ncaa_fetch: stats.ncaa.org terms gate -- accepting (one 10000 ms dwell)
2026-09-26 01:42:27,076 WARNING sportsdataverse.mbb.mbb_ncaa_fetch: stats.ncaa.org terms gate not accepted: https://stats.ncaa.org/contests/293613/situational_stats -- backing off 120 s (3/3)
2026-09-26 01:44:38,639 INFO sportsdataverse.mbb.mbb_ncaa_fetch: stats.ncaa.org terms gate -- accepting (one 10000 ms dwell)
2026-09-26 01:45:05,767 INFO sportsdataverse.mbb.mbb_ncaa_fetch: stats.ncaa.org terms gate -- accepting (one 10000 ms dwell)
2026-09-26 01:45:25,728 INFO sportsdataverse.mbb.mbb_ncaa_fetch: stats.ncaa.org terms gate -- accepting (one 10000 ms dwell)
2026-09-26 01:45:44,996 INFO sportsdataverse.mbb.mbb_ncaa_fetch: stats.ncaa.org terms gate -- accepting (one 10000 ms dwell)
2026-09-26 01:46:03,245 INFO sportsdataverse.mbb.mbb_ncaa_fetch: stats.ncaa.org terms gate -- accepting (one 10000 ms dwell)
2026-09-26 01:46:22,696 INFO sportsdataverse.mbb.mbb_ncaa_fetch: stats.ncaa.org terms gate -- accepting (one 10000 ms dwell)
2026-09-26 01:46:39,379 INFO sportsdataverse.mbb.mbb_ncaa_fetch: bm-verify not passed (412-byte response) -- re-solving, attempt 1/3
2026-09-26 01:46:47,621 INFO sportsdataverse.mbb.mbb_ncaa_fetch: bm-verify not passed (412-byte response) -- re-solving, attempt 2/3
2026-09-26 01:46:55,899 INFO sportsdataverse.mbb.mbb_ncaa_fetch: bm-verify not passed (412-byte response) -- re-solving, attempt 3/3
2026-09-26 01:46:55,899 DEBUG sportsdataverse.mbb.mbb_ncaa_fetch: transport error on http://<redacted>:<redacted>@us.decodo.com:10004: RuntimeError: bm-verify not passed after 3 attempts (412-byte response): https://stats.ncaa.org/contests/293643/play_by_play
2026-09-26 01:46:55,899 DEBUG sportsdataverse.mbb.mbb_ncaa_fetch: rotating proxy: transport error
2026-09-26 01:46:56,899 INFO sportsdataverse.mbb.mbb_ncaa_fetch: browser proxy rotated -> http://<redacted>:<redacted>@us.decodo.com:10005 (relaunching context)
2026-09-26 01:47:11,057 INFO sportsdataverse.mbb.mbb_ncaa_fetch: bm-verify not passed (412-byte response) -- re-solving, attempt 1/3
2026-09-26 01:47:19,373 INFO sportsdataverse.mbb.mbb_ncaa_fetch: bm-verify not passed (412-byte response) -- re-solving, attempt 2/3
2026-09-26 01:47:27,674 INFO sportsdataverse.mbb.mbb_ncaa_fetch: bm-verify not passed (412-byte response) -- re-solving, attempt 3/3
2026-09-26 01:47:27,675 DEBUG sportsdataverse.mbb.mbb_ncaa_fetch: transport error on http://<redacted>:<redacted>@us.decodo.com:10005: RuntimeError: bm-verify not passed after 3 attempts (412-byte response): https://stats.ncaa.org/contests/293643/play_by_play
2026-09-26 01:47:27,675 DEBUG sportsdataverse.mbb.mbb_ncaa_fetch: rotating proxy: transport error
2026-09-26 01:47:28,675 INFO sportsdataverse.mbb.mbb_ncaa_fetch: browser proxy rotated -> http://<redacted>:<redacted>@us.decodo.com:10006 (relaunching context)
2026-09-26 01:47:44,426 INFO sportsdataverse.mbb.mbb_ncaa_fetch: stats.ncaa.org terms gate -- accepting (one 10000 ms dwell)
2026-09-26 01:48:04,087 INFO sportsdataverse.mbb.mbb_ncaa_fetch: stats.ncaa.org terms gate -- accepting (one 10000 ms dwell)
2026-09-26 01:48:22,914 INFO sportsdataverse.mbb.mbb_ncaa_fetch: stats.ncaa.org terms gate -- accepting (one 10000 ms dwell)
2026-09-26 01:48:42,226 INFO sportsdataverse.mbb.mbb_ncaa_fetch: stats.ncaa.org terms gate -- accepting (one 10000 ms dwell)
2026-09-26 01:49:01,011 INFO sportsdataverse.mbb.mbb_ncaa_fetch: stats.ncaa.org terms gate -- accepting (one 10000 ms dwell)
2026-09-26 01:49:18,662 INFO sportsdataverse.mbb.mbb_ncaa_fetch: bm-verify not passed (412-byte response) -- re-solving, attempt 1/3
2026-09-26 01:49:26,949 INFO sportsdataverse.mbb.mbb_ncaa_fetch: bm-verify not passed (412-byte response) -- re-solving, attempt 2/3
2026-09-26 01:49:35,227 INFO sportsdataverse.mbb.mbb_ncaa_fetch: bm-verify not passed (412-byte response) -- re-solving, attempt 3/3
2026-09-26 01:49:35,227 DEBUG sportsdataverse.mbb.mbb_ncaa_fetch: transport error on http://<redacted>:<redacted>@us.decodo.com:10006: RuntimeError: bm-verify not passed after 3 attempts (412-byte response): https://stats.ncaa.org/contests/293663/play_by_play
2026-09-26 01:49:35,227 DEBUG sportsdataverse.mbb.mbb_ncaa_fetch: rotating proxy: transport error
2026-09-26 01:49:36,227 INFO sportsdataverse.mbb.mbb_ncaa_fetch: browser proxy rotated -> http://<redacted>:<redacted>@us.decodo.com:10007 (relaunching context)
2026-09-26 01:49:52,247 INFO sportsdataverse.mbb.mbb_ncaa_fetch: stats.ncaa.org terms gate -- accepting (one 10000 ms dwell)
=== 2026-09-26T05:51:57Z shard 0/4 ===
[games] shard 0/4: 2107 contests
2026-09-26 01:52:21,305 INFO sportsdataverse.mbb.mbb_ncaa_fetch: stats.ncaa.org terms gate -- accepting (one 10000 ms dwell)
2026-09-26 01:52:40,230 INFO sportsdataverse.mbb.mbb_ncaa_fetch: stats.ncaa.org terms gate -- accepting (one 10000 ms dwell)
2026-09-26 01:52:59,373 INFO sportsdataverse.mbb.mbb_ncaa_fetch: stats.ncaa.org terms gate -- accepting (one 10000 ms dwell)
2026-09-26 01:53:19,007 INFO sportsdataverse.mbb.mbb_ncaa_fetch: stats.ncaa.org terms gate -- accepting (one 10000 ms dwell)
2026-09-26 01:53:33,224 INFO sportsdataverse.mbb.mbb_ncaa_fetch: bm-verify not passed (412-byte response) -- re-solving, attempt 1/3
2026-09-26 01:53:41,490 INFO sportsdataverse.mbb.mbb_ncaa_fetch: bm-verify not passed (412-byte response) -- re-solving, attempt 2/3
2026-09-26 01:53:50,025 INFO sportsdataverse.mbb.mbb_ncaa_fetch: bm-verify not passed (412-byte response) -- re-solving, attempt 3/3
2026-09-26 01:53:50,026 DEBUG sportsdataverse.mbb.mbb_ncaa_fetch: transport error on http://<redacted>:<redacted>@us.decodo.com:10001: RuntimeError: bm-verify not passed after 3 attempts (412-byte response): https://stats.ncaa.org/contests/293688/play_by_play
2026-09-26 01:53:50,026 DEBUG sportsdataverse.mbb.mbb_ncaa_fetch: rotating proxy: transport error
2026-09-26 01:53:51,027 INFO sportsdataverse.mbb.mbb_ncaa_fetch: browser proxy rotated -> http://<redacted>:<redacted>@us.decodo.com:10002 (relaunching context)
2026-09-26 01:54:07,018 INFO sportsdataverse.mbb.mbb_ncaa_fetch: stats.ncaa.org terms gate -- accepting (one 10000 ms dwell)
2026-09-26 01:54:23,335 WARNING sportsdataverse.mbb.mbb_ncaa_fetch: stats.ncaa.org terms gate not accepted: https://stats.ncaa.org/contests/293688/play_by_play -- backing off 300 s (1/3)
2026-09-26 01:59:35,222 INFO sportsdataverse.mbb.mbb_ncaa_fetch: stats.ncaa.org terms gate -- accepting (one 10000 ms dwell)
2026-09-26 01:59:53,637 INFO sportsdataverse.mbb.mbb_ncaa_fetch: stats.ncaa.org terms gate -- accepting (one 10000 ms dwell)
2026-09-26 02:00:13,986 INFO sportsdataverse.mbb.mbb_ncaa_fetch: stats.ncaa.org terms gate -- accepting (one 10000 ms dwell)
2026-09-26 02:00:33,185 INFO sportsdataverse.mbb.mbb_ncaa_fetch: stats.ncaa.org terms gate -- accepting (one 10000 ms dwell)
2026-09-26 02:00:53,373 INFO sportsdataverse.mbb.mbb_ncaa_fetch: stats.ncaa.org terms gate -- accepting (one 10000 ms dwell)
2026-09-26 02:01:09,984 INFO sportsdataverse.mbb.mbb_ncaa_fetch: bm-verify not passed (413-byte response) -- re-solving, attempt 1/3
2026-09-26 02:01:18,301 INFO sportsdataverse.mbb.mbb_ncaa_fetch: bm-verify not passed (413-byte response) -- re-solving, attempt 2/3
2026-09-26 02:01:26,638 INFO sportsdataverse.mbb.mbb_ncaa_fetch: bm-verify not passed (413-byte response) -- re-solving, attempt 3/3
2026-09-26 02:01:26,638 DEBUG sportsdataverse.mbb.mbb_ncaa_fetch: transport error on http://<redacted>:<redacted>@us.decodo.com:10002: RuntimeError: bm-verify not passed after 3 attempts (413-byte response): https://stats.ncaa.org/contests/293703/situational_stats
2026-09-26 02:01:26,638 DEBUG sportsdataverse.mbb.mbb_ncaa_fetch: rotating proxy: transport error
2026-09-26 02:01:27,638 INFO sportsdataverse.mbb.mbb_ncaa_fetch: browser proxy rotated -> http://<redacted>:<redacted>@us.decodo.com:10003 (relaunching context)
2026-09-26 02:01:44,204 INFO sportsdataverse.mbb.mbb_ncaa_fetch: stats.ncaa.org terms gate -- accepting (one 10000 ms dwell)
2026-09-26 02:02:00,937 WARNING sportsdataverse.mbb.mbb_ncaa_fetch: stats.ncaa.org terms gate not accepted: https://stats.ncaa.org/contests/293703/situational_stats -- backing off 300 s (1/3)
2026-09-26 02:07:12,789 INFO sportsdataverse.mbb.mbb_ncaa_fetch: stats.ncaa.org terms gate -- accepting (one 10000 ms dwell)
2026-09-26 02:07:29,203 WARNING sportsdataverse.mbb.mbb_ncaa_fetch: stats.ncaa.org terms gate not accepted: https://stats.ncaa.org/contests/293703/situational_stats -- backing off 300 s (2/3)
2026-09-26 02:12:38,303 INFO sportsdataverse.mbb.mbb_ncaa_fetch: bm-verify not passed (413-byte response) -- re-solving, attempt 1/3
2026-09-26 02:12:46,739 INFO sportsdataverse.mbb.mbb_ncaa_fetch: bm-verify not passed (413-byte response) -- re-solving, attempt 2/3
2026-09-26 02:12:55,234 INFO sportsdataverse.mbb.mbb_ncaa_fetch: bm-verify not passed (413-byte response) -- re-solving, attempt 3/3
2026-09-26 02:12:55,234 DEBUG sportsdataverse.mbb.mbb_ncaa_fetch: transport error on http://<redacted>:<redacted>@us.decodo.com:10003: RuntimeError: bm-verify not passed after 3 attempts (413-byte response): https://stats.ncaa.org/contests/293703/situational_stats
2026-09-26 02:12:55,234 DEBUG sportsdataverse.mbb.mbb_ncaa_fetch: rotating proxy: transport error
2026-09-26 02:12:56,234 INFO sportsdataverse.mbb.mbb_ncaa_fetch: browser proxy rotated -> http://<redacted>:<redacted>@us.decodo.com:10004 (relaunching context)
2026-09-26 02:13:12,145 INFO sportsdataverse.mbb.mbb_ncaa_fetch: stats.ncaa.org terms gate -- accepting (one 10000 ms dwell)
2026-09-26 02:13:32,525 INFO sportsdataverse.mbb.mbb_ncaa_fetch: stats.ncaa.org terms gate -- accepting (one 10000 ms dwell)
2026-09-26 02:13:51,603 INFO sportsdataverse.mbb.mbb_ncaa_fetch: stats.ncaa.org terms gate -- accepting (one 10000 ms dwell)
2026-09-26 02:14:11,623 INFO sportsdataverse.mbb.mbb_ncaa_fetch: stats.ncaa.org terms gate -- accepting (one 10000 ms dwell)
2026-09-26 02:14:42,750 INFO sportsdataverse.mbb.mbb_ncaa_fetch: bm-verify not passed (413-byte response) -- re-solving, attempt 1/3
2026-09-26 02:14:51,139 INFO sportsdataverse.mbb.mbb_ncaa_fetch: bm-verify not passed (413-byte response) -- re-solving, attempt 2/3
2026-09-26 02:14:59,436 INFO sportsdataverse.mbb.mbb_ncaa_fetch: bm-verify not passed (413-byte response) -- re-solving, attempt 3/3
2026-09-26 02:14:59,436 DEBUG sportsdataverse.mbb.mbb_ncaa_fetch: transport error on http://<redacted>:<redacted>@us.decodo.com:10004: RuntimeError: bm-verify not passed after 3 attempts (413-byte response): https://stats.ncaa.org/contests/293717/situational_stats
2026-09-26 02:14:59,436 DEBUG sportsdataverse.mbb.mbb_ncaa_fetch: rotating proxy: transport error
2026-09-26 02:15:00,437 INFO sportsdataverse.mbb.mbb_ncaa_fetch: browser proxy rotated -> http://<redacted>:<redacted>@us.decodo.com:10005 (relaunching context)
2026-09-26 02:15:35,991 INFO sportsdataverse.mbb.mbb_ncaa_fetch: stats.ncaa.org terms gate -- accepting (one 10000 ms dwell)
2026-09-26 02:16:01,684 WARNING sportsdataverse.mbb.mbb_ncaa_fetch: stats.ncaa.org terms gate not accepted: https://stats.ncaa.org/contests/293717/situational_stats -- backing off 300 s (1/3)
2026-09-26 02:21:15,048 INFO sportsdataverse.mbb.mbb_ncaa_fetch: stats.ncaa.org terms gate -- accepting (one 10000 ms dwell)
2026-09-26 02:21:49,121 INFO sportsdataverse.mbb.mbb_ncaa_fetch: stats.ncaa.org terms gate -- accepting (one 10000 ms dwell)
2026-09-26 02:22:15,778 INFO sportsdataverse.mbb.mbb_ncaa_fetch: stats.ncaa.org terms gate -- accepting (one 10000 ms dwell)
2026-09-26 02:22:39,515 INFO sportsdataverse.mbb.mbb_ncaa_fetch: stats.ncaa.org terms gate -- accepting (one 10000 ms dwell)
2026-09-26 02:23:05,325 INFO sportsdataverse.mbb.mbb_ncaa_fetch: stats.ncaa.org terms gate -- accepting (one 10000 ms dwell)
2026-09-26 02:23:26,474 INFO sportsdataverse.mbb.mbb_ncaa_fetch: bm-verify not passed (412-byte response) -- re-solving, attempt 1/3
2026-09-26 02:23:35,326 INFO sportsdataverse.mbb.mbb_ncaa_fetch: bm-verify not passed (412-byte response) -- re-solving, attempt 2/3
2026-09-26 02:23:44,107 INFO sportsdataverse.mbb.mbb_ncaa_fetch: bm-verify not passed (412-byte response) -- re-solving, attempt 3/3
2026-09-26 02:23:44,107 DEBUG sportsdataverse.mbb.mbb_ncaa_fetch: transport error on http://<redacted>:<redacted>@us.decodo.com:10005: RuntimeError: bm-verify not passed after 3 attempts (412-byte response): https://stats.ncaa.org/contests/293729/individual_stats
2026-09-26 02:23:44,107 DEBUG sportsdataverse.mbb.mbb_ncaa_fetch: rotating proxy: transport error
2026-09-26 02:23:45,108 INFO sportsdataverse.mbb.mbb_ncaa_fetch: browser proxy rotated -> http://<redacted>:<redacted>@us.decodo.com:10006 (relaunching context)
2026-09-26 02:23:57,586 INFO sportsdataverse.mbb.mbb_ncaa_fetch: bm-verify not passed (412-byte response) -- re-solving, attempt 1/3
2026-09-26 02:24:06,125 INFO sportsdataverse.mbb.mbb_ncaa_fetch: bm-verify not passed (412-byte response) -- re-solving, attempt 2/3
2026-09-26 02:24:14,673 INFO sportsdataverse.mbb.mbb_ncaa_fetch: bm-verify not passed (412-byte response) -- re-solving, attempt 3/3
2026-09-26 02:24:14,674 DEBUG sportsdataverse.mbb.mbb_ncaa_fetch: transport error on http://<redacted>:<redacted>@us.decodo.com:10006: RuntimeError: bm-verify not passed after 3 attempts (412-byte response): https://stats.ncaa.org/contests/293729/individual_stats
2026-09-26 02:24:14,674 DEBUG sportsdataverse.mbb.mbb_ncaa_fetch: rotating proxy: transport error
2026-09-26 02:24:15,674 INFO sportsdataverse.mbb.mbb_ncaa_fetch: browser proxy rotated -> http://<redacted>:<redacted>@us.decodo.com:10007 (relaunching context)
2026-09-26 02:24:33,938 INFO sportsdataverse.mbb.mbb_ncaa_fetch: stats.ncaa.org terms gate -- accepting (one 10000 ms dwell)
2026-09-26 02:24:50,468 WARNING sportsdataverse.mbb.mbb_ncaa_fetch: stats.ncaa.org terms gate not accepted: https://stats.ncaa.org/contests/293729/individual_stats -- backing off 300 s (1/3)
2026-09-26 02:30:03,007 INFO sportsdataverse.mbb.mbb_ncaa_fetch: stats.ncaa.org terms gate -- accepting (one 10000 ms dwell)
2026-09-26 02:30:22,862 INFO sportsdataverse.mbb.mbb_ncaa_fetch: stats.ncaa.org terms gate -- accepting (one 10000 ms dwell)
2026-09-26 02:30:43,427 INFO sportsdataverse.mbb.mbb_ncaa_fetch: stats.ncaa.org terms gate -- accepting (one 10000 ms dwell)
2026-09-26 02:31:02,706 INFO sportsdataverse.mbb.mbb_ncaa_fetch: stats.ncaa.org terms gate -- accepting (one 10000 ms dwell)
2026-09-26 02:31:23,441 INFO sportsdataverse.mbb.mbb_ncaa_fetch: stats.ncaa.org terms gate -- accepting (one 10000 ms dwell)
2026-09-26 02:31:42,269 INFO sportsdataverse.mbb.mbb_ncaa_fetch: bm-verify not passed (404-byte response) -- re-solving, attempt 1/3
2026-09-26 02:31:50,847 INFO sportsdataverse.mbb.mbb_ncaa_fetch: bm-verify not passed (404-byte response) -- re-solving, attempt 2/3
2026-09-26 02:31:59,583 INFO sportsdataverse.mbb.mbb_ncaa_fetch: bm-verify not passed (404-byte response) -- re-solving, attempt 3/3
2026-09-26 02:31:59,584 DEBUG sportsdataverse.mbb.mbb_ncaa_fetch: transport error on http://<redacted>:<redacted>@us.decodo.com:10007: RuntimeError: bm-verify not passed after 3 attempts (404-byte response): https://stats.ncaa.org/contests/293768/team_stats
2026-09-26 02:31:59,584 DEBUG sportsdataverse.mbb.mbb_ncaa_fetch: rotating proxy: transport error
2026-09-26 02:32:00,584 INFO sportsdataverse.mbb.mbb_ncaa_fetch: browser proxy rotated -> http://<redacted>:<redacted>@us.decodo.com:10008 (relaunching context)
2026-09-26 02:32:17,359 INFO sportsdataverse.mbb.mbb_ncaa_fetch: stats.ncaa.org terms gate -- accepting (one 10000 ms dwell)
2026-09-26 02:32:36,618 INFO sportsdataverse.mbb.mbb_ncaa_fetch: stats.ncaa.org terms gate -- accepting (one 10000 ms dwell)
2026-09-26 02:32:56,022 INFO sportsdataverse.mbb.mbb_ncaa_fetch: stats.ncaa.org terms gate -- accepting (one 10000 ms dwell)
2026-09-26 02:33:15,810 INFO sportsdataverse.mbb.mbb_ncaa_fetch: stats.ncaa.org terms gate -- accepting (one 10000 ms dwell)
2026-09-26 02:33:34,496 INFO sportsdataverse.mbb.mbb_ncaa_fetch: stats.ncaa.org terms gate -- accepting (one 10000 ms dwell)
2026-09-26 02:33:53,469 INFO sportsdataverse.mbb.mbb_ncaa_fetch: bm-verify not passed (406-byte response) -- re-solving, attempt 1/3
2026-09-26 02:34:01,809 INFO sportsdataverse.mbb.mbb_ncaa_fetch: bm-verify not passed (406-byte response) -- re-solving, attempt 2/3
2026-09-26 02:34:10,156 INFO sportsdataverse.mbb.mbb_ncaa_fetch: bm-verify not passed (406-byte response) -- re-solving, attempt 3/3
2026-09-26 02:34:10,156 DEBUG sportsdataverse.mbb.mbb_ncaa_fetch: transport error on http://<redacted>:<redacted>@us.decodo.com:10008: RuntimeError: bm-verify not passed after 3 attempts (406-byte response): https://stats.ncaa.org/contests/293785/team_stats
2026-09-26 02:34:10,156 DEBUG sportsdataverse.mbb.mbb_ncaa_fetch: rotating proxy: transport error
2026-09-26 02:34:11,156 INFO sportsdataverse.mbb.mbb_ncaa_fetch: browser proxy rotated -> http://<redacted>:<redacted>@us.decodo.com:10009 (relaunching context)
2026-09-26 02:34:28,060 INFO sportsdataverse.mbb.mbb_ncaa_fetch: stats.ncaa.org terms gate -- accepting (one 10000 ms dwell)
2026-09-26 02:34:48,082 INFO sportsdataverse.mbb.mbb_ncaa_fetch: stats.ncaa.org terms gate -- accepting (one 10000 ms dwell)
2026-09-26 02:35:08,229 INFO sportsdataverse.mbb.mbb_ncaa_fetch: stats.ncaa.org terms gate -- accepting (one 10000 ms dwell)
2026-09-26 02:35:27,787 INFO sportsdataverse.mbb.mbb_ncaa_fetch: stats.ncaa.org terms gate -- accepting (one 10000 ms dwell)
2026-09-26 02:35:43,222 INFO sportsdataverse.mbb.mbb_ncaa_fetch: bm-verify not passed (406-byte response) -- re-solving, attempt 1/3
2026-09-26 02:35:51,690 INFO sportsdataverse.mbb.mbb_ncaa_fetch: bm-verify not passed (406-byte response) -- re-solving, attempt 2/3
2026-09-26 02:36:00,211 INFO sportsdataverse.mbb.mbb_ncaa_fetch: bm-verify not passed (406-byte response) -- re-solving, attempt 3/3
2026-09-26 02:36:00,212 DEBUG sportsdataverse.mbb.mbb_ncaa_fetch: transport error on http://<redacted>:<redacted>@us.decodo.com:10009: RuntimeError: bm-verify not passed after 3 attempts (406-byte response): https://stats.ncaa.org/contests/293799/team_stats
2026-09-26 02:36:00,212 DEBUG sportsdataverse.mbb.mbb_ncaa_fetch: rotating proxy: transport error
2026-09-26 02:36:01,212 INFO sportsdataverse.mbb.mbb_ncaa_fetch: browser proxy rotated -> http://<redacted>:<redacted>@us.decodo.com:10010 (relaunching context)
2026-09-26 02:36:19,731 INFO sportsdataverse.mbb.mbb_ncaa_fetch: stats.ncaa.org terms gate -- accepting (one 10000 ms dwell)
2026-09-26 02:36:37,626 WARNING sportsdataverse.mbb.mbb_ncaa_fetch: stats.ncaa.org terms gate not accepted: https://stats.ncaa.org/contests/293799/team_stats -- backing off 300 s (1/3)
2026-09-26 02:41:49,889 INFO sportsdataverse.mbb.mbb_ncaa_fetch: stats.ncaa.org terms gate -- accepting (one 10000 ms dwell)
2026-09-26 02:42:06,734 WARNING sportsdataverse.mbb.mbb_ncaa_fetch: stats.ncaa.org terms gate not accepted: https://stats.ncaa.org/contests/293799/team_stats -- backing off 300 s (2/3)
2026-09-26 02:47:19,197 INFO sportsdataverse.mbb.mbb_ncaa_fetch: stats.ncaa.org terms gate -- accepting (one 10000 ms dwell)
2026-09-26 02:47:35,709 WARNING sportsdataverse.mbb.mbb_ncaa_fetch: stats.ncaa.org terms gate not accepted: https://stats.ncaa.org/contests/293799/team_stats -- backing off 300 s (3/3)
2026-09-26 02:52:47,944 INFO sportsdataverse.mbb.mbb_ncaa_fetch: stats.ncaa.org terms gate -- accepting (one 10000 ms dwell)
2026-09-26 02:53:16,025 INFO sportsdataverse.mbb.mbb_ncaa_fetch: stats.ncaa.org terms gate -- accepting (one 10000 ms dwell)
2026-09-26 02:53:32,532 WARNING sportsdataverse.mbb.mbb_ncaa_fetch: stats.ncaa.org terms gate not accepted: https://stats.ncaa.org/contests/293799/individual_stats -- backing off 300 s (1/3)
2026-09-26 02:58:45,183 INFO sportsdataverse.mbb.mbb_ncaa_fetch: stats.ncaa.org terms gate -- accepting (one 10000 ms dwell)
2026-09-26 02:59:05,244 INFO sportsdataverse.mbb.mbb_ncaa_fetch: stats.ncaa.org terms gate -- accepting (one 10000 ms dwell)
2026-09-26 02:59:24,305 INFO sportsdataverse.mbb.mbb_ncaa_fetch: stats.ncaa.org terms gate -- accepting (one 10000 ms dwell)
2026-09-26 02:59:43,499 INFO sportsdataverse.mbb.mbb_ncaa_fetch: stats.ncaa.org terms gate -- accepting (one 10000 ms dwell)
2026-09-26 03:00:03,041 INFO sportsdataverse.mbb.mbb_ncaa_fetch: stats.ncaa.org terms gate -- accepting (one 10000 ms dwell)
2026-09-26 03:00:22,484 INFO sportsdataverse.mbb.mbb_ncaa_fetch: bm-verify not passed (406-byte response) -- re-solving, attempt 1/3
2026-09-26 03:00:31,239 INFO sportsdataverse.mbb.mbb_ncaa_fetch: bm-verify not passed (406-byte response) -- re-solving, attempt 2/3
2026-09-26 03:00:39,921 INFO sportsdataverse.mbb.mbb_ncaa_fetch: bm-verify not passed (406-byte response) -- re-solving, attempt 3/3
2026-09-26 03:00:39,921 DEBUG sportsdataverse.mbb.mbb_ncaa_fetch: transport error on http://<redacted>:<redacted>@us.decodo.com:10010: RuntimeError: bm-verify not passed after 3 attempts (406-byte response): https://stats.ncaa.org/contests/293814/team_stats
2026-09-26 03:00:39,921 DEBUG sportsdataverse.mbb.mbb_ncaa_fetch: rotating proxy: transport error
2026-09-26 03:00:40,922 INFO sportsdataverse.mbb.mbb_ncaa_fetch: browser proxy rotated -> http://<redacted>:<redacted>@us.decodo.com:10011 (relaunching context)
2026-09-26 03:01:00,058 INFO sportsdataverse.mbb.mbb_ncaa_fetch: stats.ncaa.org terms gate -- accepting (one 10000 ms dwell)
2026-09-26 03:01:21,662 INFO sportsdataverse.mbb.mbb_ncaa_fetch: stats.ncaa.org terms gate -- accepting (one 10000 ms dwell)
2026-09-26 03:01:43,111 INFO sportsdataverse.mbb.mbb_ncaa_fetch: stats.ncaa.org terms gate -- accepting (one 10000 ms dwell)
2026-09-26 03:02:03,756 INFO sportsdataverse.mbb.mbb_ncaa_fetch: stats.ncaa.org terms gate -- accepting (one 10000 ms dwell)
2026-09-26 03:02:24,281 INFO sportsdataverse.mbb.mbb_ncaa_fetch: stats.ncaa.org terms gate -- accepting (one 10000 ms dwell)
2026-09-26 03:02:43,390 INFO sportsdataverse.mbb.mbb_ncaa_fetch: bm-verify not passed (406-byte response) -- re-solving, attempt 1/3
2026-09-26 03:02:51,751 INFO sportsdataverse.mbb.mbb_ncaa_fetch: bm-verify not passed (406-byte response) -- re-solving, attempt 2/3
2026-09-26 03:03:00,110 INFO sportsdataverse.mbb.mbb_ncaa_fetch: bm-verify not passed (406-byte response) -- re-solving, attempt 3/3
2026-09-26 03:03:00,110 DEBUG sportsdataverse.mbb.mbb_ncaa_fetch: transport error on http://<redacted>:<redacted>@us.decodo.com:10011: RuntimeError: bm-verify not passed after 3 attempts (406-byte response): https://stats.ncaa.org/contests/293828/team_stats
2026-09-26 03:03:00,111 DEBUG sportsdataverse.mbb.mbb_ncaa_fetch: rotating proxy: transport error
2026-09-26 03:03:01,111 INFO sportsdataverse.mbb.mbb_ncaa_fetch: browser proxy rotated -> http://<redacted>:<redacted>@us.decodo.com:10012 (relaunching context)
2026-09-26 03:03:19,077 INFO sportsdataverse.mbb.mbb_ncaa_fetch: stats.ncaa.org terms gate -- accepting (one 10000 ms dwell)
2026-09-26 03:03:39,144 INFO sportsdataverse.mbb.mbb_ncaa_fetch: stats.ncaa.org terms gate -- accepting (one 10000 ms dwell)
2026-09-26 03:03:58,588 INFO sportsdataverse.mbb.mbb_ncaa_fetch: stats.ncaa.org terms gate -- accepting (one 10000 ms dwell)
2026-09-26 03:04:18,876 INFO sportsdataverse.mbb.mbb_ncaa_fetch: stats.ncaa.org terms gate -- accepting (one 10000 ms dwell)
2026-09-26 03:04:38,905 INFO sportsdataverse.mbb.mbb_ncaa_fetch: stats.ncaa.org terms gate -- accepting (one 10000 ms dwell)
2026-09-26 03:04:56,586 INFO sportsdataverse.mbb.mbb_ncaa_fetch: bm-verify not passed (404-byte response) -- re-solving, attempt 1/3
2026-09-26 03:05:04,939 INFO sportsdataverse.mbb.mbb_ncaa_fetch: bm-verify not passed (404-byte response) -- re-solving, attempt 2/3
2026-09-26 03:05:13,328 INFO sportsdataverse.mbb.mbb_ncaa_fetch: bm-verify not passed (404-byte response) -- re-solving, attempt 3/3
2026-09-26 03:05:13,328 DEBUG sportsdataverse.mbb.mbb_ncaa_fetch: transport error on http://<redacted>:<redacted>@us.decodo.com:10012: RuntimeError: bm-verify not passed after 3 attempts (404-byte response): https://stats.ncaa.org/contests/293847/team_stats
2026-09-26 03:05:13,328 DEBUG sportsdataverse.mbb.mbb_ncaa_fetch: rotating proxy: transport error
2026-09-26 03:05:14,328 INFO sportsdataverse.mbb.mbb_ncaa_fetch: browser proxy rotated -> http://<redacted>:<redacted>@us.decodo.com:10013 (relaunching context)
2026-09-26 03:05:31,065 INFO sportsdataverse.mbb.mbb_ncaa_fetch: stats.ncaa.org terms gate -- accepting (one 10000 ms dwell)
2026-09-26 03:05:49,498 INFO sportsdataverse.mbb.mbb_ncaa_fetch: stats.ncaa.org terms gate -- accepting (one 10000 ms dwell)
2026-09-26 03:06:08,598 INFO sportsdataverse.mbb.mbb_ncaa_fetch: stats.ncaa.org terms gate -- accepting (one 10000 ms dwell)
2026-09-26 03:06:27,138 INFO sportsdataverse.mbb.mbb_ncaa_fetch: stats.ncaa.org terms gate -- accepting (one 10000 ms dwell)
2026-09-26 03:06:43,187 WARNING sportsdataverse.mbb.mbb_ncaa_fetch: stats.ncaa.org terms gate not accepted: https://stats.ncaa.org/contests/293861/box_score -- backing off 300 s (1/3)
2026-09-26 03:11:54,460 INFO sportsdataverse.mbb.mbb_ncaa_fetch: stats.ncaa.org terms gate -- accepting (one 10000 ms dwell)
2026-09-26 03:12:12,221 INFO sportsdataverse.mbb.mbb_ncaa_fetch: stats.ncaa.org terms gate -- accepting (one 10000 ms dwell)
2026-09-26 03:12:27,871 WARNING sportsdataverse.mbb.mbb_ncaa_fetch: stats.ncaa.org terms gate not accepted: https://stats.ncaa.org/contests/293861/situational_stats -- backing off 300 s (1/3)
2026-09-26 03:17:41,414 INFO sportsdataverse.mbb.mbb_ncaa_fetch: stats.ncaa.org terms gate -- accepting (one 10000 ms dwell)
2026-09-26 03:17:58,257 WARNING sportsdataverse.mbb.mbb_ncaa_fetch: stats.ncaa.org terms gate not accepted: https://stats.ncaa.org/contests/293861/situational_stats -- backing off 300 s (2/3)
=== 2026-09-26T07:23:30Z shard 0/2 ===
[games] shard 0/2: 4214 contests
2026-09-26 03:23:50,929 INFO sportsdataverse.mbb.mbb_ncaa_fetch: stats.ncaa.org terms gate -- accepting (one 10000 ms dwell)
2026-09-26 03:24:09,484 INFO sportsdataverse.mbb.mbb_ncaa_fetch: stats.ncaa.org terms gate -- accepting (one 10000 ms dwell)
2026-09-26 03:24:27,445 INFO sportsdataverse.mbb.mbb_ncaa_fetch: stats.ncaa.org terms gate -- accepting (one 10000 ms dwell)
2026-09-26 03:24:45,607 INFO sportsdataverse.mbb.mbb_ncaa_fetch: stats.ncaa.org terms gate -- accepting (one 10000 ms dwell)
2026-09-26 03:25:04,161 INFO sportsdataverse.mbb.mbb_ncaa_fetch: stats.ncaa.org terms gate -- accepting (one 10000 ms dwell)
2026-09-26 03:25:23,158 INFO sportsdataverse.mbb.mbb_ncaa_fetch: bm-verify not passed (412-byte response) -- re-solving, attempt 1/3
2026-09-26 03:25:31,473 INFO sportsdataverse.mbb.mbb_ncaa_fetch: bm-verify not passed (412-byte response) -- re-solving, attempt 2/3
2026-09-26 03:25:40,006 INFO sportsdataverse.mbb.mbb_ncaa_fetch: bm-verify not passed (412-byte response) -- re-solving, attempt 3/3
2026-09-26 03:25:40,006 DEBUG sportsdataverse.mbb.mbb_ncaa_fetch: transport error on http://<redacted>:<redacted>@us.decodo.com:10001: RuntimeError: bm-verify not passed after 3 attempts (412-byte response): https://stats.ncaa.org/contests/293697/play_by_play
2026-09-26 03:25:40,006 DEBUG sportsdataverse.mbb.mbb_ncaa_fetch: rotating proxy: transport error
2026-09-26 03:25:41,007 INFO sportsdataverse.mbb.mbb_ncaa_fetch: browser proxy rotated -> http://<redacted>:<redacted>@us.decodo.com:10002 (relaunching context)
2026-09-26 03:25:56,489 INFO sportsdataverse.mbb.mbb_ncaa_fetch: stats.ncaa.org terms gate -- accepting (one 10000 ms dwell)
2026-09-26 03:26:14,957 INFO sportsdataverse.mbb.mbb_ncaa_fetch: stats.ncaa.org terms gate -- accepting (one 10000 ms dwell)
2026-09-26 03:26:32,762 INFO sportsdataverse.mbb.mbb_ncaa_fetch: stats.ncaa.org terms gate -- accepting (one 10000 ms dwell)
2026-09-26 03:26:50,544 INFO sportsdataverse.mbb.mbb_ncaa_fetch: stats.ncaa.org terms gate -- accepting (one 10000 ms dwell)
2026-09-26 03:27:08,931 INFO sportsdataverse.mbb.mbb_ncaa_fetch: stats.ncaa.org terms gate -- accepting (one 10000 ms dwell)
2026-09-26 03:27:25,212 INFO sportsdataverse.mbb.mbb_ncaa_fetch: bm-verify not passed (412-byte response) -- re-solving, attempt 1/3
2026-09-26 03:27:33,417 INFO sportsdataverse.mbb.mbb_ncaa_fetch: bm-verify not passed (412-byte response) -- re-solving, attempt 2/3
2026-09-26 03:27:41,649 INFO sportsdataverse.mbb.mbb_ncaa_fetch: bm-verify not passed (412-byte response) -- re-solving, attempt 3/3
2026-09-26 03:27:41,650 DEBUG sportsdataverse.mbb.mbb_ncaa_fetch: transport error on http://<redacted>:<redacted>@us.decodo.com:10002: RuntimeError: bm-verify not passed after 3 attempts (412-byte response): https://stats.ncaa.org/contests/293719/play_by_play
2026-09-26 03:27:41,650 DEBUG sportsdataverse.mbb.mbb_ncaa_fetch: rotating proxy: transport error
2026-09-26 03:27:42,650 INFO sportsdataverse.mbb.mbb_ncaa_fetch: browser proxy rotated -> http://<redacted>:<redacted>@us.decodo.com:10003 (relaunching context)
2026-09-26 03:28:00,126 INFO sportsdataverse.mbb.mbb_ncaa_fetch: stats.ncaa.org terms gate -- accepting (one 10000 ms dwell)
2026-09-26 03:28:22,037 INFO sportsdataverse.mbb.mbb_ncaa_fetch: stats.ncaa.org terms gate -- accepting (one 10000 ms dwell)
2026-09-26 03:28:42,626 INFO sportsdataverse.mbb.mbb_ncaa_fetch: stats.ncaa.org terms gate -- accepting (one 10000 ms dwell)
2026-09-26 03:29:03,247 INFO sportsdataverse.mbb.mbb_ncaa_fetch: stats.ncaa.org terms gate -- accepting (one 10000 ms dwell)
2026-09-26 03:29:24,054 INFO sportsdataverse.mbb.mbb_ncaa_fetch: stats.ncaa.org terms gate -- accepting (one 10000 ms dwell)
2026-09-26 03:29:42,559 INFO sportsdataverse.mbb.mbb_ncaa_fetch: bm-verify not passed (412-byte response) -- re-solving, attempt 1/3
2026-09-26 03:29:51,317 INFO sportsdataverse.mbb.mbb_ncaa_fetch: bm-verify not passed (412-byte response) -- re-solving, attempt 2/3
2026-09-26 03:30:00,065 INFO sportsdataverse.mbb.mbb_ncaa_fetch: bm-verify not passed (412-byte response) -- re-solving, attempt 3/3
2026-09-26 03:30:00,065 DEBUG sportsdataverse.mbb.mbb_ncaa_fetch: transport error on http://<redacted>:<redacted>@us.decodo.com:10003: RuntimeError: bm-verify not passed after 3 attempts (412-byte response): https://stats.ncaa.org/contests/293732/play_by_play
2026-09-26 03:30:00,066 DEBUG sportsdataverse.mbb.mbb_ncaa_fetch: rotating proxy: transport error
2026-09-26 03:30:01,066 INFO sportsdataverse.mbb.mbb_ncaa_fetch: browser proxy rotated -> http://<redacted>:<redacted>@us.decodo.com:10004 (relaunching context)
2026-09-26 03:30:17,341 INFO sportsdataverse.mbb.mbb_ncaa_fetch: stats.ncaa.org terms gate -- accepting (one 10000 ms dwell)
2026-09-26 03:30:37,788 INFO sportsdataverse.mbb.mbb_ncaa_fetch: stats.ncaa.org terms gate -- accepting (one 10000 ms dwell)
2026-09-26 03:30:56,575 INFO sportsdataverse.mbb.mbb_ncaa_fetch: stats.ncaa.org terms gate -- accepting (one 10000 ms dwell)
2026-09-26 03:31:14,717 INFO sportsdataverse.mbb.mbb_ncaa_fetch: stats.ncaa.org terms gate -- accepting (one 10000 ms dwell)
2026-09-26 03:31:28,860 INFO sportsdataverse.mbb.mbb_ncaa_fetch: bm-verify not passed (412-byte response) -- re-solving, attempt 1/3
2026-09-26 03:31:37,120 INFO sportsdataverse.mbb.mbb_ncaa_fetch: bm-verify not passed (412-byte response) -- re-solving, attempt 2/3
2026-09-26 03:31:45,376 INFO sportsdataverse.mbb.mbb_ncaa_fetch: bm-verify not passed (412-byte response) -- re-solving, attempt 3/3
2026-09-26 03:31:45,376 DEBUG sportsdataverse.mbb.mbb_ncaa_fetch: transport error on http://<redacted>:<redacted>@us.decodo.com:10004: RuntimeError: bm-verify not passed after 3 attempts (412-byte response): https://stats.ncaa.org/contests/293759/play_by_play
2026-09-26 03:31:45,376 DEBUG sportsdataverse.mbb.mbb_ncaa_fetch: rotating proxy: transport error
2026-09-26 03:31:46,377 INFO sportsdataverse.mbb.mbb_ncaa_fetch: browser proxy rotated -> http://<redacted>:<redacted>@us.decodo.com:10005 (relaunching context)
2026-09-26 03:32:02,709 INFO sportsdataverse.mbb.mbb_ncaa_fetch: stats.ncaa.org terms gate -- accepting (one 10000 ms dwell)
2026-09-26 03:32:18,948 WARNING sportsdataverse.mbb.mbb_ncaa_fetch: stats.ncaa.org terms gate not accepted: https://stats.ncaa.org/contests/293759/play_by_play -- backing off 300 s (1/3)
2026-09-26 03:37:30,773 INFO sportsdataverse.mbb.mbb_ncaa_fetch: stats.ncaa.org terms gate -- accepting (one 10000 ms dwell)
2026-09-26 03:37:49,334 INFO sportsdataverse.mbb.mbb_ncaa_fetch: stats.ncaa.org terms gate -- accepting (one 10000 ms dwell)
2026-09-26 03:38:08,237 INFO sportsdataverse.mbb.mbb_ncaa_fetch: stats.ncaa.org terms gate -- accepting (one 10000 ms dwell)
2026-09-26 03:38:26,287 INFO sportsdataverse.mbb.mbb_ncaa_fetch: stats.ncaa.org terms gate -- accepting (one 10000 ms dwell)
2026-09-26 03:38:44,839 INFO sportsdataverse.mbb.mbb_ncaa_fetch: stats.ncaa.org terms gate -- accepting (one 10000 ms dwell)
2026-09-26 03:39:00,313 INFO sportsdataverse.mbb.mbb_ncaa_fetch: bm-verify not passed (413-byte response) -- re-solving, attempt 1/3
2026-09-26 03:39:08,663 INFO sportsdataverse.mbb.mbb_ncaa_fetch: bm-verify not passed (413-byte response) -- re-solving, attempt 2/3
2026-09-26 03:39:17,041 INFO sportsdataverse.mbb.mbb_ncaa_fetch: bm-verify not passed (413-byte response) -- re-solving, attempt 3/3
2026-09-26 03:39:17,041 DEBUG sportsdataverse.mbb.mbb_ncaa_fetch: transport error on http://<redacted>:<redacted>@us.decodo.com:10005: RuntimeError: bm-verify not passed after 3 attempts (413-byte response): https://stats.ncaa.org/contests/293779/situational_stats
2026-09-26 03:39:17,041 DEBUG sportsdataverse.mbb.mbb_ncaa_fetch: rotating proxy: transport error
2026-09-26 03:39:18,043 INFO sportsdataverse.mbb.mbb_ncaa_fetch: browser proxy rotated -> http://<redacted>:<redacted>@us.decodo.com:10006 (relaunching context)
2026-09-26 03:39:34,450 INFO sportsdataverse.mbb.mbb_ncaa_fetch: stats.ncaa.org terms gate -- accepting (one 10000 ms dwell)
2026-09-26 03:39:51,434 WARNING sportsdataverse.mbb.mbb_ncaa_fetch: stats.ncaa.org terms gate not accepted: https://stats.ncaa.org/contests/293779/situational_stats -- backing off 300 s (1/3)
2026-09-26 03:45:04,184 INFO sportsdataverse.mbb.mbb_ncaa_fetch: stats.ncaa.org terms gate -- accepting (one 10000 ms dwell)
2026-09-26 03:45:25,137 INFO sportsdataverse.mbb.mbb_ncaa_fetch: stats.ncaa.org terms gate -- accepting (one 10000 ms dwell)
2026-09-26 03:45:45,565 INFO sportsdataverse.mbb.mbb_ncaa_fetch: stats.ncaa.org terms gate -- accepting (one 10000 ms dwell)
2026-09-26 03:46:07,202 INFO sportsdataverse.mbb.mbb_ncaa_fetch: stats.ncaa.org terms gate -- accepting (one 10000 ms dwell)
2026-09-26 03:46:27,948 INFO sportsdataverse.mbb.mbb_ncaa_fetch: stats.ncaa.org terms gate -- accepting (one 10000 ms dwell)
2026-09-26 03:46:44,883 INFO sportsdataverse.mbb.mbb_ncaa_fetch: bm-verify not passed (412-byte response) -- re-solving, attempt 1/3
2026-09-26 03:46:53,563 INFO sportsdataverse.mbb.mbb_ncaa_fetch: bm-verify not passed (412-byte response) -- re-solving, attempt 2/3
2026-09-26 03:47:02,438 INFO sportsdataverse.mbb.mbb_ncaa_fetch: bm-verify not passed (412-byte response) -- re-solving, attempt 3/3
2026-09-26 03:47:02,439 DEBUG sportsdataverse.mbb.mbb_ncaa_fetch: transport error on http://<redacted>:<redacted>@us.decodo.com:10006: RuntimeError: bm-verify not passed after 3 attempts (412-byte response): https://stats.ncaa.org/contests/293794/individual_stats
2026-09-26 03:47:02,439 DEBUG sportsdataverse.mbb.mbb_ncaa_fetch: rotating proxy: transport error
2026-09-26 03:47:03,439 INFO sportsdataverse.mbb.mbb_ncaa_fetch: browser proxy rotated -> http://<redacted>:<redacted>@us.decodo.com:10007 (relaunching context)
2026-09-26 03:47:14,731 INFO sportsdataverse.mbb.mbb_ncaa_fetch: bm-verify not passed (412-byte response) -- re-solving, attempt 1/3
2026-09-26 03:47:23,009 INFO sportsdataverse.mbb.mbb_ncaa_fetch: bm-verify not passed (412-byte response) -- re-solving, attempt 2/3
2026-09-26 03:47:31,313 INFO sportsdataverse.mbb.mbb_ncaa_fetch: bm-verify not passed (412-byte response) -- re-solving, attempt 3/3
2026-09-26 03:47:31,313 DEBUG sportsdataverse.mbb.mbb_ncaa_fetch: transport error on http://<redacted>:<redacted>@us.decodo.com:10007: RuntimeError: bm-verify not passed after 3 attempts (412-byte response): https://stats.ncaa.org/contests/293794/individual_stats
2026-09-26 03:47:31,313 DEBUG sportsdataverse.mbb.mbb_ncaa_fetch: rotating proxy: transport error
2026-09-26 03:47:32,314 INFO sportsdataverse.mbb.mbb_ncaa_fetch: browser proxy rotated -> http://<redacted>:<redacted>@us.decodo.com:10008 (relaunching context)
2026-09-26 03:47:48,351 INFO sportsdataverse.mbb.mbb_ncaa_fetch: stats.ncaa.org terms gate -- accepting (one 10000 ms dwell)
2026-09-26 03:48:07,998 INFO sportsdataverse.mbb.mbb_ncaa_fetch: stats.ncaa.org terms gate -- accepting (one 10000 ms dwell)
2026-09-26 03:48:26,138 INFO sportsdataverse.mbb.mbb_ncaa_fetch: stats.ncaa.org terms gate -- accepting (one 10000 ms dwell)
2026-09-26 03:48:44,323 INFO sportsdataverse.mbb.mbb_ncaa_fetch: stats.ncaa.org terms gate -- accepting (one 10000 ms dwell)
2026-09-26 03:49:02,505 INFO sportsdataverse.mbb.mbb_ncaa_fetch: stats.ncaa.org terms gate -- accepting (one 10000 ms dwell)
2026-09-26 03:49:21,340 INFO sportsdataverse.mbb.mbb_ncaa_fetch: bm-verify not passed (412-byte response) -- re-solving, attempt 1/3
2026-09-26 03:49:29,648 INFO sportsdataverse.mbb.mbb_ncaa_fetch: bm-verify not passed (412-byte response) -- re-solving, attempt 2/3
2026-09-26 03:49:37,983 INFO sportsdataverse.mbb.mbb_ncaa_fetch: bm-verify not passed (412-byte response) -- re-solving, attempt 3/3
2026-09-26 03:49:37,983 DEBUG sportsdataverse.mbb.mbb_ncaa_fetch: transport error on http://<redacted>:<redacted>@us.decodo.com:10008: RuntimeError: bm-verify not passed after 3 attempts (412-byte response): https://stats.ncaa.org/contests/293811/individual_stats
2026-09-26 03:49:37,984 DEBUG sportsdataverse.mbb.mbb_ncaa_fetch: rotating proxy: transport error
2026-09-26 03:49:38,986 INFO sportsdataverse.mbb.mbb_ncaa_fetch: browser proxy rotated -> http://<redacted>:<redacted>@us.decodo.com:10009 (relaunching context)
2026-09-26 03:49:57,249 INFO sportsdataverse.mbb.mbb_ncaa_fetch: stats.ncaa.org terms gate -- accepting (one 10000 ms dwell)
2026-09-26 03:50:36,871 INFO sportsdataverse.mbb.mbb_ncaa_fetch: stats.ncaa.org terms gate -- accepting (one 10000 ms dwell)
2026-09-26 03:50:58,667 INFO sportsdataverse.mbb.mbb_ncaa_fetch: stats.ncaa.org terms gate -- accepting (one 10000 ms dwell)
2026-09-26 03:51:20,135 INFO sportsdataverse.mbb.mbb_ncaa_fetch: stats.ncaa.org terms gate -- accepting (one 10000 ms dwell)
2026-09-26 03:51:46,253 INFO sportsdataverse.mbb.mbb_ncaa_fetch: stats.ncaa.org terms gate -- accepting (one 10000 ms dwell)
2026-09-26 03:52:24,504 INFO sportsdataverse.mbb.mbb_ncaa_fetch: bm-verify not passed (412-byte response) -- re-solving, attempt 1/3
2026-09-26 03:52:37,541 INFO sportsdataverse.mbb.mbb_ncaa_fetch: bm-verify not passed (412-byte response) -- re-solving, attempt 2/3
2026-09-26 03:52:48,188 INFO sportsdataverse.mbb.mbb_ncaa_fetch: bm-verify not passed (412-byte response) -- re-solving, attempt 3/3
2026-09-26 03:52:48,188 DEBUG sportsdataverse.mbb.mbb_ncaa_fetch: transport error on http://<redacted>:<redacted>@us.decodo.com:10009: RuntimeError: bm-verify not passed after 3 attempts (412-byte response): https://stats.ncaa.org/contests/293824/individual_stats
2026-09-26 03:52:48,188 DEBUG sportsdataverse.mbb.mbb_ncaa_fetch: rotating proxy: transport error
2026-09-26 03:52:49,190 INFO sportsdataverse.mbb.mbb_ncaa_fetch: browser proxy rotated -> http://<redacted>:<redacted>@us.decodo.com:10010 (relaunching context)
2026-09-26 03:53:05,555 INFO sportsdataverse.mbb.mbb_ncaa_fetch: stats.ncaa.org terms gate -- accepting (one 10000 ms dwell)
2026-09-26 03:53:24,557 INFO sportsdataverse.mbb.mbb_ncaa_fetch: stats.ncaa.org terms gate -- accepting (one 10000 ms dwell)
2026-09-26 03:53:42,079 INFO sportsdataverse.mbb.mbb_ncaa_fetch: stats.ncaa.org terms gate -- accepting (one 10000 ms dwell)
2026-09-26 03:53:59,773 INFO sportsdataverse.mbb.mbb_ncaa_fetch: stats.ncaa.org terms gate -- accepting (one 10000 ms dwell)
2026-09-26 03:54:17,185 INFO sportsdataverse.mbb.mbb_ncaa_fetch: stats.ncaa.org terms gate -- accepting (one 10000 ms dwell)
2026-09-26 03:54:34,167 INFO sportsdataverse.mbb.mbb_ncaa_fetch: bm-verify not passed (410-byte response) -- re-solving, attempt 1/3
2026-09-26 03:54:42,628 INFO sportsdataverse.mbb.mbb_ncaa_fetch: bm-verify not passed (410-byte response) -- re-solving, attempt 2/3
2026-09-26 03:54:51,121 INFO sportsdataverse.mbb.mbb_ncaa_fetch: bm-verify not passed (410-byte response) -- re-solving, attempt 3/3
2026-09-26 03:54:51,121 DEBUG sportsdataverse.mbb.mbb_ncaa_fetch: transport error on http://<redacted>:<redacted>@us.decodo.com:10010: RuntimeError: bm-verify not passed after 3 attempts (410-byte response): https://stats.ncaa.org/contests/293844/individual_stats
2026-09-26 03:54:51,121 DEBUG sportsdataverse.mbb.mbb_ncaa_fetch: rotating proxy: transport error
2026-09-26 03:54:52,121 INFO sportsdataverse.mbb.mbb_ncaa_fetch: browser proxy rotated -> http://<redacted>:<redacted>@us.decodo.com:10011 (relaunching context)
2026-09-26 03:55:16,815 INFO sportsdataverse.mbb.mbb_ncaa_fetch: stats.ncaa.org terms gate -- accepting (one 10000 ms dwell)
2026-09-26 03:55:40,990 INFO sportsdataverse.mbb.mbb_ncaa_fetch: stats.ncaa.org terms gate -- accepting (one 10000 ms dwell)
2026-09-26 03:56:03,377 INFO sportsdataverse.mbb.mbb_ncaa_fetch: stats.ncaa.org terms gate -- accepting (one 10000 ms dwell)
2026-09-26 03:56:27,039 INFO sportsdataverse.mbb.mbb_ncaa_fetch: stats.ncaa.org terms gate -- accepting (one 10000 ms dwell)
2026-09-26 03:56:49,364 INFO sportsdataverse.mbb.mbb_ncaa_fetch: stats.ncaa.org terms gate -- accepting (one 10000 ms dwell)
2026-09-26 03:57:09,872 INFO sportsdataverse.mbb.mbb_ncaa_fetch: bm-verify not passed (410-byte response) -- re-solving, attempt 1/3
2026-09-26 03:57:18,746 INFO sportsdataverse.mbb.mbb_ncaa_fetch: bm-verify not passed (410-byte response) -- re-solving, attempt 2/3
2026-09-26 03:57:27,581 INFO sportsdataverse.mbb.mbb_ncaa_fetch: bm-verify not passed (410-byte response) -- re-solving, attempt 3/3
2026-09-26 03:57:27,581 DEBUG sportsdataverse.mbb.mbb_ncaa_fetch: transport error on http://<redacted>:<redacted>@us.decodo.com:10011: RuntimeError: bm-verify not passed after 3 attempts (410-byte response): https://stats.ncaa.org/contests/293861/individual_stats
2026-09-26 03:57:27,581 DEBUG sportsdataverse.mbb.mbb_ncaa_fetch: rotating proxy: transport error
2026-09-26 03:57:28,585 INFO sportsdataverse.mbb.mbb_ncaa_fetch: browser proxy rotated -> http://<redacted>:<redacted>@us.decodo.com:10012 (relaunching context)
2026-09-26 03:57:45,318 INFO sportsdataverse.mbb.mbb_ncaa_fetch: stats.ncaa.org terms gate -- accepting (one 10000 ms dwell)
2026-09-26 03:58:04,999 INFO sportsdataverse.mbb.mbb_ncaa_fetch: stats.ncaa.org terms gate -- accepting (one 10000 ms dwell)
2026-09-26 03:58:23,490 INFO sportsdataverse.mbb.mbb_ncaa_fetch: stats.ncaa.org terms gate -- accepting (one 10000 ms dwell)
2026-09-26 03:58:41,939 INFO sportsdataverse.mbb.mbb_ncaa_fetch: stats.ncaa.org terms gate -- accepting (one 10000 ms dwell)
2026-09-26 03:58:56,543 INFO sportsdataverse.mbb.mbb_ncaa_fetch: bm-verify not passed (412-byte response) -- re-solving, attempt 1/3
2026-09-26 03:59:05,118 INFO sportsdataverse.mbb.mbb_ncaa_fetch: bm-verify not passed (412-byte response) -- re-solving, attempt 2/3
2026-09-26 03:59:13,655 INFO sportsdataverse.mbb.mbb_ncaa_fetch: bm-verify not passed (412-byte response) -- re-solving, attempt 3/3
2026-09-26 03:59:13,655 DEBUG sportsdataverse.mbb.mbb_ncaa_fetch: transport error on http://<redacted>:<redacted>@us.decodo.com:10012: RuntimeError: bm-verify not passed after 3 attempts (412-byte response): https://stats.ncaa.org/contests/293867/individual_stats
2026-09-26 03:59:13,655 DEBUG sportsdataverse.mbb.mbb_ncaa_fetch: rotating proxy: transport error
2026-09-26 03:59:14,657 INFO sportsdataverse.mbb.mbb_ncaa_fetch: browser proxy rotated -> http://<redacted>:<redacted>@us.decodo.com:10013 (relaunching context)
2026-09-26 03:59:30,171 INFO sportsdataverse.mbb.mbb_ncaa_fetch: stats.ncaa.org terms gate -- accepting (one 10000 ms dwell)
2026-09-26 03:59:46,206 WARNING sportsdataverse.mbb.mbb_ncaa_fetch: stats.ncaa.org terms gate not accepted: https://stats.ncaa.org/contests/293867/individual_stats -- backing off 300 s (1/3)
2026-09-26 04:04:58,854 INFO sportsdataverse.mbb.mbb_ncaa_fetch: stats.ncaa.org terms gate -- accepting (one 10000 ms dwell)
2026-09-26 04:05:19,218 INFO sportsdataverse.mbb.mbb_ncaa_fetch: stats.ncaa.org terms gate -- accepting (one 10000 ms dwell)
2026-09-26 04:05:38,851 INFO sportsdataverse.mbb.mbb_ncaa_fetch: stats.ncaa.org terms gate -- accepting (one 10000 ms dwell)
2026-09-26 04:05:59,098 INFO sportsdataverse.mbb.mbb_ncaa_fetch: stats.ncaa.org terms gate -- accepting (one 10000 ms dwell)
2026-09-26 04:06:20,545 INFO sportsdataverse.mbb.mbb_ncaa_fetch: stats.ncaa.org terms gate -- accepting (one 10000 ms dwell)
2026-09-26 04:06:38,183 INFO sportsdataverse.mbb.mbb_ncaa_fetch: bm-verify not passed (406-byte response) -- re-solving, attempt 1/3
2026-09-26 04:06:46,789 INFO sportsdataverse.mbb.mbb_ncaa_fetch: bm-verify not passed (406-byte response) -- re-solving, attempt 2/3
2026-09-26 04:06:55,408 INFO sportsdataverse.mbb.mbb_ncaa_fetch: bm-verify not passed (406-byte response) -- re-solving, attempt 3/3
2026-09-26 04:06:55,408 DEBUG sportsdataverse.mbb.mbb_ncaa_fetch: transport error on http://<redacted>:<redacted>@us.decodo.com:10013: RuntimeError: bm-verify not passed after 3 attempts (406-byte response): https://stats.ncaa.org/contests/293876/team_stats
2026-09-26 04:06:55,408 DEBUG sportsdataverse.mbb.mbb_ncaa_fetch: rotating proxy: transport error
2026-09-26 04:06:56,408 INFO sportsdataverse.mbb.mbb_ncaa_fetch: browser proxy rotated -> http://<redacted>:<redacted>@us.decodo.com:10014 (relaunching context)
2026-09-26 04:07:13,657 INFO sportsdataverse.mbb.mbb_ncaa_fetch: stats.ncaa.org terms gate -- accepting (one 10000 ms dwell)
2026-09-26 04:07:31,453 WARNING sportsdataverse.mbb.mbb_ncaa_fetch: stats.ncaa.org terms gate not accepted: https://stats.ncaa.org/contests/293876/team_stats -- backing off 300 s (1/3)
2026-09-26 04:12:43,202 INFO sportsdataverse.mbb.mbb_ncaa_fetch: stats.ncaa.org terms gate -- accepting (one 10000 ms dwell)
2026-09-26 04:12:59,468 WARNING sportsdataverse.mbb.mbb_ncaa_fetch: stats.ncaa.org terms gate not accepted: https://stats.ncaa.org/contests/293876/team_stats -- backing off 300 s (2/3)
2026-09-26 04:18:12,849 INFO sportsdataverse.mbb.mbb_ncaa_fetch: stats.ncaa.org terms gate -- accepting (one 10000 ms dwell)
2026-09-26 04:18:29,595 WARNING sportsdataverse.mbb.mbb_ncaa_fetch: stats.ncaa.org terms gate not accepted: https://stats.ncaa.org/contests/293876/team_stats -- backing off 300 s (3/3)
2026-09-26 04:23:41,686 INFO sportsdataverse.mbb.mbb_ncaa_fetch: stats.ncaa.org terms gate -- accepting (one 10000 ms dwell)
2026-09-26 04:24:09,204 INFO sportsdataverse.mbb.mbb_ncaa_fetch: stats.ncaa.org terms gate -- accepting (one 10000 ms dwell)
2026-09-26 04:24:25,497 WARNING sportsdataverse.mbb.mbb_ncaa_fetch: stats.ncaa.org terms gate not accepted: https://stats.ncaa.org/contests/293876/individual_stats -- backing off 300 s (1/3)
2026-09-26 04:29:36,745 INFO sportsdataverse.mbb.mbb_ncaa_fetch: stats.ncaa.org terms gate -- accepting (one 10000 ms dwell)
2026-09-26 04:29:54,342 INFO sportsdataverse.mbb.mbb_ncaa_fetch: stats.ncaa.org terms gate -- accepting (one 10000 ms dwell)
2026-09-26 04:30:11,860 INFO sportsdataverse.mbb.mbb_ncaa_fetch: stats.ncaa.org terms gate -- accepting (one 10000 ms dwell)
2026-09-26 04:30:30,104 INFO sportsdataverse.mbb.mbb_ncaa_fetch: stats.ncaa.org terms gate -- accepting (one 10000 ms dwell)
2026-09-26 04:30:47,243 INFO sportsdataverse.mbb.mbb_ncaa_fetch: stats.ncaa.org terms gate -- accepting (one 10000 ms dwell)
2026-09-26 04:31:03,262 INFO sportsdataverse.mbb.mbb_ncaa_fetch: bm-verify not passed (406-byte response) -- re-solving, attempt 1/3
2026-09-26 04:31:11,522 INFO sportsdataverse.mbb.mbb_ncaa_fetch: bm-verify not passed (406-byte response) -- re-solving, attempt 2/3
2026-09-26 04:31:19,835 INFO sportsdataverse.mbb.mbb_ncaa_fetch: bm-verify not passed (406-byte response) -- re-solving, attempt 3/3
2026-09-26 04:31:19,835 DEBUG sportsdataverse.mbb.mbb_ncaa_fetch: transport error on http://<redacted>:<redacted>@us.decodo.com:10014: RuntimeError: bm-verify not passed after 3 attempts (406-byte response): https://stats.ncaa.org/contests/293890/team_stats
2026-09-26 04:31:19,835 DEBUG sportsdataverse.mbb.mbb_ncaa_fetch: rotating proxy: transport error
2026-09-26 04:31:20,835 INFO sportsdataverse.mbb.mbb_ncaa_fetch: browser proxy rotated -> http://<redacted>:<redacted>@us.decodo.com:10015 (relaunching context)
2026-09-26 04:31:36,135 INFO sportsdataverse.mbb.mbb_ncaa_fetch: stats.ncaa.org terms gate -- accepting (one 10000 ms dwell)
2026-09-26 04:31:54,638 INFO sportsdataverse.mbb.mbb_ncaa_fetch: stats.ncaa.org terms gate -- accepting (one 10000 ms dwell)
2026-09-26 04:32:12,974 INFO sportsdataverse.mbb.mbb_ncaa_fetch: stats.ncaa.org terms gate -- accepting (one 10000 ms dwell)
2026-09-26 04:32:31,756 INFO sportsdataverse.mbb.mbb_ncaa_fetch: stats.ncaa.org terms gate -- accepting (one 10000 ms dwell)
2026-09-26 04:32:49,635 INFO sportsdataverse.mbb.mbb_ncaa_fetch: stats.ncaa.org terms gate -- accepting (one 10000 ms dwell)
2026-09-26 04:33:06,402 INFO sportsdataverse.mbb.mbb_ncaa_fetch: bm-verify not passed (406-byte response) -- re-solving, attempt 1/3
2026-09-26 04:33:14,766 INFO sportsdataverse.mbb.mbb_ncaa_fetch: bm-verify not passed (406-byte response) -- re-solving, attempt 2/3
2026-09-26 04:33:23,022 INFO sportsdataverse.mbb.mbb_ncaa_fetch: bm-verify not passed (406-byte response) -- re-solving, attempt 3/3
2026-09-26 04:33:23,023 DEBUG sportsdataverse.mbb.mbb_ncaa_fetch: transport error on http://<redacted>:<redacted>@us.decodo.com:10015: RuntimeError: bm-verify not passed after 3 attempts (406-byte response): https://stats.ncaa.org/contests/293914/team_stats
2026-09-26 04:33:23,023 DEBUG sportsdataverse.mbb.mbb_ncaa_fetch: rotating proxy: transport error
2026-09-26 04:33:24,023 INFO sportsdataverse.mbb.mbb_ncaa_fetch: browser proxy rotated -> http://<redacted>:<redacted>@us.decodo.com:10016 (relaunching context)
2026-09-26 04:33:41,913 INFO sportsdataverse.mbb.mbb_ncaa_fetch: stats.ncaa.org terms gate -- accepting (one 10000 ms dwell)
2026-09-26 04:34:04,134 INFO sportsdataverse.mbb.mbb_ncaa_fetch: stats.ncaa.org terms gate -- accepting (one 10000 ms dwell)
2026-09-26 04:34:25,963 INFO sportsdataverse.mbb.mbb_ncaa_fetch: stats.ncaa.org terms gate -- accepting (one 10000 ms dwell)
2026-09-26 04:35:48,745 INFO sportsdataverse.mbb.mbb_ncaa_fetch: stats.ncaa.org terms gate -- accepting (one 10000 ms dwell)
2026-09-26 04:36:10,403 INFO sportsdataverse.mbb.mbb_ncaa_fetch: stats.ncaa.org terms gate -- accepting (one 10000 ms dwell)
2026-09-26 04:36:28,999 INFO sportsdataverse.mbb.mbb_ncaa_fetch: bm-verify not passed (406-byte response) -- re-solving, attempt 1/3
2026-09-26 04:36:38,013 INFO sportsdataverse.mbb.mbb_ncaa_fetch: bm-verify not passed (406-byte response) -- re-solving, attempt 2/3
2026-09-26 04:36:47,319 INFO sportsdataverse.mbb.mbb_ncaa_fetch: bm-verify not passed (406-byte response) -- re-solving, attempt 3/3
2026-09-26 04:36:47,319 DEBUG sportsdataverse.mbb.mbb_ncaa_fetch: transport error on http://<redacted>:<redacted>@us.decodo.com:10016: RuntimeError: bm-verify not passed after 3 attempts (406-byte response): https://stats.ncaa.org/contests/293941/team_stats
2026-09-26 04:36:47,320 DEBUG sportsdataverse.mbb.mbb_ncaa_fetch: rotating proxy: transport error
2026-09-26 04:36:48,320 INFO sportsdataverse.mbb.mbb_ncaa_fetch: browser proxy rotated -> http://<redacted>:<redacted>@us.decodo.com:10017 (relaunching context)
2026-09-26 04:37:03,442 INFO sportsdataverse.mbb.mbb_ncaa_fetch: stats.ncaa.org terms gate -- accepting (one 10000 ms dwell)
2026-09-26 04:37:21,974 INFO sportsdataverse.mbb.mbb_ncaa_fetch: stats.ncaa.org terms gate -- accepting (one 10000 ms dwell)
2026-09-26 04:37:40,448 INFO sportsdataverse.mbb.mbb_ncaa_fetch: stats.ncaa.org terms gate -- accepting (one 10000 ms dwell)
2026-09-26 04:37:59,426 INFO sportsdataverse.mbb.mbb_ncaa_fetch: stats.ncaa.org terms gate -- accepting (one 10000 ms dwell)
2026-09-26 04:38:18,764 INFO sportsdataverse.mbb.mbb_ncaa_fetch: stats.ncaa.org terms gate -- accepting (one 10000 ms dwell)
2026-09-26 04:38:35,778 INFO sportsdataverse.mbb.mbb_ncaa_fetch: bm-verify not passed (406-byte response) -- re-solving, attempt 1/3
2026-09-26 04:38:44,095 INFO sportsdataverse.mbb.mbb_ncaa_fetch: bm-verify not passed (406-byte response) -- re-solving, attempt 2/3
2026-09-26 04:38:52,371 INFO sportsdataverse.mbb.mbb_ncaa_fetch: bm-verify not passed (406-byte response) -- re-solving, attempt 3/3
2026-09-26 04:38:52,371 DEBUG sportsdataverse.mbb.mbb_ncaa_fetch: transport error on http://<redacted>:<redacted>@us.decodo.com:10017: RuntimeError: bm-verify not passed after 3 attempts (406-byte response): https://stats.ncaa.org/contests/293991/team_stats
2026-09-26 04:38:52,371 DEBUG sportsdataverse.mbb.mbb_ncaa_fetch: rotating proxy: transport error
2026-09-26 04:38:53,377 INFO sportsdataverse.mbb.mbb_ncaa_fetch: browser proxy rotated -> http://<redacted>:<redacted>@us.decodo.com:10018 (relaunching context)
2026-09-26 04:39:07,801 INFO sportsdataverse.mbb.mbb_ncaa_fetch: stats.ncaa.org terms gate -- accepting (one 10000 ms dwell)
2026-09-26 04:39:24,682 INFO sportsdataverse.mbb.mbb_ncaa_fetch: stats.ncaa.org terms gate -- accepting (one 10000 ms dwell)
2026-09-26 04:39:41,742 INFO sportsdataverse.mbb.mbb_ncaa_fetch: stats.ncaa.org terms gate -- accepting (one 10000 ms dwell)
2026-09-26 04:39:58,721 INFO sportsdataverse.mbb.mbb_ncaa_fetch: stats.ncaa.org terms gate -- accepting (one 10000 ms dwell)
2026-09-26 04:40:12,274 INFO sportsdataverse.mbb.mbb_ncaa_fetch: bm-verify not passed (406-byte response) -- re-solving, attempt 1/3
2026-09-26 04:40:20,560 INFO sportsdataverse.mbb.mbb_ncaa_fetch: bm-verify not passed (406-byte response) -- re-solving, attempt 2/3
2026-09-26 04:40:28,775 INFO sportsdataverse.mbb.mbb_ncaa_fetch: bm-verify not passed (406-byte response) -- re-solving, attempt 3/3
2026-09-26 04:40:28,775 DEBUG sportsdataverse.mbb.mbb_ncaa_fetch: transport error on http://<redacted>:<redacted>@us.decodo.com:10018: RuntimeError: bm-verify not passed after 3 attempts (406-byte response): https://stats.ncaa.org/contests/294008/team_stats
2026-09-26 04:40:28,775 DEBUG sportsdataverse.mbb.mbb_ncaa_fetch: rotating proxy: transport error
2026-09-26 04:40:29,775 INFO sportsdataverse.mbb.mbb_ncaa_fetch: browser proxy rotated -> http://<redacted>:<redacted>@us.decodo.com:10019 (relaunching context)
2026-09-26 04:40:45,299 INFO sportsdataverse.mbb.mbb_ncaa_fetch: stats.ncaa.org terms gate -- accepting (one 10000 ms dwell)
2026-09-26 04:41:02,230 WARNING sportsdataverse.mbb.mbb_ncaa_fetch: stats.ncaa.org terms gate not accepted: https://stats.ncaa.org/contests/294008/team_stats -- backing off 300 s (1/3)
2026-09-26 04:46:13,770 INFO sportsdataverse.mbb.mbb_ncaa_fetch: stats.ncaa.org terms gate -- accepting (one 10000 ms dwell)
2026-09-26 04:46:32,085 INFO sportsdataverse.mbb.mbb_ncaa_fetch: stats.ncaa.org terms gate -- accepting (one 10000 ms dwell)
2026-09-26 04:46:50,831 INFO sportsdataverse.mbb.mbb_ncaa_fetch: stats.ncaa.org terms gate -- accepting (one 10000 ms dwell)
2026-09-26 04:47:09,687 INFO sportsdataverse.mbb.mbb_ncaa_fetch: stats.ncaa.org terms gate -- accepting (one 10000 ms dwell)
2026-09-26 04:47:28,144 INFO sportsdataverse.mbb.mbb_ncaa_fetch: stats.ncaa.org terms gate -- accepting (one 10000 ms dwell)
2026-09-26 04:47:44,360 INFO sportsdataverse.mbb.mbb_ncaa_fetch: bm-verify not passed (405-byte response) -- re-solving, attempt 1/3
2026-09-26 04:47:52,694 INFO sportsdataverse.mbb.mbb_ncaa_fetch: bm-verify not passed (405-byte response) -- re-solving, attempt 2/3
2026-09-26 04:48:01,067 INFO sportsdataverse.mbb.mbb_ncaa_fetch: bm-verify not passed (405-byte response) -- re-solving, attempt 3/3
2026-09-26 04:48:01,068 DEBUG sportsdataverse.mbb.mbb_ncaa_fetch: transport error on http://<redacted>:<redacted>@us.decodo.com:10019: RuntimeError: bm-verify not passed after 3 attempts (405-byte response): https://stats.ncaa.org/contests/294036/box_score
2026-09-26 04:48:01,068 DEBUG sportsdataverse.mbb.mbb_ncaa_fetch: rotating proxy: transport error
2026-09-26 04:48:02,068 INFO sportsdataverse.mbb.mbb_ncaa_fetch: browser proxy rotated -> http://<redacted>:<redacted>@us.decodo.com:10020 (relaunching context)
2026-09-26 04:48:19,005 INFO sportsdataverse.mbb.mbb_ncaa_fetch: stats.ncaa.org terms gate -- accepting (one 10000 ms dwell)
2026-09-26 04:48:35,681 WARNING sportsdataverse.mbb.mbb_ncaa_fetch: stats.ncaa.org terms gate not accepted: https://stats.ncaa.org/contests/294036/box_score -- backing off 300 s (1/3)
2026-09-26 04:53:47,027 INFO sportsdataverse.mbb.mbb_ncaa_fetch: stats.ncaa.org terms gate -- accepting (one 10000 ms dwell)
2026-09-26 04:54:04,592 INFO sportsdataverse.mbb.mbb_ncaa_fetch: stats.ncaa.org terms gate -- accepting (one 10000 ms dwell)
2026-09-26 04:54:22,167 INFO sportsdataverse.mbb.mbb_ncaa_fetch: stats.ncaa.org terms gate -- accepting (one 10000 ms dwell)
2026-09-26 04:54:39,815 INFO sportsdataverse.mbb.mbb_ncaa_fetch: stats.ncaa.org terms gate -- accepting (one 10000 ms dwell)
2026-09-26 04:54:57,420 INFO sportsdataverse.mbb.mbb_ncaa_fetch: stats.ncaa.org terms gate -- accepting (one 10000 ms dwell)
2026-09-26 04:55:12,409 INFO sportsdataverse.mbb.mbb_ncaa_fetch: bm-verify not passed (412-byte response) -- re-solving, attempt 1/3
2026-09-26 04:55:20,754 INFO sportsdataverse.mbb.mbb_ncaa_fetch: bm-verify not passed (412-byte response) -- re-solving, attempt 2/3
2026-09-26 04:55:29,056 INFO sportsdataverse.mbb.mbb_ncaa_fetch: bm-verify not passed (412-byte response) -- re-solving, attempt 3/3
2026-09-26 04:55:29,056 DEBUG sportsdataverse.mbb.mbb_ncaa_fetch: transport error on http://<redacted>:<redacted>@us.decodo.com:10020: RuntimeError: bm-verify not passed after 3 attempts (412-byte response): https://stats.ncaa.org/contests/294089/play_by_play
2026-09-26 04:55:29,056 DEBUG sportsdataverse.mbb.mbb_ncaa_fetch: rotating proxy: transport error
2026-09-26 04:55:30,056 INFO sportsdataverse.mbb.mbb_ncaa_fetch: browser proxy rotated -> http://<redacted>:<redacted>@us.decodo.com:10021 (relaunching context)
2026-09-26 04:55:45,285 INFO sportsdataverse.mbb.mbb_ncaa_fetch: stats.ncaa.org terms gate -- accepting (one 10000 ms dwell)
2026-09-26 04:56:03,506 INFO sportsdataverse.mbb.mbb_ncaa_fetch: stats.ncaa.org terms gate -- accepting (one 10000 ms dwell)
2026-09-26 04:56:22,120 INFO sportsdataverse.mbb.mbb_ncaa_fetch: stats.ncaa.org terms gate -- accepting (one 10000 ms dwell)
2026-09-26 04:56:40,166 INFO sportsdataverse.mbb.mbb_ncaa_fetch: stats.ncaa.org terms gate -- accepting (one 10000 ms dwell)
2026-09-26 04:56:58,514 INFO sportsdataverse.mbb.mbb_ncaa_fetch: stats.ncaa.org terms gate -- accepting (one 10000 ms dwell)
2026-09-26 04:57:14,973 INFO sportsdataverse.mbb.mbb_ncaa_fetch: bm-verify not passed (412-byte response) -- re-solving, attempt 1/3
2026-09-26 04:57:23,252 INFO sportsdataverse.mbb.mbb_ncaa_fetch: bm-verify not passed (412-byte response) -- re-solving, attempt 2/3
2026-09-26 04:57:31,552 INFO sportsdataverse.mbb.mbb_ncaa_fetch: bm-verify not passed (412-byte response) -- re-solving, attempt 3/3
2026-09-26 04:57:31,552 DEBUG sportsdataverse.mbb.mbb_ncaa_fetch: transport error on http://<redacted>:<redacted>@us.decodo.com:10021: RuntimeError: bm-verify not passed after 3 attempts (412-byte response): https://stats.ncaa.org/contests/294105/play_by_play
2026-09-26 04:57:31,552 DEBUG sportsdataverse.mbb.mbb_ncaa_fetch: rotating proxy: transport error
2026-09-26 04:57:32,553 INFO sportsdataverse.mbb.mbb_ncaa_fetch: browser proxy rotated -> http://<redacted>:<redacted>@us.decodo.com:10022 (relaunching context)
2026-09-26 04:57:49,326 INFO sportsdataverse.mbb.mbb_ncaa_fetch: stats.ncaa.org terms gate -- accepting (one 10000 ms dwell)
2026-09-26 04:58:09,111 INFO sportsdataverse.mbb.mbb_ncaa_fetch: stats.ncaa.org terms gate -- accepting (one 10000 ms dwell)
2026-09-26 04:58:28,316 INFO sportsdataverse.mbb.mbb_ncaa_fetch: stats.ncaa.org terms gate -- accepting (one 10000 ms dwell)
2026-09-26 04:58:47,528 INFO sportsdataverse.mbb.mbb_ncaa_fetch: stats.ncaa.org terms gate -- accepting (one 10000 ms dwell)
2026-09-26 04:59:06,743 INFO sportsdataverse.mbb.mbb_ncaa_fetch: stats.ncaa.org terms gate -- accepting (one 10000 ms dwell)
2026-09-26 04:59:24,830 INFO sportsdataverse.mbb.mbb_ncaa_fetch: bm-verify not passed (412-byte response) -- re-solving, attempt 1/3
2026-09-26 04:59:33,156 INFO sportsdataverse.mbb.mbb_ncaa_fetch: bm-verify not passed (412-byte response) -- re-solving, attempt 2/3
2026-09-26 04:59:41,545 INFO sportsdataverse.mbb.mbb_ncaa_fetch: bm-verify not passed (412-byte response) -- re-solving, attempt 3/3
2026-09-26 04:59:41,545 DEBUG sportsdataverse.mbb.mbb_ncaa_fetch: transport error on http://<redacted>:<redacted>@us.decodo.com:10022: RuntimeError: bm-verify not passed after 3 attempts (412-byte response): https://stats.ncaa.org/contests/294121/play_by_play
2026-09-26 04:59:41,545 DEBUG sportsdataverse.mbb.mbb_ncaa_fetch: rotating proxy: transport error
2026-09-26 04:59:42,545 INFO sportsdataverse.mbb.mbb_ncaa_fetch: browser proxy rotated -> http://<redacted>:<redacted>@us.decodo.com:10023 (relaunching context)
2026-09-26 04:59:57,817 INFO sportsdataverse.mbb.mbb_ncaa_fetch: stats.ncaa.org terms gate -- accepting (one 10000 ms dwell)
2026-09-26 05:00:16,929 INFO sportsdataverse.mbb.mbb_ncaa_fetch: stats.ncaa.org terms gate -- accepting (one 10000 ms dwell)
2026-09-26 05:00:37,122 INFO sportsdataverse.mbb.mbb_ncaa_fetch: stats.ncaa.org terms gate -- accepting (one 10000 ms dwell)
2026-09-26 05:00:55,676 INFO sportsdataverse.mbb.mbb_ncaa_fetch: stats.ncaa.org terms gate -- accepting (one 10000 ms dwell)
2026-09-26 05:01:14,686 INFO sportsdataverse.mbb.mbb_ncaa_fetch: stats.ncaa.org terms gate -- accepting (one 10000 ms dwell)
2026-09-26 05:01:31,696 INFO sportsdataverse.mbb.mbb_ncaa_fetch: bm-verify not passed (412-byte response) -- re-solving, attempt 1/3
2026-09-26 05:01:39,986 INFO sportsdataverse.mbb.mbb_ncaa_fetch: bm-verify not passed (412-byte response) -- re-solving, attempt 2/3
2026-09-26 05:01:48,230 INFO sportsdataverse.mbb.mbb_ncaa_fetch: bm-verify not passed (412-byte response) -- re-solving, attempt 3/3
2026-09-26 05:01:48,230 DEBUG sportsdataverse.mbb.mbb_ncaa_fetch: transport error on http://<redacted>:<redacted>@us.decodo.com:10023: RuntimeError: bm-verify not passed after 3 attempts (412-byte response): https://stats.ncaa.org/contests/294137/play_by_play
2026-09-26 05:01:48,230 DEBUG sportsdataverse.mbb.mbb_ncaa_fetch: rotating proxy: transport error
2026-09-26 05:01:49,230 INFO sportsdataverse.mbb.mbb_ncaa_fetch: browser proxy rotated -> http://<redacted>:<redacted>@us.decodo.com:10024 (relaunching context)
2026-09-26 05:02:06,236 INFO sportsdataverse.mbb.mbb_ncaa_fetch: stats.ncaa.org terms gate -- accepting (one 10000 ms dwell)
2026-09-26 05:02:26,694 INFO sportsdataverse.mbb.mbb_ncaa_fetch: stats.ncaa.org terms gate -- accepting (one 10000 ms dwell)
2026-09-26 05:02:46,448 INFO sportsdataverse.mbb.mbb_ncaa_fetch: stats.ncaa.org terms gate -- accepting (one 10000 ms dwell)
2026-09-26 05:03:05,848 INFO sportsdataverse.mbb.mbb_ncaa_fetch: stats.ncaa.org terms gate -- accepting (one 10000 ms dwell)
2026-09-26 05:03:25,310 INFO sportsdataverse.mbb.mbb_ncaa_fetch: stats.ncaa.org terms gate -- accepting (one 10000 ms dwell)
2026-09-26 05:03:44,391 INFO sportsdataverse.mbb.mbb_ncaa_fetch: bm-verify not passed (412-byte response) -- re-solving, attempt 1/3
2026-09-26 05:03:52,945 INFO sportsdataverse.mbb.mbb_ncaa_fetch: bm-verify not passed (412-byte response) -- re-solving, attempt 2/3
2026-09-26 05:04:01,495 INFO sportsdataverse.mbb.mbb_ncaa_fetch: bm-verify not passed (412-byte response) -- re-solving, attempt 3/3
2026-09-26 05:04:01,495 DEBUG sportsdataverse.mbb.mbb_ncaa_fetch: transport error on http://<redacted>:<redacted>@us.decodo.com:10024: RuntimeError: bm-verify not passed after 3 attempts (412-byte response): https://stats.ncaa.org/contests/294144/play_by_play
2026-09-26 05:04:01,495 DEBUG sportsdataverse.mbb.mbb_ncaa_fetch: rotating proxy: transport error
2026-09-26 05:04:02,496 INFO sportsdataverse.mbb.mbb_ncaa_fetch: browser proxy rotated -> http://<redacted>:<redacted>@us.decodo.com:10025 (relaunching context)
2026-09-26 05:04:18,874 INFO sportsdataverse.mbb.mbb_ncaa_fetch: stats.ncaa.org terms gate -- accepting (one 10000 ms dwell)
2026-09-26 05:04:39,428 INFO sportsdataverse.mbb.mbb_ncaa_fetch: stats.ncaa.org terms gate -- accepting (one 10000 ms dwell)
2026-09-26 05:04:58,696 INFO sportsdataverse.mbb.mbb_ncaa_fetch: stats.ncaa.org terms gate -- accepting (one 10000 ms dwell)
2026-09-26 05:05:19,056 INFO sportsdataverse.mbb.mbb_ncaa_fetch: stats.ncaa.org terms gate -- accepting (one 10000 ms dwell)
2026-09-26 05:05:39,011 INFO sportsdataverse.mbb.mbb_ncaa_fetch: stats.ncaa.org terms gate -- accepting (one 10000 ms dwell)
2026-09-26 05:05:56,692 INFO sportsdataverse.mbb.mbb_ncaa_fetch: bm-verify not passed (412-byte response) -- re-solving, attempt 1/3
2026-09-26 05:06:05,153 INFO sportsdataverse.mbb.mbb_ncaa_fetch: bm-verify not passed (412-byte response) -- re-solving, attempt 2/3
2026-09-26 05:06:13,638 INFO sportsdataverse.mbb.mbb_ncaa_fetch: bm-verify not passed (412-byte response) -- re-solving, attempt 3/3
2026-09-26 05:06:13,638 DEBUG sportsdataverse.mbb.mbb_ncaa_fetch: transport error on http://<redacted>:<redacted>@us.decodo.com:10025: RuntimeError: bm-verify not passed after 3 attempts (412-byte response): https://stats.ncaa.org/contests/294153/play_by_play
2026-09-26 05:06:13,638 DEBUG sportsdataverse.mbb.mbb_ncaa_fetch: rotating proxy: transport error
2026-09-26 05:06:14,638 INFO sportsdataverse.mbb.mbb_ncaa_fetch: browser proxy rotated -> http://<redacted>:<redacted>@us.decodo.com:10026 (relaunching context)
2026-09-26 05:06:31,261 INFO sportsdataverse.mbb.mbb_ncaa_fetch: stats.ncaa.org terms gate -- accepting (one 10000 ms dwell)
2026-09-26 05:06:51,659 INFO sportsdataverse.mbb.mbb_ncaa_fetch: stats.ncaa.org terms gate -- accepting (one 10000 ms dwell)
2026-09-26 05:07:11,314 INFO sportsdataverse.mbb.mbb_ncaa_fetch: stats.ncaa.org terms gate -- accepting (one 10000 ms dwell)
2026-09-26 05:07:30,430 INFO sportsdataverse.mbb.mbb_ncaa_fetch: stats.ncaa.org terms gate -- accepting (one 10000 ms dwell)
2026-09-26 05:07:44,956 INFO sportsdataverse.mbb.mbb_ncaa_fetch: bm-verify not passed (412-byte response) -- re-solving, attempt 1/3
2026-09-26 05:07:53,457 INFO sportsdataverse.mbb.mbb_ncaa_fetch: bm-verify not passed (412-byte response) -- re-solving, attempt 2/3
2026-09-26 05:08:02,002 INFO sportsdataverse.mbb.mbb_ncaa_fetch: bm-verify not passed (412-byte response) -- re-solving, attempt 3/3
2026-09-26 05:08:02,002 DEBUG sportsdataverse.mbb.mbb_ncaa_fetch: transport error on http://<redacted>:<redacted>@us.decodo.com:10026: RuntimeError: bm-verify not passed after 3 attempts (412-byte response): https://stats.ncaa.org/contests/294161/play_by_play
2026-09-26 05:08:02,002 DEBUG sportsdataverse.mbb.mbb_ncaa_fetch: rotating proxy: transport error
2026-09-26 05:08:03,003 INFO sportsdataverse.mbb.mbb_ncaa_fetch: browser proxy rotated -> http://<redacted>:<redacted>@us.decodo.com:10027 (relaunching context)
2026-09-26 05:08:19,350 INFO sportsdataverse.mbb.mbb_ncaa_fetch: stats.ncaa.org terms gate -- accepting (one 10000 ms dwell)
2026-09-26 05:08:35,636 WARNING sportsdataverse.mbb.mbb_ncaa_fetch: stats.ncaa.org terms gate not accepted: https://stats.ncaa.org/contests/294161/play_by_play -- backing off 300 s (1/3)
2026-09-26 05:13:47,714 INFO sportsdataverse.mbb.mbb_ncaa_fetch: stats.ncaa.org terms gate -- accepting (one 10000 ms dwell)
2026-09-26 05:14:05,013 INFO sportsdataverse.mbb.mbb_ncaa_fetch: stats.ncaa.org terms gate -- accepting (one 10000 ms dwell)
2026-09-26 05:14:25,457 INFO sportsdataverse.mbb.mbb_ncaa_fetch: stats.ncaa.org terms gate -- accepting (one 10000 ms dwell)
2026-09-26 05:14:42,962 INFO sportsdataverse.mbb.mbb_ncaa_fetch: stats.ncaa.org terms gate -- accepting (one 10000 ms dwell)
2026-09-26 05:15:01,224 INFO sportsdataverse.mbb.mbb_ncaa_fetch: stats.ncaa.org terms gate -- accepting (one 10000 ms dwell)
2026-09-26 05:15:16,502 INFO sportsdataverse.mbb.mbb_ncaa_fetch: bm-verify not passed (413-byte response) -- re-solving, attempt 1/3
2026-09-26 05:15:24,830 INFO sportsdataverse.mbb.mbb_ncaa_fetch: bm-verify not passed (413-byte response) -- re-solving, attempt 2/3
2026-09-26 05:15:33,172 INFO sportsdataverse.mbb.mbb_ncaa_fetch: bm-verify not passed (413-byte response) -- re-solving, attempt 3/3
2026-09-26 05:15:33,172 DEBUG sportsdataverse.mbb.mbb_ncaa_fetch: transport error on http://<redacted>:<redacted>@us.decodo.com:10027: RuntimeError: bm-verify not passed after 3 attempts (413-byte response): https://stats.ncaa.org/contests/294176/situational_stats
2026-09-26 05:15:33,172 DEBUG sportsdataverse.mbb.mbb_ncaa_fetch: rotating proxy: transport error
2026-09-26 05:15:34,173 INFO sportsdataverse.mbb.mbb_ncaa_fetch: browser proxy rotated -> http://<redacted>:<redacted>@us.decodo.com:10028 (relaunching context)
2026-09-26 05:15:50,841 INFO sportsdataverse.mbb.mbb_ncaa_fetch: stats.ncaa.org terms gate -- accepting (one 10000 ms dwell)
2026-09-26 05:16:07,501 WARNING sportsdataverse.mbb.mbb_ncaa_fetch: stats.ncaa.org terms gate not accepted: https://stats.ncaa.org/contests/294176/situational_stats -- backing off 300 s (1/3)
2026-09-26 05:21:19,126 INFO sportsdataverse.mbb.mbb_ncaa_fetch: stats.ncaa.org terms gate -- accepting (one 10000 ms dwell)
2026-09-26 05:21:34,865 WARNING sportsdataverse.mbb.mbb_ncaa_fetch: stats.ncaa.org terms gate not accepted: https://stats.ncaa.org/contests/294176/situational_stats -- backing off 300 s (2/3)
2026-09-26 05:26:46,480 INFO sportsdataverse.mbb.mbb_ncaa_fetch: stats.ncaa.org terms gate -- accepting (one 10000 ms dwell)
2026-09-26 05:27:01,807 WARNING sportsdataverse.mbb.mbb_ncaa_fetch: stats.ncaa.org terms gate not accepted: https://stats.ncaa.org/contests/294176/situational_stats -- backing off 300 s (3/3)
2026-09-26 05:32:14,265 INFO sportsdataverse.mbb.mbb_ncaa_fetch: stats.ncaa.org terms gate -- accepting (one 10000 ms dwell)
2026-09-26 05:32:42,631 INFO sportsdataverse.mbb.mbb_ncaa_fetch: stats.ncaa.org terms gate -- accepting (one 10000 ms dwell)
2026-09-26 05:32:59,570 WARNING sportsdataverse.mbb.mbb_ncaa_fetch: stats.ncaa.org terms gate not accepted: https://stats.ncaa.org/contests/294190/play_by_play -- backing off 300 s (1/3)
2026-09-26 05:38:12,723 INFO sportsdataverse.mbb.mbb_ncaa_fetch: stats.ncaa.org terms gate -- accepting (one 10000 ms dwell)
2026-09-26 05:38:31,854 INFO sportsdataverse.mbb.mbb_ncaa_fetch: stats.ncaa.org terms gate -- accepting (one 10000 ms dwell)
2026-09-26 05:38:51,556 INFO sportsdataverse.mbb.mbb_ncaa_fetch: stats.ncaa.org terms gate -- accepting (one 10000 ms dwell)
2026-09-26 05:39:11,228 INFO sportsdataverse.mbb.mbb_ncaa_fetch: stats.ncaa.org terms gate -- accepting (one 10000 ms dwell)
2026-09-26 05:39:30,964 INFO sportsdataverse.mbb.mbb_ncaa_fetch: stats.ncaa.org terms gate -- accepting (one 10000 ms dwell)
2026-09-26 05:39:46,527 DEBUG sportsdataverse.mbb.mbb_ncaa_fetch: in-page fetch dropped, retrying once on the same browser: https://stats.ncaa.org/contests/294204/individual_stats
2026-09-26 05:39:46,961 DEBUG sportsdataverse.mbb.mbb_ncaa_fetch: transport error on http://<redacted>:<redacted>@us.decodo.com:10028: Error: Page.evaluate: TypeError: Failed to fetch
    at eval (eval at evaluate (:303:30), <anonymous>:1:32)
    at UtilityScript.evaluate (<anonymous>:310:18)
    at UtilityScript.<anonymous> (<anonymous>:1:44)
2026-09-26 05:39:46,961 DEBUG sportsdataverse.mbb.mbb_ncaa_fetch: rotating proxy: transport error
2026-09-26 05:39:47,961 INFO sportsdataverse.mbb.mbb_ncaa_fetch: browser proxy rotated -> http://<redacted>:<redacted>@us.decodo.com:10029 (relaunching context)
2026-09-26 05:40:03,396 INFO sportsdataverse.mbb.mbb_ncaa_fetch: stats.ncaa.org terms gate -- accepting (one 10000 ms dwell)
2026-09-26 05:40:21,959 INFO sportsdataverse.mbb.mbb_ncaa_fetch: stats.ncaa.org terms gate -- accepting (one 10000 ms dwell)
2026-09-26 05:40:39,347 INFO sportsdataverse.mbb.mbb_ncaa_fetch: stats.ncaa.org terms gate -- accepting (one 10000 ms dwell)
2026-09-26 05:40:57,224 INFO sportsdataverse.mbb.mbb_ncaa_fetch: stats.ncaa.org terms gate -- accepting (one 10000 ms dwell)
2026-09-26 05:41:14,982 INFO sportsdataverse.mbb.mbb_ncaa_fetch: stats.ncaa.org terms gate -- accepting (one 10000 ms dwell)
2026-09-26 05:41:29,602 INFO sportsdataverse.mbb.mbb_ncaa_fetch: bm-verify not passed (405-byte response) -- re-solving, attempt 1/3
2026-09-26 05:41:38,001 INFO sportsdataverse.mbb.mbb_ncaa_fetch: bm-verify not passed (405-byte response) -- re-solving, attempt 2/3
2026-09-26 05:41:46,365 INFO sportsdataverse.mbb.mbb_ncaa_fetch: bm-verify not passed (405-byte response) -- re-solving, attempt 3/3
2026-09-26 05:41:46,365 DEBUG sportsdataverse.mbb.mbb_ncaa_fetch: transport error on http://<redacted>:<redacted>@us.decodo.com:10029: RuntimeError: bm-verify not passed after 3 attempts (405-byte response): https://stats.ncaa.org/contests/294222/box_score
2026-09-26 05:41:46,365 DEBUG sportsdataverse.mbb.mbb_ncaa_fetch: rotating proxy: transport error
2026-09-26 05:41:47,366 INFO sportsdataverse.mbb.mbb_ncaa_fetch: browser proxy rotated -> http://<redacted>:<redacted>@us.decodo.com:10030 (relaunching context)
2026-09-26 05:42:05,072 INFO sportsdataverse.mbb.mbb_ncaa_fetch: stats.ncaa.org terms gate -- accepting (one 10000 ms dwell)
2026-09-26 05:42:25,279 INFO sportsdataverse.mbb.mbb_ncaa_fetch: stats.ncaa.org terms gate -- accepting (one 10000 ms dwell)
2026-09-26 05:42:44,583 INFO sportsdataverse.mbb.mbb_ncaa_fetch: stats.ncaa.org terms gate -- accepting (one 10000 ms dwell)
2026-09-26 05:43:03,720 INFO sportsdataverse.mbb.mbb_ncaa_fetch: stats.ncaa.org terms gate -- accepting (one 10000 ms dwell)
2026-09-26 05:43:22,996 INFO sportsdataverse.mbb.mbb_ncaa_fetch: stats.ncaa.org terms gate -- accepting (one 10000 ms dwell)
2026-09-26 05:43:40,770 INFO sportsdataverse.mbb.mbb_ncaa_fetch: bm-verify not passed (405-byte response) -- re-solving, attempt 1/3
2026-09-26 05:43:49,218 INFO sportsdataverse.mbb.mbb_ncaa_fetch: bm-verify not passed (405-byte response) -- re-solving, attempt 2/3
2026-09-26 05:43:57,587 INFO sportsdataverse.mbb.mbb_ncaa_fetch: bm-verify not passed (405-byte response) -- re-solving, attempt 3/3
2026-09-26 05:43:57,587 DEBUG sportsdataverse.mbb.mbb_ncaa_fetch: transport error on http://<redacted>:<redacted>@us.decodo.com:10030: RuntimeError: bm-verify not passed after 3 attempts (405-byte response): https://stats.ncaa.org/contests/294246/box_score
2026-09-26 05:43:57,587 DEBUG sportsdataverse.mbb.mbb_ncaa_fetch: rotating proxy: transport error
2026-09-26 05:43:58,588 INFO sportsdataverse.mbb.mbb_ncaa_fetch: browser proxy rotated -> http://<redacted>:<redacted>@us.decodo.com:10031 (relaunching context)
2026-09-26 05:44:15,658 INFO sportsdataverse.mbb.mbb_ncaa_fetch: stats.ncaa.org terms gate -- accepting (one 10000 ms dwell)
2026-09-26 05:44:34,898 INFO sportsdataverse.mbb.mbb_ncaa_fetch: stats.ncaa.org terms gate -- accepting (one 10000 ms dwell)
2026-09-26 05:44:54,034 INFO sportsdataverse.mbb.mbb_ncaa_fetch: stats.ncaa.org terms gate -- accepting (one 10000 ms dwell)
2026-09-26 05:45:13,493 INFO sportsdataverse.mbb.mbb_ncaa_fetch: stats.ncaa.org terms gate -- accepting (one 10000 ms dwell)
2026-09-26 05:45:32,850 INFO sportsdataverse.mbb.mbb_ncaa_fetch: stats.ncaa.org terms gate -- accepting (one 10000 ms dwell)
2026-09-26 05:45:50,932 INFO sportsdataverse.mbb.mbb_ncaa_fetch: bm-verify not passed (405-byte response) -- re-solving, attempt 1/3
2026-09-26 05:45:59,333 INFO sportsdataverse.mbb.mbb_ncaa_fetch: bm-verify not passed (405-byte response) -- re-solving, attempt 2/3
2026-09-26 05:46:07,672 INFO sportsdataverse.mbb.mbb_ncaa_fetch: bm-verify not passed (405-byte response) -- re-solving, attempt 3/3
2026-09-26 05:46:07,673 DEBUG sportsdataverse.mbb.mbb_ncaa_fetch: transport error on http://<redacted>:<redacted>@us.decodo.com:10031: RuntimeError: bm-verify not passed after 3 attempts (405-byte response): https://stats.ncaa.org/contests/294268/box_score
2026-09-26 05:46:07,673 DEBUG sportsdataverse.mbb.mbb_ncaa_fetch: rotating proxy: transport error
2026-09-26 05:46:08,673 INFO sportsdataverse.mbb.mbb_ncaa_fetch: browser proxy rotated -> http://<redacted>:<redacted>@us.decodo.com:10032 (relaunching context)
2026-09-26 05:46:25,171 INFO sportsdataverse.mbb.mbb_ncaa_fetch: stats.ncaa.org terms gate -- accepting (one 10000 ms dwell)
2026-09-26 05:46:44,630 INFO sportsdataverse.mbb.mbb_ncaa_fetch: stats.ncaa.org terms gate -- accepting (one 10000 ms dwell)
2026-09-26 05:47:04,225 INFO sportsdataverse.mbb.mbb_ncaa_fetch: stats.ncaa.org terms gate -- accepting (one 10000 ms dwell)
2026-09-26 05:47:22,960 INFO sportsdataverse.mbb.mbb_ncaa_fetch: stats.ncaa.org terms gate -- accepting (one 10000 ms dwell)
2026-09-26 05:47:42,079 INFO sportsdataverse.mbb.mbb_ncaa_fetch: stats.ncaa.org terms gate -- accepting (one 10000 ms dwell)
2026-09-26 05:47:58,843 WARNING sportsdataverse.mbb.mbb_ncaa_fetch: stats.ncaa.org terms gate not accepted: https://stats.ncaa.org/contests/294278/individual_stats -- backing off 300 s (1/3)
2026-09-26 05:53:12,079 INFO sportsdataverse.mbb.mbb_ncaa_fetch: stats.ncaa.org terms gate -- accepting (one 10000 ms dwell)
2026-09-26 05:53:28,785 INFO sportsdataverse.mbb.mbb_ncaa_fetch: bm-verify not passed (412-byte response) -- re-solving, attempt 1/3
2026-09-26 05:53:37,524 INFO sportsdataverse.mbb.mbb_ncaa_fetch: bm-verify not passed (412-byte response) -- re-solving, attempt 2/3
2026-09-26 05:53:46,266 INFO sportsdataverse.mbb.mbb_ncaa_fetch: bm-verify not passed (412-byte response) -- re-solving, attempt 3/3
2026-09-26 05:53:46,267 DEBUG sportsdataverse.mbb.mbb_ncaa_fetch: transport error on http://<redacted>:<redacted>@us.decodo.com:10032: RuntimeError: bm-verify not passed after 3 attempts (412-byte response): https://stats.ncaa.org/contests/294292/play_by_play
2026-09-26 05:53:46,267 DEBUG sportsdataverse.mbb.mbb_ncaa_fetch: rotating proxy: transport error
2026-09-26 05:53:47,268 INFO sportsdataverse.mbb.mbb_ncaa_fetch: browser proxy rotated -> http://<redacted>:<redacted>@us.decodo.com:10033 (relaunching context)
2026-09-26 05:54:05,365 INFO sportsdataverse.mbb.mbb_ncaa_fetch: stats.ncaa.org terms gate -- accepting (one 10000 ms dwell)
2026-09-26 05:54:22,581 WARNING sportsdataverse.mbb.mbb_ncaa_fetch: stats.ncaa.org terms gate not accepted: https://stats.ncaa.org/contests/294292/play_by_play -- backing off 300 s (1/3)
2026-09-26 05:59:34,511 INFO sportsdataverse.mbb.mbb_ncaa_fetch: stats.ncaa.org terms gate -- accepting (one 10000 ms dwell)
2026-09-26 05:59:52,696 INFO sportsdataverse.mbb.mbb_ncaa_fetch: stats.ncaa.org terms gate -- accepting (one 10000 ms dwell)
2026-09-26 06:00:12,112 INFO sportsdataverse.mbb.mbb_ncaa_fetch: stats.ncaa.org terms gate -- accepting (one 10000 ms dwell)
2026-09-26 06:00:32,301 INFO sportsdataverse.mbb.mbb_ncaa_fetch: stats.ncaa.org terms gate -- accepting (one 10000 ms dwell)
2026-09-26 06:00:51,999 INFO sportsdataverse.mbb.mbb_ncaa_fetch: stats.ncaa.org terms gate -- accepting (one 10000 ms dwell)
2026-09-26 06:01:07,832 INFO sportsdataverse.mbb.mbb_ncaa_fetch: bm-verify not passed (413-byte response) -- re-solving, attempt 1/3
2026-09-26 06:01:16,145 INFO sportsdataverse.mbb.mbb_ncaa_fetch: bm-verify not passed (413-byte response) -- re-solving, attempt 2/3
2026-09-26 06:01:24,449 INFO sportsdataverse.mbb.mbb_ncaa_fetch: bm-verify not passed (413-byte response) -- re-solving, attempt 3/3
2026-09-26 06:01:24,449 DEBUG sportsdataverse.mbb.mbb_ncaa_fetch: transport error on http://<redacted>:<redacted>@us.decodo.com:10033: RuntimeError: bm-verify not passed after 3 attempts (413-byte response): https://stats.ncaa.org/contests/294302/situational_stats
2026-09-26 06:01:24,449 DEBUG sportsdataverse.mbb.mbb_ncaa_fetch: rotating proxy: transport error
2026-09-26 06:01:25,450 INFO sportsdataverse.mbb.mbb_ncaa_fetch: browser proxy rotated -> http://<redacted>:<redacted>@us.decodo.com:10034 (relaunching context)
2026-09-26 06:01:44,174 INFO sportsdataverse.mbb.mbb_ncaa_fetch: stats.ncaa.org terms gate -- accepting (one 10000 ms dwell)
2026-09-26 06:02:01,641 WARNING sportsdataverse.mbb.mbb_ncaa_fetch: stats.ncaa.org terms gate not accepted: https://stats.ncaa.org/contests/294302/situational_stats -- backing off 300 s (1/3)
2026-09-26 06:07:13,828 INFO sportsdataverse.mbb.mbb_ncaa_fetch: stats.ncaa.org terms gate -- accepting (one 10000 ms dwell)
2026-09-26 06:07:34,089 INFO sportsdataverse.mbb.mbb_ncaa_fetch: stats.ncaa.org terms gate -- accepting (one 10000 ms dwell)
2026-09-26 06:07:53,437 INFO sportsdataverse.mbb.mbb_ncaa_fetch: stats.ncaa.org terms gate -- accepting (one 10000 ms dwell)
2026-09-26 06:08:11,602 INFO sportsdataverse.mbb.mbb_ncaa_fetch: bm-verify not passed (412-byte response) -- re-solving, attempt 1/3
2026-09-26 06:08:20,073 INFO sportsdataverse.mbb.mbb_ncaa_fetch: bm-verify not passed (412-byte response) -- re-solving, attempt 2/3
2026-09-26 06:08:28,562 INFO sportsdataverse.mbb.mbb_ncaa_fetch: bm-verify not passed (412-byte response) -- re-solving, attempt 3/3
2026-09-26 06:08:28,562 DEBUG sportsdataverse.mbb.mbb_ncaa_fetch: transport error on http://<redacted>:<redacted>@us.decodo.com:10034: RuntimeError: bm-verify not passed after 3 attempts (412-byte response): https://stats.ncaa.org/contests/294306/individual_stats
2026-09-26 06:08:28,562 DEBUG sportsdataverse.mbb.mbb_ncaa_fetch: rotating proxy: transport error
2026-09-26 06:08:29,563 INFO sportsdataverse.mbb.mbb_ncaa_fetch: browser proxy rotated -> http://<redacted>:<redacted>@us.decodo.com:10035 (relaunching context)
2026-09-26 06:08:47,562 INFO sportsdataverse.mbb.mbb_ncaa_fetch: stats.ncaa.org terms gate -- accepting (one 10000 ms dwell)
2026-09-26 06:09:08,305 INFO sportsdataverse.mbb.mbb_ncaa_fetch: stats.ncaa.org terms gate -- accepting (one 10000 ms dwell)
2026-09-26 06:09:28,176 INFO sportsdataverse.mbb.mbb_ncaa_fetch: stats.ncaa.org terms gate -- accepting (one 10000 ms dwell)
2026-09-26 06:09:49,770 INFO sportsdataverse.mbb.mbb_ncaa_fetch: stats.ncaa.org terms gate -- accepting (one 10000 ms dwell)
2026-09-26 06:10:09,505 INFO sportsdataverse.mbb.mbb_ncaa_fetch: stats.ncaa.org terms gate -- accepting (one 10000 ms dwell)
2026-09-26 06:10:27,580 INFO sportsdataverse.mbb.mbb_ncaa_fetch: bm-verify not passed (412-byte response) -- re-solving, attempt 1/3
2026-09-26 06:10:36,049 INFO sportsdataverse.mbb.mbb_ncaa_fetch: bm-verify not passed (412-byte response) -- re-solving, attempt 2/3
2026-09-26 06:10:44,535 INFO sportsdataverse.mbb.mbb_ncaa_fetch: bm-verify not passed (412-byte response) -- re-solving, attempt 3/3
2026-09-26 06:10:44,535 DEBUG sportsdataverse.mbb.mbb_ncaa_fetch: transport error on http://<redacted>:<redacted>@us.decodo.com:10035: RuntimeError: bm-verify not passed after 3 attempts (412-byte response): https://stats.ncaa.org/contests/294314/individual_stats
2026-09-26 06:10:44,535 DEBUG sportsdataverse.mbb.mbb_ncaa_fetch: rotating proxy: transport error
2026-09-26 06:10:45,535 INFO sportsdataverse.mbb.mbb_ncaa_fetch: browser proxy rotated -> http://<redacted>:<redacted>@us.decodo.com:10036 (relaunching context)
2026-09-26 06:11:02,537 INFO sportsdataverse.mbb.mbb_ncaa_fetch: stats.ncaa.org terms gate -- accepting (one 10000 ms dwell)
2026-09-26 06:11:24,163 INFO sportsdataverse.mbb.mbb_ncaa_fetch: stats.ncaa.org terms gate -- accepting (one 10000 ms dwell)
2026-09-26 06:11:43,814 INFO sportsdataverse.mbb.mbb_ncaa_fetch: stats.ncaa.org terms gate -- accepting (one 10000 ms dwell)
2026-09-26 06:12:04,151 INFO sportsdataverse.mbb.mbb_ncaa_fetch: stats.ncaa.org terms gate -- accepting (one 10000 ms dwell)
2026-09-26 06:12:24,441 INFO sportsdataverse.mbb.mbb_ncaa_fetch: stats.ncaa.org terms gate -- accepting (one 10000 ms dwell)
2026-09-26 06:12:43,030 INFO sportsdataverse.mbb.mbb_ncaa_fetch: bm-verify not passed (412-byte response) -- re-solving, attempt 1/3
2026-09-26 06:12:51,567 INFO sportsdataverse.mbb.mbb_ncaa_fetch: bm-verify not passed (412-byte response) -- re-solving, attempt 2/3
2026-09-26 06:13:00,105 INFO sportsdataverse.mbb.mbb_ncaa_fetch: bm-verify not passed (412-byte response) -- re-solving, attempt 3/3
2026-09-26 06:13:00,107 DEBUG sportsdataverse.mbb.mbb_ncaa_fetch: transport error on http://<redacted>:<redacted>@us.decodo.com:10036: RuntimeError: bm-verify not passed after 3 attempts (412-byte response): https://stats.ncaa.org/contests/294322/individual_stats
2026-09-26 06:13:00,107 DEBUG sportsdataverse.mbb.mbb_ncaa_fetch: rotating proxy: transport error
2026-09-26 06:13:01,107 INFO sportsdataverse.mbb.mbb_ncaa_fetch: browser proxy rotated -> http://<redacted>:<redacted>@us.decodo.com:10037 (relaunching context)
2026-09-26 06:13:18,621 INFO sportsdataverse.mbb.mbb_ncaa_fetch: stats.ncaa.org terms gate -- accepting (one 10000 ms dwell)
2026-09-26 06:13:35,867 WARNING sportsdataverse.mbb.mbb_ncaa_fetch: stats.ncaa.org terms gate not accepted: https://stats.ncaa.org/contests/294322/individual_stats -- backing off 300 s (1/3)
2026-09-26 06:18:48,461 INFO sportsdataverse.mbb.mbb_ncaa_fetch: stats.ncaa.org terms gate -- accepting (one 10000 ms dwell)
2026-09-26 06:19:05,253 WARNING sportsdataverse.mbb.mbb_ncaa_fetch: stats.ncaa.org terms gate not accepted: https://stats.ncaa.org/contests/294322/individual_stats -- backing off 300 s (2/3)
2026-09-26 06:25:07,554 INFO sportsdataverse.mbb.mbb_ncaa_fetch: stats.ncaa.org terms gate -- accepting (one 10000 ms dwell)
2026-09-26 06:26:10,054 DEBUG sportsdataverse.mbb.mbb_ncaa_fetch: transport error on http://<redacted>:<redacted>@us.decodo.com:10037: _TermsAcceptError: stats.ncaa.org terms acceptance failed: https://stats.ncaa.org/contests/294322/individual_stats: net::ERR_TUNNEL_CONNECTION_FAILED
2026-09-26 06:26:10,054 DEBUG sportsdataverse.mbb.mbb_ncaa_fetch: rotating proxy: transport error
2026-09-26 06:26:11,055 INFO sportsdataverse.mbb.mbb_ncaa_fetch: browser proxy rotated -> http://<redacted>:<redacted>@us.decodo.com:10038 (relaunching context)
2026-09-26 06:26:33,261 INFO sportsdataverse.mbb.mbb_ncaa_fetch: stats.ncaa.org terms gate -- accepting (one 10000 ms dwell)
2026-09-26 06:26:55,466 INFO sportsdataverse.mbb.mbb_ncaa_fetch: stats.ncaa.org terms gate -- accepting (one 10000 ms dwell)
2026-09-26 06:27:16,033 INFO sportsdataverse.mbb.mbb_ncaa_fetch: stats.ncaa.org terms gate -- accepting (one 10000 ms dwell)
2026-09-26 06:27:36,243 INFO sportsdataverse.mbb.mbb_ncaa_fetch: stats.ncaa.org terms gate -- accepting (one 10000 ms dwell)
2026-09-26 06:28:01,094 INFO sportsdataverse.mbb.mbb_ncaa_fetch: stats.ncaa.org terms gate -- accepting (one 10000 ms dwell)
2026-09-26 06:28:21,344 INFO sportsdataverse.mbb.mbb_ncaa_fetch: bm-verify not passed (412-byte response) -- re-solving, attempt 1/3
2026-09-26 06:28:30,249 INFO sportsdataverse.mbb.mbb_ncaa_fetch: bm-verify not passed (412-byte response) -- re-solving, attempt 2/3
2026-09-26 06:28:39,175 INFO sportsdataverse.mbb.mbb_ncaa_fetch: bm-verify not passed (412-byte response) -- re-solving, attempt 3/3
2026-09-26 06:28:39,176 DEBUG sportsdataverse.mbb.mbb_ncaa_fetch: transport error on http://<redacted>:<redacted>@us.decodo.com:10038: RuntimeError: bm-verify not passed after 3 attempts (412-byte response): https://stats.ncaa.org/contests/294329/individual_stats
2026-09-26 06:28:39,176 DEBUG sportsdataverse.mbb.mbb_ncaa_fetch: rotating proxy: transport error
2026-09-26 06:28:40,176 INFO sportsdataverse.mbb.mbb_ncaa_fetch: browser proxy rotated -> http://<redacted>:<redacted>@us.decodo.com:10039 (relaunching context)
2026-09-26 06:28:57,112 INFO sportsdataverse.mbb.mbb_ncaa_fetch: stats.ncaa.org terms gate -- accepting (one 10000 ms dwell)
2026-09-26 06:29:16,224 INFO sportsdataverse.mbb.mbb_ncaa_fetch: stats.ncaa.org terms gate -- accepting (one 10000 ms dwell)
2026-09-26 06:29:34,558 INFO sportsdataverse.mbb.mbb_ncaa_fetch: stats.ncaa.org terms gate -- accepting (one 10000 ms dwell)
2026-09-26 06:29:53,480 INFO sportsdataverse.mbb.mbb_ncaa_fetch: stats.ncaa.org terms gate -- accepting (one 10000 ms dwell)
2026-09-26 06:30:12,341 INFO sportsdataverse.mbb.mbb_ncaa_fetch: stats.ncaa.org terms gate -- accepting (one 10000 ms dwell)
2026-09-26 06:30:30,477 INFO sportsdataverse.mbb.mbb_ncaa_fetch: bm-verify not passed (412-byte response) -- re-solving, attempt 1/3
2026-09-26 06:30:38,897 INFO sportsdataverse.mbb.mbb_ncaa_fetch: bm-verify not passed (412-byte response) -- re-solving, attempt 2/3
2026-09-26 06:30:47,285 INFO sportsdataverse.mbb.mbb_ncaa_fetch: bm-verify not passed (412-byte response) -- re-solving, attempt 3/3
2026-09-26 06:30:47,285 DEBUG sportsdataverse.mbb.mbb_ncaa_fetch: transport error on http://<redacted>:<redacted>@us.decodo.com:10039: RuntimeError: bm-verify not passed after 3 attempts (412-byte response): https://stats.ncaa.org/contests/294339/individual_stats
2026-09-26 06:30:47,285 DEBUG sportsdataverse.mbb.mbb_ncaa_fetch: rotating proxy: transport error
2026-09-26 06:30:48,285 INFO sportsdataverse.mbb.mbb_ncaa_fetch: browser proxy rotated -> http://<redacted>:<redacted>@us.decodo.com:10040 (relaunching context)
2026-09-26 06:31:04,465 INFO sportsdataverse.mbb.mbb_ncaa_fetch: stats.ncaa.org terms gate -- accepting (one 10000 ms dwell)
2026-09-26 06:31:23,911 INFO sportsdataverse.mbb.mbb_ncaa_fetch: stats.ncaa.org terms gate -- accepting (one 10000 ms dwell)
2026-09-26 06:31:42,934 INFO sportsdataverse.mbb.mbb_ncaa_fetch: stats.ncaa.org terms gate -- accepting (one 10000 ms dwell)
2026-09-26 06:32:01,830 INFO sportsdataverse.mbb.mbb_ncaa_fetch: stats.ncaa.org terms gate -- accepting (one 10000 ms dwell)
2026-09-26 06:32:20,628 INFO sportsdataverse.mbb.mbb_ncaa_fetch: stats.ncaa.org terms gate -- accepting (one 10000 ms dwell)
2026-09-26 06:32:38,218 INFO sportsdataverse.mbb.mbb_ncaa_fetch: bm-verify not passed (412-byte response) -- re-solving, attempt 1/3
2026-09-26 06:32:46,576 INFO sportsdataverse.mbb.mbb_ncaa_fetch: bm-verify not passed (412-byte response) -- re-solving, attempt 2/3
2026-09-26 06:32:54,889 INFO sportsdataverse.mbb.mbb_ncaa_fetch: bm-verify not passed (412-byte response) -- re-solving, attempt 3/3
2026-09-26 06:32:54,890 DEBUG sportsdataverse.mbb.mbb_ncaa_fetch: transport error on http://<redacted>:<redacted>@us.decodo.com:10040: RuntimeError: bm-verify not passed after 3 attempts (412-byte response): https://stats.ncaa.org/contests/294349/individual_stats
2026-09-26 06:32:54,890 DEBUG sportsdataverse.mbb.mbb_ncaa_fetch: rotating proxy: transport error
2026-09-26 06:32:55,893 INFO sportsdataverse.mbb.mbb_ncaa_fetch: browser proxy rotated -> http://<redacted>:<redacted>@us.decodo.com:10041 (relaunching context)
2026-09-26 06:33:11,646 INFO sportsdataverse.mbb.mbb_ncaa_fetch: stats.ncaa.org terms gate -- accepting (one 10000 ms dwell)
2026-09-26 06:33:30,974 INFO sportsdataverse.mbb.mbb_ncaa_fetch: stats.ncaa.org terms gate -- accepting (one 10000 ms dwell)
2026-09-26 06:33:49,891 INFO sportsdataverse.mbb.mbb_ncaa_fetch: stats.ncaa.org terms gate -- accepting (one 10000 ms dwell)
2026-09-26 06:34:08,803 INFO sportsdataverse.mbb.mbb_ncaa_fetch: stats.ncaa.org terms gate -- accepting (one 10000 ms dwell)
2026-09-26 06:34:26,938 INFO sportsdataverse.mbb.mbb_ncaa_fetch: stats.ncaa.org terms gate -- accepting (one 10000 ms dwell)
2026-09-26 06:34:43,854 INFO sportsdataverse.mbb.mbb_ncaa_fetch: bm-verify not passed (412-byte response) -- re-solving, attempt 1/3
2026-09-26 06:34:52,137 INFO sportsdataverse.mbb.mbb_ncaa_fetch: bm-verify not passed (412-byte response) -- re-solving, attempt 2/3
2026-09-26 06:35:00,467 INFO sportsdataverse.mbb.mbb_ncaa_fetch: bm-verify not passed (412-byte response) -- re-solving, attempt 3/3
2026-09-26 06:35:00,468 DEBUG sportsdataverse.mbb.mbb_ncaa_fetch: transport error on http://<redacted>:<redacted>@us.decodo.com:10041: RuntimeError: bm-verify not passed after 3 attempts (412-byte response): https://stats.ncaa.org/contests/294358/individual_stats
2026-09-26 06:35:00,468 DEBUG sportsdataverse.mbb.mbb_ncaa_fetch: rotating proxy: transport error
2026-09-26 06:35:01,468 INFO sportsdataverse.mbb.mbb_ncaa_fetch: browser proxy rotated -> http://<redacted>:<redacted>@us.decodo.com:10042 (relaunching context)
2026-09-26 06:35:17,639 INFO sportsdataverse.mbb.mbb_ncaa_fetch: stats.ncaa.org terms gate -- accepting (one 10000 ms dwell)
2026-09-26 06:35:37,594 INFO sportsdataverse.mbb.mbb_ncaa_fetch: stats.ncaa.org terms gate -- accepting (one 10000 ms dwell)
2026-09-26 06:35:56,292 INFO sportsdataverse.mbb.mbb_ncaa_fetch: stats.ncaa.org terms gate -- accepting (one 10000 ms dwell)
2026-09-26 06:36:15,656 INFO sportsdataverse.mbb.mbb_ncaa_fetch: stats.ncaa.org terms gate -- accepting (one 10000 ms dwell)
2026-09-26 06:36:35,061 INFO sportsdataverse.mbb.mbb_ncaa_fetch: stats.ncaa.org terms gate -- accepting (one 10000 ms dwell)
2026-09-26 06:36:52,336 INFO sportsdataverse.mbb.mbb_ncaa_fetch: bm-verify not passed (412-byte response) -- re-solving, attempt 1/3
2026-09-26 06:37:00,687 INFO sportsdataverse.mbb.mbb_ncaa_fetch: bm-verify not passed (412-byte response) -- re-solving, attempt 2/3
2026-09-26 06:37:09,067 INFO sportsdataverse.mbb.mbb_ncaa_fetch: bm-verify not passed (412-byte response) -- re-solving, attempt 3/3
2026-09-26 06:37:09,068 DEBUG sportsdataverse.mbb.mbb_ncaa_fetch: transport error on http://<redacted>:<redacted>@us.decodo.com:10042: RuntimeError: bm-verify not passed after 3 attempts (412-byte response): https://stats.ncaa.org/contests/294366/individual_stats
2026-09-26 06:37:09,068 DEBUG sportsdataverse.mbb.mbb_ncaa_fetch: rotating proxy: transport error
2026-09-26 06:37:10,068 INFO sportsdataverse.mbb.mbb_ncaa_fetch: browser proxy rotated -> http://<redacted>:<redacted>@us.decodo.com:10043 (relaunching context)
2026-09-26 06:37:25,696 INFO sportsdataverse.mbb.mbb_ncaa_fetch: stats.ncaa.org terms gate -- accepting (one 10000 ms dwell)
2026-09-26 06:37:44,751 INFO sportsdataverse.mbb.mbb_ncaa_fetch: stats.ncaa.org terms gate -- accepting (one 10000 ms dwell)
2026-09-26 06:38:03,800 INFO sportsdataverse.mbb.mbb_ncaa_fetch: stats.ncaa.org terms gate -- accepting (one 10000 ms dwell)
2026-09-26 06:38:21,993 INFO sportsdataverse.mbb.mbb_ncaa_fetch: stats.ncaa.org terms gate -- accepting (one 10000 ms dwell)
2026-09-26 06:38:40,533 INFO sportsdataverse.mbb.mbb_ncaa_fetch: stats.ncaa.org terms gate -- accepting (one 10000 ms dwell)
2026-09-26 06:38:58,604 INFO sportsdataverse.mbb.mbb_ncaa_fetch: bm-verify not passed (412-byte response) -- re-solving, attempt 1/3
2026-09-26 06:39:06,901 INFO sportsdataverse.mbb.mbb_ncaa_fetch: bm-verify not passed (412-byte response) -- re-solving, attempt 2/3
2026-09-26 06:39:15,189 INFO sportsdataverse.mbb.mbb_ncaa_fetch: bm-verify not passed (412-byte response) -- re-solving, attempt 3/3
2026-09-26 06:39:15,189 DEBUG sportsdataverse.mbb.mbb_ncaa_fetch: transport error on http://<redacted>:<redacted>@us.decodo.com:10043: RuntimeError: bm-verify not passed after 3 attempts (412-byte response): https://stats.ncaa.org/contests/294378/individual_stats
2026-09-26 06:39:15,189 DEBUG sportsdataverse.mbb.mbb_ncaa_fetch: rotating proxy: transport error
2026-09-26 06:39:16,189 INFO sportsdataverse.mbb.mbb_ncaa_fetch: browser proxy rotated -> http://<redacted>:<redacted>@us.decodo.com:10044 (relaunching context)
2026-09-26 06:39:35,770 INFO sportsdataverse.mbb.mbb_ncaa_fetch: stats.ncaa.org terms gate -- accepting (one 10000 ms dwell)
2026-09-26 06:39:53,261 WARNING sportsdataverse.mbb.mbb_ncaa_fetch: stats.ncaa.org terms gate not accepted: https://stats.ncaa.org/contests/294378/individual_stats -- backing off 300 s (1/3)
2026-09-26 06:45:08,195 INFO sportsdataverse.mbb.mbb_ncaa_fetch: stats.ncaa.org terms gate -- accepting (one 10000 ms dwell)
2026-09-26 06:45:28,124 INFO sportsdataverse.mbb.mbb_ncaa_fetch: stats.ncaa.org terms gate -- accepting (one 10000 ms dwell)
2026-09-26 06:47:01,384 DEBUG sportsdataverse.mbb.mbb_ncaa_fetch: in-page fetch dropped, retrying once on the same browser: https://stats.ncaa.org/contests/294385/team_stats
2026-09-26 06:47:43,653 DEBUG sportsdataverse.mbb.mbb_ncaa_fetch: transport error on http://<redacted>:<redacted>@us.decodo.com:10044: Error: Page.evaluate: TypeError: Failed to fetch
    at eval (eval at evaluate (:303:30), <anonymous>:1:32)
    at UtilityScript.evaluate (<anonymous>:310:18)
    at UtilityScript.<anonymous> (<anonymous>:1:44)
2026-09-26 06:47:43,653 DEBUG sportsdataverse.mbb.mbb_ncaa_fetch: rotating proxy: transport error
2026-09-26 06:47:44,654 INFO sportsdataverse.mbb.mbb_ncaa_fetch: browser proxy rotated -> http://<redacted>:<redacted>@us.decodo.com:10045 (relaunching context)
2026-09-26 06:48:00,980 INFO sportsdataverse.mbb.mbb_ncaa_fetch: stats.ncaa.org terms gate -- accepting (one 10000 ms dwell)
2026-09-26 06:48:16,739 WARNING sportsdataverse.mbb.mbb_ncaa_fetch: stats.ncaa.org terms gate not accepted: https://stats.ncaa.org/contests/294385/team_stats -- backing off 300 s (1/3)
2026-09-26 06:53:28,965 INFO sportsdataverse.mbb.mbb_ncaa_fetch: stats.ncaa.org terms gate -- accepting (one 10000 ms dwell)
2026-09-26 06:53:47,176 INFO sportsdataverse.mbb.mbb_ncaa_fetch: stats.ncaa.org terms gate -- accepting (one 10000 ms dwell)
2026-09-26 06:54:05,602 INFO sportsdataverse.mbb.mbb_ncaa_fetch: stats.ncaa.org terms gate -- accepting (one 10000 ms dwell)
2026-09-26 06:54:24,784 INFO sportsdataverse.mbb.mbb_ncaa_fetch: stats.ncaa.org terms gate -- accepting (one 10000 ms dwell)
2026-09-26 06:54:42,284 INFO sportsdataverse.mbb.mbb_ncaa_fetch: stats.ncaa.org terms gate -- accepting (one 10000 ms dwell)
2026-09-26 06:54:57,686 INFO sportsdataverse.mbb.mbb_ncaa_fetch: bm-verify not passed (405-byte response) -- re-solving, attempt 1/3
2026-09-26 06:55:05,997 INFO sportsdataverse.mbb.mbb_ncaa_fetch: bm-verify not passed (405-byte response) -- re-solving, attempt 2/3
2026-09-26 06:55:14,337 INFO sportsdataverse.mbb.mbb_ncaa_fetch: bm-verify not passed (405-byte response) -- re-solving, attempt 3/3
2026-09-26 06:55:14,338 DEBUG sportsdataverse.mbb.mbb_ncaa_fetch: transport error on http://<redacted>:<redacted>@us.decodo.com:10045: RuntimeError: bm-verify not passed after 3 attempts (405-byte response): https://stats.ncaa.org/contests/294394/box_score
2026-09-26 06:55:14,338 DEBUG sportsdataverse.mbb.mbb_ncaa_fetch: rotating proxy: transport error
2026-09-26 06:55:15,338 INFO sportsdataverse.mbb.mbb_ncaa_fetch: browser proxy rotated -> http://<redacted>:<redacted>@us.decodo.com:10046 (relaunching context)
2026-09-26 06:55:31,938 INFO sportsdataverse.mbb.mbb_ncaa_fetch: stats.ncaa.org terms gate -- accepting (one 10000 ms dwell)
2026-09-26 06:55:49,602 INFO sportsdataverse.mbb.mbb_ncaa_fetch: stats.ncaa.org terms gate -- accepting (one 10000 ms dwell)
2026-09-26 06:56:06,963 INFO sportsdataverse.mbb.mbb_ncaa_fetch: stats.ncaa.org terms gate -- accepting (one 10000 ms dwell)
2026-09-26 06:56:23,532 INFO sportsdataverse.mbb.mbb_ncaa_fetch: stats.ncaa.org terms gate -- accepting (one 10000 ms dwell)
2026-09-26 06:56:41,687 INFO sportsdataverse.mbb.mbb_ncaa_fetch: stats.ncaa.org terms gate -- accepting (one 10000 ms dwell)
2026-09-26 06:56:57,833 INFO sportsdataverse.mbb.mbb_ncaa_fetch: bm-verify not passed (405-byte response) -- re-solving, attempt 1/3
2026-09-26 06:57:06,149 INFO sportsdataverse.mbb.mbb_ncaa_fetch: bm-verify not passed (405-byte response) -- re-solving, attempt 2/3
2026-09-26 06:57:14,484 INFO sportsdataverse.mbb.mbb_ncaa_fetch: bm-verify not passed (405-byte response) -- re-solving, attempt 3/3
2026-09-26 06:57:14,484 DEBUG sportsdataverse.mbb.mbb_ncaa_fetch: transport error on http://<redacted>:<redacted>@us.decodo.com:10046: RuntimeError: bm-verify not passed after 3 attempts (405-byte response): https://stats.ncaa.org/contests/294412/box_score
2026-09-26 06:57:14,484 DEBUG sportsdataverse.mbb.mbb_ncaa_fetch: rotating proxy: transport error
2026-09-26 06:57:15,485 INFO sportsdataverse.mbb.mbb_ncaa_fetch: browser proxy rotated -> http://<redacted>:<redacted>@us.decodo.com:10047 (relaunching context)
2026-09-26 06:57:30,585 INFO sportsdataverse.mbb.mbb_ncaa_fetch: stats.ncaa.org terms gate -- accepting (one 10000 ms dwell)
2026-09-26 06:57:49,442 INFO sportsdataverse.mbb.mbb_ncaa_fetch: stats.ncaa.org terms gate -- accepting (one 10000 ms dwell)
2026-09-26 06:58:08,356 INFO sportsdataverse.mbb.mbb_ncaa_fetch: stats.ncaa.org terms gate -- accepting (one 10000 ms dwell)
2026-09-26 06:58:26,905 INFO sportsdataverse.mbb.mbb_ncaa_fetch: stats.ncaa.org terms gate -- accepting (one 10000 ms dwell)
2026-09-26 06:58:45,628 INFO sportsdataverse.mbb.mbb_ncaa_fetch: stats.ncaa.org terms gate -- accepting (one 10000 ms dwell)
2026-09-26 06:59:02,989 INFO sportsdataverse.mbb.mbb_ncaa_fetch: bm-verify not passed (405-byte response) -- re-solving, attempt 1/3
2026-09-26 06:59:11,262 INFO sportsdataverse.mbb.mbb_ncaa_fetch: bm-verify not passed (405-byte response) -- re-solving, attempt 2/3
2026-09-26 06:59:19,544 INFO sportsdataverse.mbb.mbb_ncaa_fetch: bm-verify not passed (405-byte response) -- re-solving, attempt 3/3
2026-09-26 06:59:19,544 DEBUG sportsdataverse.mbb.mbb_ncaa_fetch: transport error on http://<redacted>:<redacted>@us.decodo.com:10047: RuntimeError: bm-verify not passed after 3 attempts (405-byte response): https://stats.ncaa.org/contests/294419/box_score
2026-09-26 06:59:19,545 DEBUG sportsdataverse.mbb.mbb_ncaa_fetch: rotating proxy: transport error
2026-09-26 06:59:20,545 INFO sportsdataverse.mbb.mbb_ncaa_fetch: browser proxy rotated -> http://<redacted>:<redacted>@us.decodo.com:10048 (relaunching context)
2026-09-26 06:59:36,292 INFO sportsdataverse.mbb.mbb_ncaa_fetch: stats.ncaa.org terms gate -- accepting (one 10000 ms dwell)
2026-09-26 06:59:54,986 INFO sportsdataverse.mbb.mbb_ncaa_fetch: stats.ncaa.org terms gate -- accepting (one 10000 ms dwell)
2026-09-26 07:00:14,000 INFO sportsdataverse.mbb.mbb_ncaa_fetch: stats.ncaa.org terms gate -- accepting (one 10000 ms dwell)
2026-09-26 07:00:32,731 INFO sportsdataverse.mbb.mbb_ncaa_fetch: stats.ncaa.org terms gate -- accepting (one 10000 ms dwell)
2026-09-26 07:00:52,097 INFO sportsdataverse.mbb.mbb_ncaa_fetch: stats.ncaa.org terms gate -- accepting (one 10000 ms dwell)
2026-09-26 07:01:10,399 INFO sportsdataverse.mbb.mbb_ncaa_fetch: bm-verify not passed (405-byte response) -- re-solving, attempt 1/3
2026-09-26 07:01:18,678 INFO sportsdataverse.mbb.mbb_ncaa_fetch: bm-verify not passed (405-byte response) -- re-solving, attempt 2/3
2026-09-26 07:01:26,987 INFO sportsdataverse.mbb.mbb_ncaa_fetch: bm-verify not passed (405-byte response) -- re-solving, attempt 3/3
2026-09-26 07:01:26,987 DEBUG sportsdataverse.mbb.mbb_ncaa_fetch: transport error on http://<redacted>:<redacted>@us.decodo.com:10048: RuntimeError: bm-verify not passed after 3 attempts (405-byte response): https://stats.ncaa.org/contests/294426/box_score
2026-09-26 07:01:26,987 DEBUG sportsdataverse.mbb.mbb_ncaa_fetch: rotating proxy: transport error
2026-09-26 07:01:27,988 INFO sportsdataverse.mbb.mbb_ncaa_fetch: browser proxy rotated -> http://<redacted>:<redacted>@us.decodo.com:10049 (relaunching context)
2026-09-26 07:01:44,895 INFO sportsdataverse.mbb.mbb_ncaa_fetch: stats.ncaa.org terms gate -- accepting (one 10000 ms dwell)
2026-09-26 07:02:04,549 INFO sportsdataverse.mbb.mbb_ncaa_fetch: stats.ncaa.org terms gate -- accepting (one 10000 ms dwell)
2026-09-26 07:02:23,854 INFO sportsdataverse.mbb.mbb_ncaa_fetch: stats.ncaa.org terms gate -- accepting (one 10000 ms dwell)
2026-09-26 07:02:42,432 INFO sportsdataverse.mbb.mbb_ncaa_fetch: stats.ncaa.org terms gate -- accepting (one 10000 ms dwell)
2026-09-26 07:03:01,134 INFO sportsdataverse.mbb.mbb_ncaa_fetch: stats.ncaa.org terms gate -- accepting (one 10000 ms dwell)
2026-09-26 07:03:17,275 WARNING sportsdataverse.mbb.mbb_ncaa_fetch: stats.ncaa.org terms gate not accepted: https://stats.ncaa.org/contests/294433/individual_stats -- backing off 300 s (1/3)
2026-09-26 07:08:29,202 INFO sportsdataverse.mbb.mbb_ncaa_fetch: stats.ncaa.org terms gate -- accepting (one 10000 ms dwell)
2026-09-26 07:08:45,439 INFO sportsdataverse.mbb.mbb_ncaa_fetch: bm-verify not passed (412-byte response) -- re-solving, attempt 1/3
2026-09-26 07:08:53,939 INFO sportsdataverse.mbb.mbb_ncaa_fetch: bm-verify not passed (412-byte response) -- re-solving, attempt 2/3
2026-09-26 07:09:02,349 INFO sportsdataverse.mbb.mbb_ncaa_fetch: bm-verify not passed (412-byte response) -- re-solving, attempt 3/3
2026-09-26 07:09:02,349 DEBUG sportsdataverse.mbb.mbb_ncaa_fetch: transport error on http://<redacted>:<redacted>@us.decodo.com:10049: RuntimeError: bm-verify not passed after 3 attempts (412-byte response): https://stats.ncaa.org/contests/294439/play_by_play
2026-09-26 07:09:02,350 DEBUG sportsdataverse.mbb.mbb_ncaa_fetch: rotating proxy: transport error
2026-09-26 07:09:03,351 INFO sportsdataverse.mbb.mbb_ncaa_fetch: browser proxy rotated -> http://<redacted>:<redacted>@us.decodo.com:10050 (relaunching context)
2026-09-26 07:09:37,223 INFO sportsdataverse.mbb.mbb_ncaa_fetch: stats.ncaa.org terms gate -- accepting (one 10000 ms dwell)
2026-09-26 07:10:03,631 WARNING sportsdataverse.mbb.mbb_ncaa_fetch: stats.ncaa.org terms gate not accepted: https://stats.ncaa.org/contests/294439/play_by_play -- backing off 300 s (1/3)
2026-09-26 07:15:17,663 INFO sportsdataverse.mbb.mbb_ncaa_fetch: stats.ncaa.org terms gate -- accepting (one 10000 ms dwell)
2026-09-26 07:15:38,333 WARNING sportsdataverse.mbb.mbb_ncaa_fetch: stats.ncaa.org terms gate not accepted: https://stats.ncaa.org/contests/294439/play_by_play -- backing off 300 s (2/3)
2026-09-26 07:20:51,069 INFO sportsdataverse.mbb.mbb_ncaa_fetch: stats.ncaa.org terms gate -- accepting (one 10000 ms dwell)
2026-09-26 07:21:07,718 WARNING sportsdataverse.mbb.mbb_ncaa_fetch: stats.ncaa.org terms gate not accepted: https://stats.ncaa.org/contests/294439/play_by_play -- backing off 300 s (3/3)
2026-09-26 07:26:19,881 INFO sportsdataverse.mbb.mbb_ncaa_fetch: stats.ncaa.org terms gate -- accepting (one 10000 ms dwell)
2026-09-26 07:26:37,558 INFO sportsdataverse.mbb.mbb_ncaa_fetch: stats.ncaa.org terms gate -- accepting (one 10000 ms dwell)
2026-09-26 07:26:55,905 INFO sportsdataverse.mbb.mbb_ncaa_fetch: stats.ncaa.org terms gate -- accepting (one 10000 ms dwell)
2026-09-26 07:27:13,989 INFO sportsdataverse.mbb.mbb_ncaa_fetch: stats.ncaa.org terms gate -- accepting (one 10000 ms dwell)
2026-09-26 07:27:30,898 INFO sportsdataverse.mbb.mbb_ncaa_fetch: bm-verify not passed (406-byte response) -- re-solving, attempt 1/3
2026-09-26 07:27:39,238 INFO sportsdataverse.mbb.mbb_ncaa_fetch: bm-verify not passed (406-byte response) -- re-solving, attempt 2/3
2026-09-26 07:27:47,603 INFO sportsdataverse.mbb.mbb_ncaa_fetch: bm-verify not passed (406-byte response) -- re-solving, attempt 3/3
2026-09-26 07:27:47,603 DEBUG sportsdataverse.mbb.mbb_ncaa_fetch: transport error on http://<redacted>:<redacted>@us.decodo.com:10050: RuntimeError: bm-verify not passed after 3 attempts (406-byte response): https://stats.ncaa.org/contests/294446/team_stats
2026-09-26 07:27:47,603 DEBUG sportsdataverse.mbb.mbb_ncaa_fetch: rotating proxy: transport error
2026-09-26 07:27:48,603 INFO sportsdataverse.mbb.mbb_ncaa_fetch: browser proxy rotated -> http://<redacted>:<redacted>@us.decodo.com:10001 (relaunching context)
2026-09-26 07:28:07,421 INFO sportsdataverse.mbb.mbb_ncaa_fetch: stats.ncaa.org terms gate -- accepting (one 10000 ms dwell)
2026-09-26 07:28:29,469 INFO sportsdataverse.mbb.mbb_ncaa_fetch: stats.ncaa.org terms gate -- accepting (one 10000 ms dwell)
2026-09-26 07:28:51,476 INFO sportsdataverse.mbb.mbb_ncaa_fetch: stats.ncaa.org terms gate -- accepting (one 10000 ms dwell)
2026-09-26 07:29:13,968 INFO sportsdataverse.mbb.mbb_ncaa_fetch: stats.ncaa.org terms gate -- accepting (one 10000 ms dwell)
2026-09-26 07:29:33,903 INFO sportsdataverse.mbb.mbb_ncaa_fetch: stats.ncaa.org terms gate -- accepting (one 10000 ms dwell)
2026-09-26 07:29:52,855 INFO sportsdataverse.mbb.mbb_ncaa_fetch: bm-verify not passed (406-byte response) -- re-solving, attempt 1/3
2026-09-26 07:30:01,660 INFO sportsdataverse.mbb.mbb_ncaa_fetch: bm-verify not passed (406-byte response) -- re-solving, attempt 2/3
2026-09-26 07:30:10,556 INFO sportsdataverse.mbb.mbb_ncaa_fetch: bm-verify not passed (406-byte response) -- re-solving, attempt 3/3
2026-09-26 07:30:10,557 DEBUG sportsdataverse.mbb.mbb_ncaa_fetch: transport error on http://<redacted>:<redacted>@us.decodo.com:10001: RuntimeError: bm-verify not passed after 3 attempts (406-byte response): https://stats.ncaa.org/contests/294463/team_stats
2026-09-26 07:30:10,558 DEBUG sportsdataverse.mbb.mbb_ncaa_fetch: rotating proxy: transport error
2026-09-26 07:30:11,558 INFO sportsdataverse.mbb.mbb_ncaa_fetch: browser proxy rotated -> http://<redacted>:<redacted>@us.decodo.com:10002 (relaunching context)
2026-09-26 07:30:30,463 INFO sportsdataverse.mbb.mbb_ncaa_fetch: stats.ncaa.org terms gate -- accepting (one 10000 ms dwell)
2026-09-26 07:30:51,838 INFO sportsdataverse.mbb.mbb_ncaa_fetch: stats.ncaa.org terms gate -- accepting (one 10000 ms dwell)
2026-09-26 07:31:12,131 INFO sportsdataverse.mbb.mbb_ncaa_fetch: stats.ncaa.org terms gate -- accepting (one 10000 ms dwell)
2026-09-26 07:31:32,549 INFO sportsdataverse.mbb.mbb_ncaa_fetch: stats.ncaa.org terms gate -- accepting (one 10000 ms dwell)
2026-09-26 07:31:52,267 INFO sportsdataverse.mbb.mbb_ncaa_fetch: stats.ncaa.org terms gate -- accepting (one 10000 ms dwell)
2026-09-26 07:32:10,638 INFO sportsdataverse.mbb.mbb_ncaa_fetch: bm-verify not passed (406-byte response) -- re-solving, attempt 1/3
2026-09-26 07:32:19,262 INFO sportsdataverse.mbb.mbb_ncaa_fetch: bm-verify not passed (406-byte response) -- re-solving, attempt 2/3
2026-09-26 07:32:27,882 INFO sportsdataverse.mbb.mbb_ncaa_fetch: bm-verify not passed (406-byte response) -- re-solving, attempt 3/3
2026-09-26 07:32:27,883 DEBUG sportsdataverse.mbb.mbb_ncaa_fetch: transport error on http://<redacted>:<redacted>@us.decodo.com:10002: RuntimeError: bm-verify not passed after 3 attempts (406-byte response): https://stats.ncaa.org/contests/294494/team_stats
2026-09-26 07:32:27,883 DEBUG sportsdataverse.mbb.mbb_ncaa_fetch: rotating proxy: transport error
2026-09-26 07:32:28,883 INFO sportsdataverse.mbb.mbb_ncaa_fetch: browser proxy rotated -> http://<redacted>:<redacted>@us.decodo.com:10003 (relaunching context)
2026-09-26 07:32:44,820 INFO sportsdataverse.mbb.mbb_ncaa_fetch: stats.ncaa.org terms gate -- accepting (one 10000 ms dwell)
2026-09-26 07:33:03,424 INFO sportsdataverse.mbb.mbb_ncaa_fetch: stats.ncaa.org terms gate -- accepting (one 10000 ms dwell)
2026-09-26 07:33:21,944 INFO sportsdataverse.mbb.mbb_ncaa_fetch: stats.ncaa.org terms gate -- accepting (one 10000 ms dwell)
2026-09-26 07:33:40,262 INFO sportsdataverse.mbb.mbb_ncaa_fetch: stats.ncaa.org terms gate -- accepting (one 10000 ms dwell)
2026-09-26 07:33:58,465 INFO sportsdataverse.mbb.mbb_ncaa_fetch: stats.ncaa.org terms gate -- accepting (one 10000 ms dwell)
2026-09-26 07:34:15,744 INFO sportsdataverse.mbb.mbb_ncaa_fetch: bm-verify not passed (406-byte response) -- re-solving, attempt 1/3
2026-09-26 07:34:24,060 INFO sportsdataverse.mbb.mbb_ncaa_fetch: bm-verify not passed (406-byte response) -- re-solving, attempt 2/3
2026-09-26 07:34:32,389 INFO sportsdataverse.mbb.mbb_ncaa_fetch: bm-verify not passed (406-byte response) -- re-solving, attempt 3/3
2026-09-26 07:34:32,390 DEBUG sportsdataverse.mbb.mbb_ncaa_fetch: transport error on http://<redacted>:<redacted>@us.decodo.com:10003: RuntimeError: bm-verify not passed after 3 attempts (406-byte response): https://stats.ncaa.org/contests/294507/team_stats
2026-09-26 07:34:32,390 DEBUG sportsdataverse.mbb.mbb_ncaa_fetch: rotating proxy: transport error
2026-09-26 07:34:33,390 INFO sportsdataverse.mbb.mbb_ncaa_fetch: browser proxy rotated -> http://<redacted>:<redacted>@us.decodo.com:10004 (relaunching context)
2026-09-26 07:34:50,009 INFO sportsdataverse.mbb.mbb_ncaa_fetch: stats.ncaa.org terms gate -- accepting (one 10000 ms dwell)
2026-09-26 07:35:09,536 INFO sportsdataverse.mbb.mbb_ncaa_fetch: stats.ncaa.org terms gate -- accepting (one 10000 ms dwell)
2026-09-26 07:35:29,709 INFO sportsdataverse.mbb.mbb_ncaa_fetch: stats.ncaa.org terms gate -- accepting (one 10000 ms dwell)
2026-09-26 07:35:48,893 INFO sportsdataverse.mbb.mbb_ncaa_fetch: stats.ncaa.org terms gate -- accepting (one 10000 ms dwell)
2026-09-26 07:36:07,270 INFO sportsdataverse.mbb.mbb_ncaa_fetch: stats.ncaa.org terms gate -- accepting (one 10000 ms dwell)
2026-09-26 07:36:24,608 INFO sportsdataverse.mbb.mbb_ncaa_fetch: bm-verify not passed (406-byte response) -- re-solving, attempt 1/3
2026-09-26 07:36:32,972 INFO sportsdataverse.mbb.mbb_ncaa_fetch: bm-verify not passed (406-byte response) -- re-solving, attempt 2/3
2026-09-26 07:36:41,324 INFO sportsdataverse.mbb.mbb_ncaa_fetch: bm-verify not passed (406-byte response) -- re-solving, attempt 3/3
2026-09-26 07:36:41,324 DEBUG sportsdataverse.mbb.mbb_ncaa_fetch: transport error on http://<redacted>:<redacted>@us.decodo.com:10004: RuntimeError: bm-verify not passed after 3 attempts (406-byte response): https://stats.ncaa.org/contests/294520/team_stats
2026-09-26 07:36:41,325 DEBUG sportsdataverse.mbb.mbb_ncaa_fetch: rotating proxy: transport error
2026-09-26 07:36:42,325 INFO sportsdataverse.mbb.mbb_ncaa_fetch: browser proxy rotated -> http://<redacted>:<redacted>@us.decodo.com:10005 (relaunching context)
2026-09-26 07:36:59,735 INFO sportsdataverse.mbb.mbb_ncaa_fetch: stats.ncaa.org terms gate -- accepting (one 10000 ms dwell)
2026-09-26 07:37:17,346 WARNING sportsdataverse.mbb.mbb_ncaa_fetch: stats.ncaa.org terms gate not accepted: https://stats.ncaa.org/contests/294520/team_stats -- backing off 300 s (1/3)
2026-09-26 07:42:29,244 INFO sportsdataverse.mbb.mbb_ncaa_fetch: stats.ncaa.org terms gate -- accepting (one 10000 ms dwell)
2026-09-26 07:42:48,055 INFO sportsdataverse.mbb.mbb_ncaa_fetch: stats.ncaa.org terms gate -- accepting (one 10000 ms dwell)
2026-09-26 07:43:07,989 INFO sportsdataverse.mbb.mbb_ncaa_fetch: stats.ncaa.org terms gate -- accepting (one 10000 ms dwell)
2026-09-26 07:43:27,778 INFO sportsdataverse.mbb.mbb_ncaa_fetch: stats.ncaa.org terms gate -- accepting (one 10000 ms dwell)
2026-09-26 07:43:48,094 INFO sportsdataverse.mbb.mbb_ncaa_fetch: stats.ncaa.org terms gate -- accepting (one 10000 ms dwell)
2026-09-26 07:44:04,739 INFO sportsdataverse.mbb.mbb_ncaa_fetch: bm-verify not passed (405-byte response) -- re-solving, attempt 1/3
2026-09-26 07:44:13,386 INFO sportsdataverse.mbb.mbb_ncaa_fetch: bm-verify not passed (405-byte response) -- re-solving, attempt 2/3
2026-09-26 07:44:21,873 INFO sportsdataverse.mbb.mbb_ncaa_fetch: bm-verify not passed (405-byte response) -- re-solving, attempt 3/3
2026-09-26 07:44:21,873 DEBUG sportsdataverse.mbb.mbb_ncaa_fetch: transport error on http://<redacted>:<redacted>@us.decodo.com:10005: RuntimeError: bm-verify not passed after 3 attempts (405-byte response): https://stats.ncaa.org/contests/294526/box_score
2026-09-26 07:44:21,873 DEBUG sportsdataverse.mbb.mbb_ncaa_fetch: rotating proxy: transport error
2026-09-26 07:44:22,874 INFO sportsdataverse.mbb.mbb_ncaa_fetch: browser proxy rotated -> http://<redacted>:<redacted>@us.decodo.com:10006 (relaunching context)
2026-09-26 07:44:38,690 INFO sportsdataverse.mbb.mbb_ncaa_fetch: stats.ncaa.org terms gate -- accepting (one 10000 ms dwell)
2026-09-26 07:44:54,861 WARNING sportsdataverse.mbb.mbb_ncaa_fetch: stats.ncaa.org terms gate not accepted: https://stats.ncaa.org/contests/294526/box_score -- backing off 300 s (1/3)
2026-09-26 07:50:06,323 INFO sportsdataverse.mbb.mbb_ncaa_fetch: stats.ncaa.org terms gate -- accepting (one 10000 ms dwell)
2026-09-26 07:50:25,055 INFO sportsdataverse.mbb.mbb_ncaa_fetch: stats.ncaa.org terms gate -- accepting (one 10000 ms dwell)
2026-09-26 07:50:44,437 INFO sportsdataverse.mbb.mbb_ncaa_fetch: stats.ncaa.org terms gate -- accepting (one 10000 ms dwell)
2026-09-26 07:51:03,131 INFO sportsdataverse.mbb.mbb_ncaa_fetch: stats.ncaa.org terms gate -- accepting (one 10000 ms dwell)
2026-09-26 07:51:22,461 INFO sportsdataverse.mbb.mbb_ncaa_fetch: stats.ncaa.org terms gate -- accepting (one 10000 ms dwell)
2026-09-26 07:51:38,209 INFO sportsdataverse.mbb.mbb_ncaa_fetch: bm-verify not passed (412-byte response) -- re-solving, attempt 1/3
2026-09-26 07:51:46,476 INFO sportsdataverse.mbb.mbb_ncaa_fetch: bm-verify not passed (412-byte response) -- re-solving, attempt 2/3
2026-09-26 07:51:54,744 INFO sportsdataverse.mbb.mbb_ncaa_fetch: bm-verify not passed (412-byte response) -- re-solving, attempt 3/3
2026-09-26 07:51:54,745 DEBUG sportsdataverse.mbb.mbb_ncaa_fetch: transport error on http://<redacted>:<redacted>@us.decodo.com:10006: RuntimeError: bm-verify not passed after 3 attempts (412-byte response): https://stats.ncaa.org/contests/294535/play_by_play
2026-09-26 07:51:54,745 DEBUG sportsdataverse.mbb.mbb_ncaa_fetch: rotating proxy: transport error
2026-09-26 07:51:55,745 INFO sportsdataverse.mbb.mbb_ncaa_fetch: browser proxy rotated -> http://<redacted>:<redacted>@us.decodo.com:10007 (relaunching context)
2026-09-26 07:52:12,490 INFO sportsdataverse.mbb.mbb_ncaa_fetch: stats.ncaa.org terms gate -- accepting (one 10000 ms dwell)
2026-09-26 07:52:34,765 INFO sportsdataverse.mbb.mbb_ncaa_fetch: stats.ncaa.org terms gate -- accepting (one 10000 ms dwell)
2026-09-26 07:53:29,678 INFO sportsdataverse.mbb.mbb_ncaa_fetch: stats.ncaa.org terms gate -- accepting (one 10000 ms dwell)
2026-09-26 07:53:56,722 INFO sportsdataverse.mbb.mbb_ncaa_fetch: stats.ncaa.org terms gate -- accepting (one 10000 ms dwell)
2026-09-26 07:54:16,007 INFO sportsdataverse.mbb.mbb_ncaa_fetch: stats.ncaa.org terms gate -- accepting (one 10000 ms dwell)
2026-09-26 07:54:32,876 INFO sportsdataverse.mbb.mbb_ncaa_fetch: bm-verify not passed (412-byte response) -- re-solving, attempt 1/3
2026-09-26 07:54:41,294 INFO sportsdataverse.mbb.mbb_ncaa_fetch: bm-verify not passed (412-byte response) -- re-solving, attempt 2/3
2026-09-26 07:54:49,762 INFO sportsdataverse.mbb.mbb_ncaa_fetch: bm-verify not passed (412-byte response) -- re-solving, attempt 3/3
2026-09-26 07:54:49,763 DEBUG sportsdataverse.mbb.mbb_ncaa_fetch: transport error on http://<redacted>:<redacted>@us.decodo.com:10007: RuntimeError: bm-verify not passed after 3 attempts (412-byte response): https://stats.ncaa.org/contests/294575/play_by_play
2026-09-26 07:54:49,763 DEBUG sportsdataverse.mbb.mbb_ncaa_fetch: rotating proxy: transport error
2026-09-26 07:54:50,763 INFO sportsdataverse.mbb.mbb_ncaa_fetch: browser proxy rotated -> http://<redacted>:<redacted>@us.decodo.com:10008 (relaunching context)
2026-09-26 07:55:05,707 INFO sportsdataverse.mbb.mbb_ncaa_fetch: stats.ncaa.org terms gate -- accepting (one 10000 ms dwell)
2026-09-26 07:55:24,772 INFO sportsdataverse.mbb.mbb_ncaa_fetch: stats.ncaa.org terms gate -- accepting (one 10000 ms dwell)
2026-09-26 07:55:43,610 INFO sportsdataverse.mbb.mbb_ncaa_fetch: stats.ncaa.org terms gate -- accepting (one 10000 ms dwell)
2026-09-26 07:56:01,604 INFO sportsdataverse.mbb.mbb_ncaa_fetch: stats.ncaa.org terms gate -- accepting (one 10000 ms dwell)
2026-09-26 07:56:19,919 INFO sportsdataverse.mbb.mbb_ncaa_fetch: stats.ncaa.org terms gate -- accepting (one 10000 ms dwell)
2026-09-26 07:56:36,913 INFO sportsdataverse.mbb.mbb_ncaa_fetch: bm-verify not passed (412-byte response) -- re-solving, attempt 1/3
2026-09-26 07:56:45,200 INFO sportsdataverse.mbb.mbb_ncaa_fetch: bm-verify not passed (412-byte response) -- re-solving, attempt 2/3
2026-09-26 07:56:53,533 INFO sportsdataverse.mbb.mbb_ncaa_fetch: bm-verify not passed (412-byte response) -- re-solving, attempt 3/3
2026-09-26 07:56:53,534 DEBUG sportsdataverse.mbb.mbb_ncaa_fetch: transport error on http://<redacted>:<redacted>@us.decodo.com:10008: RuntimeError: bm-verify not passed after 3 attempts (412-byte response): https://stats.ncaa.org/contests/294615/play_by_play
2026-09-26 07:56:53,534 DEBUG sportsdataverse.mbb.mbb_ncaa_fetch: rotating proxy: transport error
2026-09-26 07:56:54,534 INFO sportsdataverse.mbb.mbb_ncaa_fetch: browser proxy rotated -> http://<redacted>:<redacted>@us.decodo.com:10009 (relaunching context)
2026-09-26 07:57:10,874 INFO sportsdataverse.mbb.mbb_ncaa_fetch: stats.ncaa.org terms gate -- accepting (one 10000 ms dwell)
2026-09-26 07:57:28,924 INFO sportsdataverse.mbb.mbb_ncaa_fetch: stats.ncaa.org terms gate -- accepting (one 10000 ms dwell)
2026-09-26 07:57:47,108 INFO sportsdataverse.mbb.mbb_ncaa_fetch: stats.ncaa.org terms gate -- accepting (one 10000 ms dwell)
2026-09-26 07:58:04,867 INFO sportsdataverse.mbb.mbb_ncaa_fetch: stats.ncaa.org terms gate -- accepting (one 10000 ms dwell)
2026-09-26 07:58:23,259 INFO sportsdataverse.mbb.mbb_ncaa_fetch: stats.ncaa.org terms gate -- accepting (one 10000 ms dwell)
2026-09-26 07:58:39,269 INFO sportsdataverse.mbb.mbb_ncaa_fetch: bm-verify not passed (412-byte response) -- re-solving, attempt 1/3
2026-09-26 07:58:47,717 INFO sportsdataverse.mbb.mbb_ncaa_fetch: bm-verify not passed (412-byte response) -- re-solving, attempt 2/3
2026-09-26 07:58:56,093 INFO sportsdataverse.mbb.mbb_ncaa_fetch: bm-verify not passed (412-byte response) -- re-solving, attempt 3/3
2026-09-26 07:58:56,094 DEBUG sportsdataverse.mbb.mbb_ncaa_fetch: transport error on http://<redacted>:<redacted>@us.decodo.com:10009: RuntimeError: bm-verify not passed after 3 attempts (412-byte response): https://stats.ncaa.org/contests/294642/play_by_play
2026-09-26 07:58:56,094 DEBUG sportsdataverse.mbb.mbb_ncaa_fetch: rotating proxy: transport error
2026-09-26 07:58:57,094 INFO sportsdataverse.mbb.mbb_ncaa_fetch: browser proxy rotated -> http://<redacted>:<redacted>@us.decodo.com:10010 (relaunching context)
2026-09-26 07:59:11,965 INFO sportsdataverse.mbb.mbb_ncaa_fetch: stats.ncaa.org terms gate -- accepting (one 10000 ms dwell)
2026-09-26 07:59:30,489 INFO sportsdataverse.mbb.mbb_ncaa_fetch: stats.ncaa.org terms gate -- accepting (one 10000 ms dwell)
2026-09-26 07:59:48,897 INFO sportsdataverse.mbb.mbb_ncaa_fetch: stats.ncaa.org terms gate -- accepting (one 10000 ms dwell)
2026-09-26 08:00:07,735 INFO sportsdataverse.mbb.mbb_ncaa_fetch: stats.ncaa.org terms gate -- accepting (one 10000 ms dwell)
2026-09-26 08:00:26,505 INFO sportsdataverse.mbb.mbb_ncaa_fetch: stats.ncaa.org terms gate -- accepting (one 10000 ms dwell)
2026-09-26 08:00:44,437 INFO sportsdataverse.mbb.mbb_ncaa_fetch: bm-verify not passed (412-byte response) -- re-solving, attempt 1/3
2026-09-26 08:00:52,741 INFO sportsdataverse.mbb.mbb_ncaa_fetch: bm-verify not passed (412-byte response) -- re-solving, attempt 2/3
2026-09-26 08:01:00,994 INFO sportsdataverse.mbb.mbb_ncaa_fetch: bm-verify not passed (412-byte response) -- re-solving, attempt 3/3
2026-09-26 08:01:00,995 DEBUG sportsdataverse.mbb.mbb_ncaa_fetch: transport error on http://<redacted>:<redacted>@us.decodo.com:10010: RuntimeError: bm-verify not passed after 3 attempts (412-byte response): https://stats.ncaa.org/contests/294685/play_by_play
2026-09-26 08:01:00,995 DEBUG sportsdataverse.mbb.mbb_ncaa_fetch: rotating proxy: transport error
2026-09-26 08:01:02,004 INFO sportsdataverse.mbb.mbb_ncaa_fetch: browser proxy rotated -> http://<redacted>:<redacted>@us.decodo.com:10011 (relaunching context)
2026-09-26 08:01:17,576 INFO sportsdataverse.mbb.mbb_ncaa_fetch: stats.ncaa.org terms gate -- accepting (one 10000 ms dwell)
2026-09-26 08:01:49,037 INFO sportsdataverse.mbb.mbb_ncaa_fetch: stats.ncaa.org terms gate -- accepting (one 10000 ms dwell)
2026-09-26 08:02:05,514 WARNING sportsdataverse.mbb.mbb_ncaa_fetch: stats.ncaa.org terms gate not accepted: https://stats.ncaa.org/contests/294685/individual_stats -- backing off 300 s (1/3)
2026-09-26 08:07:17,262 INFO sportsdataverse.mbb.mbb_ncaa_fetch: stats.ncaa.org terms gate -- accepting (one 10000 ms dwell)
2026-09-26 08:07:36,464 INFO sportsdataverse.mbb.mbb_ncaa_fetch: stats.ncaa.org terms gate -- accepting (one 10000 ms dwell)
2026-09-26 08:07:55,196 INFO sportsdataverse.mbb.mbb_ncaa_fetch: stats.ncaa.org terms gate -- accepting (one 10000 ms dwell)
2026-09-26 08:08:13,828 INFO sportsdataverse.mbb.mbb_ncaa_fetch: stats.ncaa.org terms gate -- accepting (one 10000 ms dwell)
2026-09-26 08:08:29,482 INFO sportsdataverse.mbb.mbb_ncaa_fetch: bm-verify not passed (413-byte response) -- re-solving, attempt 1/3
2026-09-26 08:08:37,697 INFO sportsdataverse.mbb.mbb_ncaa_fetch: bm-verify not passed (413-byte response) -- re-solving, attempt 2/3
2026-09-26 08:08:45,912 INFO sportsdataverse.mbb.mbb_ncaa_fetch: bm-verify not passed (413-byte response) -- re-solving, attempt 3/3
2026-09-26 08:08:45,913 DEBUG sportsdataverse.mbb.mbb_ncaa_fetch: transport error on http://<redacted>:<redacted>@us.decodo.com:10011: RuntimeError: bm-verify not passed after 3 attempts (413-byte response): https://stats.ncaa.org/contests/294691/situational_stats
2026-09-26 08:08:45,913 DEBUG sportsdataverse.mbb.mbb_ncaa_fetch: rotating proxy: transport error
2026-09-26 08:08:46,914 INFO sportsdataverse.mbb.mbb_ncaa_fetch: browser proxy rotated -> http://<redacted>:<redacted>@us.decodo.com:10012 (relaunching context)
2026-09-26 08:09:03,727 INFO sportsdataverse.mbb.mbb_ncaa_fetch: stats.ncaa.org terms gate -- accepting (one 10000 ms dwell)
2026-09-26 08:09:20,624 WARNING sportsdataverse.mbb.mbb_ncaa_fetch: stats.ncaa.org terms gate not accepted: https://stats.ncaa.org/contests/294691/situational_stats -- backing off 300 s (1/3)
2026-09-26 08:14:32,580 INFO sportsdataverse.mbb.mbb_ncaa_fetch: stats.ncaa.org terms gate -- accepting (one 10000 ms dwell)
2026-09-26 08:14:52,392 INFO sportsdataverse.mbb.mbb_ncaa_fetch: stats.ncaa.org terms gate -- accepting (one 10000 ms dwell)
2026-09-26 08:15:12,371 INFO sportsdataverse.mbb.mbb_ncaa_fetch: stats.ncaa.org terms gate -- accepting (one 10000 ms dwell)
2026-09-26 08:15:32,050 INFO sportsdataverse.mbb.mbb_ncaa_fetch: stats.ncaa.org terms gate -- accepting (one 10000 ms dwell)
2026-09-26 08:15:52,475 INFO sportsdataverse.mbb.mbb_ncaa_fetch: stats.ncaa.org terms gate -- accepting (one 10000 ms dwell)
2026-09-26 08:16:09,111 INFO sportsdataverse.mbb.mbb_ncaa_fetch: bm-verify not passed (410-byte response) -- re-solving, attempt 1/3
2026-09-26 08:16:17,627 INFO sportsdataverse.mbb.mbb_ncaa_fetch: bm-verify not passed (410-byte response) -- re-solving, attempt 2/3
2026-09-26 08:16:26,155 INFO sportsdataverse.mbb.mbb_ncaa_fetch: bm-verify not passed (410-byte response) -- re-solving, attempt 3/3
2026-09-26 08:16:26,159 DEBUG sportsdataverse.mbb.mbb_ncaa_fetch: transport error on http://<redacted>:<redacted>@us.decodo.com:10012: RuntimeError: bm-verify not passed after 3 attempts (410-byte response): https://stats.ncaa.org/contests/294702/individual_stats
2026-09-26 08:16:26,159 DEBUG sportsdataverse.mbb.mbb_ncaa_fetch: rotating proxy: transport error
2026-09-26 08:16:27,160 INFO sportsdataverse.mbb.mbb_ncaa_fetch: browser proxy rotated -> http://<redacted>:<redacted>@us.decodo.com:10013 (relaunching context)
2026-09-26 08:16:43,800 INFO sportsdataverse.mbb.mbb_ncaa_fetch: stats.ncaa.org terms gate -- accepting (one 10000 ms dwell)
2026-09-26 08:17:21,231 INFO sportsdataverse.mbb.mbb_ncaa_fetch: stats.ncaa.org terms gate -- accepting (one 10000 ms dwell)
2026-09-26 08:17:40,527 INFO sportsdataverse.mbb.mbb_ncaa_fetch: stats.ncaa.org terms gate -- accepting (one 10000 ms dwell)
2026-09-26 08:18:00,391 INFO sportsdataverse.mbb.mbb_ncaa_fetch: stats.ncaa.org terms gate -- accepting (one 10000 ms dwell)
2026-09-26 08:18:31,585 INFO sportsdataverse.mbb.mbb_ncaa_fetch: stats.ncaa.org terms gate -- accepting (one 10000 ms dwell)
2026-09-26 08:18:51,462 INFO sportsdataverse.mbb.mbb_ncaa_fetch: bm-verify not passed (412-byte response) -- re-solving, attempt 1/3
2026-09-26 08:19:00,077 INFO sportsdataverse.mbb.mbb_ncaa_fetch: bm-verify not passed (412-byte response) -- re-solving, attempt 2/3
2026-09-26 08:19:08,778 INFO sportsdataverse.mbb.mbb_ncaa_fetch: bm-verify not passed (412-byte response) -- re-solving, attempt 3/3
2026-09-26 08:19:08,778 DEBUG sportsdataverse.mbb.mbb_ncaa_fetch: transport error on http://<redacted>:<redacted>@us.decodo.com:10013: RuntimeError: bm-verify not passed after 3 attempts (412-byte response): https://stats.ncaa.org/contests/294712/individual_stats
2026-09-26 08:19:08,778 DEBUG sportsdataverse.mbb.mbb_ncaa_fetch: rotating proxy: transport error
2026-09-26 08:19:09,779 INFO sportsdataverse.mbb.mbb_ncaa_fetch: browser proxy rotated -> http://<redacted>:<redacted>@us.decodo.com:10014 (relaunching context)
2026-09-26 08:19:26,079 INFO sportsdataverse.mbb.mbb_ncaa_fetch: stats.ncaa.org terms gate -- accepting (one 10000 ms dwell)
2026-09-26 08:19:47,063 INFO sportsdataverse.mbb.mbb_ncaa_fetch: stats.ncaa.org terms gate -- accepting (one 10000 ms dwell)
2026-09-26 08:20:09,038 INFO sportsdataverse.mbb.mbb_ncaa_fetch: stats.ncaa.org terms gate -- accepting (one 10000 ms dwell)
2026-09-26 08:20:31,707 INFO sportsdataverse.mbb.mbb_ncaa_fetch: stats.ncaa.org terms gate -- accepting (one 10000 ms dwell)
2026-09-26 08:20:53,713 INFO sportsdataverse.mbb.mbb_ncaa_fetch: stats.ncaa.org terms gate -- accepting (one 10000 ms dwell)
2026-09-26 08:21:13,605 INFO sportsdataverse.mbb.mbb_ncaa_fetch: bm-verify not passed (410-byte response) -- re-solving, attempt 1/3
2026-09-26 08:21:23,345 INFO sportsdataverse.mbb.mbb_ncaa_fetch: bm-verify not passed (410-byte response) -- re-solving, attempt 2/3
2026-09-26 08:21:32,678 INFO sportsdataverse.mbb.mbb_ncaa_fetch: bm-verify not passed (410-byte response) -- re-solving, attempt 3/3
2026-09-26 08:21:32,679 DEBUG sportsdataverse.mbb.mbb_ncaa_fetch: transport error on http://<redacted>:<redacted>@us.decodo.com:10014: RuntimeError: bm-verify not passed after 3 attempts (410-byte response): https://stats.ncaa.org/contests/294722/individual_stats
2026-09-26 08:21:32,679 DEBUG sportsdataverse.mbb.mbb_ncaa_fetch: rotating proxy: transport error
2026-09-26 08:21:33,679 INFO sportsdataverse.mbb.mbb_ncaa_fetch: browser proxy rotated -> http://<redacted>:<redacted>@us.decodo.com:10015 (relaunching context)
2026-09-26 08:21:51,849 INFO sportsdataverse.mbb.mbb_ncaa_fetch: stats.ncaa.org terms gate -- accepting (one 10000 ms dwell)
2026-09-26 08:22:11,534 INFO sportsdataverse.mbb.mbb_ncaa_fetch: stats.ncaa.org terms gate -- accepting (one 10000 ms dwell)
2026-09-26 08:22:30,686 INFO sportsdataverse.mbb.mbb_ncaa_fetch: stats.ncaa.org terms gate -- accepting (one 10000 ms dwell)
2026-09-26 08:22:49,884 INFO sportsdataverse.mbb.mbb_ncaa_fetch: stats.ncaa.org terms gate -- accepting (one 10000 ms dwell)
2026-09-26 08:23:09,788 INFO sportsdataverse.mbb.mbb_ncaa_fetch: stats.ncaa.org terms gate -- accepting (one 10000 ms dwell)
2026-09-26 08:23:28,748 INFO sportsdataverse.mbb.mbb_ncaa_fetch: bm-verify not passed (410-byte response) -- re-solving, attempt 1/3
2026-09-26 08:23:37,152 INFO sportsdataverse.mbb.mbb_ncaa_fetch: bm-verify not passed (410-byte response) -- re-solving, attempt 2/3
2026-09-26 08:23:45,684 INFO sportsdataverse.mbb.mbb_ncaa_fetch: bm-verify not passed (410-byte response) -- re-solving, attempt 3/3
2026-09-26 08:23:45,684 DEBUG sportsdataverse.mbb.mbb_ncaa_fetch: transport error on http://<redacted>:<redacted>@us.decodo.com:10015: RuntimeError: bm-verify not passed after 3 attempts (410-byte response): https://stats.ncaa.org/contests/294730/individual_stats
2026-09-26 08:23:45,684 DEBUG sportsdataverse.mbb.mbb_ncaa_fetch: rotating proxy: transport error
2026-09-26 08:23:46,685 INFO sportsdataverse.mbb.mbb_ncaa_fetch: browser proxy rotated -> http://<redacted>:<redacted>@us.decodo.com:10016 (relaunching context)
2026-09-26 08:24:05,558 INFO sportsdataverse.mbb.mbb_ncaa_fetch: stats.ncaa.org terms gate -- accepting (one 10000 ms dwell)
2026-09-26 08:24:26,587 INFO sportsdataverse.mbb.mbb_ncaa_fetch: stats.ncaa.org terms gate -- accepting (one 10000 ms dwell)
2026-09-26 08:24:45,550 INFO sportsdataverse.mbb.mbb_ncaa_fetch: stats.ncaa.org terms gate -- accepting (one 10000 ms dwell)
2026-09-26 08:25:05,284 INFO sportsdataverse.mbb.mbb_ncaa_fetch: stats.ncaa.org terms gate -- accepting (one 10000 ms dwell)
2026-09-26 08:25:25,323 INFO sportsdataverse.mbb.mbb_ncaa_fetch: stats.ncaa.org terms gate -- accepting (one 10000 ms dwell)
2026-09-26 08:25:43,138 INFO sportsdataverse.mbb.mbb_ncaa_fetch: bm-verify not passed (412-byte response) -- re-solving, attempt 1/3
2026-09-26 08:25:51,518 INFO sportsdataverse.mbb.mbb_ncaa_fetch: bm-verify not passed (412-byte response) -- re-solving, attempt 2/3
2026-09-26 08:25:59,859 INFO sportsdataverse.mbb.mbb_ncaa_fetch: bm-verify not passed (412-byte response) -- re-solving, attempt 3/3
2026-09-26 08:25:59,859 DEBUG sportsdataverse.mbb.mbb_ncaa_fetch: transport error on http://<redacted>:<redacted>@us.decodo.com:10016: RuntimeError: bm-verify not passed after 3 attempts (412-byte response): https://stats.ncaa.org/contests/294741/individual_stats
2026-09-26 08:25:59,859 DEBUG sportsdataverse.mbb.mbb_ncaa_fetch: rotating proxy: transport error
2026-09-26 08:26:00,860 INFO sportsdataverse.mbb.mbb_ncaa_fetch: browser proxy rotated -> http://<redacted>:<redacted>@us.decodo.com:10017 (relaunching context)
2026-09-26 08:26:19,113 INFO sportsdataverse.mbb.mbb_ncaa_fetch: stats.ncaa.org terms gate -- accepting (one 10000 ms dwell)
2026-09-26 08:26:40,803 INFO sportsdataverse.mbb.mbb_ncaa_fetch: stats.ncaa.org terms gate -- accepting (one 10000 ms dwell)
2026-09-26 08:27:02,588 INFO sportsdataverse.mbb.mbb_ncaa_fetch: stats.ncaa.org terms gate -- accepting (one 10000 ms dwell)
2026-09-26 08:27:20,592 INFO sportsdataverse.mbb.mbb_ncaa_fetch: stats.ncaa.org terms gate -- accepting (one 10000 ms dwell)
2026-09-26 08:27:38,535 WARNING sportsdataverse.mbb.mbb_ncaa_fetch: stats.ncaa.org terms gate not accepted: https://stats.ncaa.org/contests/294752/play_by_play -- backing off 300 s (1/3)
2026-09-26 08:32:53,144 INFO sportsdataverse.mbb.mbb_ncaa_fetch: stats.ncaa.org terms gate -- accepting (one 10000 ms dwell)
2026-09-26 08:33:17,672 INFO sportsdataverse.mbb.mbb_ncaa_fetch: stats.ncaa.org terms gate -- accepting (one 10000 ms dwell)
2026-09-26 08:33:40,291 INFO sportsdataverse.mbb.mbb_ncaa_fetch: stats.ncaa.org terms gate -- accepting (one 10000 ms dwell)
2026-09-26 08:33:58,687 INFO sportsdataverse.mbb.mbb_ncaa_fetch: bm-verify not passed (412-byte response) -- re-solving, attempt 1/3
2026-09-26 08:34:07,393 INFO sportsdataverse.mbb.mbb_ncaa_fetch: bm-verify not passed (412-byte response) -- re-solving, attempt 2/3
2026-09-26 08:34:16,288 INFO sportsdataverse.mbb.mbb_ncaa_fetch: bm-verify not passed (412-byte response) -- re-solving, attempt 3/3
2026-09-26 08:34:16,288 DEBUG sportsdataverse.mbb.mbb_ncaa_fetch: transport error on http://<redacted>:<redacted>@us.decodo.com:10017: RuntimeError: bm-verify not passed after 3 attempts (412-byte response): https://stats.ncaa.org/contests/294754/individual_stats
2026-09-26 08:34:16,288 DEBUG sportsdataverse.mbb.mbb_ncaa_fetch: rotating proxy: transport error
2026-09-26 08:34:17,289 INFO sportsdataverse.mbb.mbb_ncaa_fetch: browser proxy rotated -> http://<redacted>:<redacted>@us.decodo.com:10018 (relaunching context)
2026-09-26 08:34:38,126 INFO sportsdataverse.mbb.mbb_ncaa_fetch: stats.ncaa.org terms gate -- accepting (one 10000 ms dwell)
2026-09-26 08:34:56,099 WARNING sportsdataverse.mbb.mbb_ncaa_fetch: stats.ncaa.org terms gate not accepted: https://stats.ncaa.org/contests/294754/individual_stats -- backing off 300 s (1/3)
2026-09-26 08:40:09,556 INFO sportsdataverse.mbb.mbb_ncaa_fetch: stats.ncaa.org terms gate -- accepting (one 10000 ms dwell)
2026-09-26 08:40:31,901 INFO sportsdataverse.mbb.mbb_ncaa_fetch: stats.ncaa.org terms gate -- accepting (one 10000 ms dwell)
2026-09-26 08:40:53,264 INFO sportsdataverse.mbb.mbb_ncaa_fetch: stats.ncaa.org terms gate -- accepting (one 10000 ms dwell)
2026-09-26 08:41:13,425 INFO sportsdataverse.mbb.mbb_ncaa_fetch: bm-verify not passed (406-byte response) -- re-solving, attempt 1/3
2026-09-26 08:41:22,139 INFO sportsdataverse.mbb.mbb_ncaa_fetch: bm-verify not passed (406-byte response) -- re-solving, attempt 2/3
2026-09-26 08:41:31,544 INFO sportsdataverse.mbb.mbb_ncaa_fetch: bm-verify not passed (406-byte response) -- re-solving, attempt 3/3
2026-09-26 08:41:31,545 DEBUG sportsdataverse.mbb.mbb_ncaa_fetch: transport error on http://<redacted>:<redacted>@us.decodo.com:10018: RuntimeError: bm-verify not passed after 3 attempts (406-byte response): https://stats.ncaa.org/contests/294759/team_stats
2026-09-26 08:41:31,545 DEBUG sportsdataverse.mbb.mbb_ncaa_fetch: rotating proxy: transport error
2026-09-26 08:41:32,545 INFO sportsdataverse.mbb.mbb_ncaa_fetch: browser proxy rotated -> http://<redacted>:<redacted>@us.decodo.com:10019 (relaunching context)
2026-09-26 08:41:51,473 INFO sportsdataverse.mbb.mbb_ncaa_fetch: stats.ncaa.org terms gate -- accepting (one 10000 ms dwell)
2026-09-26 08:42:09,486 WARNING sportsdataverse.mbb.mbb_ncaa_fetch: stats.ncaa.org terms gate not accepted: https://stats.ncaa.org/contests/294759/team_stats -- backing off 300 s (1/3)
2026-09-26 08:47:22,006 INFO sportsdataverse.mbb.mbb_ncaa_fetch: stats.ncaa.org terms gate -- accepting (one 10000 ms dwell)
2026-09-26 08:47:39,892 WARNING sportsdataverse.mbb.mbb_ncaa_fetch: stats.ncaa.org terms gate not accepted: https://stats.ncaa.org/contests/294759/team_stats -- backing off 300 s (2/3)
2026-09-26 08:52:54,275 INFO sportsdataverse.mbb.mbb_ncaa_fetch: stats.ncaa.org terms gate -- accepting (one 10000 ms dwell)
2026-09-26 08:53:13,076 WARNING sportsdataverse.mbb.mbb_ncaa_fetch: stats.ncaa.org terms gate not accepted: https://stats.ncaa.org/contests/294759/team_stats -- backing off 300 s (3/3)
2026-09-26 08:58:26,424 INFO sportsdataverse.mbb.mbb_ncaa_fetch: stats.ncaa.org terms gate -- accepting (one 10000 ms dwell)
2026-09-26 08:58:47,464 INFO sportsdataverse.mbb.mbb_ncaa_fetch: stats.ncaa.org terms gate -- accepting (one 10000 ms dwell)
2026-09-26 08:59:10,226 INFO sportsdataverse.mbb.mbb_ncaa_fetch: stats.ncaa.org terms gate -- accepting (one 10000 ms dwell)
2026-09-26 08:59:32,017 INFO sportsdataverse.mbb.mbb_ncaa_fetch: stats.ncaa.org terms gate -- accepting (one 10000 ms dwell)
2026-09-26 08:59:53,095 INFO sportsdataverse.mbb.mbb_ncaa_fetch: stats.ncaa.org terms gate -- accepting (one 10000 ms dwell)
2026-09-26 09:00:12,231 INFO sportsdataverse.mbb.mbb_ncaa_fetch: bm-verify not passed (405-byte response) -- re-solving, attempt 1/3
2026-09-26 09:00:20,916 INFO sportsdataverse.mbb.mbb_ncaa_fetch: bm-verify not passed (405-byte response) -- re-solving, attempt 2/3
2026-09-26 09:00:29,560 INFO sportsdataverse.mbb.mbb_ncaa_fetch: bm-verify not passed (405-byte response) -- re-solving, attempt 3/3
2026-09-26 09:00:29,561 DEBUG sportsdataverse.mbb.mbb_ncaa_fetch: transport error on http://<redacted>:<redacted>@us.decodo.com:10019: RuntimeError: bm-verify not passed after 3 attempts (405-byte response): https://stats.ncaa.org/contests/294771/box_score
2026-09-26 09:00:29,561 DEBUG sportsdataverse.mbb.mbb_ncaa_fetch: rotating proxy: transport error
2026-09-26 09:00:30,561 INFO sportsdataverse.mbb.mbb_ncaa_fetch: browser proxy rotated -> http://<redacted>:<redacted>@us.decodo.com:10020 (relaunching context)
2026-09-26 09:00:51,866 INFO sportsdataverse.mbb.mbb_ncaa_fetch: stats.ncaa.org terms gate -- accepting (one 10000 ms dwell)
2026-09-26 09:01:11,927 INFO sportsdataverse.mbb.mbb_ncaa_fetch: stats.ncaa.org terms gate -- accepting (one 10000 ms dwell)
2026-09-26 09:01:33,236 INFO sportsdataverse.mbb.mbb_ncaa_fetch: stats.ncaa.org terms gate -- accepting (one 10000 ms dwell)
2026-09-26 09:01:53,400 INFO sportsdataverse.mbb.mbb_ncaa_fetch: stats.ncaa.org terms gate -- accepting (one 10000 ms dwell)
2026-09-26 09:02:13,530 INFO sportsdataverse.mbb.mbb_ncaa_fetch: stats.ncaa.org terms gate -- accepting (one 10000 ms dwell)
2026-09-26 09:02:34,314 INFO sportsdataverse.mbb.mbb_ncaa_fetch: bm-verify not passed (405-byte response) -- re-solving, attempt 1/3
2026-09-26 09:02:42,773 INFO sportsdataverse.mbb.mbb_ncaa_fetch: bm-verify not passed (405-byte response) -- re-solving, attempt 2/3
2026-09-26 09:02:51,499 INFO sportsdataverse.mbb.mbb_ncaa_fetch: bm-verify not passed (405-byte response) -- re-solving, attempt 3/3
2026-09-26 09:02:51,499 DEBUG sportsdataverse.mbb.mbb_ncaa_fetch: transport error on http://<redacted>:<redacted>@us.decodo.com:10020: RuntimeError: bm-verify not passed after 3 attempts (405-byte response): https://stats.ncaa.org/contests/294817/box_score
2026-09-26 09:02:51,499 DEBUG sportsdataverse.mbb.mbb_ncaa_fetch: rotating proxy: transport error
2026-09-26 09:02:52,500 INFO sportsdataverse.mbb.mbb_ncaa_fetch: browser proxy rotated -> http://<redacted>:<redacted>@us.decodo.com:10021 (relaunching context)
2026-09-26 09:03:11,744 INFO sportsdataverse.mbb.mbb_ncaa_fetch: stats.ncaa.org terms gate -- accepting (one 10000 ms dwell)
2026-09-26 09:03:32,788 INFO sportsdataverse.mbb.mbb_ncaa_fetch: stats.ncaa.org terms gate -- accepting (one 10000 ms dwell)
2026-09-26 09:03:53,324 INFO sportsdataverse.mbb.mbb_ncaa_fetch: stats.ncaa.org terms gate -- accepting (one 10000 ms dwell)
2026-09-26 09:04:13,528 INFO sportsdataverse.mbb.mbb_ncaa_fetch: stats.ncaa.org terms gate -- accepting (one 10000 ms dwell)
2026-09-26 09:04:33,806 INFO sportsdataverse.mbb.mbb_ncaa_fetch: stats.ncaa.org terms gate -- accepting (one 10000 ms dwell)
2026-09-26 09:04:52,873 INFO sportsdataverse.mbb.mbb_ncaa_fetch: bm-verify not passed (405-byte response) -- re-solving, attempt 1/3
2026-09-26 09:05:01,556 INFO sportsdataverse.mbb.mbb_ncaa_fetch: bm-verify not passed (405-byte response) -- re-solving, attempt 2/3
2026-09-26 09:05:10,224 INFO sportsdataverse.mbb.mbb_ncaa_fetch: bm-verify not passed (405-byte response) -- re-solving, attempt 3/3
2026-09-26 09:05:10,224 DEBUG sportsdataverse.mbb.mbb_ncaa_fetch: transport error on http://<redacted>:<redacted>@us.decodo.com:10021: RuntimeError: bm-verify not passed after 3 attempts (405-byte response): https://stats.ncaa.org/contests/294830/box_score
2026-09-26 09:05:10,224 DEBUG sportsdataverse.mbb.mbb_ncaa_fetch: rotating proxy: transport error
2026-09-26 09:05:11,224 INFO sportsdataverse.mbb.mbb_ncaa_fetch: browser proxy rotated -> http://<redacted>:<redacted>@us.decodo.com:10022 (relaunching context)
2026-09-26 09:05:30,460 INFO sportsdataverse.mbb.mbb_ncaa_fetch: stats.ncaa.org terms gate -- accepting (one 10000 ms dwell)
2026-09-26 09:05:51,321 INFO sportsdataverse.mbb.mbb_ncaa_fetch: stats.ncaa.org terms gate -- accepting (one 10000 ms dwell)
2026-09-26 09:06:14,889 INFO sportsdataverse.mbb.mbb_ncaa_fetch: stats.ncaa.org terms gate -- accepting (one 10000 ms dwell)
2026-09-26 09:06:35,356 INFO sportsdataverse.mbb.mbb_ncaa_fetch: stats.ncaa.org terms gate -- accepting (one 10000 ms dwell)
2026-09-26 09:06:56,328 INFO sportsdataverse.mbb.mbb_ncaa_fetch: stats.ncaa.org terms gate -- accepting (one 10000 ms dwell)
2026-09-26 09:07:16,311 INFO sportsdataverse.mbb.mbb_ncaa_fetch: bm-verify not passed (405-byte response) -- re-solving, attempt 1/3
2026-09-26 09:07:24,838 INFO sportsdataverse.mbb.mbb_ncaa_fetch: bm-verify not passed (405-byte response) -- re-solving, attempt 2/3
2026-09-26 09:07:33,414 INFO sportsdataverse.mbb.mbb_ncaa_fetch: bm-verify not passed (405-byte response) -- re-solving, attempt 3/3
2026-09-26 09:07:33,415 DEBUG sportsdataverse.mbb.mbb_ncaa_fetch: transport error on http://<redacted>:<redacted>@us.decodo.com:10022: RuntimeError: bm-verify not passed after 3 attempts (405-byte response): https://stats.ncaa.org/contests/294838/box_score
2026-09-26 09:07:33,415 DEBUG sportsdataverse.mbb.mbb_ncaa_fetch: rotating proxy: transport error
2026-09-26 09:07:34,415 INFO sportsdataverse.mbb.mbb_ncaa_fetch: browser proxy rotated -> http://<redacted>:<redacted>@us.decodo.com:10023 (relaunching context)
2026-09-26 09:07:52,242 INFO sportsdataverse.mbb.mbb_ncaa_fetch: stats.ncaa.org terms gate -- accepting (one 10000 ms dwell)
2026-09-26 09:08:11,147 INFO sportsdataverse.mbb.mbb_ncaa_fetch: stats.ncaa.org terms gate -- accepting (one 10000 ms dwell)
2026-09-26 09:08:30,622 INFO sportsdataverse.mbb.mbb_ncaa_fetch: stats.ncaa.org terms gate -- accepting (one 10000 ms dwell)
2026-09-26 09:08:48,955 INFO sportsdataverse.mbb.mbb_ncaa_fetch: stats.ncaa.org terms gate -- accepting (one 10000 ms dwell)
2026-09-26 09:09:07,437 INFO sportsdataverse.mbb.mbb_ncaa_fetch: stats.ncaa.org terms gate -- accepting (one 10000 ms dwell)
2026-09-26 09:09:25,376 INFO sportsdataverse.mbb.mbb_ncaa_fetch: bm-verify not passed (405-byte response) -- re-solving, attempt 1/3
2026-09-26 09:09:33,610 INFO sportsdataverse.mbb.mbb_ncaa_fetch: bm-verify not passed (405-byte response) -- re-solving, attempt 2/3
2026-09-26 09:09:41,883 INFO sportsdataverse.mbb.mbb_ncaa_fetch: bm-verify not passed (405-byte response) -- re-solving, attempt 3/3
2026-09-26 09:09:41,883 DEBUG sportsdataverse.mbb.mbb_ncaa_fetch: transport error on http://<redacted>:<redacted>@us.decodo.com:10023: RuntimeError: bm-verify not passed after 3 attempts (405-byte response): https://stats.ncaa.org/contests/294844/box_score
2026-09-26 09:09:41,883 DEBUG sportsdataverse.mbb.mbb_ncaa_fetch: rotating proxy: transport error
2026-09-26 09:09:42,884 INFO sportsdataverse.mbb.mbb_ncaa_fetch: browser proxy rotated -> http://<redacted>:<redacted>@us.decodo.com:10024 (relaunching context)
2026-09-26 09:10:01,667 INFO sportsdataverse.mbb.mbb_ncaa_fetch: stats.ncaa.org terms gate -- accepting (one 10000 ms dwell)
2026-09-26 09:12:25,430 DEBUG sportsdataverse.mbb.mbb_ncaa_fetch: in-page fetch dropped, retrying once on the same browser: https://stats.ncaa.org/contests/294844/situational_stats
2026-09-26 09:12:28,482 DEBUG sportsdataverse.mbb.mbb_ncaa_fetch: transport error on http://<redacted>:<redacted>@us.decodo.com:10024: Error: Page.evaluate: TypeError: Failed to fetch
    at eval (eval at evaluate (:303:30), <anonymous>:1:32)
    at UtilityScript.evaluate (<anonymous>:310:18)
    at UtilityScript.<anonymous> (<anonymous>:1:44)
2026-09-26 09:12:28,482 DEBUG sportsdataverse.mbb.mbb_ncaa_fetch: rotating proxy: transport error
2026-09-26 09:12:29,482 INFO sportsdataverse.mbb.mbb_ncaa_fetch: browser proxy rotated -> http://<redacted>:<redacted>@us.decodo.com:10025 (relaunching context)
2026-09-26 09:12:48,101 INFO sportsdataverse.mbb.mbb_ncaa_fetch: stats.ncaa.org terms gate -- accepting (one 10000 ms dwell)
2026-09-26 09:13:09,745 INFO sportsdataverse.mbb.mbb_ncaa_fetch: stats.ncaa.org terms gate -- accepting (one 10000 ms dwell)
2026-09-26 09:13:30,448 INFO sportsdataverse.mbb.mbb_ncaa_fetch: stats.ncaa.org terms gate -- accepting (one 10000 ms dwell)
2026-09-26 09:13:53,316 INFO sportsdataverse.mbb.mbb_ncaa_fetch: stats.ncaa.org terms gate -- accepting (one 10000 ms dwell)
2026-09-26 09:14:09,936 INFO sportsdataverse.mbb.mbb_ncaa_fetch: bm-verify not passed (413-byte response) -- re-solving, attempt 1/3
2026-09-26 09:14:18,559 INFO sportsdataverse.mbb.mbb_ncaa_fetch: bm-verify not passed (413-byte response) -- re-solving, attempt 2/3
2026-09-26 09:14:27,214 INFO sportsdataverse.mbb.mbb_ncaa_fetch: bm-verify not passed (413-byte response) -- re-solving, attempt 3/3
2026-09-26 09:14:27,214 DEBUG sportsdataverse.mbb.mbb_ncaa_fetch: transport error on http://<redacted>:<redacted>@us.decodo.com:10025: RuntimeError: bm-verify not passed after 3 attempts (413-byte response): https://stats.ncaa.org/contests/294849/situational_stats
2026-09-26 09:14:27,214 DEBUG sportsdataverse.mbb.mbb_ncaa_fetch: rotating proxy: transport error
2026-09-26 09:14:28,214 INFO sportsdataverse.mbb.mbb_ncaa_fetch: browser proxy rotated -> http://<redacted>:<redacted>@us.decodo.com:10026 (relaunching context)
2026-09-26 09:14:50,452 INFO sportsdataverse.mbb.mbb_ncaa_fetch: stats.ncaa.org terms gate -- accepting (one 10000 ms dwell)
2026-09-26 09:15:10,397 WARNING sportsdataverse.mbb.mbb_ncaa_fetch: stats.ncaa.org terms gate not accepted: https://stats.ncaa.org/contests/294849/situational_stats -- backing off 300 s (1/3)
2026-09-26 09:20:25,788 INFO sportsdataverse.mbb.mbb_ncaa_fetch: stats.ncaa.org terms gate -- accepting (one 10000 ms dwell)
2026-09-26 09:20:48,444 INFO sportsdataverse.mbb.mbb_ncaa_fetch: stats.ncaa.org terms gate -- accepting (one 10000 ms dwell)
2026-09-26 09:21:10,603 INFO sportsdataverse.mbb.mbb_ncaa_fetch: stats.ncaa.org terms gate -- accepting (one 10000 ms dwell)
2026-09-26 09:21:32,445 INFO sportsdataverse.mbb.mbb_ncaa_fetch: stats.ncaa.org terms gate -- accepting (one 10000 ms dwell)
2026-09-26 09:21:54,051 INFO sportsdataverse.mbb.mbb_ncaa_fetch: stats.ncaa.org terms gate -- accepting (one 10000 ms dwell)
2026-09-26 09:22:12,302 INFO sportsdataverse.mbb.mbb_ncaa_fetch: bm-verify not passed (412-byte response) -- re-solving, attempt 1/3
2026-09-26 09:22:20,964 INFO sportsdataverse.mbb.mbb_ncaa_fetch: bm-verify not passed (412-byte response) -- re-solving, attempt 2/3
2026-09-26 09:22:30,072 INFO sportsdataverse.mbb.mbb_ncaa_fetch: bm-verify not passed (412-byte response) -- re-solving, attempt 3/3
2026-09-26 09:22:30,072 DEBUG sportsdataverse.mbb.mbb_ncaa_fetch: transport error on http://<redacted>:<redacted>@us.decodo.com:10026: RuntimeError: bm-verify not passed after 3 attempts (412-byte response): https://stats.ncaa.org/contests/294858/individual_stats
2026-09-26 09:22:30,072 DEBUG sportsdataverse.mbb.mbb_ncaa_fetch: rotating proxy: transport error
2026-09-26 09:22:31,072 INFO sportsdataverse.mbb.mbb_ncaa_fetch: browser proxy rotated -> http://<redacted>:<redacted>@us.decodo.com:10027 (relaunching context)
2026-09-26 09:22:49,959 INFO sportsdataverse.mbb.mbb_ncaa_fetch: stats.ncaa.org terms gate -- accepting (one 10000 ms dwell)
2026-09-26 09:23:07,475 WARNING sportsdataverse.mbb.mbb_ncaa_fetch: stats.ncaa.org terms gate not accepted: https://stats.ncaa.org/contests/294858/individual_stats -- backing off 300 s (1/3)
2026-09-26 09:28:21,564 INFO sportsdataverse.mbb.mbb_ncaa_fetch: stats.ncaa.org terms gate -- accepting (one 10000 ms dwell)
2026-09-26 09:28:44,352 INFO sportsdataverse.mbb.mbb_ncaa_fetch: stats.ncaa.org terms gate -- accepting (one 10000 ms dwell)
2026-09-26 09:29:04,903 INFO sportsdataverse.mbb.mbb_ncaa_fetch: stats.ncaa.org terms gate -- accepting (one 10000 ms dwell)
2026-09-26 09:29:26,487 INFO sportsdataverse.mbb.mbb_ncaa_fetch: stats.ncaa.org terms gate -- accepting (one 10000 ms dwell)
2026-09-26 09:29:44,263 WARNING sportsdataverse.mbb.mbb_ncaa_fetch: stats.ncaa.org terms gate not accepted: https://stats.ncaa.org/contests/294865/team_stats -- backing off 300 s (1/3)
2026-09-26 09:34:57,149 INFO sportsdataverse.mbb.mbb_ncaa_fetch: stats.ncaa.org terms gate -- accepting (one 10000 ms dwell)
2026-09-26 09:35:14,857 WARNING sportsdataverse.mbb.mbb_ncaa_fetch: stats.ncaa.org terms gate not accepted: https://stats.ncaa.org/contests/294865/team_stats -- backing off 300 s (2/3)
2026-09-26 09:40:28,402 INFO sportsdataverse.mbb.mbb_ncaa_fetch: stats.ncaa.org terms gate -- accepting (one 10000 ms dwell)
2026-09-26 09:40:46,749 WARNING sportsdataverse.mbb.mbb_ncaa_fetch: stats.ncaa.org terms gate not accepted: https://stats.ncaa.org/contests/294865/team_stats -- backing off 300 s (3/3)
2026-09-26 09:45:59,689 INFO sportsdataverse.mbb.mbb_ncaa_fetch: stats.ncaa.org terms gate -- accepting (one 10000 ms dwell)
2026-09-26 09:46:19,592 INFO sportsdataverse.mbb.mbb_ncaa_fetch: stats.ncaa.org terms gate -- accepting (one 10000 ms dwell)
2026-09-26 09:46:33,916 INFO sportsdataverse.mbb.mbb_ncaa_fetch: bm-verify not passed (412-byte response) -- re-solving, attempt 1/3
2026-09-26 09:46:42,194 INFO sportsdataverse.mbb.mbb_ncaa_fetch: bm-verify not passed (412-byte response) -- re-solving, attempt 2/3
2026-09-26 09:46:50,563 INFO sportsdataverse.mbb.mbb_ncaa_fetch: bm-verify not passed (412-byte response) -- re-solving, attempt 3/3
2026-09-26 09:46:50,563 DEBUG sportsdataverse.mbb.mbb_ncaa_fetch: transport error on http://<redacted>:<redacted>@us.decodo.com:10027: RuntimeError: bm-verify not passed after 3 attempts (412-byte response): https://stats.ncaa.org/contests/294869/play_by_play
2026-09-26 09:46:50,563 DEBUG sportsdataverse.mbb.mbb_ncaa_fetch: rotating proxy: transport error
2026-09-26 09:46:51,567 INFO sportsdataverse.mbb.mbb_ncaa_fetch: browser proxy rotated -> http://<redacted>:<redacted>@us.decodo.com:10028 (relaunching context)
2026-09-26 09:47:08,359 INFO sportsdataverse.mbb.mbb_ncaa_fetch: stats.ncaa.org terms gate -- accepting (one 10000 ms dwell)
2026-09-26 09:47:27,091 INFO sportsdataverse.mbb.mbb_ncaa_fetch: stats.ncaa.org terms gate -- accepting (one 10000 ms dwell)
2026-09-26 09:47:46,049 INFO sportsdataverse.mbb.mbb_ncaa_fetch: stats.ncaa.org terms gate -- accepting (one 10000 ms dwell)
2026-09-26 09:48:04,370 INFO sportsdataverse.mbb.mbb_ncaa_fetch: stats.ncaa.org terms gate -- accepting (one 10000 ms dwell)
2026-09-26 09:48:19,376 INFO sportsdataverse.mbb.mbb_ncaa_fetch: bm-verify not passed (412-byte response) -- re-solving, attempt 1/3
2026-09-26 09:48:27,724 INFO sportsdataverse.mbb.mbb_ncaa_fetch: bm-verify not passed (412-byte response) -- re-solving, attempt 2/3
2026-09-26 09:48:36,027 INFO sportsdataverse.mbb.mbb_ncaa_fetch: bm-verify not passed (412-byte response) -- re-solving, attempt 3/3
2026-09-26 09:48:36,027 DEBUG sportsdataverse.mbb.mbb_ncaa_fetch: transport error on http://<redacted>:<redacted>@us.decodo.com:10028: RuntimeError: bm-verify not passed after 3 attempts (412-byte response): https://stats.ncaa.org/contests/294884/play_by_play
2026-09-26 09:48:36,027 DEBUG sportsdataverse.mbb.mbb_ncaa_fetch: rotating proxy: transport error
2026-09-26 09:48:37,028 INFO sportsdataverse.mbb.mbb_ncaa_fetch: browser proxy rotated -> http://<redacted>:<redacted>@us.decodo.com:10029 (relaunching context)
2026-09-26 09:48:53,758 INFO sportsdataverse.mbb.mbb_ncaa_fetch: stats.ncaa.org terms gate -- accepting (one 10000 ms dwell)
2026-09-26 09:49:13,020 WARNING sportsdataverse.mbb.mbb_ncaa_fetch: stats.ncaa.org terms gate not accepted: https://stats.ncaa.org/contests/294884/play_by_play -- backing off 300 s (1/3)
2026-09-26 09:54:25,259 INFO sportsdataverse.mbb.mbb_ncaa_fetch: stats.ncaa.org terms gate -- accepting (one 10000 ms dwell)
2026-09-26 09:54:44,488 INFO sportsdataverse.mbb.mbb_ncaa_fetch: stats.ncaa.org terms gate -- accepting (one 10000 ms dwell)
2026-09-26 09:55:04,419 INFO sportsdataverse.mbb.mbb_ncaa_fetch: stats.ncaa.org terms gate -- accepting (one 10000 ms dwell)
2026-09-26 09:55:24,966 INFO sportsdataverse.mbb.mbb_ncaa_fetch: stats.ncaa.org terms gate -- accepting (one 10000 ms dwell)
2026-09-26 09:55:45,067 INFO sportsdataverse.mbb.mbb_ncaa_fetch: stats.ncaa.org terms gate -- accepting (one 10000 ms dwell)
2026-09-26 09:56:00,334 INFO sportsdataverse.mbb.mbb_ncaa_fetch: bm-verify not passed (413-byte response) -- re-solving, attempt 1/3
2026-09-26 09:56:09,708 INFO sportsdataverse.mbb.mbb_ncaa_fetch: bm-verify not passed (413-byte response) -- re-solving, attempt 2/3
2026-09-26 09:56:18,410 INFO sportsdataverse.mbb.mbb_ncaa_fetch: bm-verify not passed (413-byte response) -- re-solving, attempt 3/3
2026-09-26 09:56:18,410 DEBUG sportsdataverse.mbb.mbb_ncaa_fetch: transport error on http://<redacted>:<redacted>@us.decodo.com:10029: RuntimeError: bm-verify not passed after 3 attempts (413-byte response): https://stats.ncaa.org/contests/294891/situational_stats
2026-09-26 09:56:18,410 DEBUG sportsdataverse.mbb.mbb_ncaa_fetch: rotating proxy: transport error
2026-09-26 09:56:19,411 INFO sportsdataverse.mbb.mbb_ncaa_fetch: browser proxy rotated -> http://<redacted>:<redacted>@us.decodo.com:10030 (relaunching context)
2026-09-26 09:56:35,156 INFO sportsdataverse.mbb.mbb_ncaa_fetch: stats.ncaa.org terms gate -- accepting (one 10000 ms dwell)
2026-09-26 09:56:51,080 WARNING sportsdataverse.mbb.mbb_ncaa_fetch: stats.ncaa.org terms gate not accepted: https://stats.ncaa.org/contests/294891/situational_stats -- backing off 300 s (1/3)
2026-09-26 10:02:02,447 INFO sportsdataverse.mbb.mbb_ncaa_fetch: stats.ncaa.org terms gate -- accepting (one 10000 ms dwell)
2026-09-26 10:02:21,227 INFO sportsdataverse.mbb.mbb_ncaa_fetch: stats.ncaa.org terms gate -- accepting (one 10000 ms dwell)
2026-09-26 10:02:40,000 INFO sportsdataverse.mbb.mbb_ncaa_fetch: stats.ncaa.org terms gate -- accepting (one 10000 ms dwell)
2026-09-26 10:02:59,064 INFO sportsdataverse.mbb.mbb_ncaa_fetch: stats.ncaa.org terms gate -- accepting (one 10000 ms dwell)
2026-09-26 10:03:18,622 INFO sportsdataverse.mbb.mbb_ncaa_fetch: stats.ncaa.org terms gate -- accepting (one 10000 ms dwell)
2026-09-26 10:03:34,513 INFO sportsdataverse.mbb.mbb_ncaa_fetch: bm-verify not passed (412-byte response) -- re-solving, attempt 1/3
2026-09-26 10:03:42,782 INFO sportsdataverse.mbb.mbb_ncaa_fetch: bm-verify not passed (412-byte response) -- re-solving, attempt 2/3
2026-09-26 10:03:51,042 INFO sportsdataverse.mbb.mbb_ncaa_fetch: bm-verify not passed (412-byte response) -- re-solving, attempt 3/3
2026-09-26 10:03:51,042 DEBUG sportsdataverse.mbb.mbb_ncaa_fetch: transport error on http://<redacted>:<redacted>@us.decodo.com:10030: RuntimeError: bm-verify not passed after 3 attempts (412-byte response): https://stats.ncaa.org/contests/294903/individual_stats
2026-09-26 10:03:51,042 DEBUG sportsdataverse.mbb.mbb_ncaa_fetch: rotating proxy: transport error
2026-09-26 10:03:52,043 INFO sportsdataverse.mbb.mbb_ncaa_fetch: browser proxy rotated -> http://<redacted>:<redacted>@us.decodo.com:10031 (relaunching context)
2026-09-26 10:05:56,601 INFO sportsdataverse.mbb.mbb_ncaa_fetch: stats.ncaa.org terms gate -- accepting (one 10000 ms dwell)
2026-09-26 10:06:41,763 DEBUG sportsdataverse.mbb.mbb_ncaa_fetch: transport error on http://<redacted>:<redacted>@us.decodo.com:10031: _TermsAcceptError: stats.ncaa.org terms acceptance failed: https://stats.ncaa.org/contests/294903/individual_stats: Page.goto: Timeout 45000ms exceeded.
Call log:
  - navigating to "https://stats.ncaa.org/contests/294903/individual_stats", waiting until "domcontentloaded"

2026-09-26 10:06:41,764 DEBUG sportsdataverse.mbb.mbb_ncaa_fetch: rotating proxy: transport error
2026-09-26 10:06:42,764 INFO sportsdataverse.mbb.mbb_ncaa_fetch: browser proxy rotated -> http://<redacted>:<redacted>@us.decodo.com:10032 (relaunching context)
2026-09-26 10:06:59,506 INFO sportsdataverse.mbb.mbb_ncaa_fetch: stats.ncaa.org terms gate -- accepting (one 10000 ms dwell)
2026-09-26 10:07:19,356 INFO sportsdataverse.mbb.mbb_ncaa_fetch: stats.ncaa.org terms gate -- accepting (one 10000 ms dwell)
2026-09-26 10:07:40,845 INFO sportsdataverse.mbb.mbb_ncaa_fetch: stats.ncaa.org terms gate -- accepting (one 10000 ms dwell)
2026-09-26 10:08:02,146 INFO sportsdataverse.mbb.mbb_ncaa_fetch: stats.ncaa.org terms gate -- accepting (one 10000 ms dwell)
2026-09-26 10:08:24,058 INFO sportsdataverse.mbb.mbb_ncaa_fetch: stats.ncaa.org terms gate -- accepting (one 10000 ms dwell)
2026-09-26 10:08:41,570 INFO sportsdataverse.mbb.mbb_ncaa_fetch: bm-verify not passed (412-byte response) -- re-solving, attempt 1/3
2026-09-26 10:08:49,877 INFO sportsdataverse.mbb.mbb_ncaa_fetch: bm-verify not passed (412-byte response) -- re-solving, attempt 2/3
2026-09-26 10:08:58,391 INFO sportsdataverse.mbb.mbb_ncaa_fetch: bm-verify not passed (412-byte response) -- re-solving, attempt 3/3
2026-09-26 10:08:58,391 DEBUG sportsdataverse.mbb.mbb_ncaa_fetch: transport error on http://<redacted>:<redacted>@us.decodo.com:10032: RuntimeError: bm-verify not passed after 3 attempts (412-byte response): https://stats.ncaa.org/contests/294931/individual_stats
2026-09-26 10:08:58,391 DEBUG sportsdataverse.mbb.mbb_ncaa_fetch: rotating proxy: transport error
2026-09-26 10:08:59,392 INFO sportsdataverse.mbb.mbb_ncaa_fetch: browser proxy rotated -> http://<redacted>:<redacted>@us.decodo.com:10033 (relaunching context)
2026-09-26 10:09:18,802 INFO sportsdataverse.mbb.mbb_ncaa_fetch: stats.ncaa.org terms gate -- accepting (one 10000 ms dwell)
2026-09-26 10:09:40,631 INFO sportsdataverse.mbb.mbb_ncaa_fetch: stats.ncaa.org terms gate -- accepting (one 10000 ms dwell)
2026-09-26 10:10:00,715 INFO sportsdataverse.mbb.mbb_ncaa_fetch: stats.ncaa.org terms gate -- accepting (one 10000 ms dwell)
2026-09-26 10:10:21,212 INFO sportsdataverse.mbb.mbb_ncaa_fetch: stats.ncaa.org terms gate -- accepting (one 10000 ms dwell)
2026-09-26 10:10:41,874 INFO sportsdataverse.mbb.mbb_ncaa_fetch: stats.ncaa.org terms gate -- accepting (one 10000 ms dwell)
2026-09-26 10:11:00,824 INFO sportsdataverse.mbb.mbb_ncaa_fetch: bm-verify not passed (412-byte response) -- re-solving, attempt 1/3
2026-09-26 10:11:09,538 INFO sportsdataverse.mbb.mbb_ncaa_fetch: bm-verify not passed (412-byte response) -- re-solving, attempt 2/3
2026-09-26 10:11:18,144 INFO sportsdataverse.mbb.mbb_ncaa_fetch: bm-verify not passed (412-byte response) -- re-solving, attempt 3/3
2026-09-26 10:11:18,144 DEBUG sportsdataverse.mbb.mbb_ncaa_fetch: transport error on http://<redacted>:<redacted>@us.decodo.com:10033: RuntimeError: bm-verify not passed after 3 attempts (412-byte response): https://stats.ncaa.org/contests/294946/individual_stats
2026-09-26 10:11:18,144 DEBUG sportsdataverse.mbb.mbb_ncaa_fetch: rotating proxy: transport error
2026-09-26 10:11:19,145 INFO sportsdataverse.mbb.mbb_ncaa_fetch: browser proxy rotated -> http://<redacted>:<redacted>@us.decodo.com:10034 (relaunching context)
2026-09-26 10:11:37,079 INFO sportsdataverse.mbb.mbb_ncaa_fetch: stats.ncaa.org terms gate -- accepting (one 10000 ms dwell)
2026-09-26 10:11:57,421 INFO sportsdataverse.mbb.mbb_ncaa_fetch: stats.ncaa.org terms gate -- accepting (one 10000 ms dwell)
2026-09-26 10:12:17,718 INFO sportsdataverse.mbb.mbb_ncaa_fetch: stats.ncaa.org terms gate -- accepting (one 10000 ms dwell)
2026-09-26 10:12:37,234 INFO sportsdataverse.mbb.mbb_ncaa_fetch: stats.ncaa.org terms gate -- accepting (one 10000 ms dwell)
2026-09-26 10:12:56,352 INFO sportsdataverse.mbb.mbb_ncaa_fetch: stats.ncaa.org terms gate -- accepting (one 10000 ms dwell)
2026-09-26 10:13:14,292 INFO sportsdataverse.mbb.mbb_ncaa_fetch: bm-verify not passed (412-byte response) -- re-solving, attempt 1/3
2026-09-26 10:13:22,663 INFO sportsdataverse.mbb.mbb_ncaa_fetch: bm-verify not passed (412-byte response) -- re-solving, attempt 2/3
2026-09-26 10:13:31,036 INFO sportsdataverse.mbb.mbb_ncaa_fetch: bm-verify not passed (412-byte response) -- re-solving, attempt 3/3
2026-09-26 10:13:31,036 DEBUG sportsdataverse.mbb.mbb_ncaa_fetch: transport error on http://<redacted>:<redacted>@us.decodo.com:10034: RuntimeError: bm-verify not passed after 3 attempts (412-byte response): https://stats.ncaa.org/contests/294982/individual_stats
2026-09-26 10:13:31,036 DEBUG sportsdataverse.mbb.mbb_ncaa_fetch: rotating proxy: transport error
2026-09-26 10:13:32,037 INFO sportsdataverse.mbb.mbb_ncaa_fetch: browser proxy rotated -> http://<redacted>:<redacted>@us.decodo.com:10035 (relaunching context)
2026-09-26 10:13:47,681 INFO sportsdataverse.mbb.mbb_ncaa_fetch: stats.ncaa.org terms gate -- accepting (one 10000 ms dwell)
2026-09-26 10:14:07,042 INFO sportsdataverse.mbb.mbb_ncaa_fetch: stats.ncaa.org terms gate -- accepting (one 10000 ms dwell)
2026-09-26 10:14:25,541 INFO sportsdataverse.mbb.mbb_ncaa_fetch: stats.ncaa.org terms gate -- accepting (one 10000 ms dwell)
2026-09-26 10:14:44,020 INFO sportsdataverse.mbb.mbb_ncaa_fetch: stats.ncaa.org terms gate -- accepting (one 10000 ms dwell)
2026-09-26 10:15:02,246 INFO sportsdataverse.mbb.mbb_ncaa_fetch: stats.ncaa.org terms gate -- accepting (one 10000 ms dwell)
2026-09-26 10:15:19,739 INFO sportsdataverse.mbb.mbb_ncaa_fetch: bm-verify not passed (412-byte response) -- re-solving, attempt 1/3
2026-09-26 10:15:28,004 INFO sportsdataverse.mbb.mbb_ncaa_fetch: bm-verify not passed (412-byte response) -- re-solving, attempt 2/3
2026-09-26 10:15:36,337 INFO sportsdataverse.mbb.mbb_ncaa_fetch: bm-verify not passed (412-byte response) -- re-solving, attempt 3/3
2026-09-26 10:15:36,337 DEBUG sportsdataverse.mbb.mbb_ncaa_fetch: transport error on http://<redacted>:<redacted>@us.decodo.com:10035: RuntimeError: bm-verify not passed after 3 attempts (412-byte response): https://stats.ncaa.org/contests/294992/individual_stats
2026-09-26 10:15:36,337 DEBUG sportsdataverse.mbb.mbb_ncaa_fetch: rotating proxy: transport error
2026-09-26 10:15:37,341 INFO sportsdataverse.mbb.mbb_ncaa_fetch: browser proxy rotated -> http://<redacted>:<redacted>@us.decodo.com:10036 (relaunching context)
2026-09-26 10:15:54,919 INFO sportsdataverse.mbb.mbb_ncaa_fetch: stats.ncaa.org terms gate -- accepting (one 10000 ms dwell)
2026-09-26 10:16:16,597 INFO sportsdataverse.mbb.mbb_ncaa_fetch: stats.ncaa.org terms gate -- accepting (one 10000 ms dwell)
2026-09-26 10:16:36,741 INFO sportsdataverse.mbb.mbb_ncaa_fetch: stats.ncaa.org terms gate -- accepting (one 10000 ms dwell)
2026-09-26 10:16:56,793 INFO sportsdataverse.mbb.mbb_ncaa_fetch: stats.ncaa.org terms gate -- accepting (one 10000 ms dwell)
2026-09-26 10:17:11,984 INFO sportsdataverse.mbb.mbb_ncaa_fetch: bm-verify not passed (412-byte response) -- re-solving, attempt 1/3
2026-09-26 10:17:20,434 INFO sportsdataverse.mbb.mbb_ncaa_fetch: bm-verify not passed (412-byte response) -- re-solving, attempt 2/3
2026-09-26 10:17:28,906 INFO sportsdataverse.mbb.mbb_ncaa_fetch: bm-verify not passed (412-byte response) -- re-solving, attempt 3/3
2026-09-26 10:17:28,906 DEBUG sportsdataverse.mbb.mbb_ncaa_fetch: transport error on http://<redacted>:<redacted>@us.decodo.com:10036: RuntimeError: bm-verify not passed after 3 attempts (412-byte response): https://stats.ncaa.org/contests/294996/individual_stats
2026-09-26 10:17:28,906 DEBUG sportsdataverse.mbb.mbb_ncaa_fetch: rotating proxy: transport error
2026-09-26 10:17:29,907 INFO sportsdataverse.mbb.mbb_ncaa_fetch: browser proxy rotated -> http://<redacted>:<redacted>@us.decodo.com:10037 (relaunching context)
2026-09-26 10:17:47,345 INFO sportsdataverse.mbb.mbb_ncaa_fetch: stats.ncaa.org terms gate -- accepting (one 10000 ms dwell)
2026-09-26 10:18:12,959 DEBUG sportsdataverse.mbb.mbb_ncaa_fetch: transport error on http://<redacted>:<redacted>@us.decodo.com:10037: _TermsAcceptError: stats.ncaa.org terms acceptance failed: https://stats.ncaa.org/contests/294996/individual_stats: net::ERR_TUNNEL_CONNECTION_FAILED
2026-09-26 10:18:12,960 DEBUG sportsdataverse.mbb.mbb_ncaa_fetch: rotating proxy: transport error
2026-09-26 10:18:13,960 INFO sportsdataverse.mbb.mbb_ncaa_fetch: browser proxy rotated -> http://<redacted>:<redacted>@us.decodo.com:10038 (relaunching context)
2026-09-26 10:18:31,661 INFO sportsdataverse.mbb.mbb_ncaa_fetch: stats.ncaa.org terms gate -- accepting (one 10000 ms dwell)
2026-09-26 10:18:49,461 WARNING sportsdataverse.mbb.mbb_ncaa_fetch: stats.ncaa.org terms gate not accepted: https://stats.ncaa.org/contests/294996/individual_stats -- backing off 300 s (1/3)
2026-09-26 10:24:01,855 INFO sportsdataverse.mbb.mbb_ncaa_fetch: stats.ncaa.org terms gate -- accepting (one 10000 ms dwell)
2026-09-26 10:24:21,828 INFO sportsdataverse.mbb.mbb_ncaa_fetch: stats.ncaa.org terms gate -- accepting (one 10000 ms dwell)
2026-09-26 10:24:41,145 INFO sportsdataverse.mbb.mbb_ncaa_fetch: stats.ncaa.org terms gate -- accepting (one 10000 ms dwell)
2026-09-26 10:25:01,354 INFO sportsdataverse.mbb.mbb_ncaa_fetch: stats.ncaa.org terms gate -- accepting (one 10000 ms dwell)
2026-09-26 10:25:21,215 INFO sportsdataverse.mbb.mbb_ncaa_fetch: stats.ncaa.org terms gate -- accepting (one 10000 ms dwell)
2026-09-26 10:25:38,364 INFO sportsdataverse.mbb.mbb_ncaa_fetch: bm-verify not passed (406-byte response) -- re-solving, attempt 1/3
2026-09-26 10:25:46,846 INFO sportsdataverse.mbb.mbb_ncaa_fetch: bm-verify not passed (406-byte response) -- re-solving, attempt 2/3
2026-09-26 10:25:55,356 INFO sportsdataverse.mbb.mbb_ncaa_fetch: bm-verify not passed (406-byte response) -- re-solving, attempt 3/3
2026-09-26 10:25:55,356 DEBUG sportsdataverse.mbb.mbb_ncaa_fetch: transport error on http://<redacted>:<redacted>@us.decodo.com:10038: RuntimeError: bm-verify not passed after 3 attempts (406-byte response): https://stats.ncaa.org/contests/295003/team_stats
2026-09-26 10:25:55,356 DEBUG sportsdataverse.mbb.mbb_ncaa_fetch: rotating proxy: transport error
2026-09-26 10:25:56,357 INFO sportsdataverse.mbb.mbb_ncaa_fetch: browser proxy rotated -> http://<redacted>:<redacted>@us.decodo.com:10039 (relaunching context)
2026-09-26 10:26:14,532 INFO sportsdataverse.mbb.mbb_ncaa_fetch: stats.ncaa.org terms gate -- accepting (one 10000 ms dwell)
2026-09-26 10:26:32,177 WARNING sportsdataverse.mbb.mbb_ncaa_fetch: stats.ncaa.org terms gate not accepted: https://stats.ncaa.org/contests/295003/team_stats -- backing off 300 s (1/3)
2026-09-26 10:31:44,052 INFO sportsdataverse.mbb.mbb_ncaa_fetch: stats.ncaa.org terms gate -- accepting (one 10000 ms dwell)
2026-09-26 10:32:01,008 WARNING sportsdataverse.mbb.mbb_ncaa_fetch: stats.ncaa.org terms gate not accepted: https://stats.ncaa.org/contests/295003/team_stats -- backing off 300 s (2/3)
2026-09-26 10:37:15,503 INFO sportsdataverse.mbb.mbb_ncaa_fetch: stats.ncaa.org terms gate -- accepting (one 10000 ms dwell)
2026-09-26 10:37:34,582 WARNING sportsdataverse.mbb.mbb_ncaa_fetch: stats.ncaa.org terms gate not accepted: https://stats.ncaa.org/contests/295003/team_stats -- backing off 300 s (3/3)
2026-09-26 10:42:47,651 INFO sportsdataverse.mbb.mbb_ncaa_fetch: stats.ncaa.org terms gate -- accepting (one 10000 ms dwell)
2026-09-26 10:43:18,297 INFO sportsdataverse.mbb.mbb_ncaa_fetch: stats.ncaa.org terms gate -- accepting (one 10000 ms dwell)
2026-09-26 10:43:45,962 WARNING sportsdataverse.mbb.mbb_ncaa_fetch: stats.ncaa.org terms gate not accepted: https://stats.ncaa.org/contests/295003/individual_stats -- backing off 300 s (1/3)
2026-09-26 10:48:59,301 INFO sportsdataverse.mbb.mbb_ncaa_fetch: stats.ncaa.org terms gate -- accepting (one 10000 ms dwell)
2026-09-26 10:49:21,585 INFO sportsdataverse.mbb.mbb_ncaa_fetch: stats.ncaa.org terms gate -- accepting (one 10000 ms dwell)
2026-09-26 10:49:39,907 WARNING sportsdataverse.mbb.mbb_ncaa_fetch: stats.ncaa.org terms gate not accepted: https://stats.ncaa.org/contests/295006/box_score -- backing off 300 s (1/3)
2026-09-26 10:54:52,215 INFO sportsdataverse.mbb.mbb_ncaa_fetch: stats.ncaa.org terms gate -- accepting (one 10000 ms dwell)
2026-09-26 10:55:09,674 WARNING sportsdataverse.mbb.mbb_ncaa_fetch: stats.ncaa.org terms gate not accepted: https://stats.ncaa.org/contests/295006/box_score -- backing off 300 s (2/3)
2026-09-26 11:00:22,508 INFO sportsdataverse.mbb.mbb_ncaa_fetch: stats.ncaa.org terms gate -- accepting (one 10000 ms dwell)
2026-09-26 11:00:39,531 WARNING sportsdataverse.mbb.mbb_ncaa_fetch: stats.ncaa.org terms gate not accepted: https://stats.ncaa.org/contests/295006/box_score -- backing off 300 s (3/3)
