game_pk,game_date,season,game_type,status_code,doubleheader,game_number,home_id,home_abbr,away_id,away_abbr,venue_id,statsapi_path,statsapi_bytes,statsapi_sha256,savant_path,savant_rows,savant_bytes,savant_sha256
748266,2024-02-22,2024,S,F,N,1,135,SD,119,LAD,2530,,,,,,,
748260,2024-02-23,2024,S,F,N,1,119,LAD,135,SD,3809,,,,,,,
748263,2024-02-23,2024,S,F,N,1,140,TEX,118,KC,2603,,,,,,,
748264,2024-02-23,2024,S,F,N,1,115,COL,109,AZ,4249,,,,,,,
748265,2024-02-23,2024,E,F,N,1,142,MIN,4864,UM,2862,,,,,,,
748341,2024-02-23,2024,S,F,N,1,112,CHC,145,CWS,4629,,,,,,,
748344,2024-02-23,2024,E,F,N,1,111,BOS,343,NEU,4309,,,,,,,
748246,2024-02-24,2024,S,F,N,1,135,SD,158,MIL,2530,,,,,,,
748247,2024-02-24,2024,S,F,N,1,118,KC,140,TEX,2603,,,,,,,
748248,2024-02-24,2024,S,F,N,1,145,CWS,136,SEA,3809,,,,,,,
748249,2024-02-24,2024,S,F,N,1,108,LAA,119,LAD,2500,,,,,,,
748250,2024-02-24,2024,S,F,N,1,109,AZ,115,COL,4249,,,,,,,
748251,2024-02-24,2024,S,F,N,1,133,OAK,115,COL,2507,,,,,,,
748252,2024-02-24,2024,S,F,N,1,114,CLE,113,CIN,3834,,,,,,,
748253,2024-02-24,2024,S,F,N,1,137,SF,112,CHC,2532,,,,,,,
748254,2024-02-24,2024,S,F,N,1,116,DET,147,NYY,2511,,,,,,,
748255,2024-02-24,2024,S,F,N,1,138,STL,146,MIA,2520,,,,,,,
748256,2024-02-24,2024,S,F,N,1,139,TB,144,ATL,2534,,,,,,,
748257,2024-02-24,2024,S,F,N,1,141,TOR,143,PHI,2536,,,,,,,
748258,2024-02-24,2024,S,F,N,1,142,MIN,134,PIT,2862,,,,,,,
748259,2024-02-24,2024,S,F,N,1,121,NYM,138,STL,2856,,,,,,,
748261,2024-02-24,2024,S,F,N,1,120,WSH,117,HOU,5000,,,,,,,
748262,2024-02-24,2024,S,F,N,1,110,BAL,111,BOS,2508,,,,,,,
748229,2024-02-25,2024,S,F,N,1,109,AZ,145,CWS,4249,,,,,,,
748230,2024-02-25,2024,S,F,N,1,140,TEX,137,SF,2603,,,,,,,
748231,2024-02-25,2024,S,F,N,1,108,LAA,118,KC,2500,,,,,,,
748232,2024-02-25,2024,S,F,N,1,119,LAD,133,OAK,3809,,,,,,,
748233,2024-02-25,2024,S,F,N,1,112,CHC,135,SD,4629,,,,,,,
748234,2024-02-25,2024,S,F,N,1,158,MIL,115,COL,2518,,,,,,,
748235,2024-02-25,2024,S,F,N,1,136,SEA,114,CLE,2530,,,,,,,
748236,2024-02-25,2024,S,F,N,1,113,CIN,108,LAA,3834,,,,,,,
748237,2024-02-25,2024,S,F,N,1,143,PHI,147,NYY,2700,,,,,,,
748238,2024-02-25,2024,S,F,N,1,111,BOS,142,MIN,4309,,,,,,,
748239,2024-02-25,2024,S,F,N,1,147,NYY,141,TOR,2523,,,,,,,
748240,2024-02-25,2024,S,F,N,1,117,HOU,138,STL,5000,,,,,,,
748241,2024-02-25,2024,S,F,N,1,146,MIA,120,WSH,2520,,,,,,,
748242,2024-02-25,2024,S,F,N,1,121,NYM,117,HOU,2856,,,,,,,
748243,2024-02-25,2024,S,F,N,1,139,TB,116,DET,2534,,,,,,,
748244,2024-02-25,2024,S,F,N,1,144,ATL,111,BOS,5380,,,,,,,
748245,2024-02-25,2024,S,F,N,1,134,PIT,110,BAL,2526,,,,,,,
748213,2024-02-26,2024,S,F,N,1,145,CWS,140,TEX,3809,,,,,,,
748214,2024-02-26,2024,S,F,N,1,113,CIN,136,SEA,3834,,,,,,,
748215,2024-02-26,2024,S,F,N,1,135,SD,114,CLE,2530,,,,,,,
748216,2024-02-26,2024,S,F,N,1,115,COL,119,LAD,4249,,,,,,,
748217,2024-02-26,2024,S,F,N,1,158,MIL,113,CIN,2518,,,,,,,
748218,2024-02-26,2024,S,F,N,1,118,KC,112,CHC,2603,,,,,,,
748219,2024-02-26,2024,S,F,N,1,133,OAK,109,AZ,2507,,,,,,,
748220,2024-02-26,2024,S,F,N,1,137,SF,108,LAA,2532,,,,,,,
748221,2024-02-26,2024,S,F,N,1,111,BOS,143,PHI,4309,,,,,,,
748222,2024-02-26,2024,S,F,N,1,110,BAL,139,TB,2508,,,,,,,
748223,2024-02-26,2024,S,F,N,1,147,NYY,142,MIN,2523,,,,,,,
748224,2024-02-26,2024,S,F,N,1,146,MIA,138,STL,2520,,,,,,,
748225,2024-02-26,2024,S,F,N,1,141,TOR,134,PIT,2536,,,,,,,
748226,2024-02-26,2024,S,F,N,1,120,WSH,121,NYM,5000,,,,,,,
748227,2024-02-26,2024,S,F,N,1,116,DET,117,HOU,2511,,,,,,,
748228,2024-02-26,2024,S,F,N,1,144,ATL,110,BAL,5380,,,,,,,
748197,2024-02-27,2024,S,F,N,1,108,LAA,158,MIL,2500,,,,,,,
748198,2024-02-27,2024,S,F,N,1,137,SF,136,SEA,2532,,,,,,,
748199,2024-02-27,2024,S,F,N,1,119,LAD,145,CWS,3809,,,,,,,
748200,2024-02-27,2024,S,F,N,1,109,AZ,140,TEX,4249,,,,,,,
748201,2024-02-27,2024,S,F,N,1,114,CLE,133,OAK,3834,,,,,,,
748202,2024-02-27,2024,S,F,N,1,135,SD,118,KC,2530,,,,,,,
748203,2024-02-27,2024,S,F,N,1,112,CHC,113,CIN,4629,,,,,,,
748204,2024-02-27,2024,S,F,N,1,118,KC,115,COL,2603,,,,,,,
748205,2024-02-27,2024,S,F,N,1,139,TB,147,NYY,2534,,,,,,,
748206,2024-02-27,2024,S,F,N,1,121,NYM,146,MIA,2856,,,,,,,
748207,2024-02-27,2024,S,F,N,1,134,PIT,144,ATL,2526,,,,,,,
748208,2024-02-27,2024,S,F,N,1,142,MIN,143,PHI,2862,,,,,,,
748209,2024-02-27,2024,S,F,N,1,116,DET,141,TOR,2511,,,,,,,
748210,2024-02-27,2024,S,F,N,1,117,HOU,120,WSH,5000,,,,,,,
748211,2024-02-27,2024,S,F,N,1,110,BAL,116,DET,2508,,,,,,,
748212,2024-02-27,2024,S,F,N,1,138,STL,111,BOS,2520,,,,,,,
748183,2024-02-28,2024,S,F,N,1,133,OAK,137,SF,2507,,,,,,,
748184,2024-02-28,2024,S,F,N,1,140,TEX,119,LAD,2603,,,,,,,
748185,2024-02-28,2024,S,F,N,1,145,CWS,135,SD,3809,,,,,,,
748186,2024-02-28,2024,S,F,N,1,136,SEA,118,KC,2530,,,,,,,
748187,2024-02-28,2024,S,F,N,1,158,MIL,112,CHC,2518,,,,,,,
748188,2024-02-28,2024,S,F,N,1,114,CLE,109,AZ,3834,,,,,,,
748189,2024-02-28,2024,S,F,N,1,143,PHI,144,ATL,2700,,,,,,,
748190,2024-02-28,2024,S,F,N,1,115,COL,108,LAA,4249,,,,,,,
748191,2024-02-28,2024,S,F,N,1,121,NYM,138,STL,2856,,,,,,,
748192,2024-02-28,2024,S,F,N,1,141,TOR,139,TB,2536,,,,,,,
748193,2024-02-28,2024,S,F,N,1,146,MIA,117,HOU,2520,,,,,,,
748194,2024-02-28,2024,S,F,N,1,134,PIT,116,DET,2526,,,,,,,
748195,2024-02-28,2024,S,F,N,1,142,MIN,110,BAL,2862,,,,,,,
748196,2024-02-28,2024,S,F,N,1,120,WSH,111,BOS,5000,,,,,,,
748167,2024-02-29,2024,S,F,N,1,140,TEX,158,MIL,2603,,,,,,,
748168,2024-02-29,2024,S,F,N,1,109,AZ,137,SF,4249,,,,,,,
748169,2024-02-29,2024,S,F,N,1,133,OAK,135,SD,2507,,,,,,,
748170,2024-02-29,2024,S,F,N,1,136,SEA,145,CWS,2530,,,,,,,
748171,2024-02-29,2024,S,F,N,1,113,CIN,119,LAD,3834,,,,,,,
748172,2024-02-29,2024,S,F,N,1,145,CWS,118,KC,3809,,,,,,,
748173,2024-02-29,2024,S,F,N,1,108,LAA,114,CLE,2500,,,,,,,
748174,2024-02-29,2024,S,F,N,1,112,CHC,115,COL,4629,,,,,,,
748175,2024-02-29,2024,S,F,N,1,139,TB,144,ATL,2534,,,,,,,
748176,2024-02-29,2024,S,F,N,1,141,TOR,143,PHI,2536,,,,,,,
748177,2024-02-29,2024,S,F,N,1,147,NYY,146,MIA,2523,,,,,,,
748178,2024-02-29,2024,S,F,N,1,144,ATL,142,MIN,5380,,,,,,,
748179,2024-02-29,2024,S,F,N,1,110,BAL,134,PIT,2508,,,,,,,
748180,2024-02-29,2024,S,F,N,1,138,STL,120,WSH,2520,,,,,,,
748181,2024-02-29,2024,S,F,N,1,117,HOU,121,NYM,5000,,,,,,,
748182,2024-02-29,2024,S,F,N,1,111,BOS,116,DET,4309,,,,,,,
748151,2024-03-01,2024,S,F,N,1,137,SF,140,TEX,2532,,,,,,,
748152,2024-03-01,2024,S,F,N,1,115,COL,136,SEA,4249,,,,,,,
748153,2024-03-01,2024,S,F,N,1,112,CHC,145,CWS,4629,,,,,,,
748154,2024-03-01,2024,S,F,N,1,118,KC,133,OAK,2603,,,,,,,
748155,2024-03-01,2024,S,F,N,1,158,MIL,135,SD,2518,,,,,,,
748156,2024-03-01,2024,S,F,N,1,113,CIN,109,AZ,3834,,,,,,,
748157,2024-03-01,2024,S,F,N,1,119,LAD,114,CLE,3809,,,,,,,
748158,2024-03-01,2024,S,F,N,1,135,SD,108,LAA,2530,,,,,,,
748159,2024-03-01,2024,S,F,N,1,143,PHI,146,MIA,2700,,,,,,,
748160,2024-03-01,2024,S,F,N,1,116,DET,143,PHI,2511,,,,,,,
748161,2024-03-01,2024,S,F,N,1,134,PIT,139,TB,2526,,,,,,,
748162,2024-03-01,2024,S,F,N,1,138,STL,121,NYM,2520,,,,,,,
748163,2024-03-01,2024,S,F,N,1,147,NYY,141,TOR,2523,,,,,,,
748164,2024-03-01,2024,S,F,N,1,142,MIN,111,BOS,2862,,,,,,,
748165,2024-03-01,2024,S,F,N,1,120,WSH,117,HOU,5000,,,,,,,
748166,2024-03-01,2024,S,F,N,1,144,ATL,110,BAL,5380,,,,,,,
748135,2024-03-02,2024,S,F,N,1,137,SF,135,SD,2532,,,,,,,
748136,2024-03-02,2024,S,F,N,1,140,TEX,145,CWS,2603,,,,,,,
748137,2024-03-02,2024,S,F,N,1,115,COL,113,CIN,4249,,,,,,,
748138,2024-03-02,2024,S,F,N,1,158,MIL,119,LAD,2518,,,,,,,
748139,2024-03-02,2024,S,F,N,1,136,SEA,133,OAK,2530,,,,,,,
748140,2024-03-02,2024,S,F,N,1,114,CLE,118,KC,3834,,,,,,,
748141,2024-03-02,2024,S,F,N,1,110,BAL,147,NYY,2508,,,,,,,
748142,2024-03-02,2024,S,F,N,1,108,LAA,109,AZ,2500,,,,,,,
748143,2024-03-02,2024,S,F,N,1,119,LAD,112,CHC,3809,,,,,,,
748144,2024-03-02,2024,S,F,N,1,141,TOR,144,ATL,2536,,,,,,,
748145,2024-03-02,2024,S,F,N,1,117,HOU,138,STL,5000,,,,,,,
748146,2024-03-02,2024,S,F,N,1,143,PHI,142,MIN,2700,,,,,,,
748147,2024-03-02,2024,S,F,N,1,116,DET,134,PIT,2511,,,,,,,
748148,2024-03-02,2024,S,F,N,1,139,TB,111,BOS,2534,,,,,,,
748149,2024-03-02,2024,S,F,N,1,146,MIA,121,NYM,2520,,,,,,,
748150,2024-03-02,2024,S,F,N,1,111,BOS,120,WSH,4309,,,,,,,
748119,2024-03-03,2024,S,F,N,1,109,AZ,158,MIL,4249,,,,,,,
748120,2024-03-03,2024,S,F,N,1,108,LAA,145,CWS,2500,,,,,,,
748121,2024-03-03,2024,S,F,N,1,114,CLE,137,SF,3834,,,,,,,
748122,2024-03-03,2024,S,F,N,1,135,SD,136,SEA,2530,,,,,,,
748123,2024-03-03,2024,S,F,N,1,133,OAK,140,TEX,2507,,,,,,,
748124,2024-03-03,2024,S,F,N,1,118,KC,113,CIN,2603,,,,,,,
748125,2024-03-03,2024,S,F,N,1,112,CHC,114,CLE,4629,,,,,,,
748126,2024-03-03,2024,S,F,N,1,119,LAD,115,COL,3809,,,,,,,
748127,2024-03-03,2024,S,F,N,1,144,ATL,143,PHI,5380,,,,,,,
748128,2024-03-03,2024,S,C,N,1,138,STL,146,MIA,2520,,,,,,,
748129,2024-03-03,2024,S,F,N,1,111,BOS,141,TOR,4309,,,,,,,
748130,2024-03-03,2024,S,C,N,1,120,WSH,146,MIA,5000,,,,,,,
748131,2024-03-03,2024,S,F,N,1,121,NYM,117,HOU,2856,,,,,,,
748132,2024-03-03,2024,S,F,N,1,142,MIN,139,TB,2862,,,,,,,
748133,2024-03-03,2024,S,F,N,1,147,NYY,116,DET,2523,,,,,,,
748134,2024-03-03,2024,S,F,N,1,134,PIT,110,BAL,2526,,,,,,,
748106,2024-03-04,2024,S,F,N,1,115,COL,137,SF,4249,,,,,,,
748107,2024-03-04,2024,S,F,N,1,113,CIN,133,OAK,3834,,,,,,,
748109,2024-03-04,2024,S,F,N,1,145,CWS,109,AZ,3809,,,,,,,
748110,2024-03-04,2024,S,F,N,1,135,SD,112,CHC,2530,,,,,,,
748111,2024-03-04,2024,S,F,N,1,140,TEX,108,LAA,2603,,,,,,,
748112,2024-03-04,2024,S,F,N,1,146,MIA,147,NYY,2520,,,,,,,
748113,2024-03-04,2024,S,F,N,1,141,TOR,143,PHI,2536,,,,,,,
748114,2024-03-04,2024,S,F,N,1,142,MIN,144,ATL,2862,,,,,,,
748115,2024-03-04,2024,S,F,N,1,116,DET,111,BOS,2511,,,,,,,
748116,2024-03-04,2024,S,F,N,1,139,TB,134,PIT,2534,,,,,,,
748117,2024-03-04,2024,S,F,N,1,110,BAL,142,MIN,2508,,,,,,,
748118,2024-03-04,2024,S,F,N,1,120,WSH,138,STL,5000,,,,,,,
748094,2024-03-05,2024,S,F,N,1,109,AZ,135,SD,4249,,,,,,,
748095,2024-03-05,2024,S,F,N,1,136,SEA,140,TEX,2530,,,,,,,
748096,2024-03-05,2024,S,F,N,1,114,CLE,136,SEA,3834,,,,,,,
748097,2024-03-05,2024,S,F,N,1,137,SF,158,MIL,2532,,,,,,,
748098,2024-03-05,2024,S,F,N,1,121,NYM,147,NYY,2856,,,,,,,
748099,2024-03-05,2024,S,F,N,1,118,KC,112,CHC,2603,,,,,,,
748100,2024-03-05,2024,S,F,N,1,119,LAD,108,LAA,3809,,,,,,,
748101,2024-03-05,2024,S,F,N,1,117,HOU,146,MIA,5000,,,,,,,
748102,2024-03-05,2024,S,F,N,1,134,PIT,141,TOR,2526,,,,,,,
748103,2024-03-05,2024,S,F,N,1,144,ATL,116,DET,5380,,,,,,,
748104,2024-03-05,2024,S,F,N,1,111,BOS,139,TB,4309,,,,,,,
748105,2024-03-05,2024,S,F,N,1,138,STL,142,MIN,2520,,,,,,,
748108,2024-03-05,2024,S,F,N,1,143,PHI,110,BAL,2700,,,,,,,
748080,2024-03-06,2024,S,F,N,1,113,CIN,158,MIL,3834,,,,,,,
748082,2024-03-06,2024,S,F,N,1,115,COL,140,TEX,4249,,,,,,,
748083,2024-03-06,2024,S,F,N,1,118,KC,136,SEA,2603,,,,,,,
748084,2024-03-06,2024,S,F,N,1,108,LAA,133,OAK,2500,,,,,,,
748085,2024-03-06,2024,S,F,N,1,145,CWS,119,LAD,3809,,,,,,,
748086,2024-03-06,2024,S,F,N,1,158,MIL,114,CLE,2518,,,,,,,
748087,2024-03-06,2024,S,F,N,1,135,SD,113,CIN,2530,,,,,,,
748088,2024-03-06,2024,S,F,N,1,110,BAL,134,PIT,2508,,,,,,,
748089,2024-03-06,2024,S,F,N,1,147,NYY,139,TB,2523,,,,,,,
748090,2024-03-06,2024,S,F,N,1,112,CHC,108,LAA,4629,,,,,,,
748091,2024-03-06,2024,S,C,N,1,117,HOU,121,NYM,5000,,,,,,,
748092,2024-03-06,2024,S,F,N,1,146,MIA,120,WSH,2520,,,,,,,
748093,2024-03-06,2024,S,F,N,1,142,MIN,111,BOS,2862,,,,,,,
748067,2024-03-07,2024,S,F,N,1,145,CWS,158,MIL,3809,,,,,,,
748069,2024-03-07,2024,S,C,N,1,115,COL,118,KC,4249,,,,,,,
748070,2024-03-07,2024,S,C,N,1,137,SF,119,LAD,2532,,,,,,,
748071,2024-03-07,2024,S,C,N,1,133,OAK,114,CLE,2507,,,,,,,
748072,2024-03-07,2024,S,F,N,1,113,CIN,112,CHC,3834,,,,,,,
748073,2024-03-07,2024,S,F,N,1,136,SEA,108,LAA,2530,,,,,,,
748074,2024-03-07,2024,S,F,N,1,140,TEX,109,AZ,2603,,,,,,,
748075,2024-03-07,2024,S,F,N,1,111,BOS,144,ATL,4309,,,,,,,
748076,2024-03-07,2024,S,F,N,1,139,TB,143,PHI,2534,,,,,,,
748077,2024-03-07,2024,S,F,N,1,116,DET,141,TOR,2511,,,,,,,
748078,2024-03-07,2024,S,F,N,1,121,NYM,120,WSH,2856,,,,,,,
748079,2024-03-07,2024,S,F,N,1,138,STL,117,HOU,2520,,,,,,,
748081,2024-03-07,2024,S,F,N,1,147,NYY,116,DET,2523,,,,,,,
748052,2024-03-08,2024,S,F,N,1,112,CHC,136,SEA,4629,,,,,,,
748053,2024-03-08,2024,S,F,N,1,114,CLE,145,CWS,3834,,,,,,,
748054,2024-03-08,2024,S,C,N,1,135,SD,137,SF,2530,,,,,,,
748056,2024-03-08,2024,S,C,N,1,119,LAD,113,CIN,3809,,,,,,,
748057,2024-03-08,2024,S,F,N,1,140,TEX,118,KC,2603,,,,,,,
748058,2024-03-08,2024,S,F,N,1,108,LAA,115,COL,2500,,,,,,,
748059,2024-03-08,2024,S,F,N,1,158,MIL,133,OAK,2518,,,,,,,
748060,2024-03-08,2024,S,F,N,1,141,TOR,147,NYY,2536,,,,,,,
748061,2024-03-08,2024,S,F,N,1,134,PIT,142,MIN,2526,,,,,,,
748062,2024-03-08,2024,S,F,N,1,109,AZ,112,CHC,4249,,,,,,,
748063,2024-03-08,2024,S,F,N,1,146,MIA,121,NYM,2520,,,,,,,
748064,2024-03-08,2024,S,F,N,1,144,ATL,134,PIT,5380,,,,,,,
748065,2024-03-08,2024,S,F,N,1,120,WSH,138,STL,5000,,,,,,,
748066,2024-03-08,2024,S,F,N,1,143,PHI,117,HOU,2700,,,,,,,
748068,2024-03-08,2024,S,F,N,1,110,BAL,116,DET,2508,,,,,,,
761562,2024-03-08,2024,S,F,N,1,133,OAK,158,MIL,5355,,,,,,,
748035,2024-03-09,2024,S,F,N,1,135,SD,145,CWS,2530,,,,,,,
748038,2024-03-09,2024,S,F,N,1,119,LAD,140,TEX,3809,,,,,,,
748039,2024-03-09,2024,S,F,N,1,112,CHC,115,COL,4629,,,,,,,
748040,2024-03-09,2024,S,F,N,1,158,MIL,136,SEA,2518,,,,,,,
748041,2024-03-09,2024,S,F,N,1,137,SF,133,OAK,2532,,,,,,,
748042,2024-03-09,2024,S,F,N,1,109,AZ,113,CIN,4249,,,,,,,
748043,2024-03-09,2024,S,F,N,1,118,KC,109,AZ,2603,,,,,,,
748044,2024-03-09,2024,S,F,N,1,120,WSH,146,MIA,5000,,,,,,,
748045,2024-03-09,2024,S,F,N,1,114,CLE,108,LAA,3834,,,,,,,
748046,2024-03-09,2024,S,F,N,1,142,MIN,147,NYY,2862,,,,,,,
748047,2024-03-09,2024,S,F,N,1,143,PHI,141,TOR,2700,,,,,,,
748048,2024-03-09,2024,S,F,N,1,117,HOU,120,WSH,5000,,,,,,,
748049,2024-03-09,2024,S,F,N,1,138,STL,121,NYM,2520,,,,,,,
748050,2024-03-09,2024,S,F,N,1,116,DET,134,PIT,2511,,,,,,,
748051,2024-03-09,2024,S,F,N,1,139,TB,111,BOS,3049,,,,,,,
748055,2024-03-09,2024,S,F,N,1,144,ATL,110,BAL,5380,,,,,,,
761561,2024-03-09,2024,S,F,N,1,133,OAK,158,MIL,5355,,,,,,,
748020,2024-03-10,2024,S,F,N,1,115,COL,158,MIL,4249,,,,,,,
748021,2024-03-10,2024,S,F,N,1,137,SF,145,CWS,2532,,,,,,,
748022,2024-03-10,2024,S,F,N,1,108,LAA,135,SD,2500,,,,,,,
748023,2024-03-10,2024,S,F,N,1,133,OAK,118,KC,2507,,,,,,,
748024,2024-03-10,2024,S,F,N,1,136,SEA,137,SF,2530,,,,,,,
748025,2024-03-10,2024,S,F,N,1,113,CIN,114,CLE,3834,,,,,,,
748026,2024-03-10,2024,S,F,N,1,140,TEX,112,CHC,2603,,,,,,,
748027,2024-03-10,2024,S,F,N,1,119,LAD,109,AZ,3809,,,,,,,
748028,2024-03-10,2024,S,F,N,1,117,HOU,146,MIA,5000,,,,,,,
748029,2024-03-10,2024,S,F,N,1,147,NYY,144,ATL,2523,,,,,,,
748030,2024-03-10,2024,S,F,N,1,110,BAL,141,TOR,2508,,,,,,,
748031,2024-03-10,2024,S,F,N,1,134,PIT,143,PHI,2526,,,,,,,
748032,2024-03-10,2024,S,F,N,1,142,MIN,120,WSH,2862,,,,,,,
748033,2024-03-10,2024,S,F,N,1,146,MIA,138,STL,2520,,,,,,,
748034,2024-03-10,2024,S,F,N,1,111,BOS,139,TB,3049,,,,,,,
748036,2024-03-10,2024,S,F,N,1,141,TOR,110,BAL,2536,,,,,,,
748037,2024-03-10,2024,S,F,N,1,121,NYM,116,DET,2856,,,,,,,
748006,2024-03-11,2024,S,F,N,1,108,LAA,140,TEX,2500,,,,,,,
748007,2024-03-11,2024,S,F,N,1,136,SEA,135,SD,2530,,,,,,,
748008,2024-03-11,2024,S,F,N,1,118,KC,137,SF,2603,,,,,,,
748009,2024-03-11,2024,S,F,N,1,114,CLE,119,LAD,3834,,,,,,,
748010,2024-03-11,2024,S,F,N,1,143,PHI,147,NYY,2700,,,,,,,
748011,2024-03-11,2024,S,F,N,1,145,CWS,115,COL,3809,,,,,,,
748012,2024-03-11,2024,S,F,N,1,109,AZ,133,OAK,4249,,,,,,,
748013,2024-03-11,2024,S,F,N,1,139,TB,141,TOR,2534,,,,,,,
748014,2024-03-11,2024,S,F,N,1,144,ATL,142,MIN,5380,,,,,,,
748015,2024-03-11,2024,S,F,N,1,111,BOS,134,PIT,4309,,,,,,,
748016,2024-03-11,2024,S,F,N,1,121,NYM,146,MIA,2856,,,,,,,
748017,2024-03-11,2024,S,F,N,1,138,STL,120,WSH,2520,,,,,,,
748018,2024-03-11,2024,S,F,N,1,147,NYY,110,BAL,2523,,,,,,,
748019,2024-03-11,2024,S,F,N,1,117,HOU,116,DET,5000,,,,,,,
747991,2024-03-12,2024,S,F,N,1,112,CHC,158,MIL,4629,,,,,,,
747993,2024-03-12,2024,S,F,N,1,113,CIN,145,CWS,3834,,,,,,,
747994,2024-03-12,2024,S,F,N,1,119,LAD,137,SF,3809,,,,,,,
747995,2024-03-12,2024,S,F,N,1,133,OAK,136,SEA,2507,,,,,,,
747996,2024-03-12,2024,S,F,N,1,140,TEX,114,CLE,2603,,,,,,,
747997,2024-03-12,2024,S,F,N,1,115,COL,118,KC,4249,,,,,,,
747998,2024-03-12,2024,S,F,N,1,141,TOR,147,NYY,2536,,,,,,,
747999,2024-03-12,2024,S,F,N,1,135,SD,109,AZ,2530,,,,,,,
748000,2024-03-12,2024,S,F,N,1,134,PIT,144,ATL,2526,,,,,,,
748001,2024-03-12,2024,S,F,N,1,111,BOS,138,STL,4309,,,,,,,
748002,2024-03-12,2024,S,F,N,1,110,BAL,139,TB,2508,,,,,,,
748003,2024-03-12,2024,S,F,N,1,116,DET,142,MIN,2511,,,,,,,
748004,2024-03-12,2024,S,F,N,1,120,WSH,121,NYM,5000,,,,,,,
748005,2024-03-12,2024,S,F,N,1,146,MIA,117,HOU,2520,,,,,,,
747976,2024-03-13,2024,S,F,N,1,158,MIL,145,CWS,2518,,,,,,,
747978,2024-03-13,2024,S,F,N,1,119,LAD,136,SEA,3809,,,,,,,
747979,2024-03-13,2024,S,F,N,1,135,SD,133,OAK,2530,,,,,,,
747980,2024-03-13,2024,S,F,N,1,137,SF,113,CIN,2532,,,,,,,
747981,2024-03-13,2024,S,F,N,1,109,AZ,115,COL,4249,,,,,,,
747982,2024-03-13,2024,S,F,N,1,114,CLE,112,CHC,3834,,,,,,,
747983,2024-03-13,2024,S,F,N,1,118,KC,108,LAA,2603,,,,,,,
747984,2024-03-13,2024,S,F,N,1,110,BAL,144,ATL,2508,,,,,,,
747985,2024-03-13,2024,S,F,N,1,139,TB,142,MIN,2534,,,,,,,
747986,2024-03-13,2024,S,F,N,1,142,MIN,138,STL,2862,,,,,,,
747987,2024-03-13,2024,S,F,N,1,141,TOR,134,PIT,2536,,,,,,,
747988,2024-03-13,2024,S,F,N,1,146,MIA,120,WSH,2520,,,,,,,
747989,2024-03-13,2024,S,F,N,1,121,NYM,117,HOU,2856,,,,,,,
747990,2024-03-13,2024,S,F,N,1,143,PHI,116,DET,2700,,,,,,,
747992,2024-03-13,2024,S,F,N,1,147,NYY,111,BOS,2523,,,,,,,
747964,2024-03-14,2024,S,F,N,1,136,SEA,158,MIL,2530,,,,,,,
747965,2024-03-14,2024,S,F,N,1,112,CHC,133,OAK,4629,,,,,,,
747966,2024-03-14,2024,S,F,N,1,109,AZ,118,KC,4249,,,,,,,
747967,2024-03-14,2024,S,F,N,1,114,CLE,115,COL,3834,,,,,,,
747968,2024-03-14,2024,S,F,N,1,140,TEX,113,CIN,2603,,,,,,,
747969,2024-03-14,2024,S,F,N,1,145,CWS,108,LAA,3809,,,,,,,
747970,2024-03-14,2024,S,F,N,1,116,DET,147,NYY,2511,,,,,,,
747971,2024-03-14,2024,S,F,N,1,144,ATL,139,TB,5380,,,,,,,
747972,2024-03-14,2024,S,F,N,1,142,MIN,141,TOR,2862,,,,,,,
747973,2024-03-14,2024,S,F,N,1,120,WSH,117,HOU,5000,,,,,,,
747974,2024-03-14,2024,S,F,N,1,138,STL,121,NYM,2520,,,,,,,
747975,2024-03-14,2024,S,F,N,1,143,PHI,111,BOS,2700,,,,,,,
747977,2024-03-14,2024,S,F,N,1,134,PIT,110,BAL,2526,,,,,,,
747949,2024-03-15,2024,S,C,N,1,133,OAK,137,SF,2507,,,,,,,
747950,2024-03-15,2024,S,C,N,1,115,COL,140,TEX,4249,,,,,,,
747951,2024-03-15,2024,S,C,N,1,113,CIN,118,KC,3834,,,,,,,
747952,2024-03-15,2024,S,C,N,1,108,LAA,136,SEA,2500,,,,,,,
747953,2024-03-15,2024,S,F,N,1,118,KC,114,CLE,2603,,,,,,,
747954,2024-03-15,2024,S,C,N,1,158,MIL,109,AZ,2518,,,,,,,
747955,2024-03-15,2024,S,F,N,1,145,CWS,112,CHC,3809,,,,,,,
747956,2024-03-15,2024,S,F,N,1,116,DET,144,ATL,2511,,,,,,,
747957,2024-03-15,2024,S,F,N,1,138,STL,146,MIA,2520,,,,,,,
747958,2024-03-15,2024,S,F,N,1,117,HOU,143,PHI,5000,,,,,,,
747959,2024-03-15,2024,S,F,N,1,111,BOS,142,MIN,4309,,,,,,,
747960,2024-03-15,2024,S,F,N,1,147,NYY,134,PIT,2523,,,,,,,
747961,2024-03-15,2024,S,F,N,1,121,NYM,120,WSH,2856,,,,,,,
747962,2024-03-15,2024,S,F,N,1,141,TOR,116,DET,2536,,,,,,,
747963,2024-03-15,2024,S,F,N,1,139,TB,110,BAL,2534,,,,,,,
747930,2024-03-16,2024,S,F,N,1,133,OAK,158,MIL,2507,,,,,,,
747932,2024-03-16,2024,S,F,N,1,136,SEA,145,CWS,2530,,,,,,,
747933,2024-03-16,2024,S,F,N,1,158,MIL,140,TEX,2518,,,,,,,
747934,2024-03-16,2024,S,F,N,1,145,CWS,137,SF,3809,,,,,,,
747935,2024-03-16,2024,S,F,N,1,113,CIN,136,SEA,3834,,,,,,,
747936,2024-03-16,2024,S,F,N,1,115,COL,133,OAK,4249,,,,,,,
747937,2024-03-16,2024,S,F,N,1,112,CHC,118,KC,4629,,,,,,,
747938,2024-03-16,2024,S,F,N,1,137,SF,114,CLE,2532,,,,,,,
747939,2024-03-16,2024,S,F,N,1,140,TEX,109,AZ,2603,,,,,,,
747940,2024-03-16,2024,S,F,N,1,108,LAA,112,CHC,2500,,,,,,,
747941,2024-03-16,2024,S,F,N,1,146,MIA,143,PHI,2520,,,,,,,
747942,2024-03-16,2024,S,F,N,1,147,NYY,141,TOR,2523,,,,,,,
747943,2024-03-16,2024,S,F,N,1,142,MIN,139,TB,2862,,,,,,,
747944,2024-03-16,2024,S,F,N,1,120,WSH,138,STL,5000,,,,,,,
747945,2024-03-16,2024,S,F,N,1,117,HOU,121,NYM,5000,,,,,,,
747946,2024-03-16,2024,S,F,N,1,144,ATL,134,PIT,5380,,,,,,,
747947,2024-03-16,2024,S,F,N,1,134,PIT,116,DET,2526,,,,,,,
747948,2024-03-16,2024,S,F,N,1,110,BAL,111,BOS,2508,,,,,,,
747914,2024-03-17,2024,S,F,N,1,118,KC,158,MIL,2603,,,,,,,
747915,2024-03-17,2024,S,F,N,1,133,OAK,145,CWS,2507,,,,,,,
747916,2024-03-17,2024,S,F,N,1,112,CHC,140,TEX,4629,,,,,,,
747917,2024-03-17,2024,S,F,N,1,137,SF,115,COL,2532,,,,,,,
747918,2024-03-17,2024,S,F,N,1,114,CLE,113,CIN,3834,,,,,,,
747919,2024-03-17,2024,S,F,N,1,136,SEA,109,AZ,2530,,,,,,,
747920,2024-03-17,2024,S,F,N,1,109,AZ,108,LAA,4249,,,,,,,
747921,2024-03-17,2024,S,F,N,1,111,BOS,147,NYY,4309,,,,,,,
747922,2024-03-17,2024,S,F,N,1,121,NYM,146,MIA,2856,,,,,,,
747923,2024-03-17,2024,S,F,N,1,110,BAL,144,ATL,2508,,,,,,,
747924,2024-03-17,2024,S,F,N,1,141,TOR,142,MIN,2536,,,,,,,
747925,2024-03-17,2024,S,F,N,1,143,PHI,141,TOR,2700,,,,,,,
747926,2024-03-17,2024,S,F,N,1,134,PIT,139,TB,2526,,,,,,,
747927,2024-03-17,2024,S,F,N,1,120,WSH,121,NYM,5000,,,,,,,
747928,2024-03-17,2024,S,F,N,1,138,STL,117,HOU,2520,,,,,,,
747929,2024-03-17,2024,S,F,N,1,144,ATL,111,BOS,5380,,,,,,,
747931,2024-03-17,2024,S,F,N,1,116,DET,110,BAL,2511,,,,,,,
764835,2024-03-17,2024,E,F,N,1,2916,KIW,119,LAD,5150,,,,,,,
764836,2024-03-17,2024,E,F,N,1,135,SD,1171,KOR,5150,,,,,,,
747903,2024-03-18,2024,S,F,N,1,113,CIN,137,SF,3834,,,,,,,
747904,2024-03-18,2024,S,F,N,1,140,TEX,136,SEA,2603,,,,,,,
747905,2024-03-18,2024,S,F,N,1,109,AZ,133,OAK,4249,,,,,,,
747906,2024-03-18,2024,S,F,N,1,145,CWS,114,CLE,3809,,,,,,,
747907,2024-03-18,2024,S,F,N,1,158,MIL,108,LAA,2518,,,,,,,
747908,2024-03-18,2024,S,F,N,1,139,TB,144,ATL,2534,,,,,,,
747909,2024-03-18,2024,S,F,N,1,147,NYY,143,PHI,2523,,,,,,,
747910,2024-03-18,2024,S,F,N,1,143,PHI,134,PIT,2700,,,,,,,
747911,2024-03-18,2024,S,F,N,1,117,HOU,120,WSH,5000,,,,,,,
747912,2024-03-18,2024,S,F,N,1,146,MIA,117,HOU,2520,,,,,,,
747913,2024-03-18,2024,S,F,N,1,142,MIN,111,BOS,2862,,,,,,,
764834,2024-03-18,2024,E,F,N,1,119,LAD,1171,KOR,5150,,,,,,,
764837,2024-03-18,2024,E,F,N,1,2913,LGT,135,SD,5150,,,,,,,
747890,2024-03-19,2024,S,F,N,1,114,CLE,158,MIL,3834,,,,,,,
747891,2024-03-19,2024,S,F,N,1,137,SF,118,KC,2532,,,,,,,
747892,2024-03-19,2024,S,F,N,1,140,TEX,133,OAK,2603,,,,,,,
747893,2024-03-19,2024,S,F,N,1,136,SEA,115,COL,2530,,,,,,,
747894,2024-03-19,2024,S,F,N,1,115,COL,114,CLE,4249,,,,,,,
747895,2024-03-19,2024,S,F,N,1,112,CHC,109,AZ,4629,,,,,,,
747896,2024-03-19,2024,S,F,N,1,108,LAA,113,CIN,2500,,,,,,,
747897,2024-03-19,2024,S,F,N,1,138,STL,146,MIA,2520,,,,,,,
747898,2024-03-19,2024,S,F,N,1,117,HOU,146,MIA,5000,,,,,,,
747899,2024-03-19,2024,S,F,N,1,116,DET,143,PHI,2511,,,,,,,
747900,2024-03-19,2024,S,F,N,1,111,BOS,139,TB,4309,,,,,,,
747901,2024-03-19,2024,S,F,N,1,121,NYM,138,STL,2856,,,,,,,
747902,2024-03-19,2024,S,F,N,1,141,TOR,110,BAL,2536,,,,,,,
745444,2024-03-20,2024,R,F,N,1,135,SD,119,LAD,5150,statsapi/2024/745444.json.gz,110446,9949a67cd4b66f751bf00755a0fee3625ca7f3b5cd3d7e4cb8d6339171a44ed2,,,,
747878,2024-03-20,2024,S,F,N,1,113,CIN,140,TEX,3834,,,,,,,
747879,2024-03-20,2024,S,F,N,1,145,CWS,113,CIN,3809,,,,,,,
747880,2024-03-20,2024,S,F,N,1,109,AZ,115,COL,4249,,,,,,,
747881,2024-03-20,2024,S,F,N,1,108,LAA,137,SF,2500,,,,,,,
747882,2024-03-20,2024,S,F,N,1,133,OAK,112,CHC,2507,,,,,,,
747883,2024-03-20,2024,S,F,N,1,118,KC,108,LAA,2603,,,,,,,
747884,2024-03-20,2024,S,F,N,1,110,BAL,143,PHI,2508,,,,,,,
747885,2024-03-20,2024,S,F,N,1,144,ATL,141,TOR,5380,,,,,,,
747886,2024-03-20,2024,S,F,N,1,120,WSH,138,STL,5000,,,,,,,
747887,2024-03-20,2024,S,F,N,1,147,NYY,134,PIT,2523,,,,,,,
747888,2024-03-20,2024,S,F,N,1,146,MIA,121,NYM,2520,,,,,,,
747889,2024-03-20,2024,S,F,N,1,142,MIN,116,DET,2862,,,,,,,
746175,2024-03-21,2024,R,F,N,1,119,LAD,135,SD,5150,statsapi/2024/746175.json.gz,136381,4487fcb4439df604616c127f54fd5e45b98f20bf0db92662c954faba42bdc8fb,,,,
747865,2024-03-21,2024,S,F,N,1,118,KC,145,CWS,2603,,,,,,,
747867,2024-03-21,2024,S,F,N,1,158,MIL,137,SF,2518,,,,,,,
747868,2024-03-21,2024,S,F,N,1,114,CLE,118,KC,3834,,,,,,,
747869,2024-03-21,2024,S,F,N,1,115,COL,112,CHC,4249,,,,,,,
747870,2024-03-21,2024,S,F,N,1,144,ATL,147,NYY,5380,,,,,,,
747871,2024-03-21,2024,S,F,N,1,136,SEA,113,CIN,2530,,,,,,,
747872,2024-03-21,2024,S,F,N,1,120,WSH,142,MIN,5000,,,,,,,
747873,2024-03-21,2024,S,F,N,1,134,PIT,141,TOR,2526,,,,,,,
747874,2024-03-21,2024,S,F,N,1,143,PHI,139,TB,2700,,,,,,,
747875,2024-03-21,2024,S,F,N,1,116,DET,121,NYM,2511,,,,,,,
747876,2024-03-21,2024,S,F,N,1,138,STL,117,HOU,2520,,,,,,,
747877,2024-03-21,2024,S,F,N,1,111,BOS,110,BAL,4309,,,,,,,
747848,2024-03-22,2024,S,F,N,1,136,SEA,158,MIL,2530,,,,,,,
747849,2024-03-22,2024,S,F,N,1,114,CLE,140,TEX,3834,,,,,,,
747850,2024-03-22,2024,S,F,N,1,108,LAA,145,CWS,2500,,,,,,,
747851,2024-03-22,2024,S,F,N,1,109,AZ,136,SEA,4249,,,,,,,
747852,2024-03-22,2024,S,F,N,1,112,CHC,137,SF,4629,,,,,,,
747853,2024-03-22,2024,S,F,N,1,145,CWS,133,OAK,3809,,,,,,,
747854,2024-03-22,2024,S,F,N,1,158,MIL,118,KC,2518,,,,,,,
747855,2024-03-22,2024,S,F,N,1,133,OAK,113,CIN,2507,,,,,,,
747856,2024-03-22,2024,S,F,N,1,140,TEX,115,COL,2603,,,,,,,
747857,2024-03-22,2024,S,F,N,1,137,SF,112,CHC,2532,,,,,,,
747858,2024-03-22,2024,S,C,N,1,139,TB,142,MIN,2534,,,,,,,
747859,2024-03-22,2024,S,C,N,1,142,MIN,144,ATL,2862,,,,,,,
747860,2024-03-22,2024,S,C,N,1,110,BAL,134,PIT,2508,,,,,,,
747861,2024-03-22,2024,S,C,N,1,146,MIA,138,STL,2520,,,,,,,
747862,2024-03-22,2024,S,C,N,1,117,HOU,120,WSH,5000,,,,,,,
747863,2024-03-22,2024,S,F,N,1,147,NYY,121,NYM,2523,,,,,,,
747864,2024-03-22,2024,S,F,N,1,143,PHI,116,DET,2700,,,,,,,
747866,2024-03-22,2024,S,F,N,1,141,TOR,111,BOS,2536,,,,,,,
747830,2024-03-23,2024,S,F,N,1,112,CHC,158,MIL,4629,,,,,,,
747831,2024-03-23,2024,S,F,N,1,118,KC,140,TEX,2603,,,,,,,
747832,2024-03-23,2024,S,F,N,1,145,CWS,136,SEA,3809,,,,,,,
747833,2024-03-23,2024,S,F,N,1,109,AZ,114,CLE,4249,,,,,,,
747834,2024-03-23,2024,S,F,N,1,113,CIN,115,COL,3834,,,,,,,
747835,2024-03-23,2024,S,F,N,1,137,SF,109,AZ,2532,,,,,,,
747836,2024-03-23,2024,S,F,N,1,133,OAK,108,LAA,2507,,,,,,,
747837,2024-03-23,2024,S,F,N,1,147,NYY,143,PHI,2523,,,,,,,
747838,2024-03-23,2024,S,F,N,1,120,WSH,146,MIA,5000,,,,,,,
747839,2024-03-23,2024,S,F,N,1,116,DET,147,NYY,2511,,,,,,,
747840,2024-03-23,2024,S,F,N,1,110,BAL,141,TOR,2508,,,,,,,
747841,2024-03-23,2024,S,F,N,1,111,BOS,142,MIN,4309,,,,,,,
747842,2024-03-23,2024,S,F,N,1,144,ATL,139,TB,5380,,,,,,,
747843,2024-03-23,2024,S,F,N,1,138,STL,120,WSH,2520,,,,,,,
747844,2024-03-23,2024,S,F,N,1,121,NYM,117,HOU,2856,,,,,,,
747845,2024-03-23,2024,S,F,N,1,141,TOR,116,DET,2536,,,,,,,
747846,2024-03-23,2024,S,F,N,1,134,PIT,111,BOS,2526,,,,,,,
747847,2024-03-23,2024,S,F,N,1,139,TB,110,BAL,2534,,,,,,,
747817,2024-03-24,2024,S,F,N,1,115,COL,145,CWS,4249,,,,,,,
747818,2024-03-24,2024,S,F,N,1,113,CIN,114,CLE,3834,,,,,,,
747819,2024-03-24,2024,S,F,N,1,136,SEA,112,CHC,2530,,,,,,,
747820,2024-03-24,2024,S,F,N,1,158,MIL,109,AZ,2518,,,,,,,
747821,2024-03-24,2024,S,F,N,1,134,PIT,147,NYY,2526,,,,,,,
747822,2024-03-24,2024,S,F,N,1,119,LAD,108,LAA,22,,,,,,,
747823,2024-03-24,2024,S,F,N,1,143,PHI,141,TOR,2700,,,,,,,
747824,2024-03-24,2024,S,F,N,1,111,BOS,144,ATL,4309,,,,,,,
747825,2024-03-24,2024,S,F,N,1,117,HOU,138,STL,5000,,,,,,,
747826,2024-03-24,2024,S,F,N,1,116,DET,139,TB,2511,,,,,,,
747827,2024-03-24,2024,S,F,N,1,146,MIA,121,NYM,2520,,,,,,,
747828,2024-03-24,2024,S,F,N,1,142,MIN,110,BAL,2862,,,,,,,
747829,2024-03-24,2024,S,F,N,1,121,NYM,120,WSH,2856,,,,,,,
764388,2024-03-24,2024,E,F,N,1,137,SF,105,SAC,2529,,,,,,,
766493,2024-03-24,2024,E,F,N,1,532,MEX,147,NYY,5340,,,,,,,
747807,2024-03-25,2024,S,F,N,1,133,OAK,137,SF,10,,,,,,,
747808,2024-03-25,2024,S,F,N,1,135,SD,136,SEA,2680,,,,,,,
747809,2024-03-25,2024,S,F,N,1,109,AZ,114,CLE,15,,,,,,,
747810,2024-03-25,2024,S,F,N,1,158,MIL,115,COL,2518,,,,,,,
747811,2024-03-25,2024,S,F,N,1,119,LAD,108,LAA,22,,,,,,,
747812,2024-03-25,2024,S,F,N,1,140,TEX,111,BOS,5325,,,,,,,
747813,2024-03-25,2024,S,F,N,1,144,ATL,142,MIN,5380,,,,,,,
747814,2024-03-25,2024,E,F,N,1,117,HOU,5434,SUG,2392,,,,,,,
747815,2024-03-25,2024,S,F,N,1,134,PIT,141,TOR,2526,,,,,,,
747816,2024-03-25,2024,S,F,N,1,143,PHI,139,TB,2700,,,,,,,
748338,2024-03-25,2024,S,F,N,1,112,CHC,138,STL,4629,,,,,,,
748868,2024-03-25,2024,S,F,N,1,147,NYY,121,NYM,2523,,,,,,,
764494,2024-03-25,2024,E,F,N,1,1350,NWA,118,KC,3329,,,,,,,
766494,2024-03-25,2024,E,F,N,1,532,MEX,147,NYY,5340,,,,,,,
747798,2024-03-26,2024,S,F,N,1,115,COL,158,MIL,4249,,,,,,,
747799,2024-03-26,2024,S,F,N,1,135,SD,136,SEA,2680,,,,,,,
747800,2024-03-26,2024,S,F,N,1,137,SF,133,OAK,2395,,,,,,,
747801,2024-03-26,2024,S,F,N,1,108,LAA,119,LAD,1,,,,,,,
747802,2024-03-26,2024,S,F,N,1,140,TEX,111,BOS,5325,,,,,,,
747803,2024-03-26,2024,S,F,N,1,109,AZ,114,CLE,15,,,,,,,
747804,2024-03-26,2024,S,F,N,1,142,MIN,144,ATL,2862,,,,,,,
747805,2024-03-26,2024,E,F,N,1,117,HOU,5434,SUG,2392,,,,,,,
747806,2024-03-26,2024,S,F,N,1,139,TB,116,DET,12,,,,,,,
748339,2024-03-26,2024,S,F,N,1,112,CHC,138,STL,4629,,,,,,,
761424,2024-03-26,2024,E,F,N,1,120,WSH,370,WNP,3309,,,,,,,
745039,2024-03-28,2024,R,F,N,1,140,TEX,112,CHC,5325,statsapi/2024/745039.json.gz,140265,5548ac2c2f4809714de2842d77f1342beb8b1167b0abc6dcb467b380a93f74bf,,,,
745116,2024-03-28,2024,R,F,N,1,139,TB,141,TOR,12,statsapi/2024/745116.json.gz,121336,8b4be3bd71b37e008bf27cc3d48d72610162902741a2c1f01053dd9055f06064,,,,
745283,2024-03-28,2024,R,F,N,1,136,SEA,111,BOS,680,statsapi/2024/745283.json.gz,130083,a62be290f39f5e176a79e13941b8fe6a7b58dcdbe7796f63cd37155ecfd514a6,,,,
745445,2024-03-28,2024,R,F,N,1,135,SD,137,SF,2680,statsapi/2024/745445.json.gz,121359,1d01e1551b02e63770ff6cca689b70c949220e396c8e1fbe8b23e9bfb2d420e1,,,,
745687,2024-03-28,2024,R,F,N,1,133,OAK,114,CLE,10,statsapi/2024/745687.json.gz,122455,1beb82a23823444de36015c436635719f702db68c7f60fbbbee566fb92de7e8c,,,,
746089,2024-03-28,2024,R,F,N,1,146,MIA,134,PIT,4169,statsapi/2024/746089.json.gz,150876,ad99f420b55cff941c53a545e22dcdbc2859e1a1dc0916bb8f0d5d339409a325,,,,
746165,2024-03-28,2024,R,F,N,1,119,LAD,138,STL,22,statsapi/2024/746165.json.gz,113928,8c5e69aef59b4e708e047794285deac9735c0a60e59b77a2e18226b37f1d62f8,,,,
746335,2024-03-28,2024,R,F,N,1,118,KC,142,MIN,7,statsapi/2024/746335.json.gz,121127,161272571dea62a57a783fd1fbf5daef24d382398fb35302dafb7a327ba47a17,,,,
746418,2024-03-28,2024,R,F,N,1,117,HOU,147,NYY,2392,statsapi/2024/746418.json.gz,128014,14bf452850fe7d1f74b36e6f33ff4a856a2dd8aad1dde9a86670093365fc0375,,,,
746737,2024-03-28,2024,R,F,N,1,113,CIN,120,WSH,2602,statsapi/2024/746737.json.gz,113887,c63e6a43b2c620973514800d691b4d014e7b8d55da9a89832a28c31f82cdd623,,,,
746821,2024-03-28,2024,R,F,N,1,145,CWS,116,DET,4,statsapi/2024/746821.json.gz,105514,34720b3dcd1966fcace303f89d2f81ae0bb946e38934b1ba88b985c66e7b9a7d,,,,
747060,2024-03-28,2024,R,F,N,1,110,BAL,108,LAA,2,statsapi/2024/747060.json.gz,133943,e044671dc3ad75262ba485cb5c2eb03902dec3f20c5be4949171177fc2bd6d7b,,,,
747224,2024-03-28,2024,R,F,N,1,109,AZ,115,COL,15,statsapi/2024/747224.json.gz,126527,feb5cb7086f474a46f6294d91f3ac9ea051d87a18bfb377aec19b5e3060ff7e9,,,,
745117,2024-03-29,2024,R,F,N,1,139,TB,141,TOR,12,statsapi/2024/745117.json.gz,124954,aca1f9e7b032e5894a79ff2c3b923726e7135f41d34e6ead457e518c6f77af84,,,,
745276,2024-03-29,2024,R,F,N,1,136,SEA,111,BOS,680,statsapi/2024/745276.json.gz,114229,68d96787b53022a85d03ba7c68493936eb7dd2eb5d6905e746575c83d0c67342,,,,
745435,2024-03-29,2024,R,F,N,1,135,SD,137,SF,2680,statsapi/2024/745435.json.gz,123821,14c0d7f0fb146fcaa498dc1af68d83ef105e1c1afb5811ff7f73896d122943dc,,,,
745604,2024-03-29,2024,R,F,N,1,143,PHI,144,ATL,2681,statsapi/2024/745604.json.gz,134408,7d58e5a835e49a8ac1381bafd67fcad6835a0ef207535f5c4ca592369b59574a,,,,
745682,2024-03-29,2024,R,F,N,1,133,OAK,114,CLE,10,statsapi/2024/745682.json.gz,130237,f1461171eee13d435f5da7a41ded7fd9aaea847d08fad34e562dd7ebdc2d4267,,,,
745848,2024-03-29,2024,R,F,N,1,121,NYM,158,MIL,3289,statsapi/2024/745848.json.gz,117020,bb54a1fac5e29c9f3d20a2feeca6656dd54a4787381e57963f22b2aeea21be5a,,,,
746091,2024-03-29,2024,R,F,N,1,146,MIA,134,PIT,4169,statsapi/2024/746091.json.gz,143084,9d408cfd53054eb86d96761f8188015258417e07c577bd6a6f311a5b3458b608,,,,
746167,2024-03-29,2024,R,F,N,1,119,LAD,138,STL,22,statsapi/2024/746167.json.gz,115682,17934b5e5e12b080a6db46708260f1ac5329ea952d4ce7af8a04ba4313bb674d,,,,
746412,2024-03-29,2024,R,F,N,1,117,HOU,147,NYY,2392,statsapi/2024/746412.json.gz,140738,3f7ab5a3b98c9664fe66f393aa06eddb0feeaa118340d1cc8218d945386b631e,,,,
747223,2024-03-29,2024,R,F,N,1,109,AZ,115,COL,15,statsapi/2024/747223.json.gz,119782,9fe754dafb8d46f09740ece7cb07a300cb38a507dace4dfe046024d96e1e84a4,,,,
745037,2024-03-30,2024,R,F,N,1,140,TEX,112,CHC,5325,statsapi/2024/745037.json.gz,123575,3c6eaf60bdbfab36668ed3f641caeaa3f0c97ccb3901e6cf638385c99380f354,,,,
745119,2024-03-30,2024,R,F,N,1,139,TB,141,TOR,12,statsapi/2024/745119.json.gz,131000,e7459e01529527287f7d0f262d251cb76e1a89b5385db4e79e2e699373f3e3be,,,,
745278,2024-03-30,2024,R,F,N,1,136,SEA,111,BOS,680,statsapi/2024/745278.json.gz,128897,ced979d2da8dcee562fb9ecd743b192f22335bc0b073191b9d7e6ac8ae72d28a,,,,
745436,2024-03-30,2024,R,F,N,1,135,SD,137,SF,2680,statsapi/2024/745436.json.gz,138073,149a94451af9707d2a1d2b048c0b4d22aa0b22ff49e70d67d7ba4ea9bf01baad,,,,
745599,2024-03-30,2024,R,F,N,1,143,PHI,144,ATL,2681,statsapi/2024/745599.json.gz,134614,f1d9242613d4509d53a12f69c31965324d5cc1ecb841699fd9d3699a9f040827,,,,
745684,2024-03-30,2024,R,F,N,1,133,OAK,114,CLE,10,statsapi/2024/745684.json.gz,149160,fbce7d78b7e54e788a4d9c2de8b320694a289f5befd99088c9772442b8050ebb,,,,
745850,2024-03-30,2024,R,F,N,1,121,NYM,158,MIL,3289,statsapi/2024/745850.json.gz,134457,0e074de12f2a7859dd555792159ab44029681fb2d90c4c81a540d5fc6792364d,,,,
746087,2024-03-30,2024,R,F,N,1,146,MIA,134,PIT,4169,statsapi/2024/746087.json.gz,137695,b5f947792edb8c12ee4a725c4a0912f8f7f2eb2106648d71fa3721f4bb62d293,,,,
746168,2024-03-30,2024,R,F,N,1,119,LAD,138,STL,22,statsapi/2024/746168.json.gz,146704,2b3b48f25da9edba9a462ba5d85bbeb5384ff7b8389e7cb00fe4b1b16ad65166,,,,
746333,2024-03-30,2024,R,F,N,1,118,KC,142,MIN,7,statsapi/2024/746333.json.gz,127245,1c9e490ee05edcc509b19e6d613c844f615afb528cff2a207fa2b5d5bb2921a2,,,,
746410,2024-03-30,2024,R,F,N,1,117,HOU,147,NYY,2392,statsapi/2024/746410.json.gz,131199,a2353a67d2a839808075317a6e75d7d9660e1a651ec79d22c09db0defd4d0804,,,,
746736,2024-03-30,2024,R,F,N,1,113,CIN,120,WSH,2602,statsapi/2024/746736.json.gz,139316,6c0346d918d46bc43a277b6850a4427aaf1be99edcc65bed166c7157bf25dcab,,,,
746818,2024-03-30,2024,R,F,N,1,145,CWS,116,DET,4,statsapi/2024/746818.json.gz,142379,77ecefdc58b87b5f2c679b96707d9fab64f609354a8dbfb679c69fdd42639992,,,,
747063,2024-03-30,2024,R,F,N,1,110,BAL,108,LAA,2,statsapi/2024/747063.json.gz,137922,dddc4621881c55851c8788841f1bee7bc7076d1a0f655417a62bd16e855e77f8,,,,
747221,2024-03-30,2024,R,F,N,1,109,AZ,115,COL,15,statsapi/2024/747221.json.gz,146460,6e336c3c6422cf018d1dbd9756a95c4e8dfccf37e573cd96c6282d4a437dd096,,,,
745035,2024-03-31,2024,R,F,N,1,140,TEX,112,CHC,5325,statsapi/2024/745035.json.gz,147271,1ca691af42f5ce4e6c984638856ce1b25a5625d62814f6d8adbfae1560e0694a,,,,
745115,2024-03-31,2024,R,F,N,1,139,TB,141,TOR,12,statsapi/2024/745115.json.gz,134152,038089d9034087f1344c495935fcadeb74b694135b77135ba2579936b3bf2a9b,,,,
745279,2024-03-31,2024,R,F,N,1,136,SEA,111,BOS,680,statsapi/2024/745279.json.gz,122269,aba867602be5017e305741da9f6a6501f543822ca2ce00c12e9cfc267af98bc3,,,,
745438,2024-03-31,2024,R,F,N,1,135,SD,137,SF,2680,statsapi/2024/745438.json.gz,136331,12ef8be4741f481efc02d146940d9d4a2f30dfae01fa99a022a875c96711109b,,,,
745602,2024-03-31,2024,R,F,N,1,143,PHI,144,ATL,2681,statsapi/2024/745602.json.gz,121693,752becdd6ca691ef564f2b3a27b686d9e31801c8e89b2778b4f942925b4a5a36,,,,
745683,2024-03-31,2024,R,F,N,1,133,OAK,114,CLE,10,statsapi/2024/745683.json.gz,118030,82a0d5cf4da41cfae16d688e5b811a6dc117e7b707676aad7fb519d1cc971ec9,,,,
745845,2024-03-31,2024,R,F,N,1,121,NYM,158,MIL,3289,statsapi/2024/745845.json.gz,127882,6ec59f5819425f832786bbb9e0d23925d430fcff89d66579b7e8bbf01fb03075,,,,
746090,2024-03-31,2024,R,F,N,1,146,MIA,134,PIT,4169,statsapi/2024/746090.json.gz,147902,85c74c56c38b760aa18aafa3bf204c69b44dd2011b2153ca7ec9380573bc5be3,,,,
746166,2024-03-31,2024,R,F,N,1,119,LAD,138,STL,22,statsapi/2024/746166.json.gz,129719,a4391afd8b3ad7cefd70de55318ee977c444db0620df4230cc5f374eae7ad99b,,,,
746332,2024-03-31,2024,R,F,N,1,118,KC,142,MIN,7,statsapi/2024/746332.json.gz,123316,4172f6368d9cbf637d78ea7e1cf08b6e047f13d412a6dfb044a3568a812e9205,,,,
746413,2024-03-31,2024,R,F,N,1,117,HOU,147,NYY,2392,statsapi/2024/746413.json.gz,129970,38175707fd2cfffca43f4a5c9fe55489b91b9e222618db4111c2a68a49022b21,,,,
746739,2024-03-31,2024,R,F,N,1,113,CIN,120,WSH,2602,statsapi/2024/746739.json.gz,134818,cb72000459c00daabd87ef1b5de9a9838229146ed79ddf25d3b6d75f5dc82a7d,,,,
746815,2024-03-31,2024,R,F,N,1,145,CWS,116,DET,4,statsapi/2024/746815.json.gz,128556,205e9b31219244a055ebb1f276b82ff3a1ddb71ae86269507af85b6056b6c720,,,,
747062,2024-03-31,2024,R,F,N,1,110,BAL,108,LAA,2,statsapi/2024/747062.json.gz,113067,261c1add1a0aaaaf24fbb35951abb6c3f50d37f620cb7230ce460fb4a3e3a92c,,,,
747222,2024-03-31,2024,R,F,N,1,109,AZ,115,COL,15,statsapi/2024/747222.json.gz,113069,88007617d538828ddee5de62660887854eb85feafd25e058cc130be52cd6b750,,,,
744875,2024-04-01,2024,R,F,N,1,120,WSH,134,PIT,3309,statsapi/2024/744875.json.gz,151173,9a13df74241c70475dcd084074b76147ce903b77ef1989b214e72bb1b9cb6565,,,,
745109,2024-04-01,2024,R,F,N,1,139,TB,140,TEX,12,statsapi/2024/745109.json.gz,129137,b900e32702c16d55045e90cad437f3a144b75c23e070c133697abc608c7f81aa,,,,
745277,2024-04-01,2024,R,F,N,1,136,SEA,114,CLE,680,statsapi/2024/745277.json.gz,125144,2102ecbda9d9b738ed3f37bb3279042ee9b3c40b21c809298260d1f3bc45f2e8,,,,
745437,2024-04-01,2024,R,F,N,1,135,SD,138,STL,2680,statsapi/2024/745437.json.gz,126043,ae01506029091387844db739402f801e07e8fa53eb3c680c81e5b6b703a06f55,,,,
745600,2024-04-01,2024,R,F,N,1,143,PHI,113,CIN,2681,statsapi/2024/745600.json.gz,146256,207068bc3d3bdccdc6d6ce151484190aac26914f0f03b31a807c32a8681d8ab3,,,,
745675,2024-04-01,2024,R,F,N,1,133,OAK,111,BOS,10,statsapi/2024/745675.json.gz,130328,fdfde1009434fc15aba1e7a119876d000a0bc52f129bf2b66a7c630972cc4695,,,,
745842,2024-04-01,2024,R,F,N,1,121,NYM,116,DET,3289,statsapi/2024/745842.json.gz,136486,cb954630343a4393f597c49eb2e63d1ee0065dc369eb8d82c6f99f5802024eb2,,,,
746085,2024-04-01,2024,R,F,N,1,146,MIA,108,LAA,4169,statsapi/2024/746085.json.gz,140226,bb1f20d031729395ceef7129cfa291bf90654495ea8bf978a2aa77acfceb2356,,,,
746170,2024-04-01,2024,R,F,N,1,119,LAD,137,SF,22,statsapi/2024/746170.json.gz,135702,e9f1f98e4a9c696af8c9ec275f7660b6c174a3cd0d96dd182e2f7423abe7ef8e,,,,
746409,2024-04-01,2024,R,F,N,1,117,HOU,141,TOR,2392,statsapi/2024/746409.json.gz,102506,b927efe172f25f74dc75fbe73656ab031863805b6362b5fa5e272b51e85c1c9f,,,,
746817,2024-04-01,2024,R,F,N,1,145,CWS,144,ATL,4,statsapi/2024/746817.json.gz,122267,1634796e0c59d56377a35e57a38521778bbbea107fc5c73e609c8b9693c59f88,,,,
746899,2024-04-01,2024,R,F,N,1,112,CHC,115,COL,17,statsapi/2024/746899.json.gz,116159,00ede77ffdce73d88041ce1d074458f5c175584c043157032ad2a637998a0329,,,,
747058,2024-04-01,2024,R,F,N,1,110,BAL,118,KC,2,statsapi/2024/747058.json.gz,121595,5a1e5859e7302ba5bd0c011b8b8e67c3b096972d937392d1c85a78275a47e8a0,,,,
747218,2024-04-01,2024,R,F,N,1,109,AZ,147,NYY,15,statsapi/2024/747218.json.gz,137883,ce5b0522fe6d2a7a1c1e0da77b816975aa8542dd1d86ea8984337737ee04b83e,,,,
745111,2024-04-02,2024,R,F,N,1,139,TB,140,TEX,12,statsapi/2024/745111.json.gz,118582,8492f91026fc242c3c7aab3fcf9c4e89bdab4b927dccf835ae19de4981d2fe84,,,,
745273,2024-04-02,2024,R,F,N,1,136,SEA,114,CLE,680,statsapi/2024/745273.json.gz,124591,194bd333fb3265a987538e2d153536ae97a2e1991f0dab976b5403d266af800c,,,,
745439,2024-04-02,2024,R,F,N,1,135,SD,138,STL,2680,statsapi/2024/745439.json.gz,115355,8fc0efc1685f73661c65b3def5e88a14cda9a4bcb48a740e21c012b76d9b9dc9,,,,
745598,2024-04-02,2024,R,F,N,1,143,PHI,113,CIN,2681,statsapi/2024/745598.json.gz,127040,caba0a979778d45240ba2e898fcadd23185ba1f0cfbbd9e9ac4baf9fcf301867,,,,
745680,2024-04-02,2024,R,F,N,1,133,OAK,111,BOS,10,statsapi/2024/745680.json.gz,148273,bf66c2cf1e1e09d7c7296994ee963707f1d495847cc9b799c61d983ea893f31b,,,,
746009,2024-04-02,2024,R,F,N,1,158,MIL,142,MIN,32,statsapi/2024/746009.json.gz,121219,8a5124b2d656c123626c9a142544a287357e43a5033a4cf6a54f7c1e1f56bc90,,,,
746086,2024-04-02,2024,R,F,N,1,146,MIA,108,LAA,4169,statsapi/2024/746086.json.gz,117367,8a58be7143f073000bfe89a885c23c814b01a086ec4549e402a6525d4ac9c08b,,,,
746169,2024-04-02,2024,R,F,N,1,119,LAD,137,SF,22,statsapi/2024/746169.json.gz,138440,c3e57294ab89bfaf3e566d2d1f10ac0d8546e2fd8a669ffd133a6511f8e4218b,,,,
746411,2024-04-02,2024,R,F,N,1,117,HOU,141,TOR,2392,statsapi/2024/746411.json.gz,112439,ad8bde6eaaaf51cf5abe675a3e1fbcd7166a56954f5f9651f1a93d9d8e885eea,,,,
746814,2024-04-02,2024,R,F,N,1,145,CWS,144,ATL,4,statsapi/2024/746814.json.gz,118105,fb516040df8706e36384917ead73b0fdfd61b67010dfe62ca9d8df8a3803b583,,,,
746898,2024-04-02,2024,R,F,N,1,112,CHC,115,COL,17,statsapi/2024/746898.json.gz,133831,ced42bd964059c99910745e0e1d9b4c0f09b41e3d9481587b91c89af0a0d50ce,,,,
747057,2024-04-02,2024,R,F,N,1,110,BAL,118,KC,2,statsapi/2024/747057.json.gz,113209,8a3f0271d17e77d3ae9ecc903d5e2737d281c05a9ede9b93548045569f6b4e4d,,,,
747220,2024-04-02,2024,R,F,N,1,109,AZ,147,NYY,15,statsapi/2024/747220.json.gz,125599,e20fca1e5f3d85c56e1d2112b6c14c695012833b0a4c42e6bd487a47ce58fc4f,,,,
744869,2024-04-03,2024,R,F,N,1,120,WSH,134,PIT,3309,statsapi/2024/744869.json.gz,123554,2720cbcdc2407cc3b9b25beaccd3c97072f0f18175b02fd8616523f917f793a2,,,,
745114,2024-04-03,2024,R,F,N,1,139,TB,140,TEX,12,statsapi/2024/745114.json.gz,120706,67521806db1266dd2d238d002ef35d09ca9b59a319362926915f3cd3bf393e77,,,,
745275,2024-04-03,2024,R,F,N,1,136,SEA,114,CLE,680,statsapi/2024/745275.json.gz,117650,c4c673d9d2dd53a1ab67485dcc74729eab8e4a37f75ec0da7278c8c30ba3b55e,,,,
745440,2024-04-03,2024,R,F,N,1,135,SD,138,STL,2680,statsapi/2024/745440.json.gz,132554,04a55cc3839f36360f7f0b1d5ccaa4733137ad3c499a9aa566a9ca3a8c4b3b8d,,,,
745603,2024-04-03,2024,R,F,N,1,143,PHI,113,CIN,2681,statsapi/2024/745603.json.gz,127644,96d253772fbea276ee06f95cc597bc059be45a541eaadca2f8c96c25ea456d77,,,,
745678,2024-04-03,2024,R,F,N,1,133,OAK,111,BOS,10,statsapi/2024/745678.json.gz,119628,28a38e016bfdfa6b99c49975c7d05c8c1b9d8687308b39aced6cddc6275848b7,,,,
746008,2024-04-03,2024,R,F,N,1,158,MIL,142,MIN,32,statsapi/2024/746008.json.gz,143762,aaa03514fa3bac109ac5d08d87604483f5bb5be4664c096d042165e01784d71e,,,,
746083,2024-04-03,2024,R,F,N,1,146,MIA,108,LAA,4169,statsapi/2024/746083.json.gz,133556,57722f1473cfc7230806129bc56d2018742cc9371c81a0dc301ada85aa2dec14,,,,
746163,2024-04-03,2024,R,F,N,1,119,LAD,137,SF,22,statsapi/2024/746163.json.gz,120359,ead880521cb475c3ff3f9573314ef9c988fb07dc8e721494d936f21ddfe57c9c,,,,
746407,2024-04-03,2024,R,F,N,1,117,HOU,141,TOR,2392,statsapi/2024/746407.json.gz,134179,b4e15f4dee5b4728a01055a46c8050b25caf5ea0466259e39cb673a69e56b325,,,,
746900,2024-04-03,2024,R,F,N,1,112,CHC,115,COL,17,statsapi/2024/746900.json.gz,143686,7064938c3600a143aff413e2822ea25b355278a3d0bd07193898043a63ec566b,,,,
747059,2024-04-03,2024,R,F,N,1,110,BAL,118,KC,2,statsapi/2024/747059.json.gz,123784,759950925ffec02c837babb95099e01f7796be7cb372ac2a10f8f2cd1221548c,,,,
747219,2024-04-03,2024,R,F,N,1,109,AZ,147,NYY,15,statsapi/2024/747219.json.gz,142081,b4b3911a140d9d6b4f6a973ee59e7aed796554d67af8999b7b65ff7de83dfb9e,,,,
744870,2024-04-04,2024,R,F,N,1,120,WSH,134,PIT,3309,statsapi/2024/744870.json.gz,139664,22a1d970d0675021ee15e5f8455cdbf7d714355c0d17a13677914f92b8c5942a,,,,
745200,2024-04-04,2024,R,F,N,1,138,STL,146,MIA,2889,statsapi/2024/745200.json.gz,136181,8ff6f9e11dcaca3254fec72a704abff4ec7c556d68043e8e5a7bf625b9094492,,,,
745843,2024-04-04,2024,R,F,Y,2,121,NYM,116,DET,3289,statsapi/2024/745843.json.gz,116311,51fdfdf6cc75cb4964b324bbc09ccdb67f6431cf87cdddffb9cbd29c5b92b6b2,,,,
745844,2024-04-04,2024,R,F,Y,1,121,NYM,116,DET,3289,statsapi/2024/745844.json.gz,161699,a5c33ca3c479f85f89b5f5c9fcf34bb9995775cfc31a66183a9f76fae3cdccac,,,,
745928,2024-04-04,2024,R,F,N,1,142,MIN,114,CLE,3312,statsapi/2024/745928.json.gz,136183,c4b072a681b3ecc3753f26fa25c684628be229ee7eddc372716260d43bfc4cbe,,,,
746327,2024-04-04,2024,R,F,N,1,118,KC,145,CWS,7,statsapi/2024/746327.json.gz,126066,25564b7963dbce66f87664066b52750fc4020d6a535cdc0453df48e411ff68f6,,,,
744874,2024-04-05,2024,R,F,N,1,120,WSH,143,PHI,3309,statsapi/2024/744874.json.gz,130011,e94ff693b8386cc6982f75197313d7b7c00def2c85bf3c4252cbb286dcbea07d,,,,
745033,2024-04-05,2024,R,F,N,1,140,TEX,117,HOU,5325,statsapi/2024/745033.json.gz,126723,319c2d96d81de9827ee6cf21d7c8c52039a34ebba83bb3a8bb19d6d6e4a8a42a,,,,
745361,2024-04-05,2024,R,F,N,1,137,SF,135,SD,2395,statsapi/2024/745361.json.gz,120140,4f62828513a50ab3fa6bd927b3ea65af4d68b7116c46a9de761dd58e8bb2c9b6,,,,
745524,2024-04-05,2024,R,F,N,1,134,PIT,110,BAL,31,statsapi/2024/745524.json.gz,116186,0340f2d1cf2a04bf777c380cc9e0ded599dc6d1c5097062415fe3efec78ebbe4,,,,
745764,2024-04-05,2024,R,F,N,1,147,NYY,141,TOR,3313,statsapi/2024/745764.json.gz,138840,f9545ca386db41dfdec063244b484bdcd9325e6c98cf642bb1f8a1ee260009de,,,,
746007,2024-04-05,2024,R,F,N,1,158,MIL,136,SEA,32,statsapi/2024/746007.json.gz,135805,f273d116905d21e18e830822ff9462a6ce195e69c70602ba14c1d4dd73cd0089,,,,
746249,2024-04-05,2024,R,F,N,1,108,LAA,111,BOS,1,statsapi/2024/746249.json.gz,143686,cc397383161d436470138c15e8be719a349ffe809bdffa8418d3f216b0f0d723,,,,
746328,2024-04-05,2024,R,F,N,1,118,KC,145,CWS,7,statsapi/2024/746328.json.gz,117558,731c066e454ed3be09a5289dc61c8e32c0d4e658e9e10436fc787bfbed6db383,,,,
746497,2024-04-05,2024,R,F,N,1,116,DET,133,OAK,2394,statsapi/2024/746497.json.gz,121803,2231d4aab3fcdf58fc73fcc68560dd43d08b64a4cc8dc4e9886f750861a95c36,,,,
746576,2024-04-05,2024,R,F,N,1,115,COL,139,TB,19,statsapi/2024/746576.json.gz,147646,9a5c51667a82d400d905ebcfdd94e05b0089438bd4248743b93de0b618722733,,,,
746733,2024-04-05,2024,R,F,N,1,113,CIN,121,NYM,2602,statsapi/2024/746733.json.gz,135144,cd6ddd173b0a344e972f8a23ee3a819d8786e7dc6b2795afbbc79b0aa7050040,,,,
746897,2024-04-05,2024,R,F,N,1,112,CHC,119,LAD,17,statsapi/2024/746897.json.gz,144751,6ce780ce952cfc2349e87a4b0f1d063de68aec1004172d1b683b3b45167d5d54,,,,
747143,2024-04-05,2024,R,F,N,1,144,ATL,109,AZ,4705,statsapi/2024/747143.json.gz,145914,f6a85ece09e7324d974554ab135ea96e4f206ff4e4028f1ea0b2914e8089ff29,,,,
744873,2024-04-06,2024,R,F,N,1,120,WSH,143,PHI,3309,statsapi/2024/744873.json.gz,128656,c2493d9ba268b9ea3b133b73b8ade1c242768e56f83a47a77af89265a83ebac4,,,,
745031,2024-04-06,2024,R,F,N,1,140,TEX,117,HOU,5325,statsapi/2024/745031.json.gz,135902,3ebe08b0cedb53063be6048ba87f7c6d7dbf872bf841de8e9a90b330f69517cf,,,,
745197,2024-04-06,2024,R,F,N,1,138,STL,146,MIA,2889,statsapi/2024/745197.json.gz,121940,1866612e5cde1910e8acb38a388891412620c343a9aee7a0610373ab3d1343a3,,,,
745359,2024-04-06,2024,R,F,N,1,137,SF,135,SD,2395,statsapi/2024/745359.json.gz,111746,d8f0bdde57a82b231c6d90dbdddd8466c554a16055eaaf7139e5e2d244570236,,,,
745522,2024-04-06,2024,R,F,N,1,134,PIT,110,BAL,31,statsapi/2024/745522.json.gz,148769,38ff47d8918ad0dbf22032d5f4e0fabdfddfec50603b12919074821112a790a2,,,,
745766,2024-04-06,2024,R,F,N,1,147,NYY,141,TOR,3313,statsapi/2024/745766.json.gz,153437,56ca3fbeb993ae28f4df1e1295271ad963a3389eabb9a52bbb63e4f3bc47cf6a,,,,
745926,2024-04-06,2024,R,F,N,1,142,MIN,114,CLE,3312,statsapi/2024/745926.json.gz,139049,1551562e551f68a2e42112799b4ba2940330678ca6a0b661d811b7f88e1240f7,,,,
746006,2024-04-06,2024,R,F,N,1,158,MIL,136,SEA,32,statsapi/2024/746006.json.gz,119031,9eea86daba1bc78dbed0f836ed57846ad522132ea4a6380e7f530463138b5782,,,,
746248,2024-04-06,2024,R,F,N,1,108,LAA,111,BOS,1,statsapi/2024/746248.json.gz,132443,08f840dfcc1a1c443473e226759b76715afd7a6bbb42b3f889e876522724bd72,,,,
746329,2024-04-06,2024,R,F,N,1,118,KC,145,CWS,7,statsapi/2024/746329.json.gz,111782,d513de07acb96ab128d6512f733c467a390ea8b16aa5cdbd9367115a19d9dc94,,,,
746498,2024-04-06,2024,R,F,N,1,116,DET,133,OAK,2394,statsapi/2024/746498.json.gz,126632,7161d748450fbe892c2b786f7dda7c2b293c012a3c0d71ea55777cfe3df2180c,,,,
746575,2024-04-06,2024,R,F,N,1,115,COL,139,TB,19,statsapi/2024/746575.json.gz,143113,8a8e21cf6dcf019a30d94882d1a912faa6dffb1f062a30aaa8d7908a3926a20e,,,,
746731,2024-04-06,2024,R,F,N,1,113,CIN,121,NYM,2602,statsapi/2024/746731.json.gz,139652,28ca11634a2dd38efc8b70edaf0457ef42da3d029ef516d885b3addfa3d694bc,,,,
746896,2024-04-06,2024,R,F,N,1,112,CHC,119,LAD,17,statsapi/2024/746896.json.gz,134587,7d6e562d0eee542d099ca429c4b11cb5cb798ba5860c3118035327716b8ec042,,,,
747140,2024-04-06,2024,R,F,N,1,144,ATL,109,AZ,4705,statsapi/2024/747140.json.gz,136015,5f1f22a7b855d4950c52ee46b86313e064a4f88ad252a46088bace581fcfce8f,,,,
744871,2024-04-07,2024,R,F,N,1,120,WSH,143,PHI,3309,statsapi/2024/744871.json.gz,123694,e9db6cee292b2a93adba3adbc7067ca599948b0c3b52b9fb670732902c7d4136,,,,
745032,2024-04-07,2024,R,F,N,1,140,TEX,117,HOU,5325,statsapi/2024/745032.json.gz,118356,4f7df642c33c3dbe5cd34e11b6fc3e6d13f94fc5d1945a9366dab03eaab234dd,,,,
745198,2024-04-07,2024,R,F,N,1,138,STL,146,MIA,2889,statsapi/2024/745198.json.gz,130158,09440d610282b86e2b91f17a35ab0ed21b75df38331b3c8e9dab75d15c618564,,,,
745362,2024-04-07,2024,R,F,N,1,137,SF,135,SD,2395,statsapi/2024/745362.json.gz,110801,e49b9b0313bc66cc9a6b636c004f4f49d973859ec78582e369b69a85f0c0e010,,,,
745523,2024-04-07,2024,R,F,N,1,134,PIT,110,BAL,31,statsapi/2024/745523.json.gz,106061,7d8b8c7f48e053ff76ed94286e5026e561a0ae7a9ddc72d1adff2961d0c1729c,,,,
745765,2024-04-07,2024,R,F,N,1,147,NYY,141,TOR,3313,statsapi/2024/745765.json.gz,147742,61232a181a0fa668f72d73f0795ad9cb7699542d3a5a906084b5e3a6aa00ee5a,,,,
746003,2024-04-07,2024,R,F,N,1,158,MIL,136,SEA,32,statsapi/2024/746003.json.gz,130781,3d2f46e64b77f0a48cf71599bde457d64124fc9a8b346c8d69b4b38dd609dee1,,,,
746251,2024-04-07,2024,R,F,N,1,108,LAA,111,BOS,1,statsapi/2024/746251.json.gz,153925,fcf33a6625459cf2e3f553daa5d24874b6f8b9d87254440fd246bc984b773cf6,,,,
746330,2024-04-07,2024,R,F,N,1,118,KC,145,CWS,7,statsapi/2024/746330.json.gz,127355,0ae4f8cf7bfc818fd9771e719a6c5924b9c748cc3b8c16d581bbed7a30d51c74,,,,
746493,2024-04-07,2024,R,F,N,1,116,DET,133,OAK,2394,statsapi/2024/746493.json.gz,131953,4a024fd6b8977787f1f0e89d6d480da4edf8da33d43a95271d9f557aeb25abd2,,,,
746574,2024-04-07,2024,R,F,N,1,115,COL,139,TB,19,statsapi/2024/746574.json.gz,133424,575e086a542bd9466bc730240f63e6a86ea410f792ffca7e1320bcfb33f13d3a,,,,
746734,2024-04-07,2024,R,F,N,1,113,CIN,121,NYM,2602,statsapi/2024/746734.json.gz,132442,5855d7fe8d285f427d715123b0f349560de54e58126f89cb104f3f20d0a563ec,,,,
746895,2024-04-07,2024,R,F,N,1,112,CHC,119,LAD,17,statsapi/2024/746895.json.gz,120660,24172ca01655d9a7af816fd28c082afb53df483bf64e6bfd8c92b555bbbce874,,,,
747141,2024-04-07,2024,R,F,N,1,144,ATL,109,AZ,4705,statsapi/2024/747141.json.gz,123519,81739342123b66732f4e1f6754045927e2a201dd440edd5ceef985bc816401d1,,,,
744956,2024-04-08,2024,R,F,N,1,141,TOR,136,SEA,14,statsapi/2024/744956.json.gz,129277,65ccfff8a4a3f2ed865d702c19edb1f7e860a58f0067dcaeafd0407181bef9a3,,,,
745034,2024-04-08,2024,R,F,N,1,140,TEX,117,HOU,5325,statsapi/2024/745034.json.gz,131230,640130ad8ab1778dc65b606b71fd5226d150a404490ca41d58afee66e5ba338b,,,,
745194,2024-04-08,2024,R,F,N,1,138,STL,143,PHI,2889,statsapi/2024/745194.json.gz,134801,80ab672725651fed7cb6b5d716b29a187e2427eb9985367d373c1db0413dafa4,,,,
745363,2024-04-08,2024,R,F,N,1,137,SF,120,WSH,2395,statsapi/2024/745363.json.gz,143785,ea2a12e71e2f17108275b178e96cfa22fed19cb64eee19a90b1c66f1cec4ab00,,,,
745432,2024-04-08,2024,R,F,N,1,135,SD,112,CHC,2680,statsapi/2024/745432.json.gz,140470,45161ed4324a25611503eacc6dbb3c797f39ad5a1c1895a499871e37ebd813a4,,,,
745520,2024-04-08,2024,R,F,N,1,134,PIT,116,DET,31,statsapi/2024/745520.json.gz,132572,268da0670871e0e67d65ca81a5e3168fb4f7478b0c832b6348fe669286bfcdd3,,,,
745761,2024-04-08,2024,R,F,N,1,147,NYY,146,MIA,3313,statsapi/2024/745761.json.gz,110396,7f274c4376bb56f18bdc26f0e4f66e102909252a17bb41f89544c9568255133b,,,,
745925,2024-04-08,2024,R,F,N,1,142,MIN,119,LAD,3312,statsapi/2024/745925.json.gz,119192,5e8eda7986a675c10cee4836e8a9613f9755a79fadee036f4918902a995227e0,,,,
746252,2024-04-08,2024,R,F,N,1,108,LAA,139,TB,1,statsapi/2024/746252.json.gz,119822,13fe59de4c360e625c628b1c412813bc9c43a0084a97eb94c3e8abfaa87fc77d,,,,
746569,2024-04-08,2024,R,F,N,1,115,COL,109,AZ,19,statsapi/2024/746569.json.gz,145782,00d7d6dc5e26f566bc7ed67e1898a043df7a5fab70e438a91b07ac3d1afae960,,,,
746654,2024-04-08,2024,R,F,N,1,114,CLE,145,CWS,5,statsapi/2024/746654.json.gz,127504,a579139562c03b81c4a78dbedb6b380e5d58feeb0db50d5a7b4b9ea9c0e9d196,,,,
746735,2024-04-08,2024,R,F,N,1,113,CIN,158,MIL,2602,statsapi/2024/746735.json.gz,136264,a7d300c1f9372eb64211723946c7172a6877b0712e158ac55e2213addc872b16,,,,
747142,2024-04-08,2024,R,F,N,1,144,ATL,121,NYM,4705,statsapi/2024/747142.json.gz,154408,96888ec24d3da89afdea03dc0ad83b4d1ecb29d59a05d91ba0654fbe143eadeb,,,,
744957,2024-04-09,2024,R,F,N,1,141,TOR,136,SEA,14,statsapi/2024/744957.json.gz,139423,fdf6b8f81374fbacf7044956d012c2716edf9b4f29ee04acab8160e96a3b9d1a,,,,
745030,2024-04-09,2024,R,F,N,1,140,TEX,133,OAK,5325,statsapi/2024/745030.json.gz,121205,274400b26b627a06d7868540ec63b85e923a9bf1a24bd58c1433cfb4878a496e,,,,
745195,2024-04-09,2024,R,F,N,1,138,STL,143,PHI,2889,statsapi/2024/745195.json.gz,125536,5a2985c74cec9b6ed665e09b6babbc8a6a4a0e5d2cbda59e58a085695cf41a32,,,,
745357,2024-04-09,2024,R,F,N,1,137,SF,120,WSH,2395,statsapi/2024/745357.json.gz,137444,471afb938003d1b558e5d2b29c515eee75b6baaf5e943b2d4cbd11a8943ef558,,,,
745433,2024-04-09,2024,R,F,N,1,135,SD,112,CHC,2680,statsapi/2024/745433.json.gz,136121,a59419e7ab826cf93199f4984426d162b6d897a72745ff8a5c767f93a04a0665,,,,
745517,2024-04-09,2024,R,F,N,1,134,PIT,116,DET,31,statsapi/2024/745517.json.gz,122478,97294b058bf9f0be790a8517b4b393e1ba0a4309e3d82d9fa57ead7e16aada74,,,,
745762,2024-04-09,2024,R,F,N,1,147,NYY,146,MIA,3313,statsapi/2024/745762.json.gz,124946,cdf01b4abc64da6aeb3accea8f315cd9bbdd5302afd06c7e64a947eef3e436ca,,,,
745924,2024-04-09,2024,R,F,N,1,142,MIN,119,LAD,3312,statsapi/2024/745924.json.gz,124511,21464aac504611bd989267bdb11e2ac6ff0ef0305ad96c29414d2448da085443,,,,
746250,2024-04-09,2024,R,F,N,1,108,LAA,139,TB,1,statsapi/2024/746250.json.gz,140498,df4d51ce70c7d8312bc5d0a8f3f7137c75153ac80df7681f9f3da0bab77ac52b,,,,
746326,2024-04-09,2024,R,F,N,1,118,KC,117,HOU,7,statsapi/2024/746326.json.gz,142092,3717c5e1329f2cf8b4e03a33ea6c3944faf0774da4f0378e66518e39c74220cb,,,,
746571,2024-04-09,2024,R,F,N,1,115,COL,109,AZ,19,statsapi/2024/746571.json.gz,129832,702d5c5e5e2c319c7b70ba7011131868e70710b6869d2f06e0b991509c6d78ea,,,,
746653,2024-04-09,2024,R,F,N,1,114,CLE,145,CWS,5,statsapi/2024/746653.json.gz,139244,583c274af5c4ee7840a72b4fa6cc99fccc391172c03cc6beb6ce6c62cc469a1a,,,,
746732,2024-04-09,2024,R,F,N,1,113,CIN,158,MIL,2602,statsapi/2024/746732.json.gz,142195,5f8c9ef521556053f297f3008371a8962f17c74b5fc7704f74240a024f95ca87,,,,
746981,2024-04-09,2024,R,F,N,1,111,BOS,110,BAL,3,statsapi/2024/746981.json.gz,127060,aeec4e365efa86c498e20c80fdb88d4147f34f22d50256deb44a60c9d1de217d,,,,
747138,2024-04-09,2024,R,F,N,1,144,ATL,121,NYM,4705,statsapi/2024/747138.json.gz,130953,e5717d1b526e11a219e6f12a1842b798de47da334a9fcaff36a719dde8017683,,,,
744950,2024-04-10,2024,R,F,N,1,141,TOR,136,SEA,14,statsapi/2024/744950.json.gz,128647,2dd9dd0d089dbbdf09f376ecb6a06a4342aaf71e9aa82eb1ca1d9558cf749190,,,,
745024,2024-04-10,2024,R,F,N,1,140,TEX,133,OAK,5325,statsapi/2024/745024.json.gz,123686,a6a8dfd97c7dbcb345a1504d09471af89712b6c79028b8c6f8c1d2f597100cc8,,,,
745196,2024-04-10,2024,R,F,N,1,138,STL,143,PHI,2889,statsapi/2024/745196.json.gz,135667,de6a84e4678ff8d76917f9c169c8f6a2daa8197b4521926ef91a76440c1908dc,,,,
745355,2024-04-10,2024,R,F,N,1,137,SF,120,WSH,2395,statsapi/2024/745355.json.gz,109113,a9214bf0a6fcf291077661e70fc6ccb37a151c09e93ab8798ff2a00873a4facf,,,,
745429,2024-04-10,2024,R,F,N,1,135,SD,112,CHC,2680,statsapi/2024/745429.json.gz,129546,bad55377a39acc2ac80ed830e3f1d77e3f91a463a01831a8227eabdbb94b7342,,,,
745763,2024-04-10,2024,R,F,N,1,147,NYY,146,MIA,3313,statsapi/2024/745763.json.gz,142314,eb1e67a7152caca213b29849fd586ca3f663c1c45bbf81c24570e6138e4dc46f,,,,
745923,2024-04-10,2024,R,F,N,1,142,MIN,119,LAD,3312,statsapi/2024/745923.json.gz,126785,4cb66ec744bd4972a505f5fe3b3509c3ab2cbd3a1574b5fd7b4c1c5a514a4ca1,,,,
746247,2024-04-10,2024,R,F,N,1,108,LAA,139,TB,1,statsapi/2024/746247.json.gz,127756,e502968b934f8b7e3487c2061c95efa4e016cdd5e1ad119183b3b6cd16e43d70,,,,
746323,2024-04-10,2024,R,F,N,1,118,KC,117,HOU,7,statsapi/2024/746323.json.gz,140169,19ab5ab2be4c8cf51dbaa51fb80252de67cf9486365fa6500a174438ca51917d,,,,
746573,2024-04-10,2024,R,F,N,1,115,COL,109,AZ,19,statsapi/2024/746573.json.gz,141246,bb839eaebdfd3495af501f46427be8cdac35b2337045c0df325dff9223b5475a,,,,
746655,2024-04-10,2024,R,F,N,1,114,CLE,145,CWS,5,statsapi/2024/746655.json.gz,137190,66dc54b94103216670a02e818334edbb67d597b3484e43fed666482a1d9cf030,,,,
746728,2024-04-10,2024,R,F,N,1,113,CIN,158,MIL,2602,statsapi/2024/746728.json.gz,118005,79d6ce16965d8853e9d710807e44cc6204562687d569d4a54c75fd973db8e12b,,,,
746980,2024-04-10,2024,R,F,N,1,111,BOS,110,BAL,3,statsapi/2024/746980.json.gz,133537,19147436304749045f2d4fafe32140102a85174a83c9d48e3271f08f55c51397,,,,
745029,2024-04-11,2024,R,F,N,1,140,TEX,133,OAK,5325,statsapi/2024/745029.json.gz,116241,759d257e3cfb07ca1616b7c4723b222a10ce3f44e26fc20c31f1bc78f857a80e,,,,
745601,2024-04-11,2024,R,F,N,1,143,PHI,134,PIT,2681,statsapi/2024/745601.json.gz,116030,f45ccbffbe5c9ca303a72f9d89fcc1bc50ce70372d961418063382563f42f99d,,,,
746322,2024-04-11,2024,R,F,N,1,118,KC,117,HOU,7,statsapi/2024/746322.json.gz,141338,032e1db639b40fbe8eeec835286b54a6d92099e5f29c86c6af66e9eecc24fa29,,,,
746977,2024-04-11,2024,R,F,N,1,111,BOS,110,BAL,3,statsapi/2024/746977.json.gz,147907,c79ef1a2cf1ba04b1d7096a12020780b37bcd6dbf5ba70655572690e4faf55dc,,,,
747137,2024-04-11,2024,R,F,N,1,144,ATL,121,NYM,4705,statsapi/2024/747137.json.gz,140359,97ea04decec627c0d0ae003340a02ce2406e02dfd62186daa27aba5c2e5f7fd2,,,,
744954,2024-04-12,2024,R,F,N,1,141,TOR,115,COL,14,statsapi/2024/744954.json.gz,142223,d22e1b5219b9f80b1e9f132f789702ddf4a19d6dc212262d3898a2be14401e7c,,,,
745112,2024-04-12,2024,R,F,N,1,139,TB,137,SF,12,statsapi/2024/745112.json.gz,127785,4198a219b942265f4047da226fc11e0bee63f291df96752d9ddc167bdd6d5792,,,,
745274,2024-04-12,2024,R,F,N,1,136,SEA,112,CHC,680,statsapi/2024/745274.json.gz,126640,62ff189837f8a4e7a2d6ce78a2f5f4c6c19472f144ccff75bd6a96f8db7ad334,,,,
745596,2024-04-12,2024,R,F,N,1,143,PHI,134,PIT,2681,statsapi/2024/745596.json.gz,134014,352784494469f0f7b1efdb04a17e0bb51cb17f09bd42b700cb9669d593db3bcd,,,,
745679,2024-04-12,2024,R,F,N,1,133,OAK,120,WSH,10,statsapi/2024/745679.json.gz,126166,89b1d9fae96439503c59b6f554eb616e1133c2bfb1bae4e5a4f53dc603837195,,,,
745838,2024-04-12,2024,R,F,N,1,121,NYM,118,KC,3289,statsapi/2024/745838.json.gz,118330,623f421b12b6dc27b0b54c5dbcf9a1cfbc2024fbeff4efa41eae03c8264c9555,,,,
746084,2024-04-12,2024,R,F,N,1,146,MIA,144,ATL,4169,statsapi/2024/746084.json.gz,130144,f031993284e628e23fbd1b201b3ddc8608501a1a2a47cfa1e0490807608cdc35,,,,
746162,2024-04-12,2024,R,F,N,1,119,LAD,135,SD,22,statsapi/2024/746162.json.gz,152350,5f0344aacfc80dd85f0b85a4a1bb7efe2ff4f743b4095f3b636c01d69db63d04,,,,
746408,2024-04-12,2024,R,F,N,1,117,HOU,140,TEX,2392,statsapi/2024/746408.json.gz,152542,0ee6786275751735db9adf5b63537ed2417e8515d800d88d4b638afc077ebea2,,,,
746491,2024-04-12,2024,R,F,N,1,116,DET,142,MIN,2394,statsapi/2024/746491.json.gz,143259,23f031f1cff6ad5ffb1a499a13620ebe29efedc1979c2e0ae5f462ba4942edbf,,,,
746812,2024-04-12,2024,R,F,N,1,145,CWS,113,CIN,4,statsapi/2024/746812.json.gz,140335,32b5602e9f5f82bfd47cbdc75f4424c7d06cdacf190cc526b7763a219d07be90,,,,
746978,2024-04-12,2024,R,F,N,1,111,BOS,108,LAA,3,statsapi/2024/746978.json.gz,119145,bad33a0503d1bf7b7009ff94913b4965bba105268ae1bc4aa24a8c7eaefdcef8,,,,
747055,2024-04-12,2024,R,F,N,1,110,BAL,158,MIL,2,statsapi/2024/747055.json.gz,136893,87026ed9154234a3e60ea7e67ed06dd4cf5d07c696737eee997f1d8b40a4f6ca,,,,
747217,2024-04-12,2024,R,F,N,1,109,AZ,138,STL,15,statsapi/2024/747217.json.gz,136917,81e84104e077613d079eb395ebb792b9aaa646b875e76e8203993e14cd346a83,,,,
744953,2024-04-13,2024,R,F,N,1,141,TOR,115,COL,14,statsapi/2024/744953.json.gz,127959,35ce77b6cf707a558f9218dd3af32db8d4abd9ee74f5a4f9f0f9c625b4647360,,,,
745110,2024-04-13,2024,R,F,N,1,139,TB,137,SF,12,statsapi/2024/745110.json.gz,138601,0e83f773361d4d0fce84870cc8fee671b01d009ae1a7e6d1c1f6eb1f2ed6dcfc,,,,
745272,2024-04-13,2024,R,F,N,1,136,SEA,112,CHC,680,statsapi/2024/745272.json.gz,119388,24b2f274012ce3bd04344fd83787c7bba8815b5cce45beada267f2e732d1b523,,,,
745594,2024-04-13,2024,R,F,N,1,143,PHI,134,PIT,2681,statsapi/2024/745594.json.gz,139410,a679408966c6c78be8ab817c143de431e3f1a75cde54eed21d1726d679fb8dd6,,,,
745676,2024-04-13,2024,R,F,N,1,133,OAK,120,WSH,10,statsapi/2024/745676.json.gz,131999,aabec8ab6f9d6cac4592243c98ef6f0548f16a0e23b464d6b17f0a2dfbd871ed,,,,
745839,2024-04-13,2024,R,F,N,1,121,NYM,118,KC,3289,statsapi/2024/745839.json.gz,145863,ed66fd8e8df8e2d338496da28bda9dfa4c83eef32e70ebd8064fd787d7295282,,,,
746082,2024-04-13,2024,R,F,N,1,146,MIA,144,ATL,4169,statsapi/2024/746082.json.gz,115416,c37e347d3aef9102ec3f0217df87e09257e953e7172edaa020898ad3e76556f3,,,,
746161,2024-04-13,2024,R,F,N,1,119,LAD,135,SD,22,statsapi/2024/746161.json.gz,123100,8e7ebe96d7dcce2f321a7be5fb68277d890b7263629aa7bd506e3bb83f20f20d,,,,
746405,2024-04-13,2024,R,F,N,1,117,HOU,140,TEX,2392,statsapi/2024/746405.json.gz,131800,ed9b4f2f786790fd8f5c8c7041ffcf6bbefced0aaf196fc6998fb6ac5bafb65e,,,,
746489,2024-04-13,2024,R,F,Y,1,116,DET,142,MIN,2394,statsapi/2024/746489.json.gz,156069,44abae9d0660957b631aead486a52ae3d189536db019ae2185746d3bf22689d9,,,,
746490,2024-04-13,2024,R,F,Y,2,116,DET,142,MIN,2394,statsapi/2024/746490.json.gz,117077,cd544f13c4a3ba6bc5ecabd4b40d0fae75e2abb4ac6127073b3fc221be0485c6,,,,
746656,2024-04-13,2024,R,F,S,1,114,CLE,147,NYY,5,statsapi/2024/746656.json.gz,143090,9dd65f270ada4086a7fa8267d3804d63ca158d969b72b6967d269bda2bb5b579,,,,
746658,2024-04-13,2024,R,F,S,2,114,CLE,147,NYY,5,statsapi/2024/746658.json.gz,129190,d8356c9029ccaaafafdbdb77885acdf0834c8f3188d7295ab0298b571ea61e6e,,,,
746811,2024-04-13,2024,R,F,N,1,145,CWS,113,CIN,4,statsapi/2024/746811.json.gz,126642,2257d1668e038ec0489cac46fb140f77b86bc0d8cf1067b137790fa79c301583,,,,
746979,2024-04-13,2024,R,F,N,1,111,BOS,108,LAA,3,statsapi/2024/746979.json.gz,129334,ad3f601f6f5cc5c28d308c5cb8c15c500987b2e58448a590a8ff173efe52afde,,,,
747054,2024-04-13,2024,R,F,N,1,110,BAL,158,MIL,2,statsapi/2024/747054.json.gz,143725,01a54ba69eb5166c8cc3943e2a3eb621e5c39302b2707101a403d7828ee48413,,,,
747215,2024-04-13,2024,R,F,N,1,109,AZ,138,STL,15,statsapi/2024/747215.json.gz,113461,3f8e52952e8d5ad21181b2fd296943c6125ea6ce9f63dc1ac5ace801ccfe64fc,,,,
744952,2024-04-14,2024,R,F,N,1,141,TOR,115,COL,14,statsapi/2024/744952.json.gz,127000,c987546228ed4c75fb3ca42ecd90c3c6899034197d81f0db9be3691699eab7a2,,,,
745113,2024-04-14,2024,R,F,N,1,139,TB,137,SF,12,statsapi/2024/745113.json.gz,118774,53064a50962508d54b540957585ca07cdf3eda7f4e7653d9ce637466cdbdaea0,,,,
745271,2024-04-14,2024,R,F,N,1,136,SEA,112,CHC,680,statsapi/2024/745271.json.gz,127684,bbd1c016f12788c7bb19447337c52b4521bf1fae5e09e34fc46cfca37c6aa90b,,,,
745595,2024-04-14,2024,R,F,N,1,143,PHI,134,PIT,2681,statsapi/2024/745595.json.gz,130727,a0bef717bbb303f6468faebc17cf0ca6671344860abd736a47510155094b8256,,,,
745681,2024-04-14,2024,R,F,N,1,133,OAK,120,WSH,10,statsapi/2024/745681.json.gz,141916,904b4df8b797ce4c8240766b247bfb073f8f0c56ae02c37632143af916f90687,,,,
745841,2024-04-14,2024,R,F,N,1,121,NYM,118,KC,3289,statsapi/2024/745841.json.gz,121696,b1c513a974b1629eb299d1153039bf053aca61bd6d19dda93166728a09ce9b05,,,,
746079,2024-04-14,2024,R,F,N,1,146,MIA,144,ATL,4169,statsapi/2024/746079.json.gz,131805,6770a583c9fbb1426d6ce3c8d5a091c22bcf6ff5c7d180c8ad29220e591aacc6,,,,
746164,2024-04-14,2024,R,F,N,1,119,LAD,135,SD,22,statsapi/2024/746164.json.gz,135084,22856089643b2652a94cc7656305613994fe49761bb743adba7c5815f40437d2,,,,
746404,2024-04-14,2024,R,F,N,1,117,HOU,140,TEX,2392,statsapi/2024/746404.json.gz,123044,13af56a2fdf1b645b4cf96961bd8e68343b1ce5df1cec8b3886f17d5b058ed42,,,,
746492,2024-04-14,2024,R,F,N,1,116,DET,142,MIN,2394,statsapi/2024/746492.json.gz,120269,87515d7f81ea087d87c2109d298aa239b7e69d479fdfbd134dbc7f91ac4cd515,,,,
746648,2024-04-14,2024,R,F,N,1,114,CLE,147,NYY,5,statsapi/2024/746648.json.gz,151211,5543b83421f98735c61dbae2a32c4cd3e10ab2c9a0da45fac9bc7f2849cd82a1,,,,
746810,2024-04-14,2024,R,F,N,1,145,CWS,113,CIN,4,statsapi/2024/746810.json.gz,146623,947903e656721b9a156b9099874a341c08e94f89222967d323b20555fd5ca003,,,,
746975,2024-04-14,2024,R,F,N,1,111,BOS,108,LAA,3,statsapi/2024/746975.json.gz,144782,fd94339a46a23e24a6f837070eed33d12fbf0936e04d38a1ec68fb62bac752af,,,,
747056,2024-04-14,2024,R,F,N,1,110,BAL,158,MIL,2,statsapi/2024/747056.json.gz,131436,a07e36bdbe6daed7de71870e6ce0e50c900a5940945af21b1ea3fd3f61c6467b,,,,
747216,2024-04-14,2024,R,F,N,1,109,AZ,138,STL,15,statsapi/2024/747216.json.gz,120126,dc0f8b276c107cd332f1b017bd28697ef50d9b9f5e40f431a4e2bcecaaa69bb3,,,,
744951,2024-04-15,2024,R,F,N,1,141,TOR,147,NYY,14,statsapi/2024/744951.json.gz,118635,189deb2ad51c7a7af9012444f5ac54a16ca5e206d130b7153b6c1d459bdd13f1,,,,
745106,2024-04-15,2024,R,F,N,1,139,TB,108,LAA,12,statsapi/2024/745106.json.gz,128677,517ad1968a63069110d4016fc761dd1a6abbec24501b4edd2841fbb80ecb544b,,,,
745268,2024-04-15,2024,R,F,N,1,136,SEA,113,CIN,680,statsapi/2024/745268.json.gz,125669,64c6e4d4490d2a08ccd1687db3f0e3e7c1f9906cb2797172ce2877f8eceb5ead,,,,
745597,2024-04-15,2024,R,F,N,1,143,PHI,115,COL,2681,statsapi/2024/745597.json.gz,121073,13c845b03c3813cf0d60678a91fee65148597f9e4bf769a307b7c586c8b44376,,,,
745677,2024-04-15,2024,R,F,N,1,133,OAK,138,STL,10,statsapi/2024/745677.json.gz,114584,2168876db0504d72000932fad9fed8a6d0817864ebc65de0345d43fce577304e,,,,
745840,2024-04-15,2024,R,F,N,1,121,NYM,134,PIT,3289,statsapi/2024/745840.json.gz,133673,73e86104c7a1f90a924681c2f7610eabb995f91fb1994001e4a7c9d96a3dc903,,,,
746002,2024-04-15,2024,R,F,N,1,158,MIL,135,SD,32,statsapi/2024/746002.json.gz,135593,70f12b182a48aa09eefac7d8d6b2d9f30579488362f400247462b61e2800a0c2,,,,
746080,2024-04-15,2024,R,F,N,1,146,MIA,137,SF,4169,statsapi/2024/746080.json.gz,131523,866fa376d92a1209d655c582527b5169b387297fb6c193776f77f1f3a57bdb10,,,,
746158,2024-04-15,2024,R,F,N,1,119,LAD,120,WSH,22,statsapi/2024/746158.json.gz,129435,5f61e5d41e65347cfc33e48e03e9925860daaf0f0a821436ef8f5f9f89a6cae5,,,,
746406,2024-04-15,2024,R,F,N,1,117,HOU,144,ATL,2392,statsapi/2024/746406.json.gz,147784,026db646e50f9d14a9b17cc94d4e654174f4b433244bcbaf766e4355db57a354,,,,
746488,2024-04-15,2024,R,F,N,1,116,DET,140,TEX,2394,statsapi/2024/746488.json.gz,119797,4104109fabcac5ac3269ce97a0c319a49ad985a530cbbb5c224430b6e039b542,,,,
746813,2024-04-15,2024,R,F,N,1,145,CWS,118,KC,4,statsapi/2024/746813.json.gz,118445,3dd62d04f3685683ee357f14e2da08b43d286eebca251a153688a4f2af2ae83b,,,,
746974,2024-04-15,2024,R,F,N,1,111,BOS,114,CLE,3,statsapi/2024/746974.json.gz,128626,6bff094f2060e35fe984d17c7d8a8ae5dad426945f670b3580f75de09e60a18f,,,,
747053,2024-04-15,2024,R,F,N,1,110,BAL,142,MIN,2,statsapi/2024/747053.json.gz,129010,f52270fb89be0406cf094346784bb95d33e7ab995a12a9414cec42e5b4d57520,,,,
747213,2024-04-15,2024,R,F,N,1,109,AZ,112,CHC,15,statsapi/2024/747213.json.gz,154879,61514f77fbd90afe795e42c23f6cb0be2a0290e357c7de58ea57455847a2500e,,,,
744944,2024-04-16,2024,R,F,N,1,141,TOR,147,NYY,14,statsapi/2024/744944.json.gz,139280,a08b0010217acbad7af4c041557130a962324cb43f73b24f77b7208f0a8e9bc7,,,,
745108,2024-04-16,2024,R,F,N,1,139,TB,108,LAA,12,statsapi/2024/745108.json.gz,168388,db3fd2963d86e511a88cac47c69a46c2ea5df5bf4f23d6e771c532cc9da7384d,,,,
745270,2024-04-16,2024,R,F,N,1,136,SEA,113,CIN,680,statsapi/2024/745270.json.gz,141039,5aa57adbc6e6b5d9db01896cc430c8b9ebbbc90a4996ee8108317bdf3e232ed7,,,,
745593,2024-04-16,2024,R,F,N,1,143,PHI,115,COL,2681,statsapi/2024/745593.json.gz,111509,fcabfecfa2dce04668fdcb6e7a1035699a34441fdb9385d00374d1af0a9352d7,,,,
745674,2024-04-16,2024,R,F,N,1,133,OAK,138,STL,10,statsapi/2024/745674.json.gz,122337,c3e0efcb9092ecdffb11e50d8ad80499a0f7a5302c82a716f9be936281171167,,,,
745837,2024-04-16,2024,R,F,N,1,121,NYM,134,PIT,3289,statsapi/2024/745837.json.gz,120579,d4f2f9a64dd3598d690394cd71fbb0959f1227aea2f2e185aba405ff35526375,,,,
746004,2024-04-16,2024,R,F,N,1,158,MIL,135,SD,32,statsapi/2024/746004.json.gz,145381,329d66b96aaee6ead692dca3cd57928286d455e370fe9d5899aa34a8c4446b7b,,,,
746081,2024-04-16,2024,R,F,N,1,146,MIA,137,SF,4169,statsapi/2024/746081.json.gz,138105,4637a0d8324d03417f0edb32b60bbd0887ba3f307226664e5fa08f6af609b2d4,,,,
746157,2024-04-16,2024,R,F,N,1,119,LAD,120,WSH,22,statsapi/2024/746157.json.gz,122094,4d12ac19c68f67bcf3b2a9062a8c34cc7116c5743a1d6a8e2ad37d63f4153002,,,,
746400,2024-04-16,2024,R,F,N,1,117,HOU,144,ATL,2392,statsapi/2024/746400.json.gz,131080,9c82a9ca86fee54a3eea4228bd03992259e07be8ab76de274953fcbaa1e752e3,,,,
746486,2024-04-16,2024,R,F,N,1,116,DET,140,TEX,2394,statsapi/2024/746486.json.gz,120761,0b65c759de09964050fc282cf82eeb5f0f1101e21942b95757011a7fa32ccb03,,,,
746976,2024-04-16,2024,R,F,N,1,111,BOS,114,CLE,3,statsapi/2024/746976.json.gz,164677,f394bd55b9bd4bc6855ccd3cc9eb67fd9d0778a471db0d3c3203af1ba387e5ae,,,,
747051,2024-04-16,2024,R,F,N,1,110,BAL,142,MIN,2,statsapi/2024/747051.json.gz,126827,9a6d0741b88e7eaa339280cf2d0f851816c58e5055cb195c80820e35fc7b05d3,,,,
747214,2024-04-16,2024,R,F,N,1,109,AZ,112,CHC,15,statsapi/2024/747214.json.gz,162073,58686f06db96c216387212428bb800f234fa7fa4f701991e8f6991b2b3253544,,,,
744948,2024-04-17,2024,R,F,N,1,141,TOR,147,NYY,14,statsapi/2024/744948.json.gz,147309,40a7e8c23615002444b02c3d10d2e81fbed72e9225a49b7a6467d36dd9499f4b,,,,
745105,2024-04-17,2024,R,F,N,1,139,TB,108,LAA,12,statsapi/2024/745105.json.gz,134954,84fb2c0c62ac5bd0d3da274e9375d485740e90a7c8a320ff03df1e2d570ad5ef,,,,
745267,2024-04-17,2024,R,F,N,1,136,SEA,113,CIN,680,statsapi/2024/745267.json.gz,127402,cf07db99ef48c0ab59ed85d1405ae59f49afe87be0f29a07388c116bb3e5a017,,,,
745591,2024-04-17,2024,R,F,N,1,143,PHI,115,COL,2681,statsapi/2024/745591.json.gz,134250,0faa05fa707b7daf36991d92aaf67f4fd31e3c0d0f85ebaad39771513e7d9392,,,,
745671,2024-04-17,2024,R,F,N,1,133,OAK,138,STL,10,statsapi/2024/745671.json.gz,127983,c4563831d1320a7dfc82b5bd72546cc2c2343012eccb2e2cfb493fcf0253412c,,,,
745836,2024-04-17,2024,R,F,N,1,121,NYM,134,PIT,3289,statsapi/2024/745836.json.gz,126124,85adb2ee54c7dee2df453754c50c85c10de1e175ba54b317b0ecdb0cf80005ca,,,,
746005,2024-04-17,2024,R,F,N,1,158,MIL,135,SD,32,statsapi/2024/746005.json.gz,108586,9d429c471e4a884fb9b06fd6ba61b3ae12f7087724dac9830f6cf9d2e36770ff,,,,
746076,2024-04-17,2024,R,F,N,1,146,MIA,137,SF,4169,statsapi/2024/746076.json.gz,125958,289b96946d8da8bffcdf2117d077ae31c1347aa4a72eb7f9ec680093f95f3be8,,,,
746159,2024-04-17,2024,R,F,N,1,119,LAD,120,WSH,22,statsapi/2024/746159.json.gz,116989,6e0b957de71db4d9b3d43ab40b19dd12be67b7ccf3e333c2d139ebe935100293,,,,
746401,2024-04-17,2024,R,F,N,1,117,HOU,144,ATL,2392,statsapi/2024/746401.json.gz,153095,cf3351d4482951824b1ea35cf79cbe4a89110559a858d4c41d26bbfd0150d0f1,,,,
746487,2024-04-17,2024,R,F,N,1,116,DET,140,TEX,2394,statsapi/2024/746487.json.gz,128808,0d12d49de7e483fcbc6855fe94c7b6a3b4cab115fdb79467b256a5e6a484a9dc,,,,
746807,2024-04-17,2024,R,F,Y,1,145,CWS,118,KC,4,statsapi/2024/746807.json.gz,136198,3035beaaed54e3be275370e9e8b8e977990c9b8846ebf92a390c2da54177eef1,,,,
746809,2024-04-17,2024,R,F,Y,2,145,CWS,118,KC,4,statsapi/2024/746809.json.gz,123718,58a994e867c906181be166ff569e3f34803cc7f37ada4a15d528673615be77ea,,,,
746973,2024-04-17,2024,R,F,N,1,111,BOS,114,CLE,3,statsapi/2024/746973.json.gz,99754,9378fdbd8c6080a6384fff721e4402c6225d170ebf06421f179e242ed483fa44,,,,
747049,2024-04-17,2024,R,F,N,1,110,BAL,142,MIN,2,statsapi/2024/747049.json.gz,120130,4b82354d21094efa8cfc08492bfcc3257223d576e1e1fb88c9130898fc167a49,,,,
747212,2024-04-17,2024,R,F,N,1,109,AZ,112,CHC,15,statsapi/2024/747212.json.gz,121151,e04b34f0a68f23f6e4cb210e37d1f4b02bf292507e344573ae92cd1169cb2584,,,,
745104,2024-04-18,2024,R,F,N,1,139,TB,108,LAA,12,statsapi/2024/745104.json.gz,113542,a2aa24f917f2c752cc6a6e3e06745127db891adc32fbc95c57a3b16cb5d593d9,,,,
745356,2024-04-18,2024,R,F,N,1,137,SF,109,AZ,2395,statsapi/2024/745356.json.gz,112864,671a9c6b4a8c6790626830da51ad7032843b6fa72a9ee00cd11755939c3105da,,,,
746485,2024-04-18,2024,R,F,N,1,116,DET,140,TEX,2394,statsapi/2024/746485.json.gz,145124,af36c8da29edac400a0a6f3dc1b89f9b16d9bf9f47b206e5eeac3bc83bd45f0c,,,,
746970,2024-04-18,2024,R,F,N,1,111,BOS,114,CLE,3,statsapi/2024/746970.json.gz,130152,51883c8096daaa16755224461209cbe770c431f55f95b03da5e273da3cec340c,,,,
744872,2024-04-19,2024,R,F,N,1,120,WSH,117,HOU,3309,statsapi/2024/744872.json.gz,138408,7d7c36c9bc60b4e92aadcf957c9e7588fde16372dd3715fcd6e4dfef460613bd,,,,
745189,2024-04-19,2024,R,F,N,1,138,STL,158,MIL,2889,statsapi/2024/745189.json.gz,144877,82177dcb50adda4d2eef8d468af456a89ec312a3296e3290695185a11ee6d43f,,,,
745352,2024-04-19,2024,R,F,N,1,137,SF,109,AZ,2395,statsapi/2024/745352.json.gz,143049,3c587a003439a3dbeb651e67e0862d51c62dc45bb33ea16aee60561f49846731,,,,
745430,2024-04-19,2024,R,F,N,1,135,SD,141,TOR,2680,statsapi/2024/745430.json.gz,136498,45460dbb72430323fd783bdd003b8ef85e0d5e7c782413e261de6fff7d0fef01,,,,
745518,2024-04-19,2024,R,F,N,1,134,PIT,111,BOS,31,statsapi/2024/745518.json.gz,126246,276c2663f796f971ee3f5e8c91a7871c4c3ed0d08903d65bab0093162d7df321,,,,
745592,2024-04-19,2024,R,F,N,1,143,PHI,145,CWS,2681,statsapi/2024/745592.json.gz,118574,b386ec71cc0014f29145589671f02700b9dd253e144fbb17f3836778e97c4c1f,,,,
745758,2024-04-19,2024,R,F,N,1,147,NYY,139,TB,3313,statsapi/2024/745758.json.gz,132998,1cfcb946f878843a9eec817568873022009aa3adb9700d52475f73fa73fc4b00,,,,
745922,2024-04-19,2024,R,F,N,1,142,MIN,116,DET,3312,statsapi/2024/745922.json.gz,127831,d8187e47ce7768c226f089d7c62428f05c799c9b559b195f6f367ab8b5b56fb7,,,,
746160,2024-04-19,2024,R,F,N,1,119,LAD,121,NYM,22,statsapi/2024/746160.json.gz,147495,b9c215dc80075bd080ee12a6d453cd004f047872484b320d439d95a1c3265cae,,,,
746325,2024-04-19,2024,R,F,N,1,118,KC,110,BAL,7,statsapi/2024/746325.json.gz,131825,769b360b5e69003e211fdf1bd1188c0fca8b2d7434144ba3131e4ff05e52d47c,,,,
746650,2024-04-19,2024,R,F,N,1,114,CLE,133,OAK,5,statsapi/2024/746650.json.gz,120484,acaa68144d7660d56cb10aefa6b4143c8055990693c903ff1553da1a211ec55d,,,,
746729,2024-04-19,2024,R,F,N,1,113,CIN,108,LAA,2602,statsapi/2024/746729.json.gz,115490,28c33b63ce37f15672f4d12b7a0c1449c583992df416b714c90ae6d795dd916d,,,,
746892,2024-04-19,2024,R,F,N,1,112,CHC,146,MIA,17,statsapi/2024/746892.json.gz,127331,eebb1c674e2872135ba80477c3359ae38c60ebc4f79b7a2a291deeb28e55f460,,,,
747136,2024-04-19,2024,R,F,N,1,144,ATL,140,TEX,4705,statsapi/2024/747136.json.gz,118564,018ff9f0dcd6d90168fd1f7b7ccc2a17cbae9ed1d0094d3a8f2e4d907a76b25e,,,,
744865,2024-04-20,2024,R,F,N,1,120,WSH,117,HOU,3309,statsapi/2024/744865.json.gz,134894,d98aa99c2523b147cb88600987a35daf2830c202d03ea14035311134f40a579c,,,,
745190,2024-04-20,2024,R,F,N,1,138,STL,158,MIL,2889,statsapi/2024/745190.json.gz,149337,6d1c1961705ece72f2d52adc8391a4ee08fc7cd803481a5f3ace39fd1bdf523f,,,,
745354,2024-04-20,2024,R,F,N,1,137,SF,109,AZ,2395,statsapi/2024/745354.json.gz,131301,cdbda0e0cfe9719342fbf7bc9235bd46be2dc1bac827f886bfbcc8a77575c1ee,,,,
745431,2024-04-20,2024,R,F,N,1,135,SD,141,TOR,2680,statsapi/2024/745431.json.gz,124921,4f42ead46347529ed5353c228b968cbda8e94c84a3b54e5471310fbf2b33a17e,,,,
745515,2024-04-20,2024,R,F,N,1,134,PIT,111,BOS,31,statsapi/2024/745515.json.gz,135843,7df25226aa3baa1c2a3de209fb92e24e3d9c02a34b04780b876e4066a6fff36e,,,,
745590,2024-04-20,2024,R,F,N,1,143,PHI,145,CWS,2681,statsapi/2024/745590.json.gz,143197,f5a40eff80ee8f1b7b2cb70b014f6c5cbdf824917724fe5524caf11a47bffdef,,,,
745760,2024-04-20,2024,R,F,N,1,147,NYY,139,TB,3313,statsapi/2024/745760.json.gz,127835,91256b09538df4219c476a818edb4772a54e1f41e4b64c14bf21e7fcbc126e10,,,,
745921,2024-04-20,2024,R,F,N,1,142,MIN,116,DET,3312,statsapi/2024/745921.json.gz,126696,26f762999c6ace317c1ef24838ea808259121fadb4c91a5b99ff943140eec1e4,,,,
746156,2024-04-20,2024,R,F,N,1,119,LAD,121,NYM,22,statsapi/2024/746156.json.gz,150729,236e94ed835c7dc6095fb4b9c06ceaed32b47bc703f2fb834cc6879466aa710d,,,,
746324,2024-04-20,2024,R,F,N,1,118,KC,110,BAL,7,statsapi/2024/746324.json.gz,148173,57e09b6bc4a0d6d4c3bcd5cb0344812456a83cacd82f6f305734998d79585669,,,,
746570,2024-04-20,2024,R,F,N,1,115,COL,136,SEA,19,statsapi/2024/746570.json.gz,129276,64132f1211667cd9b04152d0e0a68f29951e318067d76bc6cf670aa607660651,,,,
746651,2024-04-20,2024,R,F,N,1,114,CLE,133,OAK,5,statsapi/2024/746651.json.gz,131237,0b38f5e502aa1c74075b5fe0da6b9c2fdc04dc7029d877fd56bfe7b71651af65,,,,
746726,2024-04-20,2024,R,F,N,1,113,CIN,108,LAA,2602,statsapi/2024/746726.json.gz,135163,928ba5854de8d76c56188506faa21122d84dfd08137edba0e071b4ed47892d4c,,,,
746891,2024-04-20,2024,R,F,S,2,112,CHC,146,MIA,17,statsapi/2024/746891.json.gz,122093,6e2e33983ea19629fa727745cc7b5707acc8fb39a63fe6f936e4e17f6b16382a,,,,
746893,2024-04-20,2024,R,F,S,1,112,CHC,146,MIA,17,statsapi/2024/746893.json.gz,134755,5fe322752b14d832332fcf87222b85f7ac493ebab77b5c4b9c157682a6432289,,,,
747135,2024-04-20,2024,R,F,N,1,144,ATL,140,TEX,4705,statsapi/2024/747135.json.gz,125295,1bfc005e4b1591e01d657958b6a5c0c5b952d8a721f0f79552113a24b7096e4c,,,,
744866,2024-04-21,2024,R,F,N,1,120,WSH,117,HOU,3309,statsapi/2024/744866.json.gz,119222,1d1f79819f955038f3bd60e01576daa2a91f11b1aa8be13a11a0d95ae6cfbd47,,,,
745192,2024-04-21,2024,R,F,N,1,138,STL,158,MIL,2889,statsapi/2024/745192.json.gz,121156,c230363cbbb939a61459a44f32ae4be9383e139bf80f40aae5cdc7588912fe9c,,,,
745353,2024-04-21,2024,R,F,N,1,137,SF,109,AZ,2395,statsapi/2024/745353.json.gz,127307,d9dd2beef60f0ac2de976be99c0efcc953d5eef2fa69b6a293b1bc174274eacd,,,,
745434,2024-04-21,2024,R,F,N,1,135,SD,141,TOR,2680,statsapi/2024/745434.json.gz,124042,067da9dc8664ee23f72bef0f28427cf9e5cdb10b5710a4d71293e06b452db0dd,,,,
745514,2024-04-21,2024,R,F,N,1,134,PIT,111,BOS,31,statsapi/2024/745514.json.gz,135516,cf23c58321f9a5da5ebdd85716eff064e50b8837020062784a95887e99bda78d,,,,
745588,2024-04-21,2024,R,F,N,1,143,PHI,145,CWS,2681,statsapi/2024/745588.json.gz,123598,57f54e5cc776918b04e28d8ab03d9065af9a21ff090e8de7613231005697ee37,,,,
745759,2024-04-21,2024,R,F,N,1,147,NYY,139,TB,3313,statsapi/2024/745759.json.gz,136818,6a1c8c892ad484738d0d708008e0cec6ba87cdf9018ee2190b8fca2959575bd1,,,,
745920,2024-04-21,2024,R,F,N,1,142,MIN,116,DET,3312,statsapi/2024/745920.json.gz,136964,abfdd7b3a1cba628a0a1aa3bf09eaa6baabdf26d42d1731d5baccbcaa2706444,,,,
746154,2024-04-21,2024,R,F,N,1,119,LAD,121,NYM,22,statsapi/2024/746154.json.gz,123434,a0280d928e13515e1dce7da52504b986ff34cf8eee12f45abfb89b0b21f6fe47,,,,
746316,2024-04-21,2024,R,F,N,1,118,KC,110,BAL,7,statsapi/2024/746316.json.gz,133224,67eef8d21c8668137f6ba983fae0638282cf049f36cc15eff86532a860755c15,,,,
746568,2024-04-21,2024,R,F,S,1,115,COL,136,SEA,19,statsapi/2024/746568.json.gz,135530,28352c419b0424cf8f2e880a0f59418bbc43a12a23ce3e81f15f24219a45b84a,,,,
746572,2024-04-21,2024,R,F,S,2,115,COL,136,SEA,19,statsapi/2024/746572.json.gz,128940,50f2a0f5409cb85a26c67aa37d312039ac213d6f60db7457e3a01cf49a9105bd,,,,
746652,2024-04-21,2024,R,F,N,1,114,CLE,133,OAK,5,statsapi/2024/746652.json.gz,124824,f04e9a14dd88521e947587f06e05305bf7b09ee50b7fc571a0566d2a75a067c5,,,,
746727,2024-04-21,2024,R,F,N,1,113,CIN,108,LAA,2602,statsapi/2024/746727.json.gz,129628,b364b168e27ff1c4ab3df50743b8beaaa255b9ae6ad9c42ce1db0a4b5c57482b,,,,
746894,2024-04-21,2024,R,F,N,1,112,CHC,146,MIA,17,statsapi/2024/746894.json.gz,129938,88d066ab735799f5e8a944870b0b72d2d248f60806e99af772ea54c5df78ca3f,,,,
747133,2024-04-21,2024,R,F,N,1,144,ATL,140,TEX,4705,statsapi/2024/747133.json.gz,121914,92f0739caae7535cb4444f044942d7f9b3a6ebbfa353b3a7f2e94b9b70355c9b,,,,
745107,2024-04-22,2024,R,F,N,1,139,TB,116,DET,12,statsapi/2024/745107.json.gz,121671,460b71598b3472468fdce58dcbe3577b992afcf7755789b920f6671a58998c0c,,,,
745191,2024-04-22,2024,R,F,N,1,138,STL,109,AZ,2889,statsapi/2024/745191.json.gz,120006,f4c4899d7d2777eca29466645a395eb1da5fec986a104f560fd7b030b850083f,,,,
745351,2024-04-22,2024,R,F,N,1,137,SF,121,NYM,2395,statsapi/2024/745351.json.gz,123207,54e56af7fc7d582360f64d512707da1c709fd2905ac8b2c4867905cc41ff1a03,,,,
745519,2024-04-22,2024,R,F,N,1,134,PIT,158,MIL,31,statsapi/2024/745519.json.gz,123438,a686f363d11269ec7b21ad84fe9542bd4baba0e4ffdd01c4fcf8b50af672b8c1,,,,
745757,2024-04-22,2024,R,F,N,1,147,NYY,133,OAK,3313,statsapi/2024/745757.json.gz,122607,4fb731deb6a711a5b43592646b9df3c363dbb1181d0332bd05f0b5b011da7b12,,,,
745916,2024-04-22,2024,R,F,N,1,142,MIN,145,CWS,3312,statsapi/2024/745916.json.gz,119513,8453d0c1ba384a9958fef9b8aa69d12f0f2f328fef0ec2f92f80adeedaca9b07,,,,
746242,2024-04-22,2024,R,F,N,1,108,LAA,110,BAL,1,statsapi/2024/746242.json.gz,128626,bbb5ba04eb0684c153a8cdd7e581fba0d88fe180da2e4ac04e4e290e0868a9f8,,,,
746319,2024-04-22,2024,R,F,N,1,118,KC,141,TOR,7,statsapi/2024/746319.json.gz,125145,3d16a64780bef5c8bb33081b17afcc09439acd813a312240009da54875c49120,,,,
746565,2024-04-22,2024,R,F,N,1,115,COL,135,SD,19,statsapi/2024/746565.json.gz,120670,ca10d49803302bb069f11c8b371bca7a84aad7b80e71a93c97a5e99f4f139e5a,,,,
746723,2024-04-22,2024,R,F,N,1,113,CIN,143,PHI,2602,statsapi/2024/746723.json.gz,112611,a15bf0fbc401664b837718c8d073fd1f4999b25aa2e50464f187cfa671eb72aa,,,,
747134,2024-04-22,2024,R,F,N,1,144,ATL,146,MIA,4705,statsapi/2024/747134.json.gz,116010,e1dcbaddf520739c55d8e1223170191361cc62168c692ad71058f96c9f7fd6b9,,,,
744863,2024-04-23,2024,R,F,N,1,120,WSH,119,LAD,3309,statsapi/2024/744863.json.gz,149056,e2b9f37e62d610075aec55251b512a94c5f23464d01cad64073d2bd687aa336c,,,,
745026,2024-04-23,2024,R,F,N,1,140,TEX,136,SEA,5325,statsapi/2024/745026.json.gz,128623,c8c915d61d61c879cfdaf1a41b0021a37b7e89912e4163a69fc9739a52aab89d,,,,
745102,2024-04-23,2024,R,F,N,1,139,TB,116,DET,12,statsapi/2024/745102.json.gz,121096,a0f79db575ed674bfb6d043018e24f3b85226b04760814116ed68f380cf559e7,,,,
745193,2024-04-23,2024,R,F,N,1,138,STL,109,AZ,2889,statsapi/2024/745193.json.gz,135297,29ff199040c1f162d7b407fefeacd7c14ef2865e100d294b4c76f1ba54fd2791,,,,
745348,2024-04-23,2024,R,F,N,1,137,SF,121,NYM,2395,statsapi/2024/745348.json.gz,115083,44aa8ef15637b3ded251f28c97b9528f824bd3d27d7549cba88d4c6d26b87918,,,,
745516,2024-04-23,2024,R,F,N,1,134,PIT,158,MIL,31,statsapi/2024/745516.json.gz,110946,7d67726cea41c2da2a895fae1ad5b49216a12162632a550c1d247d8f71bddff4,,,,
745754,2024-04-23,2024,R,F,N,1,147,NYY,133,OAK,3313,statsapi/2024/745754.json.gz,125344,efeec57b27e0a5703fba02a7ab229706ae4c2927776bb5842f15de6d31df60d0,,,,
745917,2024-04-23,2024,R,F,N,1,142,MIN,145,CWS,3312,statsapi/2024/745917.json.gz,138592,8b115d974cf3ac63315a4316510428ad749f0a2057e23a95c27749cd2ebf776d,,,,
746246,2024-04-23,2024,R,F,N,1,108,LAA,110,BAL,1,statsapi/2024/746246.json.gz,131817,0ee91baef9a93720e6e1b610a68ad678ff46acde85075ca32580ff49573f61d7,,,,
746321,2024-04-23,2024,R,F,N,1,118,KC,141,TOR,7,statsapi/2024/746321.json.gz,122813,a39fad6117f4ff7aed151b1280f2b46a41fa78c8f18f613baaab65d0afce91fc,,,,
746566,2024-04-23,2024,R,F,N,1,115,COL,135,SD,19,statsapi/2024/746566.json.gz,136680,384b97cbc8b10ffe4a54110f2784cefd0ba467f61e36d1a297a49d890de14e9f,,,,
746647,2024-04-23,2024,R,F,N,1,114,CLE,111,BOS,5,statsapi/2024/746647.json.gz,117051,31473fa3831f76a11d2c9651bc12330178700b9e887c0d7445420bae515449c5,,,,
746722,2024-04-23,2024,R,F,N,1,113,CIN,143,PHI,2602,statsapi/2024/746722.json.gz,126188,dcddef6d418eaccc5797236d25c28d5c147bfa1e4e092175ffeccbe9b70d2185,,,,
746888,2024-04-23,2024,R,F,N,1,112,CHC,117,HOU,17,statsapi/2024/746888.json.gz,128837,e99f0b7b8700f8f269a273c77031a833d9c01cad99e366af45f75c7e7f6be61a,,,,
747130,2024-04-23,2024,R,F,N,1,144,ATL,146,MIA,4705,statsapi/2024/747130.json.gz,101301,e51ff2bdfca3670844a738000803c9fb6757285f7f509bf14f5f41385d110433,,,,
744864,2024-04-24,2024,R,F,N,1,120,WSH,119,LAD,3309,statsapi/2024/744864.json.gz,136097,1ae4dc6af8f152c58aa7a46d7778fdc0d8d6975a095d99d102cd4d8bd27bff05,,,,
745028,2024-04-24,2024,R,F,N,1,140,TEX,136,SEA,5325,statsapi/2024/745028.json.gz,135237,cad23cf04a50c67597d8b58594eb5a248da1888da76d7bc48ba0010d714ea161,,,,
745099,2024-04-24,2024,R,F,N,1,139,TB,116,DET,12,statsapi/2024/745099.json.gz,131590,a5b00e19ec0a312101927f9885e9db3e0701195b5342a101d449422ea9a0eb91,,,,
745188,2024-04-24,2024,R,F,N,1,138,STL,109,AZ,2889,statsapi/2024/745188.json.gz,110142,79ecd7d0c7a7074be43d67a50ffd4762ac46a86415f59e8e7ba1abb54ad6cc38,,,,
745346,2024-04-24,2024,R,F,N,1,137,SF,121,NYM,2395,statsapi/2024/745346.json.gz,147202,792e5f174e319a0a0fd9d668644c20226e7c3905fb048b5ec7eb6ed4f4a3477a,,,,
745513,2024-04-24,2024,R,F,N,1,134,PIT,158,MIL,31,statsapi/2024/745513.json.gz,131730,9a595657dfcaa646445cb16d6786043cafb53d8b7292dd000cd115b5e993f668,,,,
745753,2024-04-24,2024,R,F,N,1,147,NYY,133,OAK,3313,statsapi/2024/745753.json.gz,129766,5abeda9f5b5bb48ffce334aef9ba95354a3e34a916ec85a77fd527c9fd532c42,,,,
745919,2024-04-24,2024,R,F,N,1,142,MIN,145,CWS,3312,statsapi/2024/745919.json.gz,126410,442711b3b3c25ed0e85030f9b4a11bd1f7f874a446f509548224053b0a66aa90,,,,
746244,2024-04-24,2024,R,F,N,1,108,LAA,110,BAL,1,statsapi/2024/746244.json.gz,143562,5628624925ed2d42fee39d8cd65488c0247ebbbf7440bb94ff8aa095d5f4cf8a,,,,
746317,2024-04-24,2024,R,F,N,1,118,KC,141,TOR,7,statsapi/2024/746317.json.gz,127060,243a5fd12f6ad6caacad98372d0b01e1b1e4a43d5099808b72d904253be01120,,,,
746567,2024-04-24,2024,R,F,N,1,115,COL,135,SD,19,statsapi/2024/746567.json.gz,118744,8e4454937dfa0e53508a480af1fff914de377e980fecb2443174b191b742fd2a,,,,
746649,2024-04-24,2024,R,F,N,1,114,CLE,111,BOS,5,statsapi/2024/746649.json.gz,127682,31978294d9c9df246c1302308c9b1847e5e23df108ad26f35222f636e4c7086f,,,,
746725,2024-04-24,2024,R,F,N,1,113,CIN,143,PHI,2602,statsapi/2024/746725.json.gz,147682,f8b80603744a1be82d393c4a67053d23cd354e9372c28991c5bd1bafb6b51d98,,,,
746889,2024-04-24,2024,R,F,N,1,112,CHC,117,HOU,17,statsapi/2024/746889.json.gz,127120,174c9ef9602dab86155cc611499f5ec6d80c2cb8f38b789e1883415970ca8a81,,,,
747132,2024-04-24,2024,R,F,N,1,144,ATL,146,MIA,4705,statsapi/2024/747132.json.gz,131716,88706888d04606387d9e7986c33895214e251d0a30e4f7ddb7bc73dacd9a6cc2,,,,
744867,2024-04-25,2024,R,F,N,1,120,WSH,119,LAD,3309,statsapi/2024/744867.json.gz,132213,53fc4c2c47e6a18260628251a7acc91493d1d30cfbeeaa3e96c9502935f77699,,,,
745027,2024-04-25,2024,R,F,N,1,140,TEX,136,SEA,5325,statsapi/2024/745027.json.gz,120305,be3b942c3993c330c97e1b43cb0d3aff381fc22765dabd6739a03c06a8841a68,,,,
745512,2024-04-25,2024,R,F,N,1,134,PIT,158,MIL,31,statsapi/2024/745512.json.gz,149137,45f319a68c211d6397b3f7bda6ebf1f3ea449596bc9714df28a4ff3dc6457800,,,,
745755,2024-04-25,2024,R,F,N,1,147,NYY,133,OAK,3313,statsapi/2024/745755.json.gz,123407,8bdd8432f7e79ec7d9a8ae6574a4795cd4623bac2fec451cc03e846f70e2c3fb,,,,
745918,2024-04-25,2024,R,F,N,1,142,MIN,145,CWS,3312,statsapi/2024/745918.json.gz,125797,1e932079d9e142a55a1d09960aac7589dcee757fa7f576e9e48618417ae810d6,,,,
746320,2024-04-25,2024,R,F,N,1,118,KC,141,TOR,7,statsapi/2024/746320.json.gz,76998,a37c885d8746d4a061ee3100365c6fe106a19a0c3bc1a17ff663850d676cba7a,,,,
746564,2024-04-25,2024,R,F,N,1,115,COL,135,SD,19,statsapi/2024/746564.json.gz,146110,459270d1953879dfb9ebb87c5b8d8cfa55139ee8eaf7a25b08eeefe1a6fbcc90,,,,
746646,2024-04-25,2024,R,F,N,1,114,CLE,111,BOS,5,statsapi/2024/746646.json.gz,134952,e059e92d46a49eec3e7adfd0163eae77df3942260c1bf525de65ce3827961b07,,,,
746724,2024-04-25,2024,R,F,N,1,113,CIN,143,PHI,2602,statsapi/2024/746724.json.gz,129954,39ac16bc90248402b50154f7329d4fa6625e70dc2b04943633164e1c45dcaf3d,,,,
746887,2024-04-25,2024,R,F,N,1,112,CHC,117,HOU,17,statsapi/2024/746887.json.gz,129913,dfa1dc831ab72ef44d1d35ee18b4549fd0e906fab25e148bad5f3cc5f4af4cf4,,,,
744949,2024-04-26,2024,R,F,N,1,141,TOR,119,LAD,14,statsapi/2024/744949.json.gz,141217,b20339376555285b9cc7600a31b849768936953904382aa02866666edba1a03c,,,,
745025,2024-04-26,2024,R,F,N,1,140,TEX,113,CIN,5325,statsapi/2024/745025.json.gz,115616,4bd43459f1cea5e487d7d3430724c21e14a691348f531b58f3ef2b8bd4ea2be3,,,,
745269,2024-04-26,2024,R,F,N,1,136,SEA,109,AZ,680,statsapi/2024/745269.json.gz,111096,1db402001c2381ea02303d47de0100da52c239a3bbb13bb03f752ee5de0c70ad,,,,
745347,2024-04-26,2024,R,F,N,1,137,SF,134,PIT,2395,statsapi/2024/745347.json.gz,129186,2ed8f6a950949f79662532fa8e636d7f7781fc2acd7379954a23e0ecbdc080d1,,,,
745424,2024-04-26,2024,R,F,N,1,135,SD,143,PHI,2680,statsapi/2024/745424.json.gz,131868,684ad790d69b1726f6df2db0c758c15f4c36827f2f5b75f44ad2d3de881ba608,,,,
745835,2024-04-26,2024,R,F,N,1,121,NYM,138,STL,3289,statsapi/2024/745835.json.gz,118980,e42f56b9d18d67b5099073849740e093ac5a68e1b4be479db1bb3062320667f0,,,,
746000,2024-04-26,2024,R,F,N,1,158,MIL,147,NYY,32,statsapi/2024/746000.json.gz,150234,64d2a3f3708d6a4f4294fd0793f7d8af7ef68676888ca35dfaaad87ed9efffbe,,,,
746078,2024-04-26,2024,R,F,N,1,146,MIA,120,WSH,4169,statsapi/2024/746078.json.gz,114057,85a4739ae30ead84b5c16fa2da01a800ef1c073be657a34cf0534ad7ab17ee56,,,,
746243,2024-04-26,2024,R,F,N,1,108,LAA,142,MIN,1,statsapi/2024/746243.json.gz,133240,45215f4d996bbc77a3cf32c2bced7645e6ce0dbefbeb6266878bbb2dd078f205,,,,
746482,2024-04-26,2024,R,F,N,1,116,DET,118,KC,2394,statsapi/2024/746482.json.gz,130875,e6576c363fae312c2f381be7563dbed13821e6b01ce90213c9fb98a1fdcf0fe2,,,,
746808,2024-04-26,2024,R,F,N,1,145,CWS,139,TB,4,statsapi/2024/746808.json.gz,131936,9db2bb5ec8558bed51c2e665d829a2da35585c927dc80e45bb2e33088cc1ed70,,,,
746972,2024-04-26,2024,R,F,N,1,111,BOS,112,CHC,3,statsapi/2024/746972.json.gz,122777,a0e1de03a13e02b341e65359c79195ffa26b63b99f17f2acefb8a81921858b17,,,,
747050,2024-04-26,2024,R,F,N,1,110,BAL,133,OAK,2,statsapi/2024/747050.json.gz,143493,3606e4828dd8327e8a6f69451a38cf451f6ca25ee4dc991b687b5931b093217d,,,,
747129,2024-04-26,2024,R,F,N,1,144,ATL,114,CLE,4705,statsapi/2024/747129.json.gz,131925,4eb8f2a2b9c1f1bf8c3493686f0da3bfe9d167326bddc1de262204b898daae46,,,,
744946,2024-04-27,2024,R,F,N,1,141,TOR,119,LAD,14,statsapi/2024/744946.json.gz,129839,22789295a0f2966174561a442cd48f2df1e51d0ba8516c79b4d48021d08a6be7,,,,
745020,2024-04-27,2024,R,F,N,1,140,TEX,113,CIN,5325,statsapi/2024/745020.json.gz,132027,90af6d451f47b781b21a030ffe236fd1c9086cd1d931843a9eaae85de6e32a6b,,,,
745266,2024-04-27,2024,R,F,N,1,136,SEA,109,AZ,680,statsapi/2024/745266.json.gz,112515,d8b5983fc8b4e9e29c5046e9f6d001181b5e3d3f1882ac97686ba0a48a40bb28,,,,
745350,2024-04-27,2024,R,F,N,1,137,SF,134,PIT,2395,statsapi/2024/745350.json.gz,131600,5dc1d1ddd79435edfcc9b648e56c35d53be953e029e33d68de372935d60ebd25,,,,
745425,2024-04-27,2024,R,F,N,1,135,SD,143,PHI,2680,statsapi/2024/745425.json.gz,114228,78865cf118fb95315a2a6044d082a09671465e26d6e17cc733b83ef52a09df76,,,,
745833,2024-04-27,2024,R,F,N,1,121,NYM,138,STL,3289,statsapi/2024/745833.json.gz,136169,8a258e9883d079cf171c7ee3fc40819ca7bd017cbc1acd53749ec784c82cc810,,,,
745998,2024-04-27,2024,R,F,N,1,158,MIL,147,NYY,32,statsapi/2024/745998.json.gz,146507,88285f473fe949c63507910a3ec6088b3e62da368c2c930aa05c1c19f61820fa,,,,
746075,2024-04-27,2024,R,F,N,1,146,MIA,120,WSH,4169,statsapi/2024/746075.json.gz,140644,5102ade4d6d0b294376ebcb10e2d1a83159996b1fc0741c6788845c41362166e,,,,
746245,2024-04-27,2024,R,F,N,1,108,LAA,142,MIN,1,statsapi/2024/746245.json.gz,155993,ae7fbbccd93abedcab76fe80d835e4a44ad4e3fa34e99243b9ecaf1c036028cc,,,,
746484,2024-04-27,2024,R,F,N,1,116,DET,118,KC,2394,statsapi/2024/746484.json.gz,132203,615e6f47b710e6c1c7f1c52f1dab4560001b1145c47a142ff421349c7775186b,,,,
746560,2024-04-27,2024,R,F,N,1,115,COL,117,HOU,5340,statsapi/2024/746560.json.gz,130261,ccf14d18af1456df0dc6dedd8f74dcc1e667303d2d4a55ba50bbd82d76b78be3,,,,
746803,2024-04-27,2024,R,F,N,1,145,CWS,139,TB,4,statsapi/2024/746803.json.gz,147822,958836b2c29fb685bd39cdc8e6e7ee1fadf9feafa7014f84b5d0d57cd7f69b11,,,,
746971,2024-04-27,2024,R,F,N,1,111,BOS,112,CHC,3,statsapi/2024/746971.json.gz,144216,a358cf00e6adf112be67896827f447266dfd7ed15a44e175408c083f2ca9aa0e,,,,
747052,2024-04-27,2024,R,F,N,1,110,BAL,133,OAK,2,statsapi/2024/747052.json.gz,108594,0998c78f3ca1b8d667bfca59df71234236eb9adc3a335e72638f19b62a8a3d13,,,,
747131,2024-04-27,2024,R,F,N,1,144,ATL,114,CLE,4705,statsapi/2024/747131.json.gz,132456,b6fa05237406d68e5420717c251540f96e04ebe2ae4762138c73aaf6d635231e,,,,
744947,2024-04-28,2024,R,F,N,1,141,TOR,119,LAD,14,statsapi/2024/744947.json.gz,115013,2e2c58d72af3d4e37b32779efab3e4c83a97ed9f42cfe54ca47622ab5a18c755,,,,
745022,2024-04-28,2024,R,F,N,1,140,TEX,113,CIN,5325,statsapi/2024/745022.json.gz,124110,3e255e4bc10562ce9de2f5335aed56b2841bc2c338c83ef851d9950210c61f90,,,,
745265,2024-04-28,2024,R,F,N,1,136,SEA,109,AZ,680,statsapi/2024/745265.json.gz,120737,02113575e1e91ec45b97216f6acb8c974781372390e9dcedc16664861ac06c34,,,,
745349,2024-04-28,2024,R,F,N,1,137,SF,134,PIT,2395,statsapi/2024/745349.json.gz,121381,bbc27f0ccebfb2b6e19ac3370314764bd9a6584048f29c462064421ce5df13e7,,,,
745428,2024-04-28,2024,R,F,N,1,135,SD,143,PHI,2680,statsapi/2024/745428.json.gz,128927,5a8d16ddede45389ba5df6da0755d421c0b58b98d26c51370c079b4882f56830,,,,
745834,2024-04-28,2024,R,F,N,1,121,NYM,138,STL,3289,statsapi/2024/745834.json.gz,136363,260f76ae2eb1f46199f2a6d34dbfb299cfa2fd2fd293691b3854ea8787f3a076,,,,
746001,2024-04-28,2024,R,F,N,1,158,MIL,147,NYY,32,statsapi/2024/746001.json.gz,162620,5030606656acc1e8ac414057b7a4c11d5a4e811065e8110d1a7af07890e7d497,,,,
746077,2024-04-28,2024,R,F,N,1,146,MIA,120,WSH,4169,statsapi/2024/746077.json.gz,159658,3f770b806b134e894388b48080d0b5d6421c8b233cbfb6b22f0dcbdc532bbf7b,,,,
746237,2024-04-28,2024,R,F,N,1,108,LAA,142,MIN,1,statsapi/2024/746237.json.gz,144803,c768cec650a5a7db9fd59336aafdab5d7b2edb423bb61e87e31d21c9fc72c7ac,,,,
746483,2024-04-28,2024,R,F,N,1,116,DET,118,KC,2394,statsapi/2024/746483.json.gz,112731,b344902f2afb59d6dfef688a93b8a2836a2875a5e6a3c08fb47f8d51899fa545,,,,
746561,2024-04-28,2024,R,F,N,1,115,COL,117,HOU,5340,statsapi/2024/746561.json.gz,96641,eb9e8f7b423acb4fb7ac3897dea4d781ab610ccd50766b45d5726a0b504f9a58,,,,
746805,2024-04-28,2024,R,F,N,1,145,CWS,139,TB,4,statsapi/2024/746805.json.gz,113641,7f33e3443adc05c887e11e8986809b3923d3560984b8678cc91a30d4e0e4aca5,,,,
746967,2024-04-28,2024,R,F,N,1,111,BOS,112,CHC,3,statsapi/2024/746967.json.gz,123471,a03d8e3a8b03367744abc3eaf80d7aa7b1abb5d07fd1fbfb4aaf639e4eae5b5d,,,,
747045,2024-04-28,2024,R,F,N,1,110,BAL,133,OAK,2,statsapi/2024/747045.json.gz,143974,ee0eb71595665aa5e6ea608376f70baf59340ccb04779bc09f194cdd9acca639,,,,
747125,2024-04-28,2024,R,F,N,1,144,ATL,114,CLE,4705,statsapi/2024/747125.json.gz,140722,dbc3a14e486e5cbcead633478a3aeda88a86fd9969bc14a6bc1a16c1620b5804,,,,
744945,2024-04-29,2024,R,F,N,1,141,TOR,118,KC,14,statsapi/2024/744945.json.gz,139221,f798367c4b5fa85a50e6876b5659e978fe7e2531a4e9d675e3affc058663552d,,,,
745263,2024-04-29,2024,R,F,N,1,136,SEA,144,ATL,680,statsapi/2024/745263.json.gz,121627,264d23234f663c8bd0a2040aea090b3d97b014622dc9c7996d2bb3d50636bb8c,,,,
745427,2024-04-29,2024,R,F,N,1,135,SD,113,CIN,2680,statsapi/2024/745427.json.gz,123975,11bfdf5d5634f49a2d73dddd801579b908211315974474c78e25eafc98603333,,,,
745672,2024-04-29,2024,R,F,N,1,133,OAK,134,PIT,10,statsapi/2024/745672.json.gz,120685,5cf6afc6469c984b0a93b35c7a5788c55960aed61df6cf9cb8802f80b304892f,,,,
745832,2024-04-29,2024,R,F,N,1,121,NYM,112,CHC,3289,statsapi/2024/745832.json.gz,108662,63af39bfbaa0053e47005d0a52c46b3dfa36a4f0ff15989ee4c82050726909ef,,,,
745999,2024-04-29,2024,R,F,N,1,158,MIL,139,TB,32,statsapi/2024/745999.json.gz,122623,598c32ddd6906270ed5c260e3176642b78ff070590d8c861aa96d8de2d22c663,,,,
746074,2024-04-29,2024,R,F,N,1,146,MIA,120,WSH,4169,statsapi/2024/746074.json.gz,119962,fbdb0011f3b40ad127c5d37905aef39b417e38bd55e81814e114b4188b8f75ee,,,,
746236,2024-04-29,2024,R,F,N,1,108,LAA,143,PHI,1,statsapi/2024/746236.json.gz,134779,94b567865372d61c55a83a895b0d44fba75c0491308a8e0ed7f4b00e0681d825,,,,
746804,2024-04-29,2024,R,F,N,1,145,CWS,142,MIN,4,statsapi/2024/746804.json.gz,128962,a36d43408409043ec799299ff4169deca5add9d608169c77e83e378769979e69,,,,
747046,2024-04-29,2024,R,F,N,1,110,BAL,147,NYY,2,statsapi/2024/747046.json.gz,121501,ed6075e1e240a7758144df280857d61914d5dc6606e41d5ccd025fcb3cfefb6a,,,,
747211,2024-04-29,2024,R,F,N,1,109,AZ,119,LAD,15,statsapi/2024/747211.json.gz,139420,386084cf614b74f19cb3d2201005c158a08e639539db6239687471f5b8f2e403,,,,
744942,2024-04-30,2024,R,F,N,1,141,TOR,118,KC,14,statsapi/2024/744942.json.gz,117944,f475e3f202de777ef0238177383020c878a1c8c4b9318616a3f116d2cefd2661,,,,
745018,2024-04-30,2024,R,F,N,1,140,TEX,120,WSH,5325,statsapi/2024/745018.json.gz,118959,ad2e00a8f7d76c65c9b864cea709ae098f6c1d2290649f653ba75a261be4bf72,,,,
745260,2024-04-30,2024,R,F,N,1,136,SEA,144,ATL,680,statsapi/2024/745260.json.gz,120879,914d6faf131564a35b1ba5c2c06e75bbf548d8ffa6fa572ea0b31cdcfe8dca0a,,,,
745426,2024-04-30,2024,R,F,N,1,135,SD,113,CIN,2680,statsapi/2024/745426.json.gz,123480,21cc2d1b6a4d861dfad165cf6477abcee20967a13855da13cd7805485fe36851,,,,
745673,2024-04-30,2024,R,F,N,1,133,OAK,134,PIT,10,statsapi/2024/745673.json.gz,127952,47523bf03cfc97eb6f2d56161dd91e48ee88e52ade2655c2c3bc9a3c1e4948af,,,,
745831,2024-04-30,2024,R,F,N,1,121,NYM,112,CHC,3289,statsapi/2024/745831.json.gz,131614,7c3c23b9d3e3d375c850ba4d2f25728e7695a81cddc0be086afb589e2bc77ed3,,,,
745997,2024-04-30,2024,R,F,N,1,158,MIL,139,TB,32,statsapi/2024/745997.json.gz,132085,8f6708c0346a806bb169a432c6f775dc6d8b213d108dbf9aadd77fa5752067a2,,,,
746073,2024-04-30,2024,R,F,N,1,146,MIA,115,COL,4169,statsapi/2024/746073.json.gz,130498,de59effa616b3624f928d3c8183b4d6bc9c22c5193b49b7b18cdf1340f0b9a50,,,,
746239,2024-04-30,2024,R,F,N,1,108,LAA,143,PHI,1,statsapi/2024/746239.json.gz,136499,7be2b8669aa2b7f8a431d3e0b24453319a5abe51746636203c931875b642b32d,,,,
746398,2024-04-30,2024,R,F,N,1,117,HOU,114,CLE,2392,statsapi/2024/746398.json.gz,152337,8baa75337e8f0411d23520987b0e75ff89618501bf282567bcd3cd53f4a89093,,,,
746477,2024-04-30,2024,R,F,Y,1,116,DET,138,STL,2394,statsapi/2024/746477.json.gz,116552,caccbe40fc943e7570cb224eb3c69336be99330e667459a30c3f9a04cb620bec,,,,
746481,2024-04-30,2024,R,F,Y,2,116,DET,138,STL,2394,statsapi/2024/746481.json.gz,153373,99394e790e4b88b609d6c143f58298b7fa41d53e2669f3152af348bb128c77fd,,,,
746806,2024-04-30,2024,R,F,N,1,145,CWS,142,MIN,4,statsapi/2024/746806.json.gz,144663,bc53656b659c052d92e9d55cfee37783a458542cd2a3c17457ade4e5f13d31f6,,,,
746968,2024-04-30,2024,R,F,N,1,111,BOS,137,SF,3,statsapi/2024/746968.json.gz,136632,7382cd3689713a357cfc49a18276bc99a00274c281157915fe03703bfb5b8e08,,,,
747047,2024-04-30,2024,R,F,N,1,110,BAL,147,NYY,2,statsapi/2024/747047.json.gz,111035,9e54834a91ce0335c9665905f97bb6f7746b24f0074d52e73f21736b895ef076,,,,
747210,2024-04-30,2024,R,F,N,1,109,AZ,119,LAD,15,statsapi/2024/747210.json.gz,133095,28530351affb2ac64c1852da34c4f4bc19cbc1bdbcf320dd22fe92e391e80099,,,,
744939,2024-05-01,2024,R,F,N,1,141,TOR,118,KC,14,statsapi/2024/744939.json.gz,121778,5a07e1397a53d9d222ee071c79f9c2a24e83cc130b8abdc68555fb674f9427b9,,,,
745023,2024-05-01,2024,R,F,N,1,140,TEX,120,WSH,5325,statsapi/2024/745023.json.gz,113286,6d4b2d4f2387ad5c2f6fd4ffd65f7088dd6ecdda86674417124ef70d2a6d113a,,,,
745261,2024-05-01,2024,R,F,N,1,136,SEA,144,ATL,680,statsapi/2024/745261.json.gz,129542,c63935e74fd55df512c3f319566ba937e4cdc80bc28f5d9ee116554159c7ac52,,,,
745423,2024-05-01,2024,R,F,N,1,135,SD,113,CIN,2680,statsapi/2024/745423.json.gz,120255,6edfa18c00d0baa469b37eecc64702cbe13f703689a5b8c9aac7cbd67aca691f,,,,
745670,2024-05-01,2024,R,F,N,1,133,OAK,134,PIT,10,statsapi/2024/745670.json.gz,123315,088a32797d873f397a2c184041af538a6539c293b429d5d75ede53382441f135,,,,
745829,2024-05-01,2024,R,F,N,1,121,NYM,112,CHC,3289,statsapi/2024/745829.json.gz,121563,85ec114b1e5bbf85622d977f177530f285b4ad8b9d7a01c5d5c256830836a0f9,,,,
745996,2024-05-01,2024,R,F,N,1,158,MIL,139,TB,32,statsapi/2024/745996.json.gz,129253,47a858384e1886e746737c11283991d6e45d1838e6d2ac216a3a8d456ebd06de,,,,
746072,2024-05-01,2024,R,F,N,1,146,MIA,115,COL,4169,statsapi/2024/746072.json.gz,115765,fd19c62d6954b8519e2204b8ad33d36cc269b3e4d99640c49f403f17bd0ac441,,,,
746238,2024-05-01,2024,R,F,N,1,108,LAA,143,PHI,1,statsapi/2024/746238.json.gz,144541,53329b0660e5dbbea7a0caf088af502d1590afcb37c1494cadc5e07ef80e971d,,,,
746399,2024-05-01,2024,R,F,N,1,117,HOU,114,CLE,2392,statsapi/2024/746399.json.gz,125779,5b2844c5972dbd5fa70c8ea9d7a5472b65869bf0b020924c57e9cae732077ec8,,,,
746478,2024-05-01,2024,R,F,N,1,116,DET,138,STL,2394,statsapi/2024/746478.json.gz,121172,43a93b58db08ca46a19223244cc3a67422c1657fbcbdfe60f65c80a2f84445df,,,,
746800,2024-05-01,2024,R,F,N,1,145,CWS,142,MIN,4,statsapi/2024/746800.json.gz,137998,14e7540a3fdeac06d8f9db298fbcd86f275f2b221cada9d39ce0192cc1f98c04,,,,
746966,2024-05-01,2024,R,F,N,1,111,BOS,137,SF,3,statsapi/2024/746966.json.gz,115020,798882b426c9f11e2f15a8f7e4b5d3447d22acaaa37a2589b06d66d657f9b592,,,,
747048,2024-05-01,2024,R,F,N,1,110,BAL,147,NYY,2,statsapi/2024/747048.json.gz,118880,4d5582c7b6cd48b0468bcfdbb725bd321857e3121aff81a290f0c587609c85d4,,,,
747207,2024-05-01,2024,R,F,N,1,109,AZ,119,LAD,15,statsapi/2024/747207.json.gz,144317,19098b1594d26e7949bbc38b600d81525a0d358621437fd86612bda942b114cd,,,,
745021,2024-05-02,2024,R,F,N,1,140,TEX,120,WSH,5325,statsapi/2024/745021.json.gz,121706,b8603f9a15e196e324e7bdc9ec571384ca16c5bcd8a01250be17f5b4a7b6c5ad,,,,
745830,2024-05-02,2024,R,F,N,1,121,NYM,112,CHC,3289,statsapi/2024/745830.json.gz,153285,6b1d37a7b0836ed6bf4ef47ebfb00f25d2c92da096eeabede08a7d1ed31e309c,,,,
746070,2024-05-02,2024,R,F,N,1,146,MIA,115,COL,4169,statsapi/2024/746070.json.gz,139711,4c7ebd1c1c182d3844fb2110b70d6482d41acc8eddf136b23f0bfc659813ea6f,,,,
746403,2024-05-02,2024,R,F,N,1,117,HOU,114,CLE,2392,statsapi/2024/746403.json.gz,131986,d122a1da9f1d032dd6e24ec62c50a78bf38a347d01600e31f75a2e739d9c18c5,,,,
746969,2024-05-02,2024,R,F,N,1,111,BOS,137,SF,3,statsapi/2024/746969.json.gz,119282,8c1bbcd5e84984da9290ed39bc0bc3968769f576821f6eca32dc1df9f3467681,,,,
747044,2024-05-02,2024,R,F,N,1,110,BAL,147,NYY,2,statsapi/2024/747044.json.gz,125624,0266ba5e6319ee465cdee5fea32d836f39db2bc3725e60f536e2838006eab20e,,,,
744868,2024-05-03,2024,R,F,N,1,120,WSH,141,TOR,3309,statsapi/2024/744868.json.gz,134385,65d23d93e00f393b823fded700e6517a735ab8ef9d7e873dee17f66cdded4f97,,,,
745101,2024-05-03,2024,R,F,N,1,139,TB,121,NYM,12,statsapi/2024/745101.json.gz,134020,5ae70f786b9e3d6e18d0ad32ce9ad333cf39cd9f4c9a268fd0593e89aca1315a,,,,
745187,2024-05-03,2024,R,F,N,1,138,STL,145,CWS,2889,statsapi/2024/745187.json.gz,122351,358aaeda9081437995e8d97f5f07cdaf16f0d77f23672e0004583016d040bf5a,,,,
745510,2024-05-03,2024,R,F,N,1,134,PIT,115,COL,31,statsapi/2024/745510.json.gz,129381,49ba09f1e938b60f71630d51ce32c5b6ac21602a8c4938e1040c15b9ee81c1fd,,,,
745589,2024-05-03,2024,R,F,N,1,143,PHI,137,SF,2681,statsapi/2024/745589.json.gz,138836,6b94f3adbc4381d907de45d1bdd7eac04f276663c0bebdaff75274ac116ec6d6,,,,
745665,2024-05-03,2024,R,F,N,1,133,OAK,146,MIA,10,statsapi/2024/745665.json.gz,120538,9b8d1266c534d97b07ceec770620a20de88cab1895f84cc137701633fb35d3b8,,,,
745756,2024-05-03,2024,R,F,N,1,147,NYY,116,DET,3313,statsapi/2024/745756.json.gz,131492,d24ad0a64103bff09db37b1101ebb31d50a2ff12db40363e8eb2625b917c1a1f,,,,
745914,2024-05-03,2024,R,F,N,1,142,MIN,111,BOS,3312,statsapi/2024/745914.json.gz,121300,289414906ebe6913a25c23199f34126cd2039a6ab21f431180caf3214c6604e9,,,,
746152,2024-05-03,2024,R,F,N,1,119,LAD,144,ATL,22,statsapi/2024/746152.json.gz,146253,a3b65da03333a008502b8385653a8aa6f49fd00878dade9978c395f634edcfd1,,,,
746318,2024-05-03,2024,R,F,N,1,118,KC,140,TEX,7,statsapi/2024/746318.json.gz,129900,beb714e7a7816dcda5c6a713587bc4726a744180f889ed405d9b6b4682301c2a,,,,
746402,2024-05-03,2024,R,F,N,1,117,HOU,136,SEA,2392,statsapi/2024/746402.json.gz,129993,2bef5749f16bd4762e6371ac6f164a1ae48f30ae8ebd339447a6167f09b3b64c,,,,
746645,2024-05-03,2024,R,F,N,1,114,CLE,108,LAA,5,statsapi/2024/746645.json.gz,127732,3af003edf85f9f33130639673f19389cb68de51774a70eacb78dd1c8e13f6460,,,,
746721,2024-05-03,2024,R,F,N,1,113,CIN,110,BAL,2602,statsapi/2024/746721.json.gz,123623,3bc49da933322fcfc5e3b8539719333e1fd41a0f4b839ac2db6b743546b582f4,,,,
746890,2024-05-03,2024,R,F,N,1,112,CHC,158,MIL,17,statsapi/2024/746890.json.gz,124599,02b8c98b6549995959f4a02bbfc41d1c6c40a3ca5832b638892e512e5180991f,,,,
747208,2024-05-03,2024,R,F,N,1,109,AZ,135,SD,15,statsapi/2024/747208.json.gz,131289,e579c0521d4ddf244c8229d7ba4e17bc31e84e257c54e797935f6d904477af8f,,,,
744862,2024-05-04,2024,R,F,N,1,120,WSH,141,TOR,3309,statsapi/2024/744862.json.gz,151249,05eaee4d90b0329fab2637547bfedf85a606736582673aeb2dfe641015e123be,,,,
745100,2024-05-04,2024,R,F,N,1,139,TB,121,NYM,12,statsapi/2024/745100.json.gz,129739,f513405f0063ce490c04da8e96af8c36d3dd601ec92810ef6f6a416fc9eee729,,,,
745183,2024-05-04,2024,R,F,N,1,138,STL,145,CWS,2889,statsapi/2024/745183.json.gz,150465,47601717ec61cf33a8b535e699fc2268e9d53184c77856a8125d15531f071d29,,,,
745511,2024-05-04,2024,R,F,N,1,134,PIT,115,COL,31,statsapi/2024/745511.json.gz,116497,d479d58b412a1ca72c3c89c8f80b3be4291c49e0fb849322f60ab0f81bd8008f,,,,
745583,2024-05-04,2024,R,F,N,1,143,PHI,137,SF,2681,statsapi/2024/745583.json.gz,145166,887e5251fc0a12b99886201078c3e5a4181fbee1c430f743470b22f7391c92f1,,,,
745666,2024-05-04,2024,R,F,N,1,133,OAK,146,MIA,10,statsapi/2024/745666.json.gz,144159,2bf6db54b3224fba81bce4a2aed27dda5af2ebee839e33ee20092a10de6f7df0,,,,
745750,2024-05-04,2024,R,F,N,1,147,NYY,116,DET,3313,statsapi/2024/745750.json.gz,129251,79f4c3d55673d9c48f51a4ee447b42e03d9636fd0c77c8d08d430d3c98c47907,,,,
745911,2024-05-04,2024,R,F,N,1,142,MIN,111,BOS,3312,statsapi/2024/745911.json.gz,129369,de04481403a537daede762215a0b9ea48bf343ea064e1655d89ee64acd60f9c4,,,,
746155,2024-05-04,2024,R,F,N,1,119,LAD,144,ATL,22,statsapi/2024/746155.json.gz,128192,a40df3bbf859e9f083e7c7ac0e820ec0ec5385023dacb0ebaba2014bbb53bed4,,,,
746311,2024-05-04,2024,R,F,N,1,118,KC,140,TEX,7,statsapi/2024/746311.json.gz,149835,724b794f574fa473f68ae6dd55da07c01ea7869fd95d6422cef987a2a35f7d0c,,,,
746394,2024-05-04,2024,R,F,N,1,117,HOU,136,SEA,2392,statsapi/2024/746394.json.gz,114372,7149444706ef00ddf3270c85a0b3c2d9177de5893913eb36f16ccfa86dafaa5d,,,,
746644,2024-05-04,2024,R,F,N,1,114,CLE,108,LAA,5,statsapi/2024/746644.json.gz,120135,b2e69a2261467d7784fe1f2252783cdbac86f6fafc73e68a8713105dbf1765a2,,,,
746720,2024-05-04,2024,R,F,N,1,113,CIN,110,BAL,2602,statsapi/2024/746720.json.gz,117643,1684303de55341f02ec5f42838cde0ff14f0a84fbde04dbbcb0cf6df04e2b79c,,,,
746884,2024-05-04,2024,R,F,N,1,112,CHC,158,MIL,17,statsapi/2024/746884.json.gz,129699,e9b74273f627c5955e59445b99b09146eb44095eebd8ad8df232e0f3a5b5988b,,,,
747209,2024-05-04,2024,R,F,N,1,109,AZ,135,SD,15,statsapi/2024/747209.json.gz,139483,d3d2ef0b1d953dff6c8137a12bbfaf54b36625f4a8971dcb462c381217189401,,,,
744861,2024-05-05,2024,R,F,N,1,120,WSH,141,TOR,3309,statsapi/2024/744861.json.gz,144025,c2204ae0a4ca030db55874a793ccdf87374fb12563b1a5baf929b489c47aac0a,,,,
745103,2024-05-05,2024,R,F,N,1,139,TB,121,NYM,12,statsapi/2024/745103.json.gz,160416,33c3c6a1d5c92ad39d033e6771bf60eb26779767eaf666266100d7842fc41ba4,,,,
745185,2024-05-05,2024,R,F,N,1,138,STL,145,CWS,2889,statsapi/2024/745185.json.gz,123063,2f4ed8f5bb02771a9e519f1670090085309ba9cc82844fa83f20bd14aba3c89a,,,,
745504,2024-05-05,2024,R,F,N,1,134,PIT,115,COL,31,statsapi/2024/745504.json.gz,115268,76e05c9d9099c9b8529c80768d632b6a933094d28e5b0e3ab020239d72358497,,,,
745587,2024-05-05,2024,R,F,N,1,143,PHI,137,SF,2681,statsapi/2024/745587.json.gz,132510,6949134f95074e9c9682ec00b69af94a2ffe7d6a066eee871b3ebebf576a3f7e,,,,
745667,2024-05-05,2024,R,F,N,1,133,OAK,146,MIA,10,statsapi/2024/745667.json.gz,144451,b5eed15374a252d58319e49f4d480842f1068b47bee347839b4b18edc3423de7,,,,
745751,2024-05-05,2024,R,F,N,1,147,NYY,116,DET,3313,statsapi/2024/745751.json.gz,124115,3e1d562dc210b1df281f8b2031d75c68a11f0fd66def9937814295abc0ef0dbd,,,,
745913,2024-05-05,2024,R,F,N,1,142,MIN,111,BOS,3312,statsapi/2024/745913.json.gz,142172,5de64135f7ddb36997f76e13e34d81896b143bf5b3596d24f3b2dd688de842ea,,,,
746153,2024-05-05,2024,R,F,N,1,119,LAD,144,ATL,22,statsapi/2024/746153.json.gz,110176,73c4a58150b909ab3ac992a0fdaf95ba8eacda7a58fa18a963633009b2348d16,,,,
746314,2024-05-05,2024,R,F,N,1,118,KC,140,TEX,7,statsapi/2024/746314.json.gz,123964,ffcec9c3e2744e4728456f85ee95683f40ecda17b7edde93e6ced0515237b74e,,,,
746395,2024-05-05,2024,R,F,N,1,117,HOU,136,SEA,2392,statsapi/2024/746395.json.gz,132002,73389fdf96738f24fef953e61cf20d4193031c1706a0fed93bbd48e8b468ca1f,,,,
746643,2024-05-05,2024,R,F,N,1,114,CLE,108,LAA,5,statsapi/2024/746643.json.gz,109118,68c440495722dd0a3de17a77b5a10a9d1f4dea68714ea0efb24dc4def5cddc36,,,,
746719,2024-05-05,2024,R,F,N,1,113,CIN,110,BAL,2602,statsapi/2024/746719.json.gz,133656,e87dd3f0669bf56a5a3287f7e43c00f5913ed44462e8a8d4f1f0412f7c10ba50,,,,
746883,2024-05-05,2024,R,F,N,1,112,CHC,158,MIL,17,statsapi/2024/746883.json.gz,125271,eb329a702f32d5c26228e3aba8b373cccd167ca14773208e86fd3a3339b2c2e7,,,,
747206,2024-05-05,2024,R,F,N,1,109,AZ,135,SD,15,statsapi/2024/747206.json.gz,129155,5158728953add7c0bc537d12309cdd0df59643a3da88ea2f32dd23de28e9d0ef,,,,
745098,2024-05-06,2024,R,F,N,1,139,TB,145,CWS,12,statsapi/2024/745098.json.gz,127588,209977ffaa33cef8b131b36ad438febb848a3e582c2730d33df35cbe9b1ac082,,,,
745182,2024-05-06,2024,R,F,N,1,138,STL,121,NYM,2889,statsapi/2024/745182.json.gz,121373,e46f43436aa81a1ab98c271038f8a2e6736ee0202b935ee1b86f0b14ea0e1fb3,,,,
745509,2024-05-06,2024,R,F,N,1,134,PIT,108,LAA,31,statsapi/2024/745509.json.gz,103861,adce236a9bef79e9ebede7a2ab29f743ee6aac39ed77344cf1672dc7e430d4b4,,,,
745585,2024-05-06,2024,R,F,N,1,143,PHI,137,SF,2681,statsapi/2024/745585.json.gz,120951,7cccd27e53d04b25bd75c25def81521b2c4218b159f0beeb1d4f99a3c9b3c705,,,,
745669,2024-05-06,2024,R,F,N,1,133,OAK,140,TEX,10,statsapi/2024/745669.json.gz,131006,c703affd36f2c35312b7c1aca7a6d4e6c10071f46d77287a526f3d739390c5c4,,,,
745912,2024-05-06,2024,R,F,N,1,142,MIN,136,SEA,3312,statsapi/2024/745912.json.gz,116234,884ef50079310d0471dc9a99c0c09a3478350a57938566efa079e8cf6342a849,,,,
746149,2024-05-06,2024,R,F,N,1,119,LAD,146,MIA,22,statsapi/2024/746149.json.gz,123229,e88f5133f3479a13f6d0fc831bd8be92a1e900f3f9f298e51842dfa777c44b2b,,,,
746313,2024-05-06,2024,R,F,N,1,118,KC,158,MIL,7,statsapi/2024/746313.json.gz,123717,24dbbd1b9a924080e6c2361976b279f0bd5ddbf7c5d44137199f9d18940ed9cc,,,,
746639,2024-05-06,2024,R,F,N,1,114,CLE,116,DET,5,statsapi/2024/746639.json.gz,123178,9b1fa99fd1b181066c9d39d393779ff104164487a3a883c16fc1a8b755d8196e,,,,
746886,2024-05-06,2024,R,F,N,1,112,CHC,135,SD,17,statsapi/2024/746886.json.gz,140541,84f9c83a6e9dfda0091acd9aa7f160a08502b5dfde2ffc5d9c08b735dfcdc5f0,,,,
744859,2024-05-07,2024,R,F,N,1,120,WSH,110,BAL,3309,statsapi/2024/744859.json.gz,118342,9a157b66da251281710d8ec14708caaf7a803df1f91df0a276c8ee2ce02dc53a,,,,
745095,2024-05-07,2024,R,F,N,1,139,TB,145,CWS,12,statsapi/2024/745095.json.gz,126560,5fa72547b74961138d29becc005d9d6ea451e93eb4e6e07249631ee2a1373f7d,,,,
745186,2024-05-07,2024,R,F,N,1,138,STL,121,NYM,2889,statsapi/2024/745186.json.gz,141474,fce7f91d6cf083934661a42602e16a9a32a9cc64ae717de89fa3d3f98f3a6395,,,,
745508,2024-05-07,2024,R,F,N,1,134,PIT,108,LAA,31,statsapi/2024/745508.json.gz,127660,80060fe3b6c6e4c6d91cddf731b4d3554d72ce584998afbeba65fe7aa003d386,,,,
745586,2024-05-07,2024,R,F,N,1,143,PHI,141,TOR,2681,statsapi/2024/745586.json.gz,126003,63e26c59cb102b19b5c9ce672b11a53a15586a31d8fab2cfdcc8b9635a9d81ce,,,,
745668,2024-05-07,2024,R,F,N,1,133,OAK,140,TEX,10,statsapi/2024/745668.json.gz,171430,8772f36f252c3f3033a9e9bac526e1ec0bcf7ee1d2c6a86f90de36d6b59f3d9b,,,,
745752,2024-05-07,2024,R,F,N,1,147,NYY,117,HOU,3313,statsapi/2024/745752.json.gz,137627,4776ce269c9405114052d0c16a7923510a97b9f6e353b25ed722f4deba81214e,,,,
745915,2024-05-07,2024,R,F,N,1,142,MIN,136,SEA,3312,statsapi/2024/745915.json.gz,147936,2077067fa40179c185e858f155225762f52554a47795942fa0715cd3f4798175,,,,
746147,2024-05-07,2024,R,F,N,1,119,LAD,146,MIA,22,statsapi/2024/746147.json.gz,117868,ac3c74366e0886502f41d5aa78a86a274cf2617f0b2fce4cb77ea175a68b6bae,,,,
746315,2024-05-07,2024,R,F,N,1,118,KC,158,MIL,7,statsapi/2024/746315.json.gz,128910,374999c82e23a6def3c20d1b24a207601737deef2757e8c45ca6b3e72f8b0c01,,,,
746559,2024-05-07,2024,R,F,N,1,115,COL,137,SF,19,statsapi/2024/746559.json.gz,129664,ac588eced60425c8e9ff1a0fb8005f5b48c4ead8e47409c102dd8ff0c2b573c9,,,,
746638,2024-05-07,2024,R,F,N,1,114,CLE,116,DET,5,statsapi/2024/746638.json.gz,138716,d3a65777e69e8894ef19f1dc8940a55239cc273f829f4a85b4a4877b76aa755b,,,,
746718,2024-05-07,2024,R,F,N,1,113,CIN,109,AZ,2602,statsapi/2024/746718.json.gz,123870,14259e6917c9b6e263b0c77eb02bb9196ba8201c0fe43dbbbd3fc7e2cb99a99d,,,,
746885,2024-05-07,2024,R,F,N,1,112,CHC,135,SD,17,statsapi/2024/746885.json.gz,121961,9c355ab41aef3eb56ffe70c314709f61fed394e915a0b7815210396ee5766d7a,,,,
747126,2024-05-07,2024,R,F,N,1,144,ATL,111,BOS,4705,statsapi/2024/747126.json.gz,124276,29484b204a5402c0319c864878ce7ce02bbba3d7294b59f4cca21721979f4074,,,,
744858,2024-05-08,2024,R,F,N,1,120,WSH,110,BAL,3309,statsapi/2024/744858.json.gz,158602,d62a005d015fc4224a373c280ce7b41c8c54470a0445ed0169eab17dc2b1fe25,,,,
745097,2024-05-08,2024,R,F,N,1,139,TB,145,CWS,12,statsapi/2024/745097.json.gz,129600,b87ca1dd62c042aed1fce5545dbcf6b32464cab05493dc1854bcce5c3eb1dc62,,,,
745507,2024-05-08,2024,R,F,N,1,134,PIT,108,LAA,31,statsapi/2024/745507.json.gz,124499,cd6051e90dcf1ee26b7e625505dbc75fd3f882113480af4fcc80466f13899a5d,,,,
745584,2024-05-08,2024,R,F,N,1,143,PHI,141,TOR,2681,statsapi/2024/745584.json.gz,135785,f621a8611c4519b2bee2df0c924ba8e2f1e60102deb08c026cbf75dedfc73149,,,,
745659,2024-05-08,2024,R,F,Y,2,133,OAK,140,TEX,10,statsapi/2024/745659.json.gz,164946,4de2413f62ece3dcfae19329a75a8c222eeef3d198bfe123c5ad0c07f17e3a05,,,,
745664,2024-05-08,2024,R,F,Y,1,133,OAK,140,TEX,10,statsapi/2024/745664.json.gz,123389,338d93fa8ef82ab2b0d0ae66dfddc7ee8c70bce04e90cc711a7d9112e61cb5fd,,,,
745749,2024-05-08,2024,R,F,N,1,147,NYY,117,HOU,3313,statsapi/2024/745749.json.gz,125254,e76c75db008ae15bb3dc73c61bc3d06fc66825a07da9ac98c5cf8b49fc9cd21f,,,,
745906,2024-05-08,2024,R,F,N,1,142,MIN,136,SEA,3312,statsapi/2024/745906.json.gz,123107,392f82e847f0e393f5234aad8b0fcfa7e2ba2e0cabf9d9bf2f8eb3cdc88673a6,,,,
746151,2024-05-08,2024,R,F,N,1,119,LAD,146,MIA,22,statsapi/2024/746151.json.gz,108829,36e83168e8915d5f46f5d40a4f2d02c4579dceb10bf4fa30657e6b9d2fab817d,,,,
746312,2024-05-08,2024,R,F,N,1,118,KC,158,MIL,7,statsapi/2024/746312.json.gz,128569,a381a5f8f11cf9b7768a214eb7ca46a3bb08936d7be421f6bfa17b334a65cf81,,,,
746562,2024-05-08,2024,R,F,N,1,115,COL,137,SF,19,statsapi/2024/746562.json.gz,139712,8f41c7c85d5217f7a8e9118e5d6deb32029c691b34fd167c3a6a8dfd80c3aa8a,,,,
746640,2024-05-08,2024,R,F,N,1,114,CLE,116,DET,5,statsapi/2024/746640.json.gz,130698,40c43188a522b30153b474eafd99130428c1c86907ddba9f43b2ef9e0083b81e,,,,
746717,2024-05-08,2024,R,F,N,1,113,CIN,109,AZ,2602,statsapi/2024/746717.json.gz,125779,21bcb45ed653eec04bebffd766783fead64e59d6a458ffb4cc0e5a5fe938b09e,,,,
746879,2024-05-08,2024,R,F,N,1,112,CHC,135,SD,17,statsapi/2024/746879.json.gz,127169,27d686c6fe1a8ac960c11308e7fe2cf39fa69440b20dbe2426572b2bf35ddaae,,,,
747127,2024-05-08,2024,R,F,N,1,144,ATL,111,BOS,4705,statsapi/2024/747127.json.gz,117530,97a604c3a9f4df43a015f45ab77888cbc81a8c1c1d6a65ac4b426e254f26b629,,,,
745748,2024-05-09,2024,R,F,N,1,147,NYY,117,HOU,3313,statsapi/2024/745748.json.gz,137825,20a17bd0e4081e40583336205b9ac6dc5292a7d4ebc4b9114334bd7c3b31178f,,,,
745910,2024-05-09,2024,R,F,N,1,142,MIN,136,SEA,3312,statsapi/2024/745910.json.gz,133757,5988a9aae1dac0ddf38261f56e59a46882d461c827b0b177fa9e1ec43bc80fec,,,,
745995,2024-05-09,2024,R,F,N,1,158,MIL,138,STL,32,statsapi/2024/745995.json.gz,126100,13c6d1208696a0ecf9adde623ad8592440448335902b02746751de6985c26b40,,,,
746241,2024-05-09,2024,R,F,N,1,108,LAA,118,KC,1,statsapi/2024/746241.json.gz,139987,28118fc6b6b3b75e502e754cdaa59e7632b17fee22c8ef1d52745530eb08a9b0,,,,
746563,2024-05-09,2024,R,F,N,1,115,COL,137,SF,19,statsapi/2024/746563.json.gz,119564,2b535fc1e417cc3dd59c1eb8efd49fb8f413353fb13d0fb2b6d2ac50dc4d85ba,,,,
746715,2024-05-09,2024,R,F,N,1,113,CIN,109,AZ,2602,statsapi/2024/746715.json.gz,137669,891e590fde55c2131d4b0798af9dc2fe0f9db4d7078dfac4de4a0e1cb0b45205,,,,
746802,2024-05-09,2024,R,F,N,1,145,CWS,114,CLE,4,statsapi/2024/746802.json.gz,118846,548d94f7253d06c6067b649cef44bc80f829c879277dc8d797513e4b147683e0,,,,
744940,2024-05-10,2024,R,F,N,1,141,TOR,142,MIN,14,statsapi/2024/744940.json.gz,118824,3efc8f1ce20ef00da1c691154135e4d9a12d052fd370ebacad7cad45f4d5500a,,,,
745094,2024-05-10,2024,R,F,N,1,139,TB,147,NYY,12,statsapi/2024/745094.json.gz,128292,f1c5755d6c509039644b26d4c2e0ddbd0441facc5b22969da0abd4b4898a89a8,,,,
745264,2024-05-10,2024,R,F,N,1,136,SEA,133,OAK,680,statsapi/2024/745264.json.gz,133488,c016fda44dd72582fa9ba60eaa0644a8579b3045db61c7269cf65b695a2c1d30,,,,
745340,2024-05-10,2024,R,F,N,1,137,SF,113,CIN,2395,statsapi/2024/745340.json.gz,130353,f48f5d21db2702100e10a8d000e7c22d483a44e87a02ac57fed201fb52abb6c7,,,,
745421,2024-05-10,2024,R,F,N,1,135,SD,119,LAD,2680,statsapi/2024/745421.json.gz,113650,cb419660a69b33a9f5fcd4ff14a13a17a39902dd5b56f5645513e63be55ca5d2,,,,
745506,2024-05-10,2024,R,F,N,1,134,PIT,112,CHC,31,statsapi/2024/745506.json.gz,130899,9c6ba92170d29c873aaef8ef2191c121f160eedb4f6c975e04b989323fee7ce4,,,,
745827,2024-05-10,2024,R,F,N,1,121,NYM,144,ATL,3289,statsapi/2024/745827.json.gz,123903,61f78ec3753980756527e236cd9e61827dd34e8e7a82e6aacd8eb333707421a6,,,,
745993,2024-05-10,2024,R,F,N,1,158,MIL,138,STL,32,statsapi/2024/745993.json.gz,132299,59cc5e68b38c736e470035da5d594e3334babb01acaf15dae7183840a28bc35b,,,,
746071,2024-05-10,2024,R,F,N,1,146,MIA,143,PHI,4169,statsapi/2024/746071.json.gz,138236,014ca6d4b1de0f6cbf31ce7ff1d8de8022bef544077333f43e16ab51e6f2ba80,,,,
746240,2024-05-10,2024,R,F,N,1,108,LAA,118,KC,1,statsapi/2024/746240.json.gz,125027,96ab6f6565ed799ae0227b6a2a38a747fb09d1d76c913dc2d3becb8afa4d9250,,,,
746479,2024-05-10,2024,R,F,N,1,116,DET,117,HOU,2394,statsapi/2024/746479.json.gz,123163,d75b483e6617d64ee6750b29f04bbd8cef715cc1bc19413e18e996e9bc374623,,,,
746553,2024-05-10,2024,R,F,N,1,115,COL,140,TEX,19,statsapi/2024/746553.json.gz,116799,2e6e7a1ee06ea11040411514953da0c575a88eda196f50fdcf0cc55db3150eb5,,,,
746801,2024-05-10,2024,R,F,N,1,145,CWS,114,CLE,4,statsapi/2024/746801.json.gz,118065,a927cec74853a9ea0a084f1a72d9a359fd2b6f35182af075fa8514071021ecd3,,,,
746964,2024-05-10,2024,R,F,N,1,111,BOS,120,WSH,3,statsapi/2024/746964.json.gz,128369,42484f9f0dae82a9f2abce3a4e40362b8c910f53a8fccda00f084009bc6bed7a,,,,
747043,2024-05-10,2024,R,F,N,1,110,BAL,109,AZ,2,statsapi/2024/747043.json.gz,124879,bd7013e326a26f3e24c5d11893a905054fad9ab29d492594313d69c605224fb3,,,,
744943,2024-05-11,2024,R,F,N,1,141,TOR,142,MIN,14,statsapi/2024/744943.json.gz,148506,f3308a50d1843713119ab56c1ce41295f3be6bc4ac0a49f85c14d75f1e8ff2dc,,,,
745096,2024-05-11,2024,R,F,N,1,139,TB,147,NYY,12,statsapi/2024/745096.json.gz,126539,2789e2fcf57981ed529616343fdc165266f2befba8833ea13c918361178504d1,,,,
745262,2024-05-11,2024,R,F,N,1,136,SEA,133,OAK,680,statsapi/2024/745262.json.gz,121604,cbe8f246f13ede0f7d64cbd56eaf97a7928d437f49c1822fc1ecfa274a5f3902,,,,
745344,2024-05-11,2024,R,F,N,1,137,SF,113,CIN,2395,statsapi/2024/745344.json.gz,131329,c7d6741d4623673cc7e624413e19d4c494d634cb0630b0a5042708fdda001e6c,,,,
745422,2024-05-11,2024,R,F,N,1,135,SD,119,LAD,2680,statsapi/2024/745422.json.gz,128908,f55ce200127c64d89c435efb210839b7029feb56dd88d20c31c5c7e4f2c02051,,,,
745505,2024-05-11,2024,R,F,N,1,134,PIT,112,CHC,31,statsapi/2024/745505.json.gz,153697,f41d9693577581d8a04014e27d9f49920b31ae35d70cae5bc2b8a8a073394b52,,,,
745828,2024-05-11,2024,R,F,N,1,121,NYM,144,ATL,3289,statsapi/2024/745828.json.gz,131520,7487440d01afc4bc399312d402a866bdd3b1269a67a505eeabbb000eeed562a6,,,,
745994,2024-05-11,2024,R,F,N,1,158,MIL,138,STL,32,statsapi/2024/745994.json.gz,137974,151a208c4c8d075f7d3d093bbde7d4017448dfbe5e249d5d0fead91730623e20,,,,
746069,2024-05-11,2024,R,F,N,1,146,MIA,143,PHI,4169,statsapi/2024/746069.json.gz,131079,ed0b0242666b0d67b9d0d09cac16b95d6892f1f146a0eb93bb4f19932347e724,,,,
746232,2024-05-11,2024,R,F,N,1,108,LAA,118,KC,1,statsapi/2024/746232.json.gz,123405,da334d8e8237dfb0afc219c3f810d39518889f0f6a04c7d3f2124695348deb0a,,,,
746480,2024-05-11,2024,R,F,N,1,116,DET,117,HOU,2394,statsapi/2024/746480.json.gz,134105,2f8c7de101d6fadfc2554ef40963a2300f1e7e70ab07451ff7d919e0e115bee9,,,,
746554,2024-05-11,2024,R,F,N,1,115,COL,140,TEX,19,statsapi/2024/746554.json.gz,132464,3e07d379cf1fd61d280d068ca4f605e7b7bc1cb6de3019f6919137341450319e,,,,
746797,2024-05-11,2024,R,F,N,1,145,CWS,114,CLE,4,statsapi/2024/746797.json.gz,115030,9896985be98e87a488af1aad2b89e5c5fa050498ba826cf9413ff246b84f35ce,,,,
746963,2024-05-11,2024,R,F,N,1,111,BOS,120,WSH,3,statsapi/2024/746963.json.gz,117901,c770105f7fbca5ca0a1bacccd4b6941bf7624d46d5594cd15ae202e024439b9a,,,,
747041,2024-05-11,2024,R,F,N,1,110,BAL,109,AZ,2,statsapi/2024/747041.json.gz,148497,750bf42bdc748131221ee4f1f016f8e2d1ddc67776283831e073c725655e030e,,,,
744941,2024-05-12,2024,R,F,N,1,141,TOR,142,MIN,14,statsapi/2024/744941.json.gz,122208,cba9104576f0e31086482e74d1daa407d629f9870ee4fde88b0f3007d3d35abb,,,,
745092,2024-05-12,2024,R,F,N,1,139,TB,147,NYY,12,statsapi/2024/745092.json.gz,140781,fba1a74648b39ca4e276ebca781a652f1bebfa41b1f5b35aca324c720bc594e3,,,,
745255,2024-05-12,2024,R,F,N,1,136,SEA,133,OAK,680,statsapi/2024/745255.json.gz,125127,d815a043ba95907972902fe31ac644802e3077168a916878e8327e6a8799b332,,,,
745345,2024-05-12,2024,R,F,N,1,137,SF,113,CIN,2395,statsapi/2024/745345.json.gz,150860,e4543dbc448603d303a418429b1b02abb4b16c95ed70733099efebe4e6ac464c,,,,
745419,2024-05-12,2024,R,F,N,1,135,SD,119,LAD,2680,statsapi/2024/745419.json.gz,129879,7851ddc93964ccb43432f22d24d0acfb8f91c4f4703e39f7f568e96428ba8103,,,,
745499,2024-05-12,2024,R,F,N,1,134,PIT,112,CHC,31,statsapi/2024/745499.json.gz,155702,6808fbb160d3505316f298dd5083c9502228a2d81ffd7860f7ba71bb3575913a,,,,
745825,2024-05-12,2024,R,F,N,1,121,NYM,144,ATL,3289,statsapi/2024/745825.json.gz,133628,f05a8ccdb30504a0b4ef26d662748457e8c8fab69f36291fec5073877eb4d308,,,,
745990,2024-05-12,2024,R,F,N,1,158,MIL,138,STL,32,statsapi/2024/745990.json.gz,134647,b7aa7447b6bc0774250026a87eed209f082920399f4d61eb673a718e8a27522f,,,,
746068,2024-05-12,2024,R,F,N,1,146,MIA,143,PHI,4169,statsapi/2024/746068.json.gz,141715,7f07d96e690c43c9e3b3160ea02d4cc2ba33c51d51c3414d587abf407552d9fd,,,,
746234,2024-05-12,2024,R,F,N,1,108,LAA,118,KC,1,statsapi/2024/746234.json.gz,119423,031ff946dd80fd19c55d2b07c6d733d3eb3d9a11ce64065786296382730cf74c,,,,
746476,2024-05-12,2024,R,F,N,1,116,DET,117,HOU,2394,statsapi/2024/746476.json.gz,138826,287504849f71fb935a61da3aff567e1cf8f064147c6869e8e3213326b637e2a5,,,,
746555,2024-05-12,2024,R,F,N,1,115,COL,140,TEX,19,statsapi/2024/746555.json.gz,121010,9213fc08d732a8f3021b27d4e8cb9815dc42b3730253dbdf2b3f6c9b05e1dcaa,,,,
746798,2024-05-12,2024,R,F,N,1,145,CWS,114,CLE,4,statsapi/2024/746798.json.gz,120384,7707b86476aebe9d31b33d7e8271f407e62985020c9fddd8618c30d2c18843b3,,,,
746965,2024-05-12,2024,R,F,N,1,111,BOS,120,WSH,3,statsapi/2024/746965.json.gz,121100,e974c4fcdbbfd3f198592f55c51439964e1772e5e5066c22582da52c9f0808a6,,,,
747042,2024-05-12,2024,R,F,N,1,110,BAL,109,AZ,2,statsapi/2024/747042.json.gz,133181,bbbb5f1140996c734ec4d6303f484eb96019aa9257e58e2fdc8c2c8d8f4883d2,,,,
745019,2024-05-13,2024,R,F,N,1,140,TEX,114,CLE,5325,statsapi/2024/745019.json.gz,134398,226266b218844c67b672377d557458292a31e698b6a4c6eaf2ac6c28ff3a4289,,,,
745256,2024-05-13,2024,R,F,N,1,136,SEA,118,KC,680,statsapi/2024/745256.json.gz,129024,9fc3ac60dac965b1630ebe17e1aa1ff91007af8452669b3c227fe6b5f2cc2b89,,,,
745343,2024-05-13,2024,R,F,N,1,137,SF,119,LAD,2395,statsapi/2024/745343.json.gz,141952,835b587d34fd8f7690c90cfd89a4eb05316741cded7407c387d2aa494ae962b6,,,,
745420,2024-05-13,2024,R,F,N,1,135,SD,115,COL,2680,statsapi/2024/745420.json.gz,133175,576528d2f713efb085b7eda51bfc877f135b17dc2126678f12174a0dc4aea43e,,,,
745826,2024-05-13,2024,R,F,N,1,121,NYM,143,PHI,3289,statsapi/2024/745826.json.gz,150068,3528163efd5c8d07d62b009d3183d887f2a3282ba0ebe9a44aa08a62d9670046,,,,
745991,2024-05-13,2024,R,F,N,1,158,MIL,134,PIT,32,statsapi/2024/745991.json.gz,153610,d3c0741df0b4a1640f31d1cf5c76eab0697f84645c2decdc4e4c7d63e410d17b,,,,
746233,2024-05-13,2024,R,F,N,1,108,LAA,138,STL,1,statsapi/2024/746233.json.gz,141875,7fc880a4903d36fb58344829414940a30dc42eec89a7f4cfefc3c4eefc722fd8,,,,
746393,2024-05-13,2024,R,F,N,1,117,HOU,133,OAK,2392,statsapi/2024/746393.json.gz,126716,d3c0c675fb8068dc594c2dc44dadac46178a3835cb81069edec0e73a2ef1102b,,,,
746471,2024-05-13,2024,R,F,N,1,116,DET,146,MIA,2394,statsapi/2024/746471.json.gz,122439,73b485b9012911e820ef678ba13a81bd058b30fbe91d0f66f43ef5da9d84b899,,,,
746961,2024-05-13,2024,R,F,N,1,111,BOS,139,TB,3,statsapi/2024/746961.json.gz,134039,948fc451d4465d8f45f26e985ca8680b43fa14516dc7b1dcb55a31b5574340f0,,,,
747040,2024-05-13,2024,R,F,N,1,110,BAL,141,TOR,2,statsapi/2024/747040.json.gz,126451,b9505de859a182cea5970d3676c1eb9798e8cc8b72e4ad450aeb5527383f60a8,,,,
747128,2024-05-13,2024,R,F,N,1,144,ATL,112,CHC,4705,statsapi/2024/747128.json.gz,122907,fb0b3a8c28daf3b051e9b0d6ca8239ca63dbaaeb74eb5e6d40bdaccd4d20cf41,,,,
747204,2024-05-13,2024,R,F,N,1,109,AZ,113,CIN,15,statsapi/2024/747204.json.gz,156983,0f3973e2fe6aaf3afb0d5fc8c6a96a5261f20c033f7fe13a0042b99f3992f75b,,,,
745014,2024-05-14,2024,R,F,N,1,140,TEX,114,CLE,5325,statsapi/2024/745014.json.gz,141612,dbeba78bcaa02b3e0ad1e2481862ed259e29422eedf763960a3f63c6f793f877,,,,
745257,2024-05-14,2024,R,F,N,1,136,SEA,118,KC,680,statsapi/2024/745257.json.gz,126300,b8d5b2f744df89f70344b335b431f7ef1a407861c827770c7985f6f7e9762c8e,,,,
745342,2024-05-14,2024,R,F,N,1,137,SF,119,LAD,2395,statsapi/2024/745342.json.gz,129981,861ad39eede329588aece746fd8652f4559caf56fd28acb1b5a95a9095016fd5,,,,
745418,2024-05-14,2024,R,F,N,1,135,SD,115,COL,2680,statsapi/2024/745418.json.gz,130992,d1efc95f530229a574837ca118809adb98ed191d86d10faa917dc93d1289c79c,,,,
745821,2024-05-14,2024,R,F,N,1,121,NYM,143,PHI,3289,statsapi/2024/745821.json.gz,130927,bd28202a4e29a16a8d9bb0d566b55f414adeda4adaa274d445be9182b0799a24,,,,
745909,2024-05-14,2024,R,F,N,1,142,MIN,147,NYY,3312,statsapi/2024/745909.json.gz,126525,ae4bd724c3e533d67aba50e7364be7714b048709b9237e60e6731ec83cd1c982,,,,
745989,2024-05-14,2024,R,F,N,1,158,MIL,134,PIT,32,statsapi/2024/745989.json.gz,126254,1288b48c828663150058367cb631ce3e23f63d46aae586cab770a455c24054c6,,,,
746235,2024-05-14,2024,R,F,N,1,108,LAA,138,STL,1,statsapi/2024/746235.json.gz,143861,16d4de1cad7449babf442f13edefbe4961a28074cb09263bd3bc60c3f929cf09,,,,
746396,2024-05-14,2024,R,F,N,1,117,HOU,133,OAK,2392,statsapi/2024/746396.json.gz,138638,e5cdccd4cce2ececebf1418137cd3082d25bdb345ed1e9667eb67aaca6d7b7b6,,,,
746473,2024-05-14,2024,R,F,N,1,116,DET,146,MIA,2394,statsapi/2024/746473.json.gz,113613,0076a99e7015d8c7cc15de885b0bc36f26f8ad44565c2cc98f5c7852a4403ae7,,,,
746796,2024-05-14,2024,R,F,Y,1,145,CWS,120,WSH,4,statsapi/2024/746796.json.gz,138950,4af9d1ddcd82f5762f4652bed502218327fa9e3f4fdac8cb365bf3ddcff1ee4c,,,,
746799,2024-05-14,2024,R,F,Y,2,145,CWS,120,WSH,4,statsapi/2024/746799.json.gz,119308,5ad13aeea550afb3e51f32ea1162880c5b6fd526cbf28219bde8bad1721c0f41,,,,
746962,2024-05-14,2024,R,F,N,1,111,BOS,139,TB,3,statsapi/2024/746962.json.gz,146451,e06e7d67161c77a1d4d3c7dec316f7b9039cc8fb052fa13b062f50ae7406d053,,,,
747124,2024-05-14,2024,R,F,N,1,144,ATL,112,CHC,4705,statsapi/2024/747124.json.gz,115878,f55adf1119411e29cbdde74d65cc1adcc15bdb809ce8adec82dca4dd8eed56af,,,,
747205,2024-05-14,2024,R,F,N,1,109,AZ,113,CIN,15,statsapi/2024/747205.json.gz,125554,b7ce6dc14e7a1ca9e8abac42e80e27507e1017fa9aff4f8ab2a811bba5c5e698,,,,
745015,2024-05-15,2024,R,F,N,1,140,TEX,114,CLE,5325,statsapi/2024/745015.json.gz,122284,73a1f46939145d20e2a304e11d60c5c67f475e36283bc005a2ec9721a4254b6f,,,,
745259,2024-05-15,2024,R,F,N,1,136,SEA,118,KC,680,statsapi/2024/745259.json.gz,128964,d1768c60447768571d8517a79a9ef5f1714bbdc8beaa2fe3d97109e897a41af0,,,,
745341,2024-05-15,2024,R,F,N,1,137,SF,119,LAD,2395,statsapi/2024/745341.json.gz,128942,09de0dd0a2a2c787923a35f268cad367afd2b19323c4bf5d60e95389bef11076,,,,
745417,2024-05-15,2024,R,F,N,1,135,SD,115,COL,2680,statsapi/2024/745417.json.gz,128168,e0882e9c8f76079aaf3e84533121d094bbd5bdd1c5c44cde1645bdaf01124f7d,,,,
745582,2024-05-15,2024,R,F,N,1,143,PHI,121,NYM,2681,statsapi/2024/745582.json.gz,126654,c310e3af641a6609f378ad2722b8f16eec3a5267f242b5f6e2166a85010c729e,,,,
745908,2024-05-15,2024,R,F,N,1,142,MIN,147,NYY,3312,statsapi/2024/745908.json.gz,127174,0e0d425adb404789082f8f115ef575a5ecc06b46445993b8f7c8ba5235c9b15f,,,,
745992,2024-05-15,2024,R,F,N,1,158,MIL,134,PIT,32,statsapi/2024/745992.json.gz,127004,53e13955cc7560e0a0107ef5ebbd50c061c317bce9ceb66cf5abe4d46a264d95,,,,
746231,2024-05-15,2024,R,F,N,1,108,LAA,138,STL,1,statsapi/2024/746231.json.gz,148230,9a2759a745502e039c5b5449ea530b9fb3de083171824cf9dfb05ad942e97b45,,,,
746397,2024-05-15,2024,R,F,N,1,117,HOU,133,OAK,2392,statsapi/2024/746397.json.gz,106467,8007501263dd1c4ad43bb1e20f4f9e756f04872b9df92cc4f6de4812c98a60c6,,,,
746472,2024-05-15,2024,R,F,N,1,116,DET,146,MIA,2394,statsapi/2024/746472.json.gz,126855,e53ab96e43aaabe92e68a86a6ec957f5edf08d5478980fc01a758719f862c341,,,,
746795,2024-05-15,2024,R,F,N,1,145,CWS,120,WSH,4,statsapi/2024/746795.json.gz,121242,c65919fa300f037f9b07777745d16d96cfe350c89d62d45e00dc1317ad1393bc,,,,
746960,2024-05-15,2024,R,F,N,1,111,BOS,139,TB,3,statsapi/2024/746960.json.gz,128455,a2039abe01607b22e9ee8092a28aef49a3b76a8b632cfa372aa1038c44a20005,,,,
747038,2024-05-15,2024,R,F,N,1,110,BAL,141,TOR,2,statsapi/2024/747038.json.gz,140092,4a66dd65f0ec79b7fa9a3a5dd91e9039e21459741af6eb9bb64beb6cb15adbbb,,,,
747123,2024-05-15,2024,R,F,N,1,144,ATL,112,CHC,4705,statsapi/2024/747123.json.gz,127914,99119bdc1f67e634cb989612cfa98d13df125697c05e7e77b18a2ccd9f2351a6,,,,
747203,2024-05-15,2024,R,F,N,1,109,AZ,113,CIN,15,statsapi/2024/747203.json.gz,107545,a8c76b0bd34a6087cc94bee84a16425ee27718c25520bd30ce021bf558eac75c,,,,
745580,2024-05-16,2024,R,F,N,1,143,PHI,121,NYM,2681,statsapi/2024/745580.json.gz,158039,5f8182b619e4d4712ebf6256128a603b2c8257e3b2cf0392ffc90459efb45567,,,,
745907,2024-05-16,2024,R,F,N,1,142,MIN,147,NYY,3312,statsapi/2024/745907.json.gz,116317,49745abc0beb8c9e2663a959ec326c055e11a22612ed738db614647aeac164df,,,,
746150,2024-05-16,2024,R,F,N,1,119,LAD,113,CIN,22,statsapi/2024/746150.json.gz,141954,459293357599e2d655fcb48e3db063c02b7b5abea9292d1f0c9509d08e20d843,,,,
746391,2024-05-16,2024,R,F,N,1,117,HOU,133,OAK,2392,statsapi/2024/746391.json.gz,122906,80820d9e70ae3e420a67d2f51b30f8215b3cbb13d764ff666eeb6126fbb4d2d9,,,,
746881,2024-05-16,2024,R,F,N,1,112,CHC,134,PIT,17,statsapi/2024/746881.json.gz,123632,ac7254e3a2a385f379132087a2b52a0eb72a95f62e66620981fd53f7bec942f9,,,,
746959,2024-05-16,2024,R,F,N,1,111,BOS,139,TB,3,statsapi/2024/746959.json.gz,154050,b8ccf778978e7d3c1d637083a101708217bdebc9f88e04ea5902f3a9b83d464b,,,,
744934,2024-05-17,2024,R,F,N,1,141,TOR,139,TB,14,statsapi/2024/744934.json.gz,122085,6e97cd90d46ec56ce62caca905067a3089c55d76bcecffe981ef5ed17f888e0f,,,,
745016,2024-05-17,2024,R,F,N,1,140,TEX,108,LAA,5325,statsapi/2024/745016.json.gz,138709,e2e09e037c15e9d2ff5b69209a82eb97e929789cfa7d82e4c291f7cbd71d39f5,,,,
745178,2024-05-17,2024,R,F,N,1,138,STL,111,BOS,2889,statsapi/2024/745178.json.gz,144825,322d7c77a1ebf14ed0728bb46f124397324d4a5cfa43e26364a8e3f271d78114,,,,
745335,2024-05-17,2024,R,F,N,1,137,SF,115,COL,2395,statsapi/2024/745335.json.gz,146366,377cf3dc4caa9a113ba8239d828df3c6a6e21e5d52b9010a8da37df49996a0d5,,,,
745579,2024-05-17,2024,R,F,N,1,143,PHI,120,WSH,2681,statsapi/2024/745579.json.gz,115153,126b75a05458e4128b0eced4c16bfa1c6f618680a793501aff3516dba9d2cc44,,,,
745747,2024-05-17,2024,R,F,N,1,147,NYY,145,CWS,3313,statsapi/2024/745747.json.gz,122573,a40354ecd10ff7ea06be1c609f25a97acc51e27750473d8a75a55ec180dc5668,,,,
746065,2024-05-17,2024,R,F,N,1,146,MIA,121,NYM,4169,statsapi/2024/746065.json.gz,128876,6685cf94b358405d06aadcd8f8ae21ac02a2c7aa5baa183e06f396fbaabc84c9,,,,
746148,2024-05-17,2024,R,F,N,1,119,LAD,113,CIN,22,statsapi/2024/746148.json.gz,123531,c5631b65b5f785b827d9712c7acc940d1da0456fddce6998f2acf44d1d9a9975,,,,
746310,2024-05-17,2024,R,F,N,1,118,KC,133,OAK,7,statsapi/2024/746310.json.gz,125451,1c5b3d9450979d6408c1a2cd1d1db04235cf8690db717ad0ecde3f4b96ae015a,,,,
746388,2024-05-17,2024,R,F,N,1,117,HOU,158,MIL,2392,statsapi/2024/746388.json.gz,135439,85b3266232db131e3f9a84103f82d710aa26be68c1e7be1d1ef09a122b508487,,,,
746641,2024-05-17,2024,R,F,N,1,114,CLE,142,MIN,5,statsapi/2024/746641.json.gz,115232,7524abf93cdc6189a831bfef9fbad01eb270cd6931cad459a4597051f6a23ddf,,,,
746878,2024-05-17,2024,R,F,N,1,112,CHC,134,PIT,17,statsapi/2024/746878.json.gz,148925,ea991644a41edf5af6be357cdc27ded2236ba05cf010543525f68731092d2450,,,,
747037,2024-05-17,2024,R,F,N,1,110,BAL,136,SEA,2,statsapi/2024/747037.json.gz,127011,5ed9ffc05ec0fbf44959a27e6145341a820908df3d74ea4c01329e4ae9504c9f,,,,
747122,2024-05-17,2024,R,F,N,1,144,ATL,135,SD,4705,statsapi/2024/747122.json.gz,138371,0e353512c021f9310b420a61ff1aa5143a5ff2b7fc8028743fc4d6ed43765068,,,,
747201,2024-05-17,2024,R,F,N,1,109,AZ,116,DET,15,statsapi/2024/747201.json.gz,124464,ed13fdc4e83425a562570af5dfb9c5b2a0b02c7946ffdc2bd014473d25f2e7bb,,,,
744938,2024-05-18,2024,R,F,N,1,141,TOR,139,TB,14,statsapi/2024/744938.json.gz,132207,9f9c18d83bd05e352c4d8b9ab31dffe719723410437be296235768f2b9650d70,,,,
745013,2024-05-18,2024,R,F,N,1,140,TEX,108,LAA,5325,statsapi/2024/745013.json.gz,169582,b5e4c6ac1b4c951f97115b13e1960056480e22f3c14d7dd753432a6abfec71d6,,,,
745177,2024-05-18,2024,R,F,N,1,138,STL,111,BOS,2889,statsapi/2024/745177.json.gz,130434,8826f30b29a7e91583c6885eba3d7930a1bde8db710ad63699883bc81ccaef41,,,,
745339,2024-05-18,2024,R,F,N,1,137,SF,115,COL,2395,statsapi/2024/745339.json.gz,140620,c6ccf050cce618173605270032ea13a6faf715d873cd01af7d8475d71ef1d359,,,,
745581,2024-05-18,2024,R,F,N,1,143,PHI,120,WSH,2681,statsapi/2024/745581.json.gz,132692,dcb13bb4cea939827f0186588ecdcfa19b16af03920c027b9c24c40e4afb0bbc,,,,
745744,2024-05-18,2024,R,F,N,1,147,NYY,145,CWS,3313,statsapi/2024/745744.json.gz,128247,bf5985d7047b7bacee94bd7055fc08e1cbf7ae720af1b8e382f7ea510c4e139a,,,,
746067,2024-05-18,2024,R,F,N,1,146,MIA,121,NYM,4169,statsapi/2024/746067.json.gz,148790,2ddfdc3840b4fe5b74023b600dca942a20d2bc6933e5800eb8ddb18084f12247,,,,
746142,2024-05-18,2024,R,F,N,1,119,LAD,113,CIN,22,statsapi/2024/746142.json.gz,116489,baa7952c2dd3221b5f76a88207544137c05688f3fe09849831ed5ad05c4cd34e,,,,
746308,2024-05-18,2024,R,F,N,1,118,KC,133,OAK,7,statsapi/2024/746308.json.gz,122525,fdb40f36f19b609f35f33f3812849090fc794474a51ae1338e2aeb3be4e1cac8,,,,
746389,2024-05-18,2024,R,F,N,1,117,HOU,158,MIL,2392,statsapi/2024/746389.json.gz,123688,7b9debe1f0706c4d205f043c0b638bdf75512c9ba03b2f7572e2b5c22ace5886,,,,
746642,2024-05-18,2024,R,F,N,1,114,CLE,142,MIN,5,statsapi/2024/746642.json.gz,142134,dbcc5f3ca22ddf37b2b1694909c7e4d530c44c5827dd36f3021f1fdb77a5907e,,,,
746882,2024-05-18,2024,R,F,N,1,112,CHC,134,PIT,17,statsapi/2024/746882.json.gz,105055,b715b3e60ebd0e89a0a2fc7c5d409e5a56a14a698893e79a345259765b8e5538,,,,
747036,2024-05-18,2024,R,F,N,1,110,BAL,136,SEA,2,statsapi/2024/747036.json.gz,132223,da82830e730bdebba48896ab637a7d85fa079296f7be289137b56d4043791747,,,,
747202,2024-05-18,2024,R,F,N,1,109,AZ,116,DET,15,statsapi/2024/747202.json.gz,138292,c4169b7714beb49356493a2a48a2252c1ce2479d6587139194f264ee53b1de35,,,,
744937,2024-05-19,2024,R,F,N,1,141,TOR,139,TB,14,statsapi/2024/744937.json.gz,122013,ae1a42653c8888a1eba98e7c3c33d2f4304f99c2e092b314506cb4751e1a88c3,,,,
745012,2024-05-19,2024,R,F,N,1,140,TEX,108,LAA,5325,statsapi/2024/745012.json.gz,118525,e1756556b2de52971c042cb8229a8f15951e6f835def62e950861239e90d7255,,,,
745179,2024-05-19,2024,R,F,N,1,138,STL,111,BOS,2889,statsapi/2024/745179.json.gz,142459,45fb56c6b4104035d523f11a9c20ef4284aaa2f5ce8489881d6f637117d933b7,,,,
745336,2024-05-19,2024,R,F,N,1,137,SF,115,COL,2395,statsapi/2024/745336.json.gz,123499,a6a86defbb37326c18297d58d0203a45499e2f21c5f92948ac894064c34a8088,,,,
745577,2024-05-19,2024,R,F,N,1,143,PHI,120,WSH,2681,statsapi/2024/745577.json.gz,139023,67eddeaee44e5e2e0777275f9e0d07170fdffc05420c09c79670836032e0472c,,,,
745745,2024-05-19,2024,R,F,N,1,147,NYY,145,CWS,3313,statsapi/2024/745745.json.gz,129242,8c4e158ab525d440d8d06524ac84c25cfd80f1248ad079dace12c1f3c8f14e11,,,,
746064,2024-05-19,2024,R,F,N,1,146,MIA,121,NYM,4169,statsapi/2024/746064.json.gz,143945,b53d17d261876b4a1805aa0d62319c3ad00a71e191673495cd0bda8a11c30e61,,,,
746144,2024-05-19,2024,R,F,N,1,119,LAD,113,CIN,22,statsapi/2024/746144.json.gz,136455,a9676c04d19da7d6e9ce7b5264dc66b82a5497c56d97a1d6eb35a436e07b2dc2,,,,
746306,2024-05-19,2024,R,F,N,1,118,KC,133,OAK,7,statsapi/2024/746306.json.gz,124002,079e0bbf493a818469e6f9bca8d47a114ff116f7a2ce91aee63b4a2cb2b3a9f5,,,,
746392,2024-05-19,2024,R,F,N,1,117,HOU,158,MIL,2392,statsapi/2024/746392.json.gz,140575,25737875e7521dff260a2b2c63d0ffdc6b0818ff7ba6366bccbb10e214e314b5,,,,
746636,2024-05-19,2024,R,F,N,1,114,CLE,142,MIN,5,statsapi/2024/746636.json.gz,111129,e1c4beda4d2173c6866a984de699220a74a6c8202038068dcfddf05b4545e7db,,,,
746880,2024-05-19,2024,R,F,N,1,112,CHC,134,PIT,17,statsapi/2024/746880.json.gz,137567,cb42784189428de1d7a4caf96e5a6981ff723629ff5586668c3376b67d1f8081,,,,
747035,2024-05-19,2024,R,F,N,1,110,BAL,136,SEA,2,statsapi/2024/747035.json.gz,117614,80f40aaa6d76bc4a748835771ca67a1da34cfee52521740c71a9c34da00e4c9e,,,,
747120,2024-05-19,2024,R,F,N,1,144,ATL,135,SD,4705,statsapi/2024/747120.json.gz,139639,81cd3587eee25719b21a0593cd04641128e083025edc0fefc8f1752e965a9bff,,,,
747198,2024-05-19,2024,R,F,N,1,109,AZ,116,DET,15,statsapi/2024/747198.json.gz,126235,1b487236ad5b5b40c52fa831e2e8248f8fdff839f4fe59221dfd64d00b18cefe,,,,
744857,2024-05-20,2024,R,F,N,1,120,WSH,142,MIN,3309,statsapi/2024/744857.json.gz,117206,bd0acec0beb858a817ef1c08ab899f445c4d524dd2a97c86217587daf4220d23,,,,
744935,2024-05-20,2024,R,F,N,1,141,TOR,145,CWS,14,statsapi/2024/744935.json.gz,130525,299c4c91f10bbe6f492e6d9940414081d31ed46094fd5f13a3f77547ec418f9e,,,,
745093,2024-05-20,2024,R,F,N,1,139,TB,111,BOS,12,statsapi/2024/745093.json.gz,110107,3660c99fd9e42bbb996a97cb62cece16eca194051ff03bce43783eeae51c014e,,,,
745181,2024-05-20,2024,R,F,N,1,138,STL,110,BAL,2889,statsapi/2024/745181.json.gz,130141,a234877793134d19fc36f493a897e4a3ed7e5c411556acc99d58bed814037567,,,,
745746,2024-05-20,2024,R,F,N,1,147,NYY,136,SEA,3313,statsapi/2024/745746.json.gz,128674,d1062a28c94f167a6ce7ebc7153f20458befb36a74ed83964a3159736c2fac9a,,,,
746066,2024-05-20,2024,R,F,N,1,146,MIA,158,MIL,4169,statsapi/2024/746066.json.gz,134578,1f0264ca4c5de1e79d92afbe7a040d9ad20b783bf13454c243be03b6bcef92f2,,,,
746146,2024-05-20,2024,R,F,N,1,119,LAD,109,AZ,22,statsapi/2024/746146.json.gz,123940,343fa75d30cfe4a43eaf4a758369c92fa8c8d368bde8867d5acd496c0a6b1bb2,,,,
746307,2024-05-20,2024,R,F,N,1,118,KC,116,DET,7,statsapi/2024/746307.json.gz,132188,65ec859488ebfd2411b8be97d868c4870164048501349721c22189e9b5b3bea1,,,,
746390,2024-05-20,2024,R,F,N,1,117,HOU,108,LAA,2392,statsapi/2024/746390.json.gz,134354,7a7995503437a595165bc430adbfe1d0aa980442d3792b93df19417b1fddd01a,,,,
746637,2024-05-20,2024,R,F,N,1,114,CLE,121,NYM,5,statsapi/2024/746637.json.gz,114822,9807e84581854cf0dc7528e40a7535e2ad6637f7d9e0fb925684fa69144c8d6d,,,,
747119,2024-05-20,2024,R,F,S,1,144,ATL,135,SD,4705,statsapi/2024/747119.json.gz,137755,ba8ed48971dc02fda3f12a3158e36903a0422ce2fe26c1749aa32df8f867069d,,,,
747121,2024-05-20,2024,R,F,S,2,144,ATL,135,SD,4705,statsapi/2024/747121.json.gz,121457,a77eb101e95295b5b08e00013cf5c07ef7f3caf7df292da41f17192e87ab23bc,,,,
744860,2024-05-21,2024,R,F,N,1,120,WSH,142,MIN,3309,statsapi/2024/744860.json.gz,127045,8fd6de70ec01d76a9dbb1548864143aa652576e54e9323d8749ab435b02cf372,,,,
744936,2024-05-21,2024,R,F,N,1,141,TOR,145,CWS,14,statsapi/2024/744936.json.gz,119672,c5f80a414bdd7b3d0bbceaa22d7c2ba57c03e7effe5490cc1bfdb3e3863e60e2,,,,
745090,2024-05-21,2024,R,F,N,1,139,TB,111,BOS,12,statsapi/2024/745090.json.gz,118702,56341e397343d2511fbf4d445597590a6ec474bc9b3df32c47d765e77746ac1a,,,,
745180,2024-05-21,2024,R,F,N,1,138,STL,110,BAL,2889,statsapi/2024/745180.json.gz,111174,b81c23cda8c0ce37797f59bf99d6209db61c49b82fc725a23dc05f439dc6f95b,,,,
745503,2024-05-21,2024,R,F,N,1,134,PIT,137,SF,31,statsapi/2024/745503.json.gz,155802,b958d1d6c9c265e02d332bf60756f7204a86c78baebdb9f822dc57255158b34c,,,,
745578,2024-05-21,2024,R,F,N,1,143,PHI,140,TEX,2681,statsapi/2024/745578.json.gz,124209,1800754d28309a8e61245a1416b0688ef5e612b5b6b87198df1d9e536ca02b7d,,,,
745662,2024-05-21,2024,R,F,N,1,133,OAK,115,COL,10,statsapi/2024/745662.json.gz,128822,1f5222875b78db9a77d9f5474d8dd912a44353dac181e6b0fe5f10f3cb540972,,,,
745742,2024-05-21,2024,R,F,N,1,147,NYY,136,SEA,3313,statsapi/2024/745742.json.gz,140147,3f5f43808e8ac329b90d9b83dfef28e37858abaecad66a930f02aec3ad3f48c3,,,,
746058,2024-05-21,2024,R,F,N,1,146,MIA,158,MIL,4169,statsapi/2024/746058.json.gz,135555,fd14009efaadef23a96dc4329fe461abfc4e146e23e900b135fb4c99dfc3bb5f,,,,
746145,2024-05-21,2024,R,F,N,1,119,LAD,109,AZ,22,statsapi/2024/746145.json.gz,123278,204a4b0eb901b1ed7f13e4c0258791b59798b37b6648283b8bfb14ab247055b0,,,,
746309,2024-05-21,2024,R,F,N,1,118,KC,116,DET,7,statsapi/2024/746309.json.gz,125735,32f6b8a93587624097e0df23e3bcea9aa4f93b876f80c9d808d7563ec2f8d371,,,,
746385,2024-05-21,2024,R,F,N,1,117,HOU,108,LAA,2392,statsapi/2024/746385.json.gz,144019,5fae8df23cf9ae4c7853397080b964f84e31fc2cb8173930725dca8d004a2c8f,,,,
746633,2024-05-21,2024,R,F,N,1,114,CLE,121,NYM,5,statsapi/2024/746633.json.gz,126308,0c9adccaa52d12bfbc31a7cb66f98261c9fba7c07530b44cb26cba47e516dedd,,,,
746716,2024-05-21,2024,R,F,N,1,113,CIN,135,SD,2602,statsapi/2024/746716.json.gz,117620,55c358c76aeb6a5acb20ab7996d529cc3237a67bd176dbbf863b79b4c034d8e6,,,,
746875,2024-05-21,2024,R,F,N,1,112,CHC,144,ATL,17,statsapi/2024/746875.json.gz,145303,4300f345429498804cdef10f059cee7dfca52a1a423b16a055f31e42c2b3f707,,,,
744856,2024-05-22,2024,R,F,N,1,120,WSH,142,MIN,3309,statsapi/2024/744856.json.gz,124465,fb15bdd5fb13ae4356cb8173fe413c0db382ee306940a05f0d284c9b2a4a5ab2,,,,
744933,2024-05-22,2024,R,F,N,1,141,TOR,145,CWS,14,statsapi/2024/744933.json.gz,139995,256204929b3f96af4b17db986b816284471d5594966d52f90d81e87808053d8a,,,,
745089,2024-05-22,2024,R,F,N,1,139,TB,111,BOS,12,statsapi/2024/745089.json.gz,133989,062959f84f276e259b147b36076e66caf307036b08191a218f5afec38e6d3071,,,,
745173,2024-05-22,2024,R,F,N,1,138,STL,110,BAL,2889,statsapi/2024/745173.json.gz,129358,7645fa6d4eca432cb17377a86bdc1d4c7fd4be81155c22092f125a026c322881,,,,
745502,2024-05-22,2024,R,F,N,1,134,PIT,137,SF,31,statsapi/2024/745502.json.gz,161488,a0852d34b32f9c5865ec88e504365c35f2657bde842d66ab675ff1c403e76cfa,,,,
745576,2024-05-22,2024,R,F,N,1,143,PHI,140,TEX,2681,statsapi/2024/745576.json.gz,140297,f0a17649ff2b2f4592358fc357cb949eb99a37f91a50f6ffc9feda6705beb80c,,,,
745661,2024-05-22,2024,R,F,N,1,133,OAK,115,COL,10,statsapi/2024/745661.json.gz,156360,6c51db9d583b3f8ea89fbc6fc182749f437ce596906c20537b9d6be886a0593e,,,,
745743,2024-05-22,2024,R,F,N,1,147,NYY,136,SEA,3313,statsapi/2024/745743.json.gz,130829,8905761b130deeed3ab753e3efbbc7dd59f9ec71b7cb319ecca56a6e1737815a,,,,
746063,2024-05-22,2024,R,F,N,1,146,MIA,158,MIL,4169,statsapi/2024/746063.json.gz,104853,ed7a66bc235667869765d0b6736ff35232772a1656e9998cf6d74960cc69c2c6,,,,
746143,2024-05-22,2024,R,F,N,1,119,LAD,109,AZ,22,statsapi/2024/746143.json.gz,128250,ebd668b60a36601a006fde66906a6e2388317ab96bd322561d9081910de958a4,,,,
746304,2024-05-22,2024,R,F,N,1,118,KC,116,DET,7,statsapi/2024/746304.json.gz,138760,1d73bb7f4c4ea406ffffb6526832b9d7cc7cc891b7805936a893cf30d7eca9af,,,,
746386,2024-05-22,2024,R,F,N,1,117,HOU,108,LAA,2392,statsapi/2024/746386.json.gz,112460,92986183eae3190657871bc366f57adade75265a2aa76c83b6ecdd541db0db59,,,,
746634,2024-05-22,2024,R,F,N,1,114,CLE,121,NYM,5,statsapi/2024/746634.json.gz,132560,ad3ea5c2b5e7a07e23eac34f110390f0a95e2ae1c0d003b8d20d55d7ea57de23,,,,
746712,2024-05-22,2024,R,F,N,1,113,CIN,135,SD,2602,statsapi/2024/746712.json.gz,114895,dc54be9a883f97f90ba7bebad9790024e3b14cf9c1c92233ed77f68e4e84e135,,,,
746876,2024-05-22,2024,R,F,N,1,112,CHC,144,ATL,17,statsapi/2024/746876.json.gz,114506,cbeaa14ce6b80c0055e041a1d037e5d087b9e1b7e1dc2b02aa84dd82d11e189c,,,,
745500,2024-05-23,2024,R,F,N,1,134,PIT,137,SF,31,statsapi/2024/745500.json.gz,134783,1a467de77b9ae034887971fa2495111058ad017675d62e4cfc7c24e9a20d8021,,,,
745573,2024-05-23,2024,R,F,N,1,143,PHI,140,TEX,2681,statsapi/2024/745573.json.gz,123719,d64412930fc07992f3e5c5efdfa0261403962213184db76548e4b48160950b93,,,,
745660,2024-05-23,2024,R,F,N,1,133,OAK,115,COL,10,statsapi/2024/745660.json.gz,156225,6ffb34160f16c17610df3635182db962162895e703a2228817611bd7c488fbfc,,,,
745741,2024-05-23,2024,R,F,N,1,147,NYY,136,SEA,3313,statsapi/2024/745741.json.gz,132070,41405922bcbf16d1bd169cda1989fa1d6fd9df83da8c99d0206e06f3f2790c8c,,,,
746474,2024-05-23,2024,R,F,N,1,116,DET,141,TOR,2394,statsapi/2024/746474.json.gz,84455,00d157c8e3528a9250c3a0c2c88aeceba250cacbf8037490b277316b882ae5e4,,,,
746714,2024-05-23,2024,R,F,N,1,113,CIN,135,SD,2602,statsapi/2024/746714.json.gz,147329,beb2cf78865d68656d437595a0fac3167f8dde11e2c085ccdd88a4a91d373839,,,,
746792,2024-05-23,2024,R,F,N,1,145,CWS,110,BAL,4,statsapi/2024/746792.json.gz,152512,2b418f8dc2334bf770eb436cce4dd255cc8b80d19d70573f656a9378bc89ccfb,,,,
746874,2024-05-23,2024,R,F,N,1,112,CHC,144,ATL,17,statsapi/2024/746874.json.gz,128283,b221f0d5e782cc5300fa5b932991ee851d92b477954f449965e0901afc717db4,,,,
744853,2024-05-24,2024,R,F,N,1,120,WSH,136,SEA,3309,statsapi/2024/744853.json.gz,110054,d0159f8869ca7a1969d6d029222b2f0ed426b032eb1e96fc82e20e5f5c54caf5,,,,
745087,2024-05-24,2024,R,F,N,1,139,TB,118,KC,12,statsapi/2024/745087.json.gz,131649,02bc13c44131ed358b060adbad00447df94db5fdcf1fdbc530949b1020bac5c6,,,,
745415,2024-05-24,2024,R,F,N,1,135,SD,147,NYY,2680,statsapi/2024/745415.json.gz,123284,5c619065e5519aca685bc077f0a5d825d773d0876ffab4ba770bbf0e1d685be9,,,,
745501,2024-05-24,2024,R,F,N,1,134,PIT,144,ATL,31,statsapi/2024/745501.json.gz,130161,b0774f461d75406e99fa1572b391d764d4f6db86a3004994fd0fdd53cd5b3e35,,,,
745663,2024-05-24,2024,R,F,N,1,133,OAK,117,HOU,10,statsapi/2024/745663.json.gz,123569,8e75dde865672f65929ca529ccdab21575f63c6acb3901291130e7d66d59331c,,,,
745822,2024-05-24,2024,R,F,N,1,121,NYM,137,SF,3289,statsapi/2024/745822.json.gz,142009,9f9dec635a10032c86e29b1f6c307f04bb207dcf9f48b1c4bc1fbc68bd3fafeb,,,,
745905,2024-05-24,2024,R,F,N,1,142,MIN,140,TEX,3312,statsapi/2024/745905.json.gz,129808,a4fd9d648b6154a4dd43475457406d967160a40993e0a0a685e7f097e3d98b14,,,,
746227,2024-05-24,2024,R,F,N,1,108,LAA,114,CLE,1,statsapi/2024/746227.json.gz,141367,3218c0ecf8690d1bf491167e282bab5c6270e3474bdbc031dd049aa7c7ffc5da,,,,
746475,2024-05-24,2024,R,F,N,1,116,DET,141,TOR,2394,statsapi/2024/746475.json.gz,131239,6c39b393b55839b790a4df2ea14d9075a341c4847963c457c73fb45674bea003,,,,
746558,2024-05-24,2024,R,F,N,1,115,COL,143,PHI,19,statsapi/2024/746558.json.gz,131663,f1ae831540cc42b4968f27179cc14bd69fee7f304150fa5fbe2d3f20d0e70a8c,,,,
746713,2024-05-24,2024,R,F,N,1,113,CIN,119,LAD,2602,statsapi/2024/746713.json.gz,146889,652860b4605977a0ba52657e5e331c07f61109b37ce2ae5e33e26d5971e89824,,,,
746793,2024-05-24,2024,R,F,N,1,145,CWS,110,BAL,4,statsapi/2024/746793.json.gz,130853,4b6e4b7972978276064289f039351c84e52c9317afd2748247fa040773f20c46,,,,
746956,2024-05-24,2024,R,F,N,1,111,BOS,158,MIL,3,statsapi/2024/746956.json.gz,133190,fc51261ce184c9652907063f88738eba6104cc6e627a2c72833cbd25f47fedbb,,,,
747200,2024-05-24,2024,R,F,N,1,109,AZ,146,MIA,15,statsapi/2024/747200.json.gz,105096,5b4ba4c1312be1615ed9ddc79b4e855eb4a7b18e3d57f7f9623bfaa3f8ca1021,,,,
744851,2024-05-25,2024,R,F,N,1,120,WSH,136,SEA,3309,statsapi/2024/744851.json.gz,115770,04e8659177fe1898eb208e40a251175108a7847d35420f1e4858f773a0c1d996,,,,
745086,2024-05-25,2024,R,F,N,1,139,TB,118,KC,12,statsapi/2024/745086.json.gz,157205,efc48615809dab05efbec2dcab149dd418fd6b2e00beffe8707cf125a1c8c6f7,,,,
745176,2024-05-25,2024,R,F,N,1,138,STL,112,CHC,2889,statsapi/2024/745176.json.gz,136415,327bb882bea07ba59c6c6a0aa185845c14b4d806da1e816c43032f058ec41690,,,,
745411,2024-05-25,2024,R,F,N,1,135,SD,147,NYY,2680,statsapi/2024/745411.json.gz,127277,6e7e66e68daf14b7ab2da6fe641041273284ee9d2291237ba7b9e9218e31ba6b,,,,
745493,2024-05-25,2024,R,F,N,1,134,PIT,144,ATL,31,statsapi/2024/745493.json.gz,119320,bf744432663400cad10c0e9622aa49a33ae8da91bf7acfd3796ffcc0c4d9f8e7,,,,
745658,2024-05-25,2024,R,F,N,1,133,OAK,117,HOU,10,statsapi/2024/745658.json.gz,117452,d6c8232937bcbf63f4d4c1a1b8bdafaed872005286f14440e553dd875623b9ba,,,,
745823,2024-05-25,2024,R,F,N,1,121,NYM,137,SF,3289,statsapi/2024/745823.json.gz,148592,c1746e438460554da6b1237159c23f9c2e8ce4274b2c604a2edb1df3a23b9ffc,,,,
745901,2024-05-25,2024,R,F,N,1,142,MIN,140,TEX,3312,statsapi/2024/745901.json.gz,128689,5bd38ba75f021d9d66ada0bbf37e0ebe353704f2469672ba2b9e8d9d2d5fd33a,,,,
746226,2024-05-25,2024,R,F,N,1,108,LAA,114,CLE,1,statsapi/2024/746226.json.gz,118819,92eedc6546b75fc7ee63a0d626294ce2b7dcb89587c26e4bcedda09810934ed6,,,,
746470,2024-05-25,2024,R,F,N,1,116,DET,141,TOR,2394,statsapi/2024/746470.json.gz,108466,aef1a45dfcb75f091327748457f7cd0b3f35110db09970324531305444c770e5,,,,
746556,2024-05-25,2024,R,F,N,1,115,COL,143,PHI,19,statsapi/2024/746556.json.gz,141361,54ad78256a97fa9242530d328638f9bf59f58096dab7c6dad3e91b924191484a,,,,
746710,2024-05-25,2024,R,F,N,1,113,CIN,119,LAD,2602,statsapi/2024/746710.json.gz,121348,50a32a4bb6b546038d72408ca0a95e8f92610495dcf06ba58fbe8b65853f45a1,,,,
746794,2024-05-25,2024,R,F,N,1,145,CWS,110,BAL,4,statsapi/2024/746794.json.gz,139588,30937fb25a7df519d4cce2e57f82bcd1b82fe369b7ae7738e506c7e70f8544a9,,,,
746958,2024-05-25,2024,R,F,N,1,111,BOS,158,MIL,3,statsapi/2024/746958.json.gz,129289,0bd0df54fdb7b2d32932f154c17bde3307c1d0cf3826b6764183ce4ab70fbbfa,,,,
747199,2024-05-25,2024,R,F,N,1,109,AZ,146,MIA,15,statsapi/2024/747199.json.gz,115715,d2661c3c07d99745b438805777b87d9f2219d96a0c0f5d0d2ee92553cd3c2630,,,,
744855,2024-05-26,2024,R,F,N,1,120,WSH,136,SEA,3309,statsapi/2024/744855.json.gz,120553,c69a75efa86243658bce959586a97d938b223ba23077bd7d27a255e8e250571d,,,,
745088,2024-05-26,2024,R,F,N,1,139,TB,118,KC,12,statsapi/2024/745088.json.gz,128368,7b52ef1fbaf0296bf92eb66fc00f1c8369ee9a204bf9b0acb5b3ab299817d868,,,,
745172,2024-05-26,2024,R,F,N,1,138,STL,112,CHC,2889,statsapi/2024/745172.json.gz,124973,0297b2bdb28177ba5db14f61df94fa2e00f446a7d4e3608c8ba6a160d2153c76,,,,
745413,2024-05-26,2024,R,F,N,1,135,SD,147,NYY,2680,statsapi/2024/745413.json.gz,140185,6313bfbbfcc09edcbeb85fb9d5ce8218ad041a09feb70f298df2dc0d4ec334fa,,,,
745498,2024-05-26,2024,R,F,N,1,134,PIT,144,ATL,31,statsapi/2024/745498.json.gz,131880,7afe3b0f41a2dd8f793a2a1f5e6c07a71971ca0a7919394b3da7e89baabcb016,,,,
745653,2024-05-26,2024,R,F,N,1,133,OAK,117,HOU,10,statsapi/2024/745653.json.gz,126941,addf9f552c41d9871e4c1de977f8505443971a7cb93ac5bbf1bceff3c2157064,,,,
745824,2024-05-26,2024,R,F,N,1,121,NYM,137,SF,3289,statsapi/2024/745824.json.gz,120532,f91d3856587a81150cd7c41c4579d07603c137368ea982af7d25f88f90547211,,,,
745902,2024-05-26,2024,R,F,N,1,142,MIN,140,TEX,3312,statsapi/2024/745902.json.gz,139448,f774978e56212dcef7fdd6bb6bfd9fdbc5013becbea10d1ba926064b3781c00d,,,,
746230,2024-05-26,2024,R,F,N,1,108,LAA,114,CLE,1,statsapi/2024/746230.json.gz,131662,eb8ca91ebe717651aa3ca1ae42186f5ae9ff2e46d7743b6b8f92983be969f7c7,,,,
746469,2024-05-26,2024,R,F,N,1,116,DET,141,TOR,2394,statsapi/2024/746469.json.gz,156610,4f820577636e7d2dcb046977d5e6565c4512577a94952ad8448b2a14cd42fd66,,,,
746557,2024-05-26,2024,R,F,N,1,115,COL,143,PHI,19,statsapi/2024/746557.json.gz,122861,20abe4094ea4e17d4285c7d082fc63a8235084e76808833352963621377fd216,,,,
746711,2024-05-26,2024,R,F,N,1,113,CIN,119,LAD,2602,statsapi/2024/746711.json.gz,127705,9eee6a7bcc3bfc4e8e3a77495f08cbd97e78b1991718bdaddc93360954eb211f,,,,
746789,2024-05-26,2024,R,F,N,1,145,CWS,110,BAL,4,statsapi/2024/746789.json.gz,127596,4ecc028a3b5293e2c358d518129fa99f75eec308c70af1a8d7f89044b77397c8,,,,
746957,2024-05-26,2024,R,F,N,1,111,BOS,158,MIL,3,statsapi/2024/746957.json.gz,112993,a89c365e547f2281062fe64708042212f6325d743d1f2d5d9f6aaf744e7e105d,,,,
747197,2024-05-26,2024,R,F,N,1,109,AZ,146,MIA,15,statsapi/2024/747197.json.gz,132320,40e7769f3342f06f39853ee328190ec6853f6343951fda7ea9a893da2486e2da,,,,
745254,2024-05-27,2024,R,F,N,1,136,SEA,117,HOU,680,statsapi/2024/745254.json.gz,121203,839ed534f2f7de54a186643dcab39ae1a29e4095d3c3b3b81d184d2c16ea6898,,,,
745338,2024-05-27,2024,R,F,N,1,137,SF,143,PHI,2395,statsapi/2024/745338.json.gz,139553,141d7f797d84e17cbfb6dee41edbec32b4dc04ead62d0e90e990e9067549d340,,,,
745416,2024-05-27,2024,R,F,N,1,135,SD,146,MIA,2680,statsapi/2024/745416.json.gz,129001,20920467a0893f45d4a2825592c4a295ab19741563470b0365f22cea29d8374d,,,,
745904,2024-05-27,2024,R,F,N,1,142,MIN,118,KC,3312,statsapi/2024/745904.json.gz,120073,431f12e7b637f33ff2dc828bb2b16be1ffb79387b187156bd8aaa9f4336676aa,,,,
745986,2024-05-27,2024,R,F,N,1,158,MIL,112,CHC,32,statsapi/2024/745986.json.gz,117140,8cc5f88eb66ea7486d827e2d223783ca67a1656d38deb50c47bbfe5e65852a60,,,,
746549,2024-05-27,2024,R,F,N,1,115,COL,114,CLE,19,statsapi/2024/746549.json.gz,131890,578e0b0969c9ae4fb48099a57d56aa55bc7d69d52936fb9d245aef7eeac04c82,,,,
746708,2024-05-27,2024,R,F,N,1,113,CIN,138,STL,2602,statsapi/2024/746708.json.gz,117631,b582caad141d6fbc20640f32fa2a47794b62f1dcaac115bbcbed41d690580ad2,,,,
746788,2024-05-27,2024,R,F,N,1,145,CWS,141,TOR,4,statsapi/2024/746788.json.gz,132051,7aea8f62d3280de034ce66fa5af2c42711e010ddd38aa5cbf5cbdac41ec02e8d,,,,
747034,2024-05-27,2024,R,F,N,1,110,BAL,111,BOS,2,statsapi/2024/747034.json.gz,134855,62afc9f7da2a371153449e75cfb57699c60df004ece2ea2f3314592dad9441c5,,,,
747118,2024-05-27,2024,R,F,N,1,144,ATL,120,WSH,4705,statsapi/2024/747118.json.gz,132337,a9b120abdb4c013ddb62bad5e23c20a7c12d79ace617dcbfabb44b16dbb97e33,,,,
745017,2024-05-28,2024,R,F,N,1,140,TEX,109,AZ,5325,statsapi/2024/745017.json.gz,114161,841e226a5bb5b23d6a2d4da5ec05e095a1bf79443361653a9b004fb30945afdf,,,,
745091,2024-05-28,2024,R,F,N,1,139,TB,133,OAK,12,statsapi/2024/745091.json.gz,126510,346983a937f7cacdd8260a5305911f6b376034e55c560cdc8570b06020609327,,,,
745258,2024-05-28,2024,R,F,N,1,136,SEA,117,HOU,680,statsapi/2024/745258.json.gz,118328,2d1616959cb14e9ec2811556830c7e88a0c833e722eae2b701a69d08993ffb4c,,,,
745337,2024-05-28,2024,R,F,N,1,137,SF,143,PHI,2395,statsapi/2024/745337.json.gz,133094,dff6d0280345681f7dc384868bf61115d99419e54dd109e9a76d16175066cc82,,,,
745412,2024-05-28,2024,R,F,N,1,135,SD,146,MIA,2680,statsapi/2024/745412.json.gz,110059,ba11b7bb9096e5a35f8ebb191efe62878f84f764c515d81a7f68a82fab898422,,,,
745816,2024-05-28,2024,R,F,Y,2,121,NYM,119,LAD,3289,statsapi/2024/745816.json.gz,115977,0edf58415ed275e0dcee17ca9653de99426b7c86e19094074f48e4ab711033a1,,,,
745818,2024-05-28,2024,R,F,Y,1,121,NYM,119,LAD,3289,statsapi/2024/745818.json.gz,129478,68605e1e0622390dc13aa74df8c069531d836b0a9b6e52116972b78881710ac4,,,,
745903,2024-05-28,2024,R,F,N,1,142,MIN,118,KC,3312,statsapi/2024/745903.json.gz,133385,e3ee798d3082130cdaefdade5a7df5b2ed7aa8d1887e9dca0c799421feec4572,,,,
745987,2024-05-28,2024,R,F,N,1,158,MIL,112,CHC,32,statsapi/2024/745987.json.gz,145009,25cd060ce080fa1191dbb5cc32b9fa7a71c0f217002fbdf34ac80d052bda3c4d,,,,
746229,2024-05-28,2024,R,F,N,1,108,LAA,147,NYY,1,statsapi/2024/746229.json.gz,123443,724573a191c0205f47767117481f17d4b2e3c47c683630e26d77c96e06fbb578,,,,
746552,2024-05-28,2024,R,F,N,1,115,COL,114,CLE,19,statsapi/2024/746552.json.gz,140069,d0a5cc0f5ca3dc3eb9b2ac74e66602203e33c7ac523cf2c9e75cc309d77d9ae9,,,,
746709,2024-05-28,2024,R,F,N,1,113,CIN,138,STL,2602,statsapi/2024/746709.json.gz,130011,dde1edb1f68c03a2bb4ad602c877fc29bc09e7c87b2b258b92dab37b5ff5b4d0,,,,
746791,2024-05-28,2024,R,F,N,1,145,CWS,141,TOR,4,statsapi/2024/746791.json.gz,140780,b112c321d6ee6a70d927557a2dcea071501baa96c9e46d012f3b49f0b5adad77,,,,
747033,2024-05-28,2024,R,F,N,1,110,BAL,111,BOS,2,statsapi/2024/747033.json.gz,135163,90e37ab1ac6be3839e6048b77ead98e9d4dda05d8a95b4cfde056a1bc359e924,,,,
747115,2024-05-28,2024,R,F,N,1,144,ATL,120,WSH,4705,statsapi/2024/747115.json.gz,112559,efdcc1a254b073dc1e0059d2e46f5ad2b0bfe72bfd6dfafabe1366fc6ca7226d,,,,
745011,2024-05-29,2024,R,F,N,1,140,TEX,109,AZ,5325,statsapi/2024/745011.json.gz,135370,c00af9fc5122ebf3fddc585bcb5f29caecca2024c4b2530eadca3c788033b8e9,,,,
745084,2024-05-29,2024,R,F,N,1,139,TB,133,OAK,12,statsapi/2024/745084.json.gz,132900,ab0ac14dc1bd24f969e1061a34cd0ae30f78347717020b4e84c8c285334f31fb,,,,
745250,2024-05-29,2024,R,F,N,1,136,SEA,117,HOU,680,statsapi/2024/745250.json.gz,130200,6b5150c77e1cc4754ece6e77f3603ce5e2df28a000f5600bac4f46fe3e73ea39,,,,
745333,2024-05-29,2024,R,F,N,1,137,SF,143,PHI,2395,statsapi/2024/745333.json.gz,137425,bd91f0ce76f8a2db11faa6f76e95596262d57b795018f72fb7fcf20b9ac3246f,,,,
745414,2024-05-29,2024,R,F,N,1,135,SD,146,MIA,2680,statsapi/2024/745414.json.gz,138056,e60f68d20fc53f2ea8f4400f6411066c2b79fbedf0f250f2fc35f02fa22588df,,,,
745817,2024-05-29,2024,R,F,N,1,121,NYM,119,LAD,3289,statsapi/2024/745817.json.gz,155225,5fbf7db5eefe47ef0b2501b4013686f485281c57230b88cde107625ddda1b047,,,,
745900,2024-05-29,2024,R,F,N,1,142,MIN,118,KC,3312,statsapi/2024/745900.json.gz,128928,6968c907b3f0934f42b30b32c189d5929a3948b065a3596d30aa0c13cadcc91c,,,,
745988,2024-05-29,2024,R,F,N,1,158,MIL,112,CHC,32,statsapi/2024/745988.json.gz,129986,ce800e7f73047f12efe7d0c6ed5c15fe746944d5e09c29a73c48ffead25ec937,,,,
746228,2024-05-29,2024,R,F,N,1,108,LAA,147,NYY,1,statsapi/2024/746228.json.gz,123984,1f3fcea0466133806f0967b222f89d85fe353ee4a1b9c98f6a086efec5fbc510,,,,
746467,2024-05-29,2024,R,F,Y,1,116,DET,134,PIT,2394,statsapi/2024/746467.json.gz,120409,e3c1897629f292e9ba0c6d778e1b3eb71f4e84ed97b3d33c89498a206cebe802,,,,
746468,2024-05-29,2024,R,F,Y,2,116,DET,134,PIT,2394,statsapi/2024/746468.json.gz,135694,b35361301ef600f8eccbda7e72bd9e3e6d7cd50dc0fd2b85518b16bc2949d0b9,,,,
746551,2024-05-29,2024,R,F,N,1,115,COL,114,CLE,19,statsapi/2024/746551.json.gz,126724,fa60c7bcd9659957f6ec926045c3505d5ba4715f590355ab2c201ade550c72bf,,,,
746706,2024-05-29,2024,R,F,N,1,113,CIN,138,STL,2602,statsapi/2024/746706.json.gz,141402,2f80a020846849b8d4afb3f81a0d2956c066839af12d479f3d60dd185722c571,,,,
746790,2024-05-29,2024,R,F,N,1,145,CWS,141,TOR,4,statsapi/2024/746790.json.gz,124353,7a638a6f385160a2ab25d573c5c68655e01593098cc3c8b78802d7068f7a5e4a,,,,
747031,2024-05-29,2024,R,F,N,1,110,BAL,111,BOS,2,statsapi/2024/747031.json.gz,121393,b4d945926e4cd901260e6be7033fd689bea94505753ddcf2125ecae30427cf95,,,,
747117,2024-05-29,2024,R,F,N,1,144,ATL,120,WSH,4705,statsapi/2024/747117.json.gz,139764,99beed4841208db431fcf86cf2d471c787030f90422e30630a736a4b1db8be0d,,,,
745081,2024-05-30,2024,R,F,N,1,139,TB,133,OAK,12,statsapi/2024/745081.json.gz,153090,844da7acc49024aa190a659b0a6fe257cdd52377a003508c53f79bfc09e6a8dd,,,,
745249,2024-05-30,2024,R,F,N,1,136,SEA,117,HOU,680,statsapi/2024/745249.json.gz,120600,1ab5e3da9a7b5040f0cfaab65f2f0804508bada98c65b99013ceb71e26b92e15,,,,
745819,2024-05-30,2024,R,F,N,1,121,NYM,109,AZ,3289,statsapi/2024/745819.json.gz,126220,1eda5abc1457f156f1fe6db690c38db90b54b3f0d0efb209f6421cd528d34c35,,,,
745898,2024-05-30,2024,R,F,N,1,142,MIN,118,KC,3312,statsapi/2024/745898.json.gz,128607,c7705655e98894b02195fc388f9269c6f6668af7eb4cba6ea56f09d316365b61,,,,
745985,2024-05-30,2024,R,F,N,1,158,MIL,112,CHC,32,statsapi/2024/745985.json.gz,126569,c9563f0f0b8aa1df3ce460895af913745bd1caf9f16d5215d57734f81451c276,,,,
746225,2024-05-30,2024,R,F,N,1,108,LAA,147,NYY,1,statsapi/2024/746225.json.gz,137554,b18c77b4f4da437b675ee31dd8cf43ce68b8c890e6173646ae56851bb340c6fb,,,,
746954,2024-05-30,2024,R,F,N,1,111,BOS,116,DET,3,statsapi/2024/746954.json.gz,128881,ea9cc008a0b095f1259a0cd5c1d12212c927975e65bf2feb2a003f16657bb46f,,,,
747114,2024-05-30,2024,R,F,N,1,144,ATL,120,WSH,4705,statsapi/2024/747114.json.gz,127484,0e0b759e2ff1664bb31b54492dba22edc50ecff84c405aa9d120085f8a0aca64,,,,
744928,2024-05-31,2024,R,F,N,1,141,TOR,134,PIT,14,statsapi/2024/744928.json.gz,163955,0b1914236f27623f25989ed0eada66bc23fee1bdb5cdf546abf2ec29423c22be,,,,
745253,2024-05-31,2024,R,F,N,1,136,SEA,108,LAA,680,statsapi/2024/745253.json.gz,124264,e1cc76e7b5715d946b168ccd79ecbb0073b924bfff3a6c2630e40a019140c00e,,,,
745331,2024-05-31,2024,R,F,N,1,137,SF,147,NYY,2395,statsapi/2024/745331.json.gz,119823,64fd2ac353ca0363c875425a94c65d6394f4591a78542fba61d262c63394d74e,,,,
745574,2024-05-31,2024,R,F,N,1,143,PHI,138,STL,2681,statsapi/2024/745574.json.gz,114813,6765cc20df02d3393787f74f807ea120d44634452867b07bdbf51f0bbc776ef5,,,,
745820,2024-05-31,2024,R,F,N,1,121,NYM,109,AZ,3289,statsapi/2024/745820.json.gz,135493,e2c473bbe8026673fde6ba48a26e3b0eb5c7113985bab4d27c5956c21f14e846,,,,
745983,2024-05-31,2024,R,F,N,1,158,MIL,145,CWS,32,statsapi/2024/745983.json.gz,150099,fa5ba47c6f1e174d27bd69b7f2987369ae92d069fba1ce9b00f0be6f6df38260,,,,
746059,2024-05-31,2024,R,F,N,1,146,MIA,140,TEX,4169,statsapi/2024/746059.json.gz,119761,112ac470eb7fa0986a2bb57f0d810bec8c752a2b97dfbd23425b0976438e99b1,,,,
746140,2024-05-31,2024,R,F,N,1,119,LAD,115,COL,22,statsapi/2024/746140.json.gz,120244,d2acb4544f234010d2dd2011cd690abaa71cb8d8991243d51df724a7eb9ff972,,,,
746303,2024-05-31,2024,R,F,N,1,118,KC,135,SD,7,statsapi/2024/746303.json.gz,141655,abc1828d518196da41a4555828c0d6909e4f31420fe7188d7ce2857a17a90f18,,,,
746387,2024-05-31,2024,R,F,N,1,117,HOU,142,MIN,2392,statsapi/2024/746387.json.gz,128190,098fbed93ee1656f001d41ad00e93061ab19076da3744c6fa177cb13f9cbfefe,,,,
746635,2024-05-31,2024,R,F,N,1,114,CLE,120,WSH,5,statsapi/2024/746635.json.gz,120749,76555a7c107e2faba8045b24e3f67465cf7715517983cbd533ee6a285187dfb3,,,,
746877,2024-05-31,2024,R,F,N,1,112,CHC,113,CIN,17,statsapi/2024/746877.json.gz,149699,c3b97a25550c4dee4e0bfaa707301e6c983f1c9ee4e2dbb76483e0aac074d315,,,,
746955,2024-05-31,2024,R,F,N,1,111,BOS,116,DET,3,statsapi/2024/746955.json.gz,123920,a5af373d3b11818f0e521c6d5c1cf741abbf481f16e75c928982a050cda2d95e,,,,
747032,2024-05-31,2024,R,F,N,1,110,BAL,139,TB,2,statsapi/2024/747032.json.gz,138624,d8dc7be3b048f467c0e74c255e639ec1b3306109bae7d87c78deeccf5694a785,,,,
747116,2024-05-31,2024,R,F,N,1,144,ATL,133,OAK,4705,statsapi/2024/747116.json.gz,109658,83b665b95880416ec7e3aeb316669e30a77abc00c7d0b95c6c4c61195bd11656,,,,
744932,2024-06-01,2024,R,F,N,1,141,TOR,134,PIT,14,statsapi/2024/744932.json.gz,124238,1e82206af9ce3904a43576c1ff21de618a55c446f4f636fb37e3a51449636fbd,,,,
745251,2024-06-01,2024,R,F,N,1,136,SEA,108,LAA,680,statsapi/2024/745251.json.gz,136940,9fef27e41fd0a37ef1d333380e4fb84b139939b560ba349d9f858f3c328b1b2d,,,,
745332,2024-06-01,2024,R,F,N,1,137,SF,147,NYY,2395,statsapi/2024/745332.json.gz,124355,5603cfc62b07476321549f4ed2a399ef4920b6c43fb873782421404487ea7c9c,,,,
745575,2024-06-01,2024,R,F,N,1,143,PHI,138,STL,2681,statsapi/2024/745575.json.gz,121720,09eee2ddc58e330142cb4c846cfd6ad7cab2e9e13d16fe21fae6f98a1c9e46dc,,,,
745812,2024-06-01,2024,R,F,N,1,121,NYM,109,AZ,3289,statsapi/2024/745812.json.gz,141561,0395ed7a2f8dacb78a11f65abd025805b389193a30f2c323c3278d8d5f51f056,,,,
745980,2024-06-01,2024,R,F,N,1,158,MIL,145,CWS,32,statsapi/2024/745980.json.gz,137490,b59110105ecd5c6d65e0e37ed2c129f34d5d3cc1c8186694a2cd1902842bcfcc,,,,
746062,2024-06-01,2024,R,F,N,1,146,MIA,140,TEX,4169,statsapi/2024/746062.json.gz,138016,8f395bb8055933768528c5003e01e5a3dfe13d62788d9094c03866d17e04fdea,,,,
746138,2024-06-01,2024,R,F,N,1,119,LAD,115,COL,22,statsapi/2024/746138.json.gz,132904,7d3da324969f220cfa8e30d03dcf6af9a7fca6a2138809158ee586ec76fe0ef0,,,,
746305,2024-06-01,2024,R,F,N,1,118,KC,135,SD,7,statsapi/2024/746305.json.gz,132812,dc6ff79c8f20fdc815a2aaa1e56d1aab6a980ba76f56b9d2685f776aeb6e6cb3,,,,
746384,2024-06-01,2024,R,F,N,1,117,HOU,142,MIN,2392,statsapi/2024/746384.json.gz,119599,e43a01d796fe7dc30965009d517b8f5f873ef57368d7eebe5245a8a23ddc5b12,,,,
746629,2024-06-01,2024,R,F,N,1,114,CLE,120,WSH,5,statsapi/2024/746629.json.gz,122392,670db31ec0424b5fa711256628cadc25c2265be516fac393f8b0143e5db5f425,,,,
746870,2024-06-01,2024,R,F,N,1,112,CHC,113,CIN,17,statsapi/2024/746870.json.gz,134894,d5f3a957420515b7964e6cb445d602b24b36b4eff036c4cb0a997974f2f24cd7,,,,
746952,2024-06-01,2024,R,F,N,1,111,BOS,116,DET,3,statsapi/2024/746952.json.gz,130763,3ed95a12a52c98492144eba005ed427c8a2883bc0307edf264aaed6648b534e1,,,,
747029,2024-06-01,2024,R,F,N,1,110,BAL,139,TB,2,statsapi/2024/747029.json.gz,135699,74ee2bf8f608592e04da952f6d640a6ab453749a8859251742d73ddad507425d,,,,
747111,2024-06-01,2024,R,F,N,1,144,ATL,133,OAK,4705,statsapi/2024/747111.json.gz,138364,9759336f3bf6f16f602b3ea80379b2a91d2e3bf11b946974731e61a66bd12c8f,,,,
744929,2024-06-02,2024,R,F,N,1,141,TOR,134,PIT,14,statsapi/2024/744929.json.gz,144899,ff2cd8cb7db482c0864f35f0cb2f1d6e9074fe35efff5df74e3de947fd03368f,,,,
745252,2024-06-02,2024,R,F,N,1,136,SEA,108,LAA,680,statsapi/2024/745252.json.gz,129186,de07cf6afd72a2b7bb446c5aa021fc59dc55340e215bb3d1b3909c6ee7e92de0,,,,
745330,2024-06-02,2024,R,F,N,1,137,SF,147,NYY,2395,statsapi/2024/745330.json.gz,144683,21a6be50cbae4158b7e36085b84f16105d5e2a60c7f7a8daa2a2e7841a6214e4,,,,
745572,2024-06-02,2024,R,F,N,1,143,PHI,138,STL,2681,statsapi/2024/745572.json.gz,141340,f2a6089553e09d814fb8c75dccff5fe06771756fa9bf1c1d04d013526fe8ba9d,,,,
745813,2024-06-02,2024,R,F,N,1,121,NYM,109,AZ,3289,statsapi/2024/745813.json.gz,130296,a7cba9a0bedcd51da6c4339807030103c9d87d9921ac0a6c2236e093f6d14cac,,,,
745984,2024-06-02,2024,R,F,N,1,158,MIL,145,CWS,32,statsapi/2024/745984.json.gz,128599,defe9d46ca35e3429f0e28d4550f1b368f1c30750e84eab90b767eab3c75e8fa,,,,
746061,2024-06-02,2024,R,F,N,1,146,MIA,140,TEX,4169,statsapi/2024/746061.json.gz,126563,d85a97baa583436d177e6891dab0ae2e6ae5087ed6e50f5bc2978e58eb286cdb,,,,
746141,2024-06-02,2024,R,F,N,1,119,LAD,115,COL,22,statsapi/2024/746141.json.gz,130176,c88e21586cde097bce5f1a4f5ac56f6f8e23ba648b4c404158288cd6aa2dec33,,,,
746301,2024-06-02,2024,R,F,N,1,118,KC,135,SD,7,statsapi/2024/746301.json.gz,129912,8180e6961285a0a9d6115ecb700a76f0033b88708f3269a38a0f7a316c65ab0a,,,,
746383,2024-06-02,2024,R,F,N,1,117,HOU,142,MIN,2392,statsapi/2024/746383.json.gz,127379,fcb1847325e413053865f7a55991cf3ec1f582045e1c237c9adf851764496524,,,,
746632,2024-06-02,2024,R,F,N,1,114,CLE,120,WSH,5,statsapi/2024/746632.json.gz,123528,be73f3b06ee206836e302fce39ae56ab772a0ca23df155519388b094d2c1559c,,,,
746871,2024-06-02,2024,R,F,N,1,112,CHC,113,CIN,17,statsapi/2024/746871.json.gz,124083,a2c4e4fb52446f8e92b74babd062e0a0942f53f6e4741a7ccaf7521c8ec66a6c,,,,
746953,2024-06-02,2024,R,F,N,1,111,BOS,116,DET,3,statsapi/2024/746953.json.gz,141844,b5189c1f56caddcb6940d919fbce03484971e76e2c3b0bd6a771249579bd213f,,,,
747030,2024-06-02,2024,R,F,N,1,110,BAL,139,TB,2,statsapi/2024/747030.json.gz,129021,c6de2f76c438ad3a70935513f204bf7444645972422c66ed64e523bb8b6a3e7e,,,,
747110,2024-06-02,2024,R,F,N,1,144,ATL,133,OAK,4705,statsapi/2024/747110.json.gz,122320,a1d281afaa10f5cbb10029e0ed3c19f8ae554c8f0416eb2ed6f8b759114f2ccc,,,,
744854,2024-06-03,2024,R,F,N,1,120,WSH,121,NYM,3309,statsapi/2024/744854.json.gz,150277,103bd0355f269c945e28fc6d3ee58d3e64cbc18112132ba68a723ee61f59ee43,,,,
744930,2024-06-03,2024,R,F,N,1,141,TOR,110,BAL,14,statsapi/2024/744930.json.gz,120049,6f06a3496c3ab744b4190622e7eed220b0e96dc94c330fb20a76e2f96f1a3aca,,,,
745009,2024-06-03,2024,R,F,N,1,140,TEX,116,DET,5325,statsapi/2024/745009.json.gz,114252,bf9649550cb025ea84ef482cf766fb5333acf0b2f6cc0369ff4b3a14022a20fe,,,,
745569,2024-06-03,2024,R,F,N,1,143,PHI,158,MIL,2681,statsapi/2024/745569.json.gz,113749,c6a4a62f87ff361179b66c5573a3847767856c133749256461c6742a37aa0a0e,,,,
746224,2024-06-03,2024,R,F,N,1,108,LAA,135,SD,1,statsapi/2024/746224.json.gz,112660,bc08907e824e2e057cc1c2c0c035970a3dcfd81089a2a78974fa6030dd05a2d7,,,,
746382,2024-06-03,2024,R,F,N,1,117,HOU,138,STL,2392,statsapi/2024/746382.json.gz,136494,a33b9d8ca63b6062a2ff7f9d81eff5b425f3c3954d37e4152a7d35f7ea638b93,,,,
746548,2024-06-03,2024,R,F,N,1,115,COL,113,CIN,19,statsapi/2024/746548.json.gz,127317,5a801f09d287728de4b9fb9f865bc76ee78c333bfd87f82315380c34d488aba8,,,,
747194,2024-06-03,2024,R,F,N,1,109,AZ,137,SF,15,statsapi/2024/747194.json.gz,111304,1c28bd99a6fc73d2a129d2c38191f28cc8efda5479c362127ea0ec6cfc22fc91,,,,
744850,2024-06-04,2024,R,F,N,1,120,WSH,121,NYM,3309,statsapi/2024/744850.json.gz,124455,0db0d857e906ea030af92394b39f11df155fc447c64be582d6ae35de44248ccc,,,,
744931,2024-06-04,2024,R,F,N,1,141,TOR,110,BAL,14,statsapi/2024/744931.json.gz,129168,269ef6cc7642e952560e2dbafb5240395e9a0ab0c1a874e826cc28fd9bf6a4d8,,,,
745010,2024-06-04,2024,R,F,N,1,140,TEX,116,DET,5325,statsapi/2024/745010.json.gz,127159,ad3d64056d6f0596fb1fde64494d7b79df28723b716575b967227e265b6dcfee,,,,
745497,2024-06-04,2024,R,F,N,1,134,PIT,119,LAD,31,statsapi/2024/745497.json.gz,120915,4f629cbb81057519881f28f53d17f637e0fc2aaf26472c817296ba11eb6900fe,,,,
745568,2024-06-04,2024,R,F,N,1,143,PHI,158,MIL,2681,statsapi/2024/745568.json.gz,136184,f29def2d6e0b9057e0cb3b067c3acba153646fece4decee29639e29df65ce7b8,,,,
745656,2024-06-04,2024,R,F,N,1,133,OAK,136,SEA,10,statsapi/2024/745656.json.gz,135599,cb2fb4ddb7f9dd81f3f9504d5e145401df97571172bc2f8261d1e3948046a85d,,,,
745739,2024-06-04,2024,R,F,N,1,147,NYY,142,MIN,3313,statsapi/2024/745739.json.gz,113602,6ae21974f1fb570985f8140568a128744f3cff84b2f848fd4a5eda0af78b4b08,,,,
746060,2024-06-04,2024,R,F,N,1,146,MIA,139,TB,4169,statsapi/2024/746060.json.gz,145179,14be152c66a9844f97710d23d6bb565bbebb3e2c0c356d4408a7bf8b975f1399,,,,
746222,2024-06-04,2024,R,F,N,1,108,LAA,135,SD,1,statsapi/2024/746222.json.gz,122757,6d38793e46d126f809b8963367432b533f16afe596d56eae776191879fce6668,,,,
746380,2024-06-04,2024,R,F,N,1,117,HOU,138,STL,2392,statsapi/2024/746380.json.gz,142049,a3445325add3c3cfa0d091f86d3e446dcf3a2f7b18693a569f19e1689102e867,,,,
746550,2024-06-04,2024,R,F,N,1,115,COL,113,CIN,19,statsapi/2024/746550.json.gz,117411,0d32b15e49e13e3851695bbde55d1253a8230e6d106f075de02e7e7239625cb2,,,,
746630,2024-06-04,2024,R,F,N,1,114,CLE,118,KC,5,statsapi/2024/746630.json.gz,128018,58dde3f0c44bbc3e206a985925b3b29969d64f92c1a062af6b44e02bb6d78236,,,,
746872,2024-06-04,2024,R,F,N,1,112,CHC,145,CWS,17,statsapi/2024/746872.json.gz,123092,820296e25ca3d141c75b85650b1da3d192319d6dcdc6fee2a25da8cc04b5211f,,,,
746949,2024-06-04,2024,R,F,N,1,111,BOS,144,ATL,3,statsapi/2024/746949.json.gz,119661,deafe8377cd0a879da2dfd4f618dc6fbb2b06de3c4a9e5ebb1bb828ff7189815,,,,
747196,2024-06-04,2024,R,F,N,1,109,AZ,137,SF,15,statsapi/2024/747196.json.gz,148725,fecfb356a733eb169400945f7e06cd962c99cdba56b6f0d2286daf5d1f50d47e,,,,
744852,2024-06-05,2024,R,F,N,1,120,WSH,121,NYM,3309,statsapi/2024/744852.json.gz,114073,e78612679cfcb377e7e5006493e5fccb0701a6f9d0fc33c2c3caff2e566e4638,,,,
744927,2024-06-05,2024,R,F,N,1,141,TOR,110,BAL,14,statsapi/2024/744927.json.gz,123906,686795f32a489445174f276637a0e674866f760ff14b08d59496b1a5881c5b6e,,,,
745007,2024-06-05,2024,R,F,N,1,140,TEX,116,DET,5325,statsapi/2024/745007.json.gz,136305,2b3b51e4cc310f7e94abbeeb5fe656a4d952740978b9719c91fb63e8c38ef5f8,,,,
745494,2024-06-05,2024,R,F,N,1,134,PIT,119,LAD,31,statsapi/2024/745494.json.gz,135213,33e380e5f24131b708265727c51f773a627b4d8ddb9e5101997ec93736990084,,,,
745570,2024-06-05,2024,R,F,N,1,143,PHI,158,MIL,2681,statsapi/2024/745570.json.gz,120269,3fd5dc435c3205c236ff0760d3d2b5524beb7edfe5e90ae771979a57648b59a3,,,,
745654,2024-06-05,2024,R,F,N,1,133,OAK,136,SEA,10,statsapi/2024/745654.json.gz,110516,74e38fecc0aaaae2944cbff8e46824f4b6dadb8ee252e1f10294240b34583f00,,,,
745740,2024-06-05,2024,R,F,N,1,147,NYY,142,MIN,3313,statsapi/2024/745740.json.gz,128584,d25b61fc27933a31b63d7d46b2643a796fd569073f059f0166fa2f26156d41e0,,,,
746056,2024-06-05,2024,R,F,N,1,146,MIA,139,TB,4169,statsapi/2024/746056.json.gz,118567,3be031e03ada3af51121a04e7b43d02b89c936142dcdbfb67325e51c891e5c42,,,,
746221,2024-06-05,2024,R,F,N,1,108,LAA,135,SD,1,statsapi/2024/746221.json.gz,117380,6493821ca4e3ef52239f1d331343ec20f584c49e803727a05a9b2f89056c5e11,,,,
746379,2024-06-05,2024,R,F,N,1,117,HOU,138,STL,2392,statsapi/2024/746379.json.gz,108050,b8bd71a6dcbe7869a4c19ac82908f92f557360c739d349ec6d639891a49e5d0d,,,,
746544,2024-06-05,2024,R,F,N,1,115,COL,113,CIN,19,statsapi/2024/746544.json.gz,150297,162c2022a4ea8e2f163aefe707f165b6a8e17d8ce5d714554bd571275d9a4e3a,,,,
746873,2024-06-05,2024,R,F,N,1,112,CHC,145,CWS,17,statsapi/2024/746873.json.gz,142626,d7b927dc4a2a9b98147863de48fe4598ecd457c7a291efef85a1239e70c980cd,,,,
746950,2024-06-05,2024,R,F,N,1,111,BOS,144,ATL,3,statsapi/2024/746950.json.gz,124808,a087d4a9c56a56a359c99b94b4222d3cba5280aabcb61a954d4a1a8f5b0e123f,,,,
747195,2024-06-05,2024,R,F,N,1,109,AZ,137,SF,15,statsapi/2024/747195.json.gz,167533,a6679e5ea84a45bc52d11b267ea6bc32f6a2e5419499596471c3032d5a6cc33a,,,,
744844,2024-06-06,2024,R,F,N,1,120,WSH,144,ATL,3309,statsapi/2024/744844.json.gz,107416,29b02ecd8b6a3b8aced809a0dd9f40f98184cc33f65e313f8c142ab57470fb59,,,,
744923,2024-06-06,2024,R,F,N,1,141,TOR,110,BAL,14,statsapi/2024/744923.json.gz,125389,99dc233ce19095abbaabc664ad18872785cd0bfa0f593e0f29f7bd85113d2800,,,,
745174,2024-06-06,2024,R,F,N,1,138,STL,115,COL,2889,statsapi/2024/745174.json.gz,139386,2df177d64a56892e17123a817699510a61e5ec33e1d0d85f55a28aa47010ab05,,,,
745408,2024-06-06,2024,R,F,N,1,135,SD,109,AZ,2680,statsapi/2024/745408.json.gz,134217,8b00153b5175514fccb46b1bd3d627cc237de7b7e830bc919072dd86a723a166,,,,
745495,2024-06-06,2024,R,F,N,1,134,PIT,119,LAD,31,statsapi/2024/745495.json.gz,158112,1f79d52deda7fd83a8cc87ae43e9369a7562f95e96e0113d06bb63867fbf7cdf,,,,
745657,2024-06-06,2024,R,F,N,1,133,OAK,136,SEA,10,statsapi/2024/745657.json.gz,123381,4c8cabc39f096a30f4dac6eac8bf19cf3c1ed437d8f03966807220fa6003ac2d,,,,
745738,2024-06-06,2024,R,F,N,1,147,NYY,142,MIN,3313,statsapi/2024/745738.json.gz,145810,eedc82167fda32f1c46faa2a4ed161792d319cd9b7e56e0222c02d67896d2e59,,,,
746631,2024-06-06,2024,R,F,N,1,114,CLE,118,KC,5,statsapi/2024/746631.json.gz,138259,683c4fd899e2537f9b7151a0061c991f65564fe330a688a3a4864a89c1eda691,,,,
746707,2024-06-06,2024,R,F,N,1,113,CIN,112,CHC,2602,statsapi/2024/746707.json.gz,133125,4855c413cb65e4f3e9a209961577cb27df6da3b8976b8565e1a04d59b41361bb,,,,
746784,2024-06-06,2024,R,F,N,1,145,CWS,111,BOS,4,statsapi/2024/746784.json.gz,143824,0d20cec9d0e6daf11fc717b6cc62ebbf71aa1c7cc58a6c3373455dc919d0fb75,,,,
744845,2024-06-07,2024,R,F,N,1,120,WSH,144,ATL,3309,statsapi/2024/744845.json.gz,113420,3b03f336cf96f086f84e5b01d7140df38c8522245b67d17ab6a455a50dc8d66f,,,,
745008,2024-06-07,2024,R,F,N,1,140,TEX,137,SF,5325,statsapi/2024/745008.json.gz,135390,ef7f4f0ed0d513042d078e1c08d2049c95247f253b39db6fc714697a845e6ed2,,,,
745083,2024-06-07,2024,R,F,N,1,139,TB,110,BAL,12,statsapi/2024/745083.json.gz,132458,d766477da18db57a4826091a9ca31630977e49a9de08dde178bcb8d9a4c3fa02,,,,
745169,2024-06-07,2024,R,F,N,1,138,STL,115,COL,2889,statsapi/2024/745169.json.gz,149136,29d11508678973b33c4f88679492f42a30eb19a4f6682035e5b94189c40927e9,,,,
745406,2024-06-07,2024,R,F,N,1,135,SD,109,AZ,2680,statsapi/2024/745406.json.gz,142089,432d03aa86b8523d93b18a7b0f6ca5906da51aee9bbcaf0d3c6c6d5b5f884b14,,,,
745496,2024-06-07,2024,R,F,N,1,134,PIT,142,MIN,31,statsapi/2024/745496.json.gz,114602,0f7b98956969be442ea7df1401dfe01f8f35a466e914ac9627f80d45708ea6b3,,,,
745655,2024-06-07,2024,R,F,N,1,133,OAK,141,TOR,10,statsapi/2024/745655.json.gz,110053,c5bc7b6ecd5672a222cd450585677bcc975822c74434b123a470367df2690a03,,,,
745737,2024-06-07,2024,R,F,N,1,147,NYY,119,LAD,3313,statsapi/2024/745737.json.gz,153850,fe81fc8f14513d676c337367875fba4e331dd8355be386739e703f3c73a82e74,,,,
746053,2024-06-07,2024,R,F,N,1,146,MIA,114,CLE,4169,statsapi/2024/746053.json.gz,110335,15cd3da9865d3d010c2b346b212231835c9b152c2a058d065cadff8577218087,,,,
746220,2024-06-07,2024,R,F,N,1,108,LAA,117,HOU,1,statsapi/2024/746220.json.gz,109290,73335905b2e596f81da85d971afe1c3adf203f156907415b35abfe035439245c,,,,
746302,2024-06-07,2024,R,F,N,1,118,KC,136,SEA,7,statsapi/2024/746302.json.gz,146421,8a0dd931581f1a4a857deeeeb07eb1260702cd5b4ab51a9620d4451f5e9e056a,,,,
746466,2024-06-07,2024,R,F,N,1,116,DET,158,MIL,2394,statsapi/2024/746466.json.gz,129451,18e5a355a556ccdfacd918990b4de5723317385cdd82f16a59ebe55be90d56e0,,,,
746704,2024-06-07,2024,R,F,N,1,113,CIN,112,CHC,2602,statsapi/2024/746704.json.gz,115733,d91b55916714ad962056392ab1e6c203f44d48ed8ac0fcc5a8cc2358a3ebd916,,,,
746785,2024-06-07,2024,R,F,N,1,145,CWS,111,BOS,4,statsapi/2024/746785.json.gz,132144,d8e7ad0b4de6553de384cdc1e9bb00fccc4597b3d2e4a5166c7344d8213fc8a1,,,,
744848,2024-06-08,2024,R,F,N,1,120,WSH,144,ATL,3309,statsapi/2024/744848.json.gz,127356,817b4f907dc55b90ebab8e083cf0c341ebf91e72555a25870df92c03ed97ea5e,,,,
745001,2024-06-08,2024,R,F,N,1,140,TEX,137,SF,5325,statsapi/2024/745001.json.gz,127550,644407b86665b0825f093f563847ac13adf60ddc5d58b078e9cb96621b5ac0fe,,,,
745082,2024-06-08,2024,R,F,N,1,139,TB,110,BAL,12,statsapi/2024/745082.json.gz,142210,1cd0a7dc031a4436af4bcc0e61e74b4740e92c3704de5c2bd6b8bc3444917358,,,,
745166,2024-06-08,2024,R,F,N,1,138,STL,115,COL,2889,statsapi/2024/745166.json.gz,124849,352b915fa5504789410f6f5136117a1e529b3c0c013b1671476cd3ed49a74a4d,,,,
745410,2024-06-08,2024,R,F,N,1,135,SD,109,AZ,2680,statsapi/2024/745410.json.gz,142667,927b1ab6aea8742b3eb61736d7edb471769bb0e261a82f1863d26eaa77c40424,,,,
745492,2024-06-08,2024,R,F,N,1,134,PIT,142,MIN,31,statsapi/2024/745492.json.gz,121040,14b6236ddc5827477768d4257b6e3ab482c7da95d7affc163b972276b4942ab7,,,,
745652,2024-06-08,2024,R,F,N,1,133,OAK,141,TOR,10,statsapi/2024/745652.json.gz,122248,a0c03627ffcddc3f5df67cf8506c5c0f82e48cf23c293ecdaec56b76dc0f5a32,,,,
745735,2024-06-08,2024,R,F,N,1,147,NYY,119,LAD,3313,statsapi/2024/745735.json.gz,146960,9ebb498f953c905513b438fc611658967013f64647a4307913140fe4157e4863,,,,
745814,2024-06-08,2024,R,F,N,1,121,NYM,143,PHI,5381,statsapi/2024/745814.json.gz,125313,4cd7b8baaf3574878b5a8ae59fe1f3d55374c1c13bdb7b6a2db9687520fb2d53,,,,
746057,2024-06-08,2024,R,F,N,1,146,MIA,114,CLE,4169,statsapi/2024/746057.json.gz,134754,079db95415f96f78bbdd98bddfcc3f06c36e0dc44f61f3af26cdaf483d2fa346,,,,
746223,2024-06-08,2024,R,F,N,1,108,LAA,117,HOU,1,statsapi/2024/746223.json.gz,140203,60d320329a4bf869460ea3e088144b6ff5f816833ae238a51ab66e15cfa367b0,,,,
746300,2024-06-08,2024,R,F,N,1,118,KC,136,SEA,7,statsapi/2024/746300.json.gz,126957,9cb65208f27e4b671b4b5b92c0ccc535d75fa7199cf706284964e906f312b28a,,,,
746461,2024-06-08,2024,R,F,N,1,116,DET,158,MIL,2394,statsapi/2024/746461.json.gz,146732,05700bda1a72ece962fe3bc90e4e57e42ff7e82284ff132f1267ab0785650dff,,,,
746703,2024-06-08,2024,R,F,N,1,113,CIN,112,CHC,2602,statsapi/2024/746703.json.gz,127518,ee9e82dbd56470e6587bbe8fda1e6646264162adbc21991a230b7a77d57b847b,,,,
746786,2024-06-08,2024,R,F,N,1,145,CWS,111,BOS,4,statsapi/2024/746786.json.gz,140332,9f27cb92232ce374e4f8d4218e765258d9428be5a415dca02dc539d618ea8934,,,,
744849,2024-06-09,2024,R,F,N,1,120,WSH,144,ATL,3309,statsapi/2024/744849.json.gz,131110,4682f70efa92dab11e2f7b356afa740d159a95cfa1234a1685c834ee122907cb,,,,
745003,2024-06-09,2024,R,F,N,1,140,TEX,137,SF,5325,statsapi/2024/745003.json.gz,112129,d6992e46845340f5397d5efe4006dc16fdc4f4ba4c2fe37b82b3269bcc3c739b,,,,
745085,2024-06-09,2024,R,F,N,1,139,TB,110,BAL,12,statsapi/2024/745085.json.gz,144285,8097d76db5fb89e2212798ee1393d8fe297104454fec69ff7adcec9841b305a0,,,,
745167,2024-06-09,2024,R,F,N,1,138,STL,115,COL,2889,statsapi/2024/745167.json.gz,115674,ae44450f3b9e7a8bbabcd108e16f34b00c066f4866e378efce0e91a23b23d498,,,,
745407,2024-06-09,2024,R,F,N,1,135,SD,109,AZ,2680,statsapi/2024/745407.json.gz,143701,97f6f45fc996821f7b9ddb8e9eb359c587744ea9d914ec25107451160f8b5d48,,,,
745491,2024-06-09,2024,R,F,N,1,134,PIT,142,MIN,31,statsapi/2024/745491.json.gz,158401,a68e19973429dd6173513dc6b34972a3c888993ebf2c695a7f798cd4f4e5b221,,,,
745571,2024-06-09,2024,R,F,N,1,143,PHI,121,NYM,5381,statsapi/2024/745571.json.gz,139821,959926948eff7c197f0c343458b333bc53a8bf8722e697b478ea309d68a09850,,,,
745651,2024-06-09,2024,R,F,N,1,133,OAK,141,TOR,10,statsapi/2024/745651.json.gz,125388,b426fd75ad56035a14cfcb702b6b4ce8d3215b9a7f8e2e7de8b2078a63ac20c5,,,,
745736,2024-06-09,2024,R,F,N,1,147,NYY,119,LAD,3313,statsapi/2024/745736.json.gz,127241,805a8b5e954cb3334c42a433d7d17eccc807cb58759ad171152957aeaacfaf1b,,,,
746054,2024-06-09,2024,R,F,N,1,146,MIA,114,CLE,4169,statsapi/2024/746054.json.gz,129035,a06f98d9fc3401fe2a442eb20b3a72396ade42e6dc4490c11f6827a692299a93,,,,
746216,2024-06-09,2024,R,F,N,1,108,LAA,117,HOU,1,statsapi/2024/746216.json.gz,148652,4d356f627645b09bf018bc04aec2020095170247276112fd9c99013af48b7e94,,,,
746297,2024-06-09,2024,R,F,N,1,118,KC,136,SEA,7,statsapi/2024/746297.json.gz,145105,91afdbcc6a762b3c1d40edf416f64fb2e463395c15b411cf590b31830532dcf2,,,,
746463,2024-06-09,2024,R,F,N,1,116,DET,158,MIL,2394,statsapi/2024/746463.json.gz,129374,d7a5f3ed5d398e66d3a97d26444959c494b0b360ddb5cd8d285c3a05b96aac6c,,,,
746705,2024-06-09,2024,R,F,N,1,113,CIN,112,CHC,2602,statsapi/2024/746705.json.gz,133223,be9291d593cb488be84004605f0db913407f655bb7a0b7d3e25ad682b9098058,,,,
746787,2024-06-09,2024,R,F,N,1,145,CWS,111,BOS,4,statsapi/2024/746787.json.gz,156003,bdcd6486c09a4b7a22b80010f4f5d8bda664aed82d60bff51bdc64c7cb561c68,,,,
745080,2024-06-10,2024,R,F,N,1,139,TB,110,BAL,12,statsapi/2024/745080.json.gz,126571,88ed1f662d15b582a7fec5e76b0a8895f02375eea593fc1bfcafe0dfe14aa16d,,,,
745248,2024-06-10,2024,R,F,N,1,136,SEA,145,CWS,680,statsapi/2024/745248.json.gz,135842,af51bed07121f72621cc4157cc7a368af37f629a893bcdd5a686fed60d6941bb,,,,
745334,2024-06-10,2024,R,F,N,1,137,SF,117,HOU,2395,statsapi/2024/745334.json.gz,134464,1fa17978799e39c946c84219d839a395b6ad8950b79f8a309eabaa59fa2a7d7b,,,,
745409,2024-06-10,2024,R,F,N,1,135,SD,133,OAK,2680,statsapi/2024/745409.json.gz,139779,f0fcbd2c84716a42705a736858111bfec9836aaf951c76f40f22cfd40b108f80,,,,
745897,2024-06-10,2024,R,F,N,1,142,MIN,115,COL,3312,statsapi/2024/745897.json.gz,113949,0f99bdecd555f940c0a0f3b740ae7b055a3855496ce7612ff194ecc54a563a88,,,,
745982,2024-06-10,2024,R,F,N,1,158,MIL,141,TOR,32,statsapi/2024/745982.json.gz,112564,99972dba116daf5bf09ed95d06362f0404e9ce97dabbdd719adda1a29d7ee9fb,,,,
746295,2024-06-10,2024,R,F,N,1,118,KC,147,NYY,7,statsapi/2024/746295.json.gz,121215,1f9a79cf29baf2bad234a6eb9932b9432cdba80235df3e02583b7ab4f895ac25,,,,
745077,2024-06-11,2024,R,F,N,1,139,TB,112,CHC,12,statsapi/2024/745077.json.gz,130059,64830a68ca299c52f1ef24aeacc118244570b0b117e95b44327ddf7c446bece2,,,,
745170,2024-06-11,2024,R,F,N,1,138,STL,134,PIT,2889,statsapi/2024/745170.json.gz,122582,3a611820a9621381b5c927c0bbddf9693f6276d02474955ea9ca06b31ad38bf8,,,,
745244,2024-06-11,2024,R,F,N,1,136,SEA,145,CWS,680,statsapi/2024/745244.json.gz,129635,e05eb8c9e7331cc225f23fe4b4b753f2b41fb92036ac85f574f8fee069fb56d9,,,,
745327,2024-06-11,2024,R,F,N,1,137,SF,117,HOU,2395,statsapi/2024/745327.json.gz,120126,316058d28d18fe1c2bd43f1448e15bb02005de02ebe4669e4805f88fa174795c,,,,
745404,2024-06-11,2024,R,F,N,1,135,SD,133,OAK,2680,statsapi/2024/745404.json.gz,127725,64d296a86e27654320f4f1f2cf96eade433fb8db1ac912b838911b8947ed9d88,,,,
745815,2024-06-11,2024,R,F,N,1,121,NYM,146,MIA,3289,statsapi/2024/745815.json.gz,131359,efac654151521a799fb21e4f01ed271e444d7697cfa666014aa7f81621729ddf,,,,
745899,2024-06-11,2024,R,F,N,1,142,MIN,115,COL,3312,statsapi/2024/745899.json.gz,130199,9bdd892d2c9a3abfb32566d262fbc5aa244ec6d9fe906b2436dfb3098900031e,,,,
745981,2024-06-11,2024,R,F,N,1,158,MIL,141,TOR,32,statsapi/2024/745981.json.gz,131919,0afd3278202362dadb78f297274398d0877107f52a6ec6e6fd44e868ee2ee3f1,,,,
746139,2024-06-11,2024,R,F,N,1,119,LAD,140,TEX,22,statsapi/2024/746139.json.gz,144773,1b793006ccee2db7b7af94079ba6c0225c073911c222fba207f611abe877c9c7,,,,
746296,2024-06-11,2024,R,F,N,1,118,KC,147,NYY,7,statsapi/2024/746296.json.gz,142126,39d6b4b74b7edeecd027d75a89570f02eda651040079f7615223b738469d0d48,,,,
746464,2024-06-11,2024,R,F,N,1,116,DET,120,WSH,2394,statsapi/2024/746464.json.gz,138366,a18028adedb294306204a92ad4608b766a100deb4ad84b49c2c05aaaf9315522,,,,
746702,2024-06-11,2024,R,F,N,1,113,CIN,114,CLE,2602,statsapi/2024/746702.json.gz,136351,567569574259cb5a9f808420d7f3575e7a0e3b6fd30d80cc1dbdb9d5ebb80306,,,,
746951,2024-06-11,2024,R,F,N,1,111,BOS,143,PHI,3,statsapi/2024/746951.json.gz,117673,79a06c18064cd494db86b4645cb081cab186dfd5c3212101c5fb46bd798c88ca,,,,
747027,2024-06-11,2024,R,F,N,1,110,BAL,144,ATL,2,statsapi/2024/747027.json.gz,127025,5df38ecf97e98df44e9a0addbaaf899145f8df7a3a94682a76ae2038a13a9e03,,,,
747190,2024-06-11,2024,R,F,N,1,109,AZ,108,LAA,15,statsapi/2024/747190.json.gz,151607,dfdebe5abbe69e1b99fc538b63b1107218171b42078d25bc838edd73ea8b4648,,,,
745079,2024-06-12,2024,R,F,N,1,139,TB,112,CHC,12,statsapi/2024/745079.json.gz,134956,4d3b9c7deb50e5865c6f446384e12bc1c85fdddb136e9b47b5c05a29a5345b0b,,,,
745171,2024-06-12,2024,R,F,N,1,138,STL,134,PIT,2889,statsapi/2024/745171.json.gz,116044,7060df48ca4aed85f4b5e45d9cd84fe52bbd25fb825ea35bf9468beee14b4c2c,,,,
745246,2024-06-12,2024,R,F,N,1,136,SEA,145,CWS,680,statsapi/2024/745246.json.gz,126591,3dace6f11dfa39d2fec6a9466f4c51dd319ab5933ac22e7bc66c4d41d0fd4e9d,,,,
745328,2024-06-12,2024,R,F,N,1,137,SF,117,HOU,2395,statsapi/2024/745328.json.gz,113837,3df83e1fc2086208c92a766c767e60e6c9ca580ed74797863052a77d796f2a19,,,,
745405,2024-06-12,2024,R,F,N,1,135,SD,133,OAK,2680,statsapi/2024/745405.json.gz,139813,b3faf0fea855db3e32b0e11da7d0f7a87f22be119cdeb36c4cceb37d1d1fb766,,,,
745811,2024-06-12,2024,R,F,N,1,121,NYM,146,MIA,3289,statsapi/2024/745811.json.gz,132783,738455344539ae3d0ff182b0199e35c626ab177274656a0b52c3632363fe7482,,,,
745896,2024-06-12,2024,R,F,N,1,142,MIN,115,COL,3312,statsapi/2024/745896.json.gz,156657,4ac8466488bd197844302ca0be86d24db773772ec988e7dd538d523ba573f0f6,,,,
745978,2024-06-12,2024,R,F,N,1,158,MIL,141,TOR,32,statsapi/2024/745978.json.gz,126196,f452c45e0dfedbe0024d13a4184b97e697b012b72b672d3c46785831336192a5,,,,
746137,2024-06-12,2024,R,F,N,1,119,LAD,140,TEX,22,statsapi/2024/746137.json.gz,136655,c01352404b934e71e8d7f0bf388b7efb770062fbc294a8eeee9add4f90ea1c9f,,,,
746294,2024-06-12,2024,R,F,N,1,118,KC,147,NYY,7,statsapi/2024/746294.json.gz,141542,1a8ae3cac28fac0efe50e7e4f37eb57894a7fb2b5e7c89511684bcd5f6cdc144,,,,
746462,2024-06-12,2024,R,F,N,1,116,DET,120,WSH,2394,statsapi/2024/746462.json.gz,140038,c240afd7856edc5319d653e955be2b462c13cc05c45c47558a8e071c65eca264,,,,
746701,2024-06-12,2024,R,F,N,1,113,CIN,114,CLE,2602,statsapi/2024/746701.json.gz,126791,b8927bcf15e26af92197e4f6eca48617e982eccac77f27d49751984987722d3e,,,,
746948,2024-06-12,2024,R,F,N,1,111,BOS,143,PHI,3,statsapi/2024/746948.json.gz,143451,fc7433fe8f0f8b728705ae8296dcaf94ffb1754cd9b1136225217eabdc52aff9,,,,
747028,2024-06-12,2024,R,F,N,1,110,BAL,144,ATL,2,statsapi/2024/747028.json.gz,119354,2728e11afa02d5f0ef8175c85422315cc88ad47fa07bd94673831836c7192554,,,,
747193,2024-06-12,2024,R,F,N,1,109,AZ,108,LAA,15,statsapi/2024/747193.json.gz,131717,d14ecf90312ffa6f7ab16e7c12a5b4207c0d7abdd502ba6a7e4c885ae8c70d48,,,,
745075,2024-06-13,2024,R,F,N,1,139,TB,112,CHC,12,statsapi/2024/745075.json.gz,121585,c136ef5f32740a809015b418f3f30cbffc191abf328f4efb66bde9d13bcc8a2d,,,,
745168,2024-06-13,2024,R,F,N,1,138,STL,134,PIT,2889,statsapi/2024/745168.json.gz,123887,85eb62c20aab710593d1cbd54087234b6587741bdd5093e37fb5f87e0af4a503,,,,
745245,2024-06-13,2024,R,F,N,1,136,SEA,145,CWS,680,statsapi/2024/745245.json.gz,129574,795e8686a3e205c9be1e48d247f317cd0a20f5347ca1bfd87a854645ce333de1,,,,
745809,2024-06-13,2024,R,F,N,1,121,NYM,146,MIA,3289,statsapi/2024/745809.json.gz,124775,13f633eb86022ef82075ed274dd76ce82ce47e15a472be086e6334a433693612,,,,
745894,2024-06-13,2024,R,F,N,1,142,MIN,133,OAK,3312,statsapi/2024/745894.json.gz,122888,827812082f02fcefa174c650064a56ba9caf1b887daf611481561d9e043ce0f2,,,,
746136,2024-06-13,2024,R,F,N,1,119,LAD,140,TEX,22,statsapi/2024/746136.json.gz,127833,ce9b75bbeda4b9afb406a23b717b9ef0fb8727becebf39c043dc7e2499220aab,,,,
746299,2024-06-13,2024,R,F,N,1,118,KC,147,NYY,7,statsapi/2024/746299.json.gz,123362,8b5cb6281bd0b7e7f66adb8f6b9e65b3a1980100697d6d3cc44587b215d23ac5,,,,
746465,2024-06-13,2024,R,F,N,1,116,DET,120,WSH,2394,statsapi/2024/746465.json.gz,129649,c19b2fd022c80453eb71b093c1ff0e82ffe9126bb8f22e52db3959af2f126fcd,,,,
746944,2024-06-13,2024,R,F,N,1,111,BOS,143,PHI,3,statsapi/2024/746944.json.gz,135833,7e9d4c6d3fafa60192535bb2c4d2c9ff726c734c6af7d305d293559efdc0ddf1,,,,
747026,2024-06-13,2024,R,F,N,1,110,BAL,144,ATL,2,statsapi/2024/747026.json.gz,133079,a9442ef325b3200b2b8dc09f13bf3de737d6c011ca8c7ea682741b1c7828c6fa,,,,
747192,2024-06-13,2024,R,F,N,1,109,AZ,108,LAA,15,statsapi/2024/747192.json.gz,131293,c89a15cc4d0fda0c5e0a0af1d969b3c4c6abba57e87e1b558008bf621821b770,,,,
744847,2024-06-14,2024,R,F,N,1,120,WSH,146,MIA,3309,statsapi/2024/744847.json.gz,119369,9cdda094ed0bc91550a36d9d78658471a97a8c9d00fc80a434d8930623683fbd,,,,
744924,2024-06-14,2024,R,F,N,1,141,TOR,114,CLE,14,statsapi/2024/744924.json.gz,124032,dcb426e4df86e87da8509224eca6fdab2ccc6878176d866af27292ed50bd2417,,,,
745247,2024-06-14,2024,R,F,N,1,136,SEA,140,TEX,680,statsapi/2024/745247.json.gz,122569,adb3d021024e3e71c6a3e90fed3bc29cc576e8b66efa24a97a1e7582b740962e,,,,
745326,2024-06-14,2024,R,F,N,1,137,SF,108,LAA,2395,statsapi/2024/745326.json.gz,149152,914ca42f2ccb847ff6899a8e488518bd3c3062d1cbf516f4f29844e9bfa094f2,,,,
745810,2024-06-14,2024,R,F,N,1,121,NYM,135,SD,3289,statsapi/2024/745810.json.gz,125267,3ee312fbb0a598a99f52cc3b8365710ee43e26978bd0ec3973da0549bf3afae3,,,,
745892,2024-06-14,2024,R,F,N,1,142,MIN,133,OAK,3312,statsapi/2024/745892.json.gz,135195,1d1d75e8d8737ca13de0e671ab89a51286dccfd31314e8429ea608df7bb8e8f0,,,,
745979,2024-06-14,2024,R,F,N,1,158,MIL,113,CIN,32,statsapi/2024/745979.json.gz,144090,a063c5244b86ec34b53bfae2ed7fdcd1bf2696b8820db856dd24533affd6da58,,,,
746134,2024-06-14,2024,R,F,N,1,119,LAD,118,KC,22,statsapi/2024/746134.json.gz,113142,d36af6b4f2500827b6a31a06a5355cfd3029c103e81950562342268a12d21792,,,,
746378,2024-06-14,2024,R,F,N,1,117,HOU,116,DET,2392,statsapi/2024/746378.json.gz,105784,524eed0736cdf6645210e7f2a41dd647015e2d7f316927043bad13cc554a5991,,,,
746545,2024-06-14,2024,R,F,N,1,115,COL,134,PIT,19,statsapi/2024/746545.json.gz,128079,5bc79d50b35c2581aa210ca742c8bb31740919ff6319665870e8fd007fe21085,,,,
746869,2024-06-14,2024,R,F,N,1,112,CHC,138,STL,17,statsapi/2024/746869.json.gz,122394,624167596de28d62af85b0f96d091872f72e53692a1a49b654595229f7afaf5e,,,,
746947,2024-06-14,2024,R,F,N,1,111,BOS,147,NYY,3,statsapi/2024/746947.json.gz,148958,d1a3f53ed1fc4f6d5cb172255ba6f25bfeed837800809d8f2ab5d07ddc16cebf,,,,
747025,2024-06-14,2024,R,F,N,1,110,BAL,143,PHI,2,statsapi/2024/747025.json.gz,138208,62bb9b9a6cde12ffba044653f44b2c118b954379a4525ce25e930d08d37e4e5b,,,,
747112,2024-06-14,2024,R,F,N,1,144,ATL,139,TB,4705,statsapi/2024/747112.json.gz,135267,1fb66b6fe7ea0bcbff8cd91f21d1519a40599fbb0dbd4874887b6f894071cc9a,,,,
747191,2024-06-14,2024,R,F,N,1,109,AZ,145,CWS,15,statsapi/2024/747191.json.gz,123579,7c2a27d7605b3c50ed307f53e2691dcee288412705b73300d53ef4ad47947376,,,,
744846,2024-06-15,2024,R,F,N,1,120,WSH,146,MIA,3309,statsapi/2024/744846.json.gz,114167,6c209ff549771cb6004b7c9a044e020d6a1c87b5055fd9bb5ac17aebdb6125c6,,,,
744925,2024-06-15,2024,R,F,N,1,141,TOR,114,CLE,14,statsapi/2024/744925.json.gz,121027,6aa52971cf997a6869635f3366801118f75897b871dbed9c8de6909ca570eb8d,,,,
745241,2024-06-15,2024,R,F,N,1,136,SEA,140,TEX,680,statsapi/2024/745241.json.gz,136512,10f284d675347bc113d4681870a3e916fa328e195c2f54ea036db876fd67b156,,,,
745329,2024-06-15,2024,R,F,N,1,137,SF,108,LAA,2395,statsapi/2024/745329.json.gz,133663,0f1534895eea1ee4d7d72630a2f1a770b0a14a8ebdceb18bc994e2ac9c9fa077,,,,
745805,2024-06-15,2024,R,F,N,1,121,NYM,135,SD,3289,statsapi/2024/745805.json.gz,129604,4aaf133bee519fc387a7b75561d680e732f5de12a389979d3bb9cbf386aa7322,,,,
745976,2024-06-15,2024,R,F,N,1,158,MIL,113,CIN,32,statsapi/2024/745976.json.gz,120077,7e30a206b637c7987e8b3bc23f41df87639d1c2320aebbc94eacb54089d9a69d,,,,
746135,2024-06-15,2024,R,F,N,1,119,LAD,118,KC,22,statsapi/2024/746135.json.gz,134704,84ef32f6fb79c4d7471e6e5dc1f5d7c7695bc054bdbf4f7970ae24802186c415,,,,
746381,2024-06-15,2024,R,F,N,1,117,HOU,116,DET,2392,statsapi/2024/746381.json.gz,155175,a00f57b4002f38fbc214ab3c7f93b1bbf78f762413d207045d880ff221495805,,,,
746547,2024-06-15,2024,R,F,N,1,115,COL,134,PIT,19,statsapi/2024/746547.json.gz,134289,9e2cd6836ce2b413083c0493abad3ce266ccfcdea513fcf0162c8a7f9010ce1c,,,,
746865,2024-06-15,2024,R,F,N,1,112,CHC,138,STL,17,statsapi/2024/746865.json.gz,120457,8dad1a09ddaf24fe9fe39310a1111b0dd38496ddd57cbfe5edc508be93e62921,,,,
746946,2024-06-15,2024,R,F,N,1,111,BOS,147,NYY,3,statsapi/2024/746946.json.gz,150689,2e17270f0b30ab4bd0bfd0ad2d793feaf09d24b16e5ae253880dcdb849af7526,,,,
747024,2024-06-15,2024,R,F,N,1,110,BAL,143,PHI,2,statsapi/2024/747024.json.gz,122328,31299bf628d7b769d4d576c6b3cf597d05e312c50b6312e55cdf1229b7a6a6a3,,,,
747113,2024-06-15,2024,R,F,N,1,144,ATL,139,TB,4705,statsapi/2024/747113.json.gz,138256,aea9c64270580d4ab801687f3b3119e96ddcd5b32f6f0e1fbf8d7220b2d1ecbb,,,,
747187,2024-06-15,2024,R,F,N,1,109,AZ,145,CWS,15,statsapi/2024/747187.json.gz,143111,db73c2b877f6a00795ba60c1b901c17751050a9d773bab52437d5864d2d16156,,,,
744839,2024-06-16,2024,R,F,N,1,120,WSH,146,MIA,3309,statsapi/2024/744839.json.gz,116846,cbc4b10b85eb2fc43077f9c0dcbadb346a38d079ac190cc44422e4e302afcdec,,,,
744926,2024-06-16,2024,R,F,N,1,141,TOR,114,CLE,14,statsapi/2024/744926.json.gz,137698,4f6658d407638c6de4ebbdacb3b04b9599486ce5d16ee0b771eda08944f34b1e,,,,
745242,2024-06-16,2024,R,F,N,1,136,SEA,140,TEX,680,statsapi/2024/745242.json.gz,120399,002f47fe409d51d9166fa6b7066db05809e68fb24a366f8e3812a6573b2b3b80,,,,
745321,2024-06-16,2024,R,F,N,1,137,SF,108,LAA,2395,statsapi/2024/745321.json.gz,141910,d678b8c81ed5ecdb68268f78c535bc6b68807ac2f81f4dc1535b05898c300ca7,,,,
745807,2024-06-16,2024,R,F,N,1,121,NYM,135,SD,3289,statsapi/2024/745807.json.gz,149407,6887eedd53b9b84919cc7abb095612bf4913fdb8d4adc39be66d1f047f92e5cd,,,,
745891,2024-06-16,2024,R,F,S,2,142,MIN,133,OAK,3312,statsapi/2024/745891.json.gz,129564,4c1a80ff38b9169255669043550a1b60faef8badf5e82e77b9305b23f5cf7d36,,,,
745895,2024-06-16,2024,R,F,S,1,142,MIN,133,OAK,3312,statsapi/2024/745895.json.gz,132950,a225cf2303ccacaed86d702778205d3e81dd338a1bfcfbe71570b8e8e7ed9d35,,,,
745977,2024-06-16,2024,R,F,N,1,158,MIL,113,CIN,32,statsapi/2024/745977.json.gz,127006,f6825bce6ed8af0b60bc1d6a529fa08ecafdeb98316a8991eed8d3e316502aac,,,,
746130,2024-06-16,2024,R,F,N,1,119,LAD,118,KC,22,statsapi/2024/746130.json.gz,109540,349546d554b1d510949a283d53bb2b41828a79cc1dc3df54d5b8623e6d22957f,,,,
746377,2024-06-16,2024,R,F,N,1,117,HOU,116,DET,2392,statsapi/2024/746377.json.gz,117002,76424637e720895a2fa0f98a5812099b27813c1dfe2e79d98cb6e33a1bfcd8e6,,,,
746546,2024-06-16,2024,R,F,N,1,115,COL,134,PIT,19,statsapi/2024/746546.json.gz,135065,283ad5f0c44bc37140f2523584dbe13c9eff673a47104e11c5ac9b7df851dafd,,,,
746866,2024-06-16,2024,R,F,N,1,112,CHC,138,STL,17,statsapi/2024/746866.json.gz,134171,7f7549fe41cd5549b150b38de9ea2703d6b7198b475aff7aa60485f6cbc53188,,,,
746945,2024-06-16,2024,R,F,N,1,111,BOS,147,NYY,3,statsapi/2024/746945.json.gz,142770,7af27a45b9e193ca918e1edcdb4c3431eda8c8fbd2b7e1e5079eea8a54c03387,,,,
747023,2024-06-16,2024,R,F,N,1,110,BAL,143,PHI,2,statsapi/2024/747023.json.gz,132373,0a05c4376dfacc349a6c029160f79ff7d5a86c25108fa86d011dd99becdf592a,,,,
747109,2024-06-16,2024,R,F,N,1,144,ATL,139,TB,4705,statsapi/2024/747109.json.gz,127833,57f0347c5c8a216e8d25f3aec953929ae481ddc07e1da7bed353e90fb7d7f98d,,,,
747189,2024-06-16,2024,R,F,N,1,109,AZ,145,CWS,15,statsapi/2024/747189.json.gz,133188,444e98e34ce85eef9707174d1326f96af68f83c1cc870cb3e83ba02b0ba9d6a6,,,,
744918,2024-06-17,2024,R,F,N,1,141,TOR,111,BOS,14,statsapi/2024/744918.json.gz,136899,ed2b49b85b1e03097d7e221c1554bc7e891dd4ecd118f375c3a4511dbbd6e004,,,,
745005,2024-06-17,2024,R,F,N,1,140,TEX,121,NYM,5325,statsapi/2024/745005.json.gz,144501,a4d0b439e46d83b87a072aeb1a91a42b9104342df828d42bbbfffbc0d4bcf8ed,,,,
745490,2024-06-17,2024,R,F,N,1,134,PIT,113,CIN,31,statsapi/2024/745490.json.gz,121876,190105d536b392f60cc7c3037a6b80510365ea43a90ee9918fffea93f72f11fc,,,,
745567,2024-06-17,2024,R,F,N,1,143,PHI,135,SD,2681,statsapi/2024/745567.json.gz,124747,dac6b09d2f0bff6244c2f13872e0ae112b5fb076cd6ebc317e00a239c7219723,,,,
746055,2024-06-17,2024,R,F,N,1,146,MIA,138,STL,4169,statsapi/2024/746055.json.gz,157229,08b85a791488047cd0c13607728e99c1e47e8a5c3c126d61f15968d8b20ee505,,,,
746215,2024-06-17,2024,R,F,N,1,108,LAA,158,MIL,1,statsapi/2024/746215.json.gz,126879,06b4a97d4ccc7a2cd4ee14190b7f82e2eb35c35a305f923c77dc2b14404db5e3,,,,
746543,2024-06-17,2024,R,F,N,1,115,COL,119,LAD,19,statsapi/2024/746543.json.gz,138994,782ef086e614a1c7a0fa29d18fb2a7502cd8d4e66fb778998514fe9532e0540c,,,,
746868,2024-06-17,2024,R,F,N,1,112,CHC,137,SF,17,statsapi/2024/746868.json.gz,149181,9dd70aa5eb0abb3da103f99259be65310e5bdc44ba070e64575a4ba232db2212,,,,
747108,2024-06-17,2024,R,F,N,1,144,ATL,116,DET,4705,statsapi/2024/747108.json.gz,125581,061aa27e31e8bb74d56cecf6bf423134bac9480880e8992178c053c6a9860714,,,,
744843,2024-06-18,2024,R,F,N,1,120,WSH,109,AZ,3309,statsapi/2024/744843.json.gz,117473,8ad3645831a6c44a359bfad2c369ca7ef0d7c24645c5ba3f207f74bf6710aacc,,,,
744917,2024-06-18,2024,R,F,N,1,141,TOR,111,BOS,14,statsapi/2024/744917.json.gz,136978,31f74313cae28b29b6fe27c1a04af58ae5f4482730de6ff7a10e0ff8f90f8182,,,,
745004,2024-06-18,2024,R,F,N,1,140,TEX,121,NYM,5325,statsapi/2024/745004.json.gz,128514,5f344f84cf1c330c8df2a30f2acbf0d0a50821791f5e6b98976d9799aa7e02e7,,,,
745488,2024-06-18,2024,R,F,N,1,134,PIT,113,CIN,31,statsapi/2024/745488.json.gz,110130,4ced34a3e93375dac0202473b41aeda03bf745bd9600e7470408f0c014ce8ad7,,,,
745563,2024-06-18,2024,R,F,N,1,143,PHI,135,SD,2681,statsapi/2024/745563.json.gz,133046,518bcf0d8759bf03d99c830d67634606fbba6dad3592246b2b3a2c97006eca21,,,,
745650,2024-06-18,2024,R,F,N,1,133,OAK,118,KC,10,statsapi/2024/745650.json.gz,132358,4305c50f1895a78b46aad5c6a9dbbd4d8b983c2f789db21594ac146377cd96e1,,,,
745733,2024-06-18,2024,R,F,N,1,147,NYY,110,BAL,3313,statsapi/2024/745733.json.gz,133296,5637520f7f5ec2ccf8271a8f1f32ea95c6fa9b5d29596579435d99fd2d7def7c,,,,
745893,2024-06-18,2024,R,F,N,1,142,MIN,139,TB,3312,statsapi/2024/745893.json.gz,129996,cf03bddb0b36b755af85ee5257d7b7991815f7465db3365734e3440d1ca53ca7,,,,
746049,2024-06-18,2024,R,F,N,1,146,MIA,138,STL,4169,statsapi/2024/746049.json.gz,142485,b4d01b1701b81e8e64d775e655f12afcb51753ca043e38323f69fb50b98be160,,,,
746217,2024-06-18,2024,R,F,N,1,108,LAA,158,MIL,1,statsapi/2024/746217.json.gz,138467,331ef31873063e1dd9178136e0301644a1a71f88e56123466982be0ee282dac4,,,,
746542,2024-06-18,2024,R,F,N,1,115,COL,119,LAD,19,statsapi/2024/746542.json.gz,146918,300bb9642cb2e5f152be44b52819a5baa17d66174b492c9436855d787eff8938,,,,
746627,2024-06-18,2024,R,F,N,1,114,CLE,136,SEA,5,statsapi/2024/746627.json.gz,153044,b21232e74ca89e2728207caaa7bec33125fc7dd2a50d2404774bf0c408fa1da5,,,,
746783,2024-06-18,2024,R,F,N,1,145,CWS,117,HOU,4,statsapi/2024/746783.json.gz,109927,c0cc5b176e41af99bf833a5d4248e88042f5c07815557a885613aae92f90a6d2,,,,
746867,2024-06-18,2024,R,F,N,1,112,CHC,137,SF,17,statsapi/2024/746867.json.gz,116752,64d67c9984d260c99a5d9d8e00c4fabd5d453bcea4ff9169c4fd93ecfa810f8a,,,,
747107,2024-06-18,2024,R,F,N,1,144,ATL,116,DET,4705,statsapi/2024/747107.json.gz,120565,844c26dcfdc8d5d83ce537624b0b99a3834ee2b25fcb0307d76fff9706a1fa67,,,,
744842,2024-06-19,2024,R,F,N,1,120,WSH,109,AZ,3309,statsapi/2024/744842.json.gz,115458,ff4e5a67f7e990209db93c41da25c9922c9e0038e7696b1a7a7f6b908eadcf45,,,,
744920,2024-06-19,2024,R,F,N,1,141,TOR,111,BOS,14,statsapi/2024/744920.json.gz,129757,462fd1b817e0042d20db008a0f423053580b8c0b5e03014ab853b555a728bb26,,,,
745002,2024-06-19,2024,R,F,N,1,140,TEX,121,NYM,5325,statsapi/2024/745002.json.gz,126645,82ef3cbb3c8b44c6a7f1a5fe468308e94bc0c77e07ddecbeeef4a962bac792b7,,,,
745489,2024-06-19,2024,R,F,N,1,134,PIT,113,CIN,31,statsapi/2024/745489.json.gz,110691,d45e2e4b2f314de59de482d8940532694bf8f224dff21eb5a8bd33ba05fc44e6,,,,
745561,2024-06-19,2024,R,F,N,1,143,PHI,135,SD,2681,statsapi/2024/745561.json.gz,131838,44befdf6c663ca4b1835ed6caf3c594bb5c69d80f61933dc02c6ac1101f82314,,,,
745646,2024-06-19,2024,R,F,N,1,133,OAK,118,KC,10,statsapi/2024/745646.json.gz,130844,71d8c0f248c8ea49462f9078bfe17c12fb075da1bf85227ae63771deb9836905,,,,
745732,2024-06-19,2024,R,F,N,1,147,NYY,110,BAL,3313,statsapi/2024/745732.json.gz,163970,a2e57563c5bd22bdd001aababe90adb9fe3708e4d0c73c3be7f303ddf9e8ee0a,,,,
745887,2024-06-19,2024,R,F,N,1,142,MIN,139,TB,3312,statsapi/2024/745887.json.gz,153536,f9d5fed2fabb26e27e93290677e73efae0e01d19d5b2d0e8a85892146234c62b,,,,
746050,2024-06-19,2024,R,F,N,1,146,MIA,138,STL,4169,statsapi/2024/746050.json.gz,125143,1496c5439f65b293bdf474596094692fd9f4ebdf5d513ca37d9f4db74eead7f7,,,,
746219,2024-06-19,2024,R,F,N,1,108,LAA,158,MIL,1,statsapi/2024/746219.json.gz,121217,5dc74387e2e4122ee0f4aefec3007ae3002773fd627b55bec03a1f9855aa45c4,,,,
746538,2024-06-19,2024,R,F,N,1,115,COL,119,LAD,19,statsapi/2024/746538.json.gz,126493,56163a928b3df0548b5f8eef288ba6209f3bbc1cf3188e5ef54d8513771640fe,,,,
746625,2024-06-19,2024,R,F,N,1,114,CLE,136,SEA,5,statsapi/2024/746625.json.gz,118957,7893aeb7f4c0fd2d2a1ef1f98b4ac77a92aaf30ad8a926d94ff06c6c25976ed8,,,,
746781,2024-06-19,2024,R,F,N,1,145,CWS,117,HOU,4,statsapi/2024/746781.json.gz,116839,c2cb1edb687b7f96258d615076ffe8c9dd09d25c01a2baea920289a38a23d15e,,,,
746864,2024-06-19,2024,R,F,N,1,112,CHC,137,SF,17,statsapi/2024/746864.json.gz,136296,f99099c9325e9bbdd9db547843f90a0741b3760a69b6ab3bc483c1eb2491fd1f,,,,
747106,2024-06-19,2024,R,F,N,1,144,ATL,116,DET,4705,statsapi/2024/747106.json.gz,132726,73543de52e040b920dedf440902127db8ce7a3cb28828eabaa53f399001f209e,,,,
744841,2024-06-20,2024,R,F,N,1,120,WSH,109,AZ,3309,statsapi/2024/744841.json.gz,117427,ed9da69ed99e03a0c8cfd61060c48ac68f04334a63891faccccb2657ecf7541a,,,,
745164,2024-06-20,2024,R,F,N,1,138,STL,137,SF,3949,statsapi/2024/745164.json.gz,96841,fb7ae9d3d59addc77e8443164aa47ac21e1523c4711efad79cbe107373b3a9a5,,,,
745401,2024-06-20,2024,R,F,N,1,135,SD,158,MIL,2680,statsapi/2024/745401.json.gz,150001,757b1f2aa28b8fe457a79aae278a090099211c54c4a32e0eab23c6bc64f921ac,,,,
745645,2024-06-20,2024,R,F,N,1,133,OAK,118,KC,10,statsapi/2024/745645.json.gz,122972,337e619dff036ae327e979b2f34a2127880748c6ad40ddcee4d26adfc99034e1,,,,
745734,2024-06-20,2024,R,F,N,1,147,NYY,110,BAL,3313,statsapi/2024/745734.json.gz,148457,c996ba4b9f51872efc864999080196c02559efb4efd075ea521b9ea65f2d037a,,,,
745889,2024-06-20,2024,R,F,N,1,142,MIN,139,TB,3312,statsapi/2024/745889.json.gz,159134,5149b8105aa44f8dbae1e4425cd157df7f9540bcd33cd2362a20c7d528eb835a,,,,
746539,2024-06-20,2024,R,F,N,1,115,COL,119,LAD,19,statsapi/2024/746539.json.gz,132865,0adef06ce46544c8ba9f3e5c963e687d36ffbaa3ea40495c5fa06fe2cfff5aee,,,,
746626,2024-06-20,2024,R,F,N,1,114,CLE,136,SEA,5,statsapi/2024/746626.json.gz,129349,eab10ad44175344790ea667adc5df0ecf00ded8773e7a4efbae8d12fc47dd052,,,,
746782,2024-06-20,2024,R,F,N,1,145,CWS,117,HOU,4,statsapi/2024/746782.json.gz,138064,e4fa1605e612376df3efe16178d451ff5f05c63ab06c4dacd4af30aced52ee5d,,,,
745006,2024-06-21,2024,R,F,N,1,140,TEX,118,KC,5325,statsapi/2024/745006.json.gz,131371,14077e29930b81b6fb51eb91a1080e9c0561953c1a0d15a5ad30f90720dfe03c,,,,
745403,2024-06-21,2024,R,F,N,1,135,SD,158,MIL,2680,statsapi/2024/745403.json.gz,147355,1dfa80c006e4ca3e2407891f09ba5da406ebf664d3b18b57ef33155db5afac54,,,,
745483,2024-06-21,2024,R,F,N,1,134,PIT,139,TB,31,statsapi/2024/745483.json.gz,137246,72607ee9ebf6b14d6fa6454dfe6e34f8593c2855985faeed960aed759d136e18,,,,
745562,2024-06-21,2024,R,F,N,1,143,PHI,109,AZ,2681,statsapi/2024/745562.json.gz,135519,3d9d78fde60e80ea052152bbb28c937aaebbbf03f3d29bedbc41e9c75eac56f0,,,,
745649,2024-06-21,2024,R,F,N,1,133,OAK,142,MIN,10,statsapi/2024/745649.json.gz,122764,808fd3a4d53c4106ca633e543c9494fcd55585b1139338dd3b839400e607085c,,,,
745729,2024-06-21,2024,R,F,N,1,147,NYY,144,ATL,3313,statsapi/2024/745729.json.gz,139854,16d1b70761cbba2bfe308e4c5aa21a6a8b9e136b2c408af5ee13ecab5f151431,,,,
746052,2024-06-21,2024,R,F,N,1,146,MIA,136,SEA,4169,statsapi/2024/746052.json.gz,120661,c27cad281a69d8405d4065b4aebf767792d1574185fbd8a88b201dbba588ced9,,,,
746131,2024-06-21,2024,R,F,N,1,119,LAD,108,LAA,22,statsapi/2024/746131.json.gz,128906,6a04ba6a4cce957828bfd1ce13079d982e8307585bf8edf81474d7f25b53d607,,,,
746375,2024-06-21,2024,R,F,N,1,117,HOU,110,BAL,2392,statsapi/2024/746375.json.gz,154570,09bebad652bef1cd95ceef8c18fcd01b37624880115e4d201650ef3249f80e99,,,,
746460,2024-06-21,2024,R,F,N,1,116,DET,145,CWS,2394,statsapi/2024/746460.json.gz,114157,b637cf11f9418d09bbb186c124f18257ee4f97c568e836d3e2fcefac41d66ad2,,,,
746540,2024-06-21,2024,R,F,N,1,115,COL,120,WSH,19,statsapi/2024/746540.json.gz,141882,b234403cb3897e34d6662a3f25ce0f59bf63b8faa4e6114047dad462f6963f68,,,,
746624,2024-06-21,2024,R,F,N,1,114,CLE,141,TOR,5,statsapi/2024/746624.json.gz,128797,c1c9c0f1e0d93991438cdb4609f8e234814e26c03bea90adf688f839985aeb1c,,,,
746698,2024-06-21,2024,R,F,N,1,113,CIN,111,BOS,2602,statsapi/2024/746698.json.gz,123103,0e302d9ef72e65ac543a5594c1c601a3b2a05db02e9c036aeb42af83e0659205,,,,
746861,2024-06-21,2024,R,F,N,1,112,CHC,121,NYM,17,statsapi/2024/746861.json.gz,151024,9403060232ec56b5ac4939deea58a9b2a72670185d71b96c5f9f2690f56c0724,,,,
744997,2024-06-22,2024,R,F,N,1,140,TEX,118,KC,5325,statsapi/2024/744997.json.gz,115521,673aababc46dc62792a147b1a8262f3d77df2c399fa2a52429becc24ff6b8458,,,,
745163,2024-06-22,2024,R,F,N,1,138,STL,137,SF,2889,statsapi/2024/745163.json.gz,130588,4f178cd68d617b94ff7ea4a376ef3c3906bd8644791678c45874abdf86105bb9,,,,
745402,2024-06-22,2024,R,F,N,1,135,SD,158,MIL,2680,statsapi/2024/745402.json.gz,130347,0e18183fd54a4e42d5d606669d8bcdd683eaebc5faaa23ad7dc2ac7a49dca82a,,,,
745486,2024-06-22,2024,R,F,N,1,134,PIT,139,TB,31,statsapi/2024/745486.json.gz,113674,3d120375c89c286ffeffedd02c37d34725ebc40ce42564b72dd3129ee781edf0,,,,
745564,2024-06-22,2024,R,F,N,1,143,PHI,109,AZ,2681,statsapi/2024/745564.json.gz,122469,7a08c3bd77fb8c98851833456a57fd2823087ccba8a2ab8e1ac9bf32e47e6cc9,,,,
745644,2024-06-22,2024,R,F,N,1,133,OAK,142,MIN,10,statsapi/2024/745644.json.gz,129451,a8b26f3037c8954cde91a242d40fbc6ff320b9f46b29c4a8734b1ed2318e54d5,,,,
745731,2024-06-22,2024,R,F,N,1,147,NYY,144,ATL,3313,statsapi/2024/745731.json.gz,127995,8eac0bcaffb5b795769f0cc68ad6b45cfa5915400b6ad553daff2044f0e64843,,,,
746048,2024-06-22,2024,R,F,N,1,146,MIA,136,SEA,4169,statsapi/2024/746048.json.gz,122456,c21c85e550804a68d7a05bf714547df06527e56dce931225c3dce51d64a31801,,,,
746132,2024-06-22,2024,R,F,N,1,119,LAD,108,LAA,22,statsapi/2024/746132.json.gz,116023,f75d0ecb8f6b89a5dfd8aa5c0b9437c95b227486ab32ff804942fe15825897c3,,,,
746376,2024-06-22,2024,R,F,N,1,117,HOU,110,BAL,2392,statsapi/2024/746376.json.gz,108883,ceb9ac6c4d94b9ed389e003df94d043818d82bbdd6b6178fd2ce8d063fa46666,,,,
746459,2024-06-22,2024,R,F,N,1,116,DET,145,CWS,2394,statsapi/2024/746459.json.gz,140979,d56746a87eead2d1b938b803bf2a1e442952481a6223dfe505ae7a1bba8c9e19,,,,
746541,2024-06-22,2024,R,F,N,1,115,COL,120,WSH,19,statsapi/2024/746541.json.gz,134552,78fd58a62ff4c8d5550587b40a9a556e78c669dd23952ffe73a8adeeac6e4185,,,,
746622,2024-06-22,2024,R,F,N,1,114,CLE,141,TOR,5,statsapi/2024/746622.json.gz,118502,fe4a282a3c63c39eaa5297d44d72965a69988519b849ca4adb8f70fafb01e0c0,,,,
746700,2024-06-22,2024,R,F,N,1,113,CIN,111,BOS,2602,statsapi/2024/746700.json.gz,135317,b7ecb5760e3403a7ab2ab3831afa0a934dbe80269a9ad02328d37c91535c586d,,,,
746863,2024-06-22,2024,R,F,N,1,112,CHC,121,NYM,17,statsapi/2024/746863.json.gz,124420,9db1fdbfbf993c9f386aa7ad5985d7a3405f232ab842155ab238b664156d160b,,,,
745000,2024-06-23,2024,R,F,N,1,140,TEX,118,KC,5325,statsapi/2024/745000.json.gz,109290,102aec056c5a169395d0c761bed8059a198209521739921f2e388677cf69d351,,,,
745165,2024-06-23,2024,R,F,N,1,138,STL,137,SF,2889,statsapi/2024/745165.json.gz,115257,db9fb3ad7462037d25f6766d7bdb1e6b1d2ca16278a782b31d7324fcf9c0da3e,,,,
745396,2024-06-23,2024,R,F,N,1,135,SD,158,MIL,2680,statsapi/2024/745396.json.gz,125421,d00e274eb79fd63c7bba948a1dbd644b51a1e4a8c5d00c4fc600436078f29b48,,,,
745485,2024-06-23,2024,R,F,N,1,134,PIT,139,TB,31,statsapi/2024/745485.json.gz,116975,dce9dbd4ef94a38ea1acc38d960bfe4895510f014e33927ad4c4aa0d95873b12,,,,
745566,2024-06-23,2024,R,F,N,1,143,PHI,109,AZ,2681,statsapi/2024/745566.json.gz,121274,9e7e206e6c6a8276074e1d7105e824a9a091102c400bf39477b31d78a6386883,,,,
745648,2024-06-23,2024,R,F,N,1,133,OAK,142,MIN,10,statsapi/2024/745648.json.gz,110381,a544bfa0ae19fe029b6dbd0912cff71aa6936f682794f878898432f00fcfc220,,,,
745727,2024-06-23,2024,R,F,N,1,147,NYY,144,ATL,3313,statsapi/2024/745727.json.gz,118269,ace76951f73c852c33ce8991a765bc6e6148a2a1f956c42e384d66fcf61fe300,,,,
746051,2024-06-23,2024,R,F,N,1,146,MIA,136,SEA,4169,statsapi/2024/746051.json.gz,124875,68f72942778aa6cf4f412f6fbccf9347d8aa3068a3404644df8e834292159793,,,,
746373,2024-06-23,2024,R,F,N,1,117,HOU,110,BAL,2392,statsapi/2024/746373.json.gz,120996,c86e07fdb29d498f83cf1f1464dd35a9d02bdfe0eaacb01ef806903b23cdc3ed,,,,
746457,2024-06-23,2024,R,F,N,1,116,DET,145,CWS,2394,statsapi/2024/746457.json.gz,144876,5859c6b110c4823c4d7e5783d1c30888501c41e0862096910811f61d2d66833e,,,,
746536,2024-06-23,2024,R,F,N,1,115,COL,120,WSH,19,statsapi/2024/746536.json.gz,115895,737c5787bb3ff47fe6d23bb118964d930805d439a3eeb33773d08c36c050115c,,,,
746621,2024-06-23,2024,R,F,N,1,114,CLE,141,TOR,5,statsapi/2024/746621.json.gz,145692,1e452b8272854e390e0cf533f90556f02d0416e83d029bc2b8c4cb82c5e5178f,,,,
746699,2024-06-23,2024,R,F,N,1,113,CIN,111,BOS,2602,statsapi/2024/746699.json.gz,137377,773296448df0affdb809e11794c15d349e122b75010f7b47e7d380523bd4c568,,,,
746862,2024-06-23,2024,R,F,N,1,112,CHC,121,NYM,17,statsapi/2024/746862.json.gz,142472,057673e636ea4d6f406136cab6a74e703d43c92deab9303617be5804f2eef20f,,,,
745078,2024-06-24,2024,R,F,N,1,139,TB,136,SEA,12,statsapi/2024/745078.json.gz,139687,ee914c5ce3355cee1c9213967e1b47a141a7a24ac3714e9cb94868ecb585d14b,,,,
745160,2024-06-24,2024,R,F,N,1,138,STL,144,ATL,2889,statsapi/2024/745160.json.gz,120961,b6b22e8d68be243f8cc3576d091244be5555bd3412ea305804e4e4e91de23a17,,,,
745323,2024-06-24,2024,R,F,N,1,137,SF,112,CHC,2395,statsapi/2024/745323.json.gz,140667,c88395784af447f5bdaae5b2a71162fe043a1b89bb47d6cb70515c12bc0da1bb,,,,
745397,2024-06-24,2024,R,F,N,1,135,SD,120,WSH,2680,statsapi/2024/745397.json.gz,142974,112c679ccf10065be1d128d83a114ad781c5392e2c590ff64e9f1e94331823d6,,,,
745974,2024-06-24,2024,R,F,N,1,158,MIL,140,TEX,32,statsapi/2024/745974.json.gz,149475,511bf089217fdb8a8898032b7372631adbf594191114c364acc8ac3381952c6f,,,,
746218,2024-06-24,2024,R,F,N,1,108,LAA,133,OAK,1,statsapi/2024/746218.json.gz,124431,763d14f10887f3bf1c31b54980097b63164d4af0902041ab64251bf413a7d5d5,,,,
746298,2024-06-24,2024,R,F,N,1,118,KC,146,MIA,7,statsapi/2024/746298.json.gz,117026,517f267fea37ec058dec5f91f4b9fbe40b302bbc065a41337cb450b448dc5691,,,,
746458,2024-06-24,2024,R,F,N,1,116,DET,143,PHI,2394,statsapi/2024/746458.json.gz,143806,89e32daf6a583bc5463da50cf3d5ca8c94ef124baf26e85be929550d00c68443,,,,
746696,2024-06-24,2024,R,F,N,1,113,CIN,134,PIT,2602,statsapi/2024/746696.json.gz,140230,8a84c8792c501802e5417d19a28cbf15c7c584b8e1d48617ab41001687d1d800,,,,
746780,2024-06-24,2024,R,F,N,1,145,CWS,119,LAD,4,statsapi/2024/746780.json.gz,129836,15aa323fe90288aec149d55254f61ddb2378323e1db9a15a5469a090ed549e19,,,,
746941,2024-06-24,2024,R,F,N,1,111,BOS,141,TOR,3,statsapi/2024/746941.json.gz,123955,cc6093b3ef2da7d9ee3e2ba06480d801364db4369ba7d5a1c3cc8a68b2231d20,,,,
747021,2024-06-24,2024,R,F,N,1,110,BAL,114,CLE,2,statsapi/2024/747021.json.gz,131257,63639c1468247b8deadbadab961a86ff874d6e0f5d70224dc0f1ca4bd2f259b4,,,,
745076,2024-06-25,2024,R,F,N,1,139,TB,136,SEA,12,statsapi/2024/745076.json.gz,137322,64f0c6817d37681740499f0709222c2e828bd862a7c2db4259e9b8f7aec3b179,,,,
745322,2024-06-25,2024,R,F,N,1,137,SF,112,CHC,2395,statsapi/2024/745322.json.gz,124642,edfce92097dcae22270299c8696aeb6b2066c05760e49fb48a5eb4664778c22f,,,,
745399,2024-06-25,2024,R,F,N,1,135,SD,120,WSH,2680,statsapi/2024/745399.json.gz,128413,d28d1d6cc69ffff1124679eeab9b08bbdae43c4a74ec6d1aefc5ab0e617e480c,,,,
745806,2024-06-25,2024,R,F,N,1,121,NYM,147,NYY,3289,statsapi/2024/745806.json.gz,140466,19dd5063fab09d2ba09ee4c815a0f478b629967e11bd7ea0d7a0fc83044a06bc,,,,
745973,2024-06-25,2024,R,F,N,1,158,MIL,140,TEX,32,statsapi/2024/745973.json.gz,120807,43d5062e7f9ba7e8aed6e3d1e640214c6ce86697777d41ee559404b15fc1dad2,,,,
746213,2024-06-25,2024,R,F,N,1,108,LAA,133,OAK,1,statsapi/2024/746213.json.gz,134306,919330015bcf64b30a001c53148de16ef8bc313bc2374885a019ff76325a5a8d,,,,
746293,2024-06-25,2024,R,F,N,1,118,KC,146,MIA,7,statsapi/2024/746293.json.gz,116590,9c4505e3336eb6c0f6f2f66404c6620b29c9644cae94f5022e834e130584c256,,,,
746372,2024-06-25,2024,R,F,N,1,117,HOU,115,COL,2392,statsapi/2024/746372.json.gz,125275,91d856cc959581c8f8f25a1b5af1619253c6c1706823c17434880df29f97e280,,,,
746454,2024-06-25,2024,R,F,N,1,116,DET,143,PHI,2394,statsapi/2024/746454.json.gz,112335,e8b2e65e7b63c6fa65bede1199e28ee54855d77aebad8d548cc469663162e59c,,,,
746697,2024-06-25,2024,R,F,N,1,113,CIN,134,PIT,2602,statsapi/2024/746697.json.gz,140212,0fad9fcb1e5fffc22c07e342a6f222b4189be6b0233893664fc8b09a9490d159,,,,
746775,2024-06-25,2024,R,F,N,1,145,CWS,119,LAD,4,statsapi/2024/746775.json.gz,137600,b129d013b7738f32cd9c1d747c7989e6c95d8986adc2daa5548293f1573055ba,,,,
746943,2024-06-25,2024,R,F,N,1,111,BOS,141,TOR,3,statsapi/2024/746943.json.gz,135792,26a2b9714f5bc16bc4685d6f1938ce555c9e75642ea906c8fd352115aae5c939,,,,
747022,2024-06-25,2024,R,F,N,1,110,BAL,114,CLE,2,statsapi/2024/747022.json.gz,136060,d3fed07ba878c27fb59d1e0f7ab436637496b88e91238ae5a62f4f7774fe3da5,,,,
747188,2024-06-25,2024,R,F,N,1,109,AZ,142,MIN,15,statsapi/2024/747188.json.gz,111027,a1111a46b5482ce064877a51054fa2e3f81f2f55821003c746acd631c0062fb0,,,,
745073,2024-06-26,2024,R,F,N,1,139,TB,136,SEA,12,statsapi/2024/745073.json.gz,138162,0bc12972f5fd310a64106deb323709a2f28c8a8548180aabecf76752c405832e,,,,
745157,2024-06-26,2024,R,F,S,1,138,STL,144,ATL,2889,statsapi/2024/745157.json.gz,143991,2736f0271a079aa3ab5716be137e7c88d9c0256b6a8d3da3eae6bc72cc8aa469,,,,
745158,2024-06-26,2024,R,F,S,2,138,STL,144,ATL,2889,statsapi/2024/745158.json.gz,124885,91afa14ce6869bff3f257d10e99de8afdc4c5756af810eb0ca8b77136aab8836,,,,
745325,2024-06-26,2024,R,F,N,1,137,SF,112,CHC,2395,statsapi/2024/745325.json.gz,127062,3274391e0b5cf388ebdcfd69133168c62e7c76e52cd8d61442efb37ebab4073f,,,,
745400,2024-06-26,2024,R,F,N,1,135,SD,120,WSH,2680,statsapi/2024/745400.json.gz,124797,e6a295d9e4952c48ab54a0b923617cc7a873dd0bcec450523c7a265a7edb8e7b,,,,
745808,2024-06-26,2024,R,F,N,1,121,NYM,147,NYY,3289,statsapi/2024/745808.json.gz,147317,9afd59f18eeda4703e34e95e5d6c769670f1f05fb52e2cee09013f00b37aa907,,,,
745975,2024-06-26,2024,R,F,N,1,158,MIL,140,TEX,32,statsapi/2024/745975.json.gz,135610,a99caf639f0745eaae3c08563685411f7f8856b87c0835a6d9f83f93be455568,,,,
746212,2024-06-26,2024,R,F,N,1,108,LAA,133,OAK,1,statsapi/2024/746212.json.gz,128870,dab885de95c60df34c2f7e72764354fcb385acd25febdfd64c46ff004827ce28,,,,
746291,2024-06-26,2024,R,F,N,1,118,KC,146,MIA,7,statsapi/2024/746291.json.gz,122136,ffb5fcc7329dccd5f4021a122de2274fe7b465a57f0e26f2f1c5a5033bfc0bd0,,,,
746374,2024-06-26,2024,R,F,N,1,117,HOU,115,COL,2392,statsapi/2024/746374.json.gz,123512,3eb68ff4682e120be5aa418562fc9aeef2707cf214684902a5e88cb579e1dd10,,,,
746456,2024-06-26,2024,R,F,N,1,116,DET,143,PHI,2394,statsapi/2024/746456.json.gz,132588,287edb8aac2a85010cdf476d004a2e683029ef4dc68e33c796949c6344420d48,,,,
746695,2024-06-26,2024,R,F,N,1,113,CIN,134,PIT,2602,statsapi/2024/746695.json.gz,118303,f43dd19d29264735e35a1548810139e7e44f6db08fbecd4293de7e974e00ebe8,,,,
746777,2024-06-26,2024,R,F,N,1,145,CWS,119,LAD,4,statsapi/2024/746777.json.gz,116584,d31f9ae049acb77b19e56ddfadc6755524e04a1f7a13faff88ced8a3ce64fb9c,,,,
746942,2024-06-26,2024,R,F,N,1,111,BOS,141,TOR,3,statsapi/2024/746942.json.gz,133738,9e87f71dff1ebf651c91a24d14edf443b8b0a95c2b7950ed6b2be189844dcf13,,,,
747019,2024-06-26,2024,R,F,N,1,110,BAL,114,CLE,2,statsapi/2024/747019.json.gz,122097,218cd255b281228d57619a00b946ca252876b2f8389ade49a060490569571778,,,,
747184,2024-06-26,2024,R,F,N,1,109,AZ,142,MIN,15,statsapi/2024/747184.json.gz,128310,7c837cfbea92e2cc392143fa894e2d1cc3196ce2579641aa2861c1718a691999,,,,
744919,2024-06-27,2024,R,F,N,1,141,TOR,147,NYY,14,statsapi/2024/744919.json.gz,131169,bec8f0c0990682764721890c14239088df408dd00bd51444b98934014cafe49e,,,,
745162,2024-06-27,2024,R,F,N,1,138,STL,113,CIN,2889,statsapi/2024/745162.json.gz,142177,92956c4cdeab82d6a41cc1252f4726bb1e1174cdb9f917abdc7f811bcd3d7d7f,,,,
745324,2024-06-27,2024,R,F,N,1,137,SF,112,CHC,2395,statsapi/2024/745324.json.gz,144555,900a0226a52dca14b3498f6230cf25a1d59815fdf37a7cc610e0e115de1b3de6,,,,
745565,2024-06-27,2024,R,F,N,1,143,PHI,146,MIA,2681,statsapi/2024/745565.json.gz,137358,403ab64a4ed75e32a26d24ac293a25e545be4d8122f71550fe56e727e13986b3,,,,
746210,2024-06-27,2024,R,F,N,1,108,LAA,116,DET,1,statsapi/2024/746210.json.gz,113445,e068a43a495e298d08b6ed724836f7c9c03a262384d3d2469fb71e058a1675eb,,,,
746288,2024-06-27,2024,R,F,N,1,118,KC,114,CLE,7,statsapi/2024/746288.json.gz,114500,22dbfcac7c5bb7d659b169ceafd35afa4a4aded75e774fb43a871644d3a48ae9,,,,
746816,2024-06-27,2024,R,F,N,1,145,CWS,144,ATL,4,statsapi/2024/746816.json.gz,116927,6d61d29249cd3ad9a9f9afdcc83182a5c653d3574f241a1899468cca4fa37d1f,,,,
747020,2024-06-27,2024,R,F,N,1,110,BAL,140,TEX,2,statsapi/2024/747020.json.gz,120738,98c8b462d3a35da17c5b6e9bd71fe32a7a20672b648eac577b048260d799a4f1,,,,
747185,2024-06-27,2024,R,F,N,1,109,AZ,142,MIN,15,statsapi/2024/747185.json.gz,142333,f922a286eed776b246351e6fb688442ad94f090306c2fa5f6fa876ef2fad8069,,,,
744922,2024-06-28,2024,R,F,N,1,141,TOR,147,NYY,14,statsapi/2024/744922.json.gz,149068,f97f17873b7f97be276b6d4b1df8ee9783484e0e1e42701587c5462680eacc47,,,,
745070,2024-06-28,2024,R,F,N,1,139,TB,120,WSH,12,statsapi/2024/745070.json.gz,129494,d0d376dc9bc6605659c7def02b330839d5bbda3a85963bf1918b3c394da8c3d4,,,,
745161,2024-06-28,2024,R,F,N,1,138,STL,113,CIN,2889,statsapi/2024/745161.json.gz,122129,915dca4537d338ddea1ca7b596011e106b21ba3e18ba6e59a6631e9acb203ca8,,,,
745238,2024-06-28,2024,R,F,N,1,136,SEA,142,MIN,680,statsapi/2024/745238.json.gz,125620,9611f8fe49e8aa9048634cb01c8d03d84984d10017a97e96dd387f95d3d123b1,,,,
745319,2024-06-28,2024,R,F,N,1,137,SF,119,LAD,2395,statsapi/2024/745319.json.gz,118805,21c405cf127513097ac81b6c9b75ab01b5776c7219a07d4f18c078236c6c8621,,,,
745560,2024-06-28,2024,R,F,N,1,143,PHI,146,MIA,2681,statsapi/2024/745560.json.gz,113644,c872aaa639c1e59b8eaf171b9bd542594e345d1d9f54293a9d439f3d4ea66688,,,,
745804,2024-06-28,2024,R,F,N,1,121,NYM,117,HOU,3289,statsapi/2024/745804.json.gz,143084,9eefdf52dd56a65b5fad21d5f9dc54dc08f7ce2e437036ecad04872354a7df68,,,,
745970,2024-06-28,2024,R,F,N,1,158,MIL,112,CHC,32,statsapi/2024/745970.json.gz,123135,116531861cdb1f10f20d5dfcf4b9386ec0152d5915a39152b7b23b3a285dddc2,,,,
746214,2024-06-28,2024,R,F,N,1,108,LAA,116,DET,1,statsapi/2024/746214.json.gz,118633,36b01f1d3c177a6193b1c701564970dc08a970adba04dadd6ff38c2fb06d5a2f,,,,
746292,2024-06-28,2024,R,F,N,1,118,KC,114,CLE,7,statsapi/2024/746292.json.gz,137000,a00f3a4c8923a567b47311015382233a1a5a85fbdff1b7d494230e6e7e800b11,,,,
746776,2024-06-28,2024,R,F,N,1,145,CWS,115,COL,4,statsapi/2024/746776.json.gz,119521,179556852db5f39054824921016a974f78d35aabed0a7713e067e7ec68dd126b,,,,
746939,2024-06-28,2024,R,F,N,1,111,BOS,135,SD,3,statsapi/2024/746939.json.gz,132543,bbe69af960e233ae6bfb8297e8b86efc0cdcec72325bb5630e93ed7f19ef5e75,,,,
747017,2024-06-28,2024,R,F,N,1,110,BAL,140,TEX,2,statsapi/2024/747017.json.gz,123375,07108ff457126f8395f0c154a5d03a6b9add0d2c703a12bdbe3f793d98a79516,,,,
747105,2024-06-28,2024,R,F,N,1,144,ATL,134,PIT,4705,statsapi/2024/747105.json.gz,134925,5c59223135da2fddb0252cb3291eb0ab6a60ad07519f9eb40bc1d86a1f5a331d,,,,
747183,2024-06-28,2024,R,F,N,1,109,AZ,133,OAK,15,statsapi/2024/747183.json.gz,143712,e2331632c5889a21ba3d31776df7e4bda479d99785671373200303a67106c489,,,,
744921,2024-06-29,2024,R,F,N,1,141,TOR,147,NYY,14,statsapi/2024/744921.json.gz,133488,70d54affed8f9f7afa9b1ba5f68e38ab578979f77e03dbd2ee1005a5e4e594a7,,,,
745071,2024-06-29,2024,R,F,N,1,139,TB,120,WSH,12,statsapi/2024/745071.json.gz,132916,04bf6f0b0de6ed11d92c5b3ad807c670f15dba34b88d1f507a473de7a9b8988c,,,,
745159,2024-06-29,2024,R,F,N,1,138,STL,113,CIN,2889,statsapi/2024/745159.json.gz,148662,14efcb6b0c2e5c12507493b67370cd74ef7ec2f574db65e09950e23d45b6e8ff,,,,
745239,2024-06-29,2024,R,F,N,1,136,SEA,142,MIN,680,statsapi/2024/745239.json.gz,138718,469f6e3c5ab464ddb84e2be437a16b18210b1064fa57471f406853dcb6c775fc,,,,
745317,2024-06-29,2024,R,F,N,1,137,SF,119,LAD,2395,statsapi/2024/745317.json.gz,170344,e323401d25a6ab3e71e732595476f9df1f92d250b07f8630aa436ae120d9c527,,,,
745559,2024-06-29,2024,R,F,N,1,143,PHI,146,MIA,2681,statsapi/2024/745559.json.gz,124632,c5bc77a5c7abcf3ccf0669473c40ba5e1925b6f6b457d6fe60486a941c09c10f,,,,
745801,2024-06-29,2024,R,F,N,1,121,NYM,117,HOU,3289,statsapi/2024/745801.json.gz,154441,487007c513ff601ca66021f7608adbff482dc5db5c7db64ef481e30ba4d9323a,,,,
745972,2024-06-29,2024,R,F,N,1,158,MIL,112,CHC,32,statsapi/2024/745972.json.gz,134064,35ce1194cc27079654969b954c5d31ca91b6bad8f84f33603e0a1b1dc9162f82,,,,
746211,2024-06-29,2024,R,F,N,1,108,LAA,116,DET,1,statsapi/2024/746211.json.gz,136125,9febe3fb41b8623d1b38a22bb1b20eeced9bf88fc1441f8150a09e6c7bc749f3,,,,
746289,2024-06-29,2024,R,F,N,1,118,KC,114,CLE,7,statsapi/2024/746289.json.gz,133464,b74bcd72f4966e1fecb5639e4edf7832dca3bf3d6de4ae87bd3d86df4fcb9522,,,,
746778,2024-06-29,2024,R,F,N,1,145,CWS,115,COL,4,statsapi/2024/746778.json.gz,130748,b7f46459c745d24f7baf393cd1ba0800d7c15503849908e96fd760d76b626d03,,,,
746940,2024-06-29,2024,R,F,N,1,111,BOS,135,SD,3,statsapi/2024/746940.json.gz,138440,0fff7734017f232f44754c21192ae821c9e6b6e24bfd6ca6485ebe55671ff327,,,,
747018,2024-06-29,2024,R,F,N,1,110,BAL,140,TEX,2,statsapi/2024/747018.json.gz,137445,c660a40a5aa0ecbb2042ddc42c515e6538400bb644aba735a5cff5abbb49fe76,,,,
747104,2024-06-29,2024,R,F,N,1,144,ATL,134,PIT,4705,statsapi/2024/747104.json.gz,142289,1c9c24d8c52ea1dddc9b2fab8e317f6c534e8fbfd436934cbe80141fd6b81b87,,,,
747186,2024-06-29,2024,R,F,N,1,109,AZ,133,OAK,15,statsapi/2024/747186.json.gz,115538,0b447c08c0fbf9233973dbc72b9954308a9eab93544c1943c42ef632b97102a1,,,,
744916,2024-06-30,2024,R,F,N,1,141,TOR,147,NYY,14,statsapi/2024/744916.json.gz,139882,c52ba150bd9751892beaec4bcaf9a0eac73e13af289ce481737d4178aaae47e3,,,,
745072,2024-06-30,2024,R,F,N,1,139,TB,120,WSH,12,statsapi/2024/745072.json.gz,122032,d3d13f0dfc779a8b1cb1040ddb68f603be5e1285f059cc86938ca76a3f4c3dc5,,,,
745154,2024-06-30,2024,R,F,N,1,138,STL,113,CIN,2889,statsapi/2024/745154.json.gz,117971,255d4d762b1285a748e640283e96c42a05c5359b7e2e44abd11cf6e389c0ddea,,,,
745243,2024-06-30,2024,R,F,N,1,136,SEA,142,MIN,680,statsapi/2024/745243.json.gz,136703,b2a601bb011e929e3a4e54f878258ee9f29f07fe64d09ab5ddb934660db2c344,,,,
745320,2024-06-30,2024,R,F,N,1,137,SF,119,LAD,2395,statsapi/2024/745320.json.gz,131899,daf8be86d55ee3fb6c8f25ef1e3c8b7d171897d3f71697c5dba2ca52b4360cdb,,,,
745555,2024-06-30,2024,R,F,N,1,143,PHI,146,MIA,2681,statsapi/2024/745555.json.gz,143370,229491158082637b8e921647f035080d0ba7c75e8cd1441471b543bf2271177d,,,,
745802,2024-06-30,2024,R,F,N,1,121,NYM,117,HOU,3289,statsapi/2024/745802.json.gz,142459,2b8be7b4fb6e6b06c757a67fc7ea98085499b8fe5444fe8aa83bee42d61eae01,,,,
745971,2024-06-30,2024,R,F,N,1,158,MIL,112,CHC,32,statsapi/2024/745971.json.gz,125608,33fba6d3f9671570070b6d29461578a7992eaa254b6eba3744ac676d97409206,,,,
746209,2024-06-30,2024,R,F,N,1,108,LAA,116,DET,1,statsapi/2024/746209.json.gz,137787,4c85999e6e148b05f2a0ab218a23a8292da9e941d153fb49d6a07abae8db2c25,,,,
746290,2024-06-30,2024,R,F,N,1,118,KC,114,CLE,7,statsapi/2024/746290.json.gz,128542,9ff0ade5d5bbdba35d2cd966792fde7572c2b32855ab05245f832111ba62eb86,,,,
746779,2024-06-30,2024,R,F,N,1,145,CWS,115,COL,4,statsapi/2024/746779.json.gz,157202,8bf1d07eaa9160153d746931f7ea6c71c7e474ad15a57a44cc584f37bb21825b,,,,
746938,2024-06-30,2024,R,F,N,1,111,BOS,135,SD,3,statsapi/2024/746938.json.gz,118204,8d7f8ce6b6c1bf797f7cb337fe2eed722cf1e985b9aed70b718d2771c5fe37c8,,,,
747016,2024-06-30,2024,R,F,N,1,110,BAL,140,TEX,2,statsapi/2024/747016.json.gz,136051,9c2fd0ff3de1fb6deb6b89e57f65324c7a5b72013d75456d607b73c8d82e83ac,,,,
747101,2024-06-30,2024,R,F,N,1,144,ATL,134,PIT,4705,statsapi/2024/747101.json.gz,123848,964e4036f7aa70a85074be40b6cb83cba394c57cb92162e1d75a1c515f54a030,,,,
747182,2024-06-30,2024,R,F,N,1,109,AZ,133,OAK,15,statsapi/2024/747182.json.gz,119253,ae7ea2a77f79cc61f9735dbfc1c9f011d7a528aefa04c8b2f80338409d9ae4a6,,,,
744840,2024-07-01,2024,R,F,N,1,120,WSH,121,NYM,3309,statsapi/2024/744840.json.gz,153155,c39cd8d221a4f5bba707aab731f98060ab3ecf74ac9b99b43e647e09272cc3e7,,,,
744914,2024-07-01,2024,R,F,N,1,141,TOR,117,HOU,14,statsapi/2024/744914.json.gz,112564,d2f198aa471df1723e8d51c0ce29e5ee5d050e6bb8e3d5f37251a2d83a71aa23,,,,
746535,2024-07-01,2024,R,F,N,1,115,COL,158,MIL,19,statsapi/2024/746535.json.gz,137692,c8c92dd80c1f2a5e7eb5b2051491d66c5b96f602e095855edfc3e2e17b509e50,,,,
744838,2024-07-02,2024,R,F,N,1,120,WSH,121,NYM,3309,statsapi/2024/744838.json.gz,134364,1a59847e7d567365dc2a5ee1275e95873a758005c7d37e3117118e5b72bdb347,,,,
744913,2024-07-02,2024,R,F,N,1,141,TOR,117,HOU,14,statsapi/2024/744913.json.gz,126154,b28c1c7fa46c2d57fe2491f59e8fb32ae156f7316ab1044675da36b737b37a2e,,,,
744999,2024-07-02,2024,R,F,N,1,140,TEX,135,SD,5325,statsapi/2024/744999.json.gz,123236,aee63a229e98e9887edf4fe2642e979ae95cda88b01cb2d8fea583d1609e14a1,,,,
745240,2024-07-02,2024,R,F,N,1,136,SEA,110,BAL,680,statsapi/2024/745240.json.gz,128057,5be43186ae63b8207e2a303d6d0a608638bc70d200d7e1073f68fa196c1d18e0,,,,
745482,2024-07-02,2024,R,F,N,1,134,PIT,138,STL,31,statsapi/2024/745482.json.gz,130956,48c0a5c1f4b8d1c62e24534313b716ea0409e50950d06d5216bf029a02c4a21c,,,,
745647,2024-07-02,2024,R,F,N,1,133,OAK,108,LAA,10,statsapi/2024/745647.json.gz,130283,da0c08c4cd9cd1ed6ccc81015ffa69c8c764f6b34bc99ad29f797670acc08d01,,,,
745730,2024-07-02,2024,R,F,N,1,147,NYY,113,CIN,3313,statsapi/2024/745730.json.gz,132680,5d4f47d0ab09363ccc792c03a8a0df35e29887c428e882b796aeaebed7a282d9,,,,
745886,2024-07-02,2024,R,F,N,1,142,MIN,116,DET,3312,statsapi/2024/745886.json.gz,126948,654378da78eff9aaa0ac5686995bd0d56dff735abaf0a8ff527710d67b1e958e,,,,
746047,2024-07-02,2024,R,F,N,1,146,MIA,111,BOS,4169,statsapi/2024/746047.json.gz,130610,401b42ac5a034a1814ce76bc0f6f49d27e36d6af220a093c298b527283b59ddc,,,,
746133,2024-07-02,2024,R,F,N,1,119,LAD,109,AZ,22,statsapi/2024/746133.json.gz,136425,af932f5353adbf388148dac0d5e6d7f1d8153c61027acdeee067af1cab0b61b7,,,,
746282,2024-07-02,2024,R,F,N,1,118,KC,139,TB,7,statsapi/2024/746282.json.gz,131135,e783b267f0abe9bfccbcef9a422150f184bce280316264f85b4b9ac1d62c8d39,,,,
746537,2024-07-02,2024,R,F,N,1,115,COL,158,MIL,19,statsapi/2024/746537.json.gz,155375,9c1fb4c1fa136bc4f6ff51e717e40a28c9b377b40c7f913445d73d3af53e4005,,,,
746623,2024-07-02,2024,R,F,N,1,114,CLE,145,CWS,5,statsapi/2024/746623.json.gz,124075,15703f45a930d8ed571df00cc1e1a39664fe88519599f33f75e5985c3467ad55,,,,
746860,2024-07-02,2024,R,F,N,1,112,CHC,143,PHI,17,statsapi/2024/746860.json.gz,126787,2cf756ec818b2f6396e8b1237c37fedb31dcc4072067642f9361d9f2e20d17d7,,,,
747102,2024-07-02,2024,R,F,N,1,144,ATL,137,SF,4705,statsapi/2024/747102.json.gz,140001,5966baabdb04ee246124d2ef7af317244963e8dfa7b4f9dd736b456fb3bb528d,,,,
744837,2024-07-03,2024,R,F,N,1,120,WSH,121,NYM,3309,statsapi/2024/744837.json.gz,128494,88ac4058358f70ff98ccef36a970e3e262117ed48ca7c79466a0ffaac72242b7,,,,
744915,2024-07-03,2024,R,F,N,1,141,TOR,117,HOU,14,statsapi/2024/744915.json.gz,134863,0fa8d1ecca4033fc7012869134fb6a9e7ace37d5ca1007b114b787253f88c9e0,,,,
744998,2024-07-03,2024,R,F,N,1,140,TEX,135,SD,5325,statsapi/2024/744998.json.gz,144116,fcddde575604a4c18cdd02a03bd552ff32f5b4429f5c5f4d4169e8d992a9e411,,,,
745234,2024-07-03,2024,R,F,N,1,136,SEA,110,BAL,680,statsapi/2024/745234.json.gz,122842,cea4842451d7123798a31b5452c203abb5ba5ac06e01558e562051e45f3b9651,,,,
745487,2024-07-03,2024,R,F,N,1,134,PIT,138,STL,31,statsapi/2024/745487.json.gz,134983,5adfd5a6c4b32a9677dd16d37dfa0921a6cebbde286abcd5b3068283697dc561,,,,
745643,2024-07-03,2024,R,F,N,1,133,OAK,108,LAA,10,statsapi/2024/745643.json.gz,108394,c951e78cec7abe50e86ab8b3d1a94a29d1e8496e6e6f1d63c46daa1f23f9c3f4,,,,
745728,2024-07-03,2024,R,F,N,1,147,NYY,113,CIN,3313,statsapi/2024/745728.json.gz,134252,a1728ba674ec24b76598a32af9dc1d9abd3678cb883cef9d17f246dcdecbf31c,,,,
745888,2024-07-03,2024,R,F,N,1,142,MIN,116,DET,3312,statsapi/2024/745888.json.gz,123314,7dc9368efb1ee7cc3674994655d1269a650d49cc66726e68ea634bb8b3027c66,,,,
746045,2024-07-03,2024,R,F,N,1,146,MIA,111,BOS,4169,statsapi/2024/746045.json.gz,141423,1725f8e89221820461021cb391bf7d4438d70782788339744127134437b970a5,,,,
746128,2024-07-03,2024,R,F,N,1,119,LAD,109,AZ,22,statsapi/2024/746128.json.gz,159781,8ea13d6dd42125ffad2ee4c2d862914ba5c221ee4b9365e7c6fb6336d44f4270,,,,
746283,2024-07-03,2024,R,F,N,1,118,KC,139,TB,7,statsapi/2024/746283.json.gz,136028,3aae840b42981ef045880252e161aaa29191f278c93d02b9c1101c2def8d8e94,,,,
746534,2024-07-03,2024,R,F,N,1,115,COL,158,MIL,19,statsapi/2024/746534.json.gz,124007,93132b124335c48e30fdc7f2a4a353b7f05a08ba5780d598e05b6f3f9a240f29,,,,
746617,2024-07-03,2024,R,F,N,1,114,CLE,145,CWS,5,statsapi/2024/746617.json.gz,130731,32bf9d346e84640193b19ff9b51d541e546e7061c368442e7dd18adb38d2b64b,,,,
746858,2024-07-03,2024,R,F,N,1,112,CHC,143,PHI,17,statsapi/2024/746858.json.gz,129158,2a1323036a5fed5b19660ec96f79b147bd5166ae69dec8ca9cd009df74da4fef,,,,
747100,2024-07-03,2024,R,F,N,1,144,ATL,137,SF,4705,statsapi/2024/747100.json.gz,121885,e2fca478bc89a95ebdadde982fc351a3ca2e29f5e38aa7f5cae02f0c9dd57462,,,,
744834,2024-07-04,2024,R,F,N,1,120,WSH,121,NYM,3309,statsapi/2024/744834.json.gz,103757,e35dfe746c2d8246ceea22f82fd178d6be44331ae9719bf1c5eef24c7fcbbb59,,,,
744912,2024-07-04,2024,R,F,N,1,141,TOR,117,HOU,14,statsapi/2024/744912.json.gz,127993,3432b7192ac93d7dd3e1922514987b3a98bcbc655c54a560701261e7a10a7ab6,,,,
744996,2024-07-04,2024,R,F,N,1,140,TEX,135,SD,5325,statsapi/2024/744996.json.gz,126623,c5cce73b8549713d5a4d66569c2de35c84516d6b5890cb6c508c64dedd23d881,,,,
745236,2024-07-04,2024,R,F,N,1,136,SEA,110,BAL,680,statsapi/2024/745236.json.gz,128823,aa091e3906f84b9797883ec2bfb8d893085c7af930185d02659f6f8f1ad48a25,,,,
745484,2024-07-04,2024,R,F,N,1,134,PIT,138,STL,31,statsapi/2024/745484.json.gz,131763,6eb034effae9312cd097d6c8b123cb412961208cb0265d2f2a181923158312bc,,,,
745641,2024-07-04,2024,R,F,N,1,133,OAK,108,LAA,10,statsapi/2024/745641.json.gz,131069,8a1d9c6810db3c669ab1af231af15225fd33f5dbf07605b5863cbf50eb0f520a,,,,
745726,2024-07-04,2024,R,F,N,1,147,NYY,113,CIN,3313,statsapi/2024/745726.json.gz,136939,a6efe463b2cfee906c401692a7f67408214bd0efc1629f5edd5cc7d279386483,,,,
745890,2024-07-04,2024,R,F,N,1,142,MIN,116,DET,3312,statsapi/2024/745890.json.gz,122785,f903895dbb7fc823cd9712e4745cbb5706faa2b05ac9bdb18b4536b22f73a0ef,,,,
746043,2024-07-04,2024,R,F,N,1,146,MIA,111,BOS,4169,statsapi/2024/746043.json.gz,164001,564fc84d7224b82449b8706a513a6169ceb65cc5e25a6224561c606aa2222541,,,,
746126,2024-07-04,2024,R,F,N,1,119,LAD,109,AZ,22,statsapi/2024/746126.json.gz,142022,a40f7a4492269116c49c884c431e9aa41747ad3aa4511e27f8b373a6e267a761,,,,
746285,2024-07-04,2024,R,F,N,1,118,KC,139,TB,7,statsapi/2024/746285.json.gz,162049,dd35b6252a8d97f5be8d1e1dd4be492defc87b0e6f928b4d46df6909e2eff8a6,,,,
746532,2024-07-04,2024,R,F,N,1,115,COL,158,MIL,19,statsapi/2024/746532.json.gz,133328,15ed111b74ce0bebeeb52fa208474ab5f73e80fd84b492c42285ebba62b4bcf0,,,,
746619,2024-07-04,2024,R,F,N,1,114,CLE,145,CWS,5,statsapi/2024/746619.json.gz,138911,0f8c9c1b157bba1bded187aab61c2c8086c363429320e3ff9d001373d8213cfe,,,,
746857,2024-07-04,2024,R,F,N,1,112,CHC,143,PHI,17,statsapi/2024/746857.json.gz,126988,ce11959f0e91b82ffc62e143033d7d4cd530431322d972f5e721e3291a67cfcc,,,,
747103,2024-07-04,2024,R,F,N,1,144,ATL,137,SF,4705,statsapi/2024/747103.json.gz,125884,1fe2a95a7b35d11e3f6737d6c681b7bc900c61986733845d1b40f9b8e18b3266,,,,
744836,2024-07-05,2024,R,F,N,1,120,WSH,138,STL,3309,statsapi/2024/744836.json.gz,156522,59047738c619827549e8a26a03eac2ad4835301a2cb88d7a431155f2edde38c3,,,,
744992,2024-07-05,2024,R,F,N,1,140,TEX,139,TB,5325,statsapi/2024/744992.json.gz,130791,54516181e16ea0a8e6a449b6d3ba4efc20e1d6a9617eb878ceebbfb718bd1594,,,,
745237,2024-07-05,2024,R,F,N,1,136,SEA,141,TOR,680,statsapi/2024/745237.json.gz,123203,a38d19daf4acb22cbd4fd987ffc64b0c702a21d5c2acea8c737e36fe94b1402b,,,,
745398,2024-07-05,2024,R,F,N,1,135,SD,109,AZ,2680,statsapi/2024/745398.json.gz,138525,9d7ee18099c7e581c562665efead86bb36dc85b8c7f36287d37926ac815b2f52,,,,
745479,2024-07-05,2024,R,F,N,1,134,PIT,121,NYM,31,statsapi/2024/745479.json.gz,130156,9b794879d062ad3eef6334c78935ad59cb92334d97d7d91cea100d5cbd44f498,,,,
745639,2024-07-05,2024,R,F,N,1,133,OAK,110,BAL,10,statsapi/2024/745639.json.gz,129097,ee86d5d2afdb8154db64f1348ef00c21840a806096f95b2fd37616bbddfe6d92,,,,
745725,2024-07-05,2024,R,F,N,1,147,NYY,111,BOS,3313,statsapi/2024/745725.json.gz,138753,4d6a728dcac5d6c37ede0bfa2f8f1830d4657f8a0f44abe0f20679e838f1ac71,,,,
745884,2024-07-05,2024,R,F,N,1,142,MIN,117,HOU,3312,statsapi/2024/745884.json.gz,155992,1ad6e8978c2f8037b6a6ff222cc7a8fac33dd7c9519e1eee0665492a40f81167,,,,
746046,2024-07-05,2024,R,F,N,1,146,MIA,145,CWS,4169,statsapi/2024/746046.json.gz,138314,a2b89b8b03f4cfb863a5e8835f6cc9612fd15a414e3ee8c7f109ec9505e84634,,,,
746127,2024-07-05,2024,R,F,N,1,119,LAD,158,MIL,22,statsapi/2024/746127.json.gz,131942,ae5bbb23210b276101cf226f6ef182b679666a25d25563c26150f6b33540b528,,,,
746533,2024-07-05,2024,R,F,N,1,115,COL,118,KC,19,statsapi/2024/746533.json.gz,121883,acbe0edb02c5819b70995c475dc8f3c71c71a734fc7b9acee11c3df229c192b2,,,,
746620,2024-07-05,2024,R,F,N,1,114,CLE,137,SF,5,statsapi/2024/746620.json.gz,145330,5c7b0435fb1bbdf461cac6fb2f6cfc97512626145dd2cf0f45ceb8d5a90b0080,,,,
746693,2024-07-05,2024,R,F,N,1,113,CIN,116,DET,2602,statsapi/2024/746693.json.gz,137361,d6773133133e0127271cc927a057ff66d312b828c2e14808281dbc4738191968,,,,
746859,2024-07-05,2024,R,F,N,1,112,CHC,108,LAA,17,statsapi/2024/746859.json.gz,108733,4701a0b7f75cdc54b3ebe8dcbaf1a65e707e19447a2884e2b9608c4c75021652,,,,
747097,2024-07-05,2024,R,F,N,1,144,ATL,143,PHI,4705,statsapi/2024/747097.json.gz,136966,079cd81264cd130f043ca40f99dbbcb4aa7170cedd770a22b8d4898e6c68e334,,,,
744835,2024-07-06,2024,R,F,N,1,120,WSH,138,STL,3309,statsapi/2024/744835.json.gz,148842,9f6c5020a3e51f834b520a0f281d568b01eefdc17afd818c77d5bb50fdb0834b,,,,
744995,2024-07-06,2024,R,F,N,1,140,TEX,139,TB,5325,statsapi/2024/744995.json.gz,121436,d6a21e8527f9ffbb4e8d2da148e3bd7fb4643c10c57c28e2df6d8af24ec5cd24,,,,
745235,2024-07-06,2024,R,F,N,1,136,SEA,141,TOR,680,statsapi/2024/745235.json.gz,141990,1af2e714a80c2ef228c0755f7d52d3f281307db21a37d1d41ea2e9c8639c2b37,,,,
745395,2024-07-06,2024,R,F,N,1,135,SD,109,AZ,2680,statsapi/2024/745395.json.gz,154149,ebb7f59e08b95ff06158636409322d24a8c5b829fb3b80a8bbd6d5ae342effe1,,,,
745476,2024-07-06,2024,R,F,N,1,134,PIT,121,NYM,31,statsapi/2024/745476.json.gz,129815,b92e3a2485fc349cc8cd909dbebfdd8ed6cf6d6f6d56f541d7cdefa1dc747af9,,,,
745642,2024-07-06,2024,R,F,N,1,133,OAK,110,BAL,10,statsapi/2024/745642.json.gz,152710,b64c557048b9842d9837d9c933c4b3c1b022b5ed3f89a1662169a8d8ff16e631,,,,
745724,2024-07-06,2024,R,F,N,1,147,NYY,111,BOS,3313,statsapi/2024/745724.json.gz,138188,ed994a506254d8ab5319231be56002f5b7e794b15f11a290cadc36fff1e273d3,,,,
745885,2024-07-06,2024,R,F,N,1,142,MIN,117,HOU,3312,statsapi/2024/745885.json.gz,129180,1b630900da8b91f0926630e31579d0a7d6ea25794cf4852f477375cf9abf02d0,,,,
746044,2024-07-06,2024,R,F,N,1,146,MIA,145,CWS,4169,statsapi/2024/746044.json.gz,135394,7fffb68898d7a52d13a4da7b6ebbd4794e319f8ff9129db6aa21787e6ea9a311,,,,
746129,2024-07-06,2024,R,F,N,1,119,LAD,158,MIL,22,statsapi/2024/746129.json.gz,138771,e5cc426e9c6ef2ce95cbc1b9d0dcde11b1f4d760bab818f671ad566d54fe07e4,,,,
746529,2024-07-06,2024,R,F,N,1,115,COL,118,KC,19,statsapi/2024/746529.json.gz,120820,555ff3a3a56525c337ebf74e9198b082192baf7070bbe9a0d55c3cefbe98edff,,,,
746615,2024-07-06,2024,R,F,N,1,114,CLE,137,SF,5,statsapi/2024/746615.json.gz,137898,ad87bfdba425af53145d6d3301b53af34808d586f2aeed82761bbe60d42e9325,,,,
746694,2024-07-06,2024,R,F,N,1,113,CIN,116,DET,2602,statsapi/2024/746694.json.gz,139358,2fc0e7a39ceaf4ad754c982d22b76ee456aed24f1af675c6784ad3337e344c59,,,,
746856,2024-07-06,2024,R,F,N,1,112,CHC,108,LAA,17,statsapi/2024/746856.json.gz,133260,75a662686a92ad867239e2e250b34a7951688f43943a5bc3231800502dca870c,,,,
747099,2024-07-06,2024,R,F,N,1,144,ATL,143,PHI,4705,statsapi/2024/747099.json.gz,117579,bf34de6c8fea0669399db2d9d351b56afbe15672cc7b6c0ddbb6975db546c6ef,,,,
744832,2024-07-07,2024,R,F,N,1,120,WSH,138,STL,3309,statsapi/2024/744832.json.gz,149674,4060e2f4fda2a292ffa5693c5baaf64cf4f6a7966acd774ac47eea7dec890bae,,,,
744993,2024-07-07,2024,R,F,N,1,140,TEX,139,TB,5325,statsapi/2024/744993.json.gz,131782,863f81233a21231d7bd06047fce53cabde221bf047f00adf2731e23f7b5ff2e8,,,,
745233,2024-07-07,2024,R,F,N,1,136,SEA,141,TOR,680,statsapi/2024/745233.json.gz,151522,f6946103d1102fc124acddcccbec7a907c93d7f2c927b2a3dc6555407eb22acb,,,,
745391,2024-07-07,2024,R,F,N,1,135,SD,109,AZ,2680,statsapi/2024/745391.json.gz,126196,66351c3c3d1400557c06bee07d07da8dd58f9ab8478409b7db00e9f006ad75a0,,,,
745477,2024-07-07,2024,R,F,N,1,134,PIT,121,NYM,31,statsapi/2024/745477.json.gz,143966,2df2ec610686c3f12b7962cae4b6558568aace53f9bf0422df695752e268abfb,,,,
745637,2024-07-07,2024,R,F,N,1,133,OAK,110,BAL,10,statsapi/2024/745637.json.gz,129794,7f158b3967b5b4ba0c804e5ed86177430992928df5a3cc92ef3929dfa7b0daf2,,,,
745723,2024-07-07,2024,R,F,N,1,147,NYY,111,BOS,3313,statsapi/2024/745723.json.gz,109597,5d554ca8c87559013341a21d6f0837e77eb7acc8cba15606cb449703e3e7fc16,,,,
745883,2024-07-07,2024,R,F,N,1,142,MIN,117,HOU,3312,statsapi/2024/745883.json.gz,127227,dbb78c86e7a7b01531771b30116a08eca768e61f3a2a5dd5b4757d42fdc20b83,,,,
746039,2024-07-07,2024,R,F,N,1,146,MIA,145,CWS,4169,statsapi/2024/746039.json.gz,149198,6dd52b9b299e6a820fec26e1a2936b6c101b04e202c653b543623781900683b7,,,,
746122,2024-07-07,2024,R,F,N,1,119,LAD,158,MIL,22,statsapi/2024/746122.json.gz,147624,e2ae869c64c89751c7e402ee89f565b4ee5e528159e318a17bb63abe3a3f2c2d,,,,
746530,2024-07-07,2024,R,F,N,1,115,COL,118,KC,19,statsapi/2024/746530.json.gz,115399,c90df482823c985905c1effb6f48963634b162af3a5f0208315ded08affdc5df,,,,
746616,2024-07-07,2024,R,F,N,1,114,CLE,137,SF,5,statsapi/2024/746616.json.gz,132587,c65e2e6814273407310717684b1e8b9771703877ad34b0a079738b20855be659,,,,
746691,2024-07-07,2024,R,F,N,1,113,CIN,116,DET,2602,statsapi/2024/746691.json.gz,124785,d34a6dddf51c23f1a2c991b8f618bc0c4d08a35bf11a4e08f68c08ad5c0c3fc3,,,,
746855,2024-07-07,2024,R,F,N,1,112,CHC,108,LAA,17,statsapi/2024/746855.json.gz,120706,53f01071ffb52ee1450546e062bc7848a55938ee3edbc80340016b1229a70c3c,,,,
747098,2024-07-07,2024,R,F,N,1,144,ATL,143,PHI,4705,statsapi/2024/747098.json.gz,124419,ae6e7933a810d558e40e0321503e73d4788162069a64286dcdd6575af1573bcd,,,,
744833,2024-07-08,2024,R,F,N,1,120,WSH,138,STL,3309,statsapi/2024/744833.json.gz,121985,760f1477b3e764a05bbfa9e2cf820f098385a61e528091b2a4e5c3d804bfa709,,,,
745480,2024-07-08,2024,R,F,N,1,134,PIT,121,NYM,31,statsapi/2024/745480.json.gz,115974,a7cbfebd1e8515efcd20a8d53647c08060fba1cd20b1ade1c8280ba832f51f68,,,,
746208,2024-07-08,2024,R,F,N,1,108,LAA,140,TEX,1,statsapi/2024/746208.json.gz,131434,9cce95b1bd280c4392d4975abddf679314ffb2a99715f4f6bfa647afb11ce0f8,,,,
746455,2024-07-08,2024,R,F,N,1,116,DET,114,CLE,2394,statsapi/2024/746455.json.gz,109498,1213e674858adc1e552474f146feace411251034c82d02fb80d279a83f467088,,,,
746692,2024-07-08,2024,R,F,N,1,113,CIN,115,COL,2602,statsapi/2024/746692.json.gz,117406,d45104109ad4a6b954b2ac76999e2cd9eeed3c243bab0b6a3be3e6f0212ae74f,,,,
746771,2024-07-08,2024,R,F,N,1,145,CWS,142,MIN,4,statsapi/2024/746771.json.gz,155065,6083aba564d95507882c6a2c795ebcb6ec551233600cc934c0600dcae7d9eafd,,,,
747181,2024-07-08,2024,R,F,N,1,109,AZ,144,ATL,15,statsapi/2024/747181.json.gz,139447,54c7f878855df6144109c82467a2125e50413dad67f022841a1b4dc8a1dbef93,,,,
745074,2024-07-09,2024,R,F,N,1,139,TB,147,NYY,12,statsapi/2024/745074.json.gz,134394,9fa617e82011d3f4b5383d008054fec0c3e8ccb5e3f81df67bfbdb2cbfd65bae,,,,
745316,2024-07-09,2024,R,F,N,1,137,SF,141,TOR,2395,statsapi/2024/745316.json.gz,130507,46034c8de9a0e52da17317af495a3539611378dd6fda92641a66e0dd714ef2ac,,,,
745393,2024-07-09,2024,R,F,N,1,135,SD,136,SEA,2680,statsapi/2024/745393.json.gz,125604,ecb92c63b388ed672e1483c6b66c29b23e0f0d08a37114daebb864c42e43a25d,,,,
745557,2024-07-09,2024,R,F,N,1,143,PHI,119,LAD,2681,statsapi/2024/745557.json.gz,139274,0729892240056af9d5529737b79697bc484356e0af8bcebd6da384cd0eda0b86,,,,
745803,2024-07-09,2024,R,F,N,1,121,NYM,120,WSH,3289,statsapi/2024/745803.json.gz,132448,dc78e5ec888dea6aa533ef77e20a017649d5ec6cc6a9fb170055894859de228c,,,,
745968,2024-07-09,2024,R,F,N,1,158,MIL,134,PIT,32,statsapi/2024/745968.json.gz,137480,9097ad91fd654a10382c42418f6963cecf615d831e872d081934cbdad62416e7,,,,
746206,2024-07-09,2024,R,F,N,1,108,LAA,140,TEX,1,statsapi/2024/746206.json.gz,125648,d87736e3c159c97340a0320d7dbcc5993335af8b75915256700497c12bc93d9c,,,,
746368,2024-07-09,2024,R,F,N,1,117,HOU,146,MIA,2392,statsapi/2024/746368.json.gz,122832,a78d0686de6e26298fccbad0cbe90f76be3ca89061a5e0ad7a082da3ab4e6307,,,,
746451,2024-07-09,2024,R,F,N,1,116,DET,114,CLE,2394,statsapi/2024/746451.json.gz,151043,86cbfeb4ca99ec86e3160d2a9cefcbcf7c6ed02989dcc6cabd6f385fbe100f94,,,,
746690,2024-07-09,2024,R,F,N,1,113,CIN,115,COL,2602,statsapi/2024/746690.json.gz,146201,cd36c454196050a925a37f46335565ebabb487237d30b5835f7717fece07ccaf,,,,
746937,2024-07-09,2024,R,F,N,1,111,BOS,133,OAK,3,statsapi/2024/746937.json.gz,150959,474dbfeb5966d0f74bd567c5683bcfee19b715d427a883ff501b15c266bfd9d5,,,,
747014,2024-07-09,2024,R,F,N,1,110,BAL,112,CHC,2,statsapi/2024/747014.json.gz,138069,d3b22c529de25c4fe33e48355253128c0184940905f88ce1741eb821dcfc4f2e,,,,
747180,2024-07-09,2024,R,F,N,1,109,AZ,144,ATL,15,statsapi/2024/747180.json.gz,136330,2726b1b879a823fd518f344acbc699da809fe30ef8b11d98540ed51e538e58c0,,,,
745069,2024-07-10,2024,R,F,N,1,139,TB,147,NYY,12,statsapi/2024/745069.json.gz,134095,db9022e430b5f60e26e32b51481c3d95a005d304f46849e8c1cc0aa7bd9812f8,,,,
745155,2024-07-10,2024,R,F,S,1,138,STL,118,KC,2889,statsapi/2024/745155.json.gz,128554,848510da8df6248ead6664f3b99484f2b01551d8005ba9baa7bf4e9a7742c055,,,,
745156,2024-07-10,2024,R,F,S,2,138,STL,118,KC,2889,statsapi/2024/745156.json.gz,131973,4e53d30ef5f7ed8e0244170ffbb1f5edd8a107d37366291e435074fc97db45fb,,,,
745318,2024-07-10,2024,R,F,N,1,137,SF,141,TOR,2395,statsapi/2024/745318.json.gz,134848,259ac100f13635d3e667e1d9e997d510b40ebc53c7fd272a51c32854bb44b6a0,,,,
745394,2024-07-10,2024,R,F,N,1,135,SD,136,SEA,2680,statsapi/2024/745394.json.gz,128131,404153b932a6edb028ba8cd2001f5d2d10329e029af2f93adb29988af9e97942,,,,
745556,2024-07-10,2024,R,F,N,1,143,PHI,119,LAD,2681,statsapi/2024/745556.json.gz,123311,6d1ba259501653fe5316f5d2a568ec3b3eb18bb48a54e620500612a04dab99bc,,,,
745796,2024-07-10,2024,R,F,N,1,121,NYM,120,WSH,3289,statsapi/2024/745796.json.gz,121048,e0a6fec5a55c86e010328733425de7f50322c609a211778a52de455c19bcf031,,,,
745969,2024-07-10,2024,R,F,N,1,158,MIL,134,PIT,32,statsapi/2024/745969.json.gz,131236,16583cf526b49f3565b7d9423cf9d5662dbf3ae0c2718a110fea74f35da2e31f,,,,
746205,2024-07-10,2024,R,F,N,1,108,LAA,140,TEX,1,statsapi/2024/746205.json.gz,128221,ecd5ba7e6a31392951359d4c60be09f1dcd316308557646229175eb26ab8658c,,,,
746366,2024-07-10,2024,R,F,N,1,117,HOU,146,MIA,2392,statsapi/2024/746366.json.gz,120964,68eafd627605e8b0c1911b63bd0dde67053812191fbfca88d236aa29ba8742f0,,,,
746453,2024-07-10,2024,R,F,N,1,116,DET,114,CLE,2394,statsapi/2024/746453.json.gz,132369,d12bf435355f4ea81ee07b2f3d9a95bf031401c9bf55373723b1416901981fce,,,,
746689,2024-07-10,2024,R,F,N,1,113,CIN,115,COL,2602,statsapi/2024/746689.json.gz,121312,2e9f9fcfbae093a1dc27efa46f6ad1a5ccff04bc8de738f302f7e72ecce64a99,,,,
746772,2024-07-10,2024,R,F,Y,1,145,CWS,142,MIN,4,statsapi/2024/746772.json.gz,114312,ed781046c01a09f89cf82c983a1c8a6219f5ffa75a94cf1393d8130731ed73c3,,,,
746773,2024-07-10,2024,R,F,Y,2,145,CWS,142,MIN,4,statsapi/2024/746773.json.gz,126973,fb6e0e324aa25194b0b0c08b98c583d4a442edbbc2a8b1882ec048c8f5b6ee4f,,,,
746934,2024-07-10,2024,R,F,N,1,111,BOS,133,OAK,3,statsapi/2024/746934.json.gz,135516,2f9ba1b27e0c0ed3911c8fbe0369aa6c6cbdcf93d3757aafb28dbf5c3d833609,,,,
747015,2024-07-10,2024,R,F,N,1,110,BAL,112,CHC,2,statsapi/2024/747015.json.gz,132391,f9d00757f2feae6b15df33719e4860a748b0a300b46918ecbc4e5523ab3cf606,,,,
747179,2024-07-10,2024,R,F,N,1,109,AZ,144,ATL,15,statsapi/2024/747179.json.gz,121357,3be955a187605b3a0b830785889e3f28971c3ba206e011287baf0b7892de1376,,,,
745065,2024-07-11,2024,R,F,N,1,139,TB,147,NYY,12,statsapi/2024/745065.json.gz,140024,d5ad0ca2563009f3f63f874a317380669291d1a5341b1f8d34f4089f63a6b438,,,,
745313,2024-07-11,2024,R,F,N,1,137,SF,141,TOR,2395,statsapi/2024/745313.json.gz,127792,43b7ffe3bf3804aa48cf177b91177788059eec3cb333d7b8fb70d82b2ca7261f,,,,
745558,2024-07-11,2024,R,F,N,1,143,PHI,119,LAD,2681,statsapi/2024/745558.json.gz,131171,9cb532930cf0fa65d4fa39dc0d4fb3a84023a4c7f6e52ffe250909cc1166aa06,,,,
745799,2024-07-11,2024,R,F,N,1,121,NYM,120,WSH,3289,statsapi/2024/745799.json.gz,136277,f2760709c7e085ec3efe8aa3bcea378f9a5fb7f745bd6328afcb7153d5255d48,,,,
745967,2024-07-11,2024,R,F,N,1,158,MIL,134,PIT,32,statsapi/2024/745967.json.gz,119595,66f7f1d325588c24fa6cac482f4f738d9a55f6b3bf3faaa1e0f23e9051e9eb95,,,,
746204,2024-07-11,2024,R,F,N,1,108,LAA,136,SEA,1,statsapi/2024/746204.json.gz,133224,abf24732bd52fcc681ad257bf18da6e75e15d9012051b8ce50bfd47722f7c452,,,,
746367,2024-07-11,2024,R,F,N,1,117,HOU,146,MIA,2392,statsapi/2024/746367.json.gz,127644,f0b0761b6fed68669135df56e99242152b0c7abe3d36063e1c6db7969f3686b7,,,,
746452,2024-07-11,2024,R,F,N,1,116,DET,114,CLE,2394,statsapi/2024/746452.json.gz,126821,0bd11f5cfd3d00aef408ccda1e17321fecf7077d13ec47877aedc3ed0c6e8a2f,,,,
746688,2024-07-11,2024,R,F,N,1,113,CIN,115,COL,2602,statsapi/2024/746688.json.gz,137979,bf620bb5e9f89fb25f7ddc39b519870e1dfd13ffc64ad3f62ef1443293c3c9a1,,,,
746935,2024-07-11,2024,R,F,N,1,111,BOS,133,OAK,3,statsapi/2024/746935.json.gz,126013,040a18b5503c32d4c61d3ebab4e07b121bdddf4f48a678685b585158082aa2f9,,,,
747011,2024-07-11,2024,R,F,N,1,110,BAL,112,CHC,2,statsapi/2024/747011.json.gz,117639,5c2cf8a47995408e711f16fe1c2c4bd27fa65ad1690dfaf5b16f416948a6cb1f,,,,
747178,2024-07-11,2024,R,F,N,1,109,AZ,144,ATL,15,statsapi/2024/747178.json.gz,125186,f6de2129f7465698734e26b7c283ff05d80335c08bb584b790b0e7c4b1e7471d,,,,
745064,2024-07-12,2024,R,F,N,1,139,TB,114,CLE,12,statsapi/2024/745064.json.gz,122216,a74423473ffd9155f9ea453d61d17c8c6b2605233d5dfc7948cb4bc0990864e8,,,,
745153,2024-07-12,2024,R,F,N,1,138,STL,112,CHC,2889,statsapi/2024/745153.json.gz,131933,8321d59fd956b0566a311cb58edf624bc1566d0ffd39be123b339a88ae27dcde,,,,
745312,2024-07-12,2024,R,F,N,1,137,SF,142,MIN,2395,statsapi/2024/745312.json.gz,129353,7e671389006c61939e3c1ff03fdbbd0285a4a912ed3933b427490201e0659e79,,,,
745390,2024-07-12,2024,R,F,N,1,135,SD,144,ATL,2680,statsapi/2024/745390.json.gz,116053,b0d1f4e5abe4d460a833450d1200e67b46061bbe0498ba5db687f518dd6d767c,,,,
745552,2024-07-12,2024,R,F,N,1,143,PHI,133,OAK,2681,statsapi/2024/745552.json.gz,138234,2551f3f90f185285acd0c2f22fb6842b9f508fa68d93cf78be7bfd605afde86e,,,,
745800,2024-07-12,2024,R,F,N,1,121,NYM,115,COL,3289,statsapi/2024/745800.json.gz,138090,ab3a41fb8673cde701ff7ebdb3e5f0f393772a27e04628205dec44fbc0a34eff,,,,
745965,2024-07-12,2024,R,F,N,1,158,MIL,120,WSH,32,statsapi/2024/745965.json.gz,139385,bcf5de01e2e2ffe981b5a87cb2b8291e7dd05abdbb331d463674ffe007244a82,,,,
746207,2024-07-12,2024,R,F,N,1,108,LAA,136,SEA,1,statsapi/2024/746207.json.gz,137662,016942a69d16241bc8d803621d39f87bd9fcc5d7dacd46fbeab91edd612ff693,,,,
746371,2024-07-12,2024,R,F,N,1,117,HOU,140,TEX,2392,statsapi/2024/746371.json.gz,125112,463767776b5a36171385406e4ca89e9a4b22bcb5af66987f4fb6885b5de1a3a3,,,,
746450,2024-07-12,2024,R,F,N,1,116,DET,119,LAD,2394,statsapi/2024/746450.json.gz,148938,4d111a8431d389c3ba02e4df94f4d586b4731574ac0081e9b5e32ace4180c721,,,,
746685,2024-07-12,2024,R,F,N,1,113,CIN,146,MIA,2602,statsapi/2024/746685.json.gz,125643,db3ed5eebc7db1f213ff0898ebd59633a2767d5f0f4924033f45ec0edfec1549,,,,
746774,2024-07-12,2024,R,F,N,1,145,CWS,134,PIT,4,statsapi/2024/746774.json.gz,119792,51a44d1ae2c2316aeca628d02e2fa61ffd669a406b73203e12202f57df273b88,,,,
746936,2024-07-12,2024,R,F,N,1,111,BOS,118,KC,3,statsapi/2024/746936.json.gz,125453,f14ede0d0d5f04032d600101c73a072cc91bc6ac934fd5f58c9d546b6f683900,,,,
747012,2024-07-12,2024,R,F,N,1,110,BAL,147,NYY,2,statsapi/2024/747012.json.gz,135761,b463dc7514825cbfe41c239b8351d69fdc8faaecf832741a7499fa733ac57b8f,,,,
747175,2024-07-12,2024,R,F,N,1,109,AZ,141,TOR,15,statsapi/2024/747175.json.gz,131389,048791e67c9de4909262e2940fb423b2c353e2e5bd2e19df30f9d3123d50fc70,,,,
745067,2024-07-13,2024,R,F,N,1,139,TB,114,CLE,12,statsapi/2024/745067.json.gz,129361,ff4fb4cca01facb6b8173cd1438852534044775695083981f951ae803d6678ed,,,,
745152,2024-07-13,2024,R,F,S,1,138,STL,112,CHC,2889,statsapi/2024/745152.json.gz,131237,f0d96894c06aa3992594671c6e002f64f53ec93d8f9af915b9996717ca5a2657,,,,
745175,2024-07-13,2024,R,F,S,2,138,STL,112,CHC,2889,statsapi/2024/745175.json.gz,131153,8abb5663e88f5ac4716ab58e61959a15c21fad66ea684968ad56c1515f4c0f03,,,,
745311,2024-07-13,2024,R,F,N,1,137,SF,142,MIN,2395,statsapi/2024/745311.json.gz,137584,996e3734a80afc98b1034f3c68865802c449dfe4a0b3210360784eb7048baf78,,,,
745392,2024-07-13,2024,R,F,N,1,135,SD,144,ATL,2680,statsapi/2024/745392.json.gz,127694,ad80058deda7b0b326d556fcb91b7af0232f8137271cd42be1f48fecc45db566,,,,
745549,2024-07-13,2024,R,F,N,1,143,PHI,133,OAK,2681,statsapi/2024/745549.json.gz,140775,8fc3a5cd2cabc3f0ad34d7604bde443223e85faf2fe350fea9447fac7167129d,,,,
745798,2024-07-13,2024,R,F,N,1,121,NYM,115,COL,3289,statsapi/2024/745798.json.gz,135154,9af2c916b027b543cedc70ccf3cd37655b7baa041a90eb941b0fccd79316c04f,,,,
745963,2024-07-13,2024,R,F,N,1,158,MIL,120,WSH,32,statsapi/2024/745963.json.gz,144264,4a37c6874615146bc5802a5f898c430d481f6b33dbd7454c11be77a90a6b7efa,,,,
746202,2024-07-13,2024,R,F,N,1,108,LAA,136,SEA,1,statsapi/2024/746202.json.gz,112832,c08ed7ddcf00a9a0a827fac0681b61acddfd743f5e431c15371a89b0a5adbf59,,,,
746369,2024-07-13,2024,R,F,N,1,117,HOU,140,TEX,2392,statsapi/2024/746369.json.gz,138380,9336ec424eb7502c85ea2fe8fb7fc3378ba8f0fefda6547ea934c361634ea411,,,,
746447,2024-07-13,2024,R,F,N,1,116,DET,119,LAD,2394,statsapi/2024/746447.json.gz,159146,70af896fa6d937f5824dbcbfc952147e9f2f2be3f9cee9d0b85a11c22f508ff7,,,,
746687,2024-07-13,2024,R,F,N,1,113,CIN,146,MIA,2602,statsapi/2024/746687.json.gz,140064,700b1329c87160340bea778699c18dfa39a707d8061b8a563d97468bf7b1a679,,,,
746766,2024-07-13,2024,R,F,N,1,145,CWS,134,PIT,4,statsapi/2024/746766.json.gz,129811,5ac608048bda91b8cc4f6460b0fc36b2a305aea33fdd3a4eeb970e0a342ebfce,,,,
746930,2024-07-13,2024,R,F,N,1,111,BOS,118,KC,3,statsapi/2024/746930.json.gz,117210,567652c2495f9fe7059f5ed4c6bedacfe0e8c07b0d685fcd143680b8e13bdb34,,,,
747013,2024-07-13,2024,R,F,N,1,110,BAL,147,NYY,2,statsapi/2024/747013.json.gz,131004,4fd114e75b86a993f11e45c0102c77bf6951b78757a3d210e187fef3bbdda4c9,,,,
747177,2024-07-13,2024,R,F,N,1,109,AZ,141,TOR,15,statsapi/2024/747177.json.gz,137803,3bf15610fa8ced9c8f9a5f62386a5f1b7ff7c87522cf9e9864c0978edd943ca4,,,,
745066,2024-07-14,2024,R,F,N,1,139,TB,114,CLE,12,statsapi/2024/745066.json.gz,109849,844616b6b167d8be338e21c4ff818352cd7685d91fe449a691efe70064aaa198,,,,
745151,2024-07-14,2024,R,F,N,1,138,STL,112,CHC,2889,statsapi/2024/745151.json.gz,119313,a9e98fd893b131b318ac96474e3d2f90aa69166233c86c164618e7c172c39cdc,,,,
745314,2024-07-14,2024,R,F,N,1,137,SF,142,MIN,2395,statsapi/2024/745314.json.gz,115924,cda8acbb55fb9c3b36c5ee849c1bf55f8e383e29df51cec87e6a77b39407f3ea,,,,
745385,2024-07-14,2024,R,F,N,1,135,SD,144,ATL,2680,statsapi/2024/745385.json.gz,129723,28943c86b7328c232a4ea62029f4612b9e0a5aa8ca72524c16f973040243546c,,,,
745551,2024-07-14,2024,R,F,N,1,143,PHI,133,OAK,2681,statsapi/2024/745551.json.gz,135360,54901899a474c763dd0c0af467d32f4419796c01fa5096321cf3007c0e08ad75,,,,
745797,2024-07-14,2024,R,F,N,1,121,NYM,115,COL,3289,statsapi/2024/745797.json.gz,146856,0008ff15e52a47d9709fdb6cb1f2997d1a37584715a3af0fb4d8f15ae01ec3ee,,,,
745962,2024-07-14,2024,R,F,N,1,158,MIL,120,WSH,32,statsapi/2024/745962.json.gz,133272,21f9f98d3bfbd5a9c57c886d00d493dc379616317ed3d4b2691cdbb449981e42,,,,
746201,2024-07-14,2024,R,F,N,1,108,LAA,136,SEA,1,statsapi/2024/746201.json.gz,125290,75dfbd7428dab51163bb73c94341f372f79a1ceff300dba1f6cc59dc9a963eb3,,,,
746370,2024-07-14,2024,R,F,N,1,117,HOU,140,TEX,2392,statsapi/2024/746370.json.gz,123414,53e526ffa937a8bba5f1aa47468fb26992005077655e792b6ed959e3cfb79ef7,,,,
746449,2024-07-14,2024,R,F,N,1,116,DET,119,LAD,2394,statsapi/2024/746449.json.gz,137247,8f7e34a2430b0052249e943d8f3e792f492207dd65d0aaf91783bf9fd913628e,,,,
746686,2024-07-14,2024,R,F,N,1,113,CIN,146,MIA,2602,statsapi/2024/746686.json.gz,132176,90e71003a5f9c285ea8658a057f1d5242d4eb4c337c5989e04779af47adb1056,,,,
746769,2024-07-14,2024,R,F,N,1,145,CWS,134,PIT,4,statsapi/2024/746769.json.gz,138501,230d1d4dd56f8db1faa7cbf15498bdf16d61689b526771a3ea98bb87331433b4,,,,
746932,2024-07-14,2024,R,F,N,1,111,BOS,118,KC,3,statsapi/2024/746932.json.gz,131424,e037b35ad0d72acd71b126089a42396d7b98371d84e77c9619d3bb770f311d1c,,,,
747009,2024-07-14,2024,R,F,N,1,110,BAL,147,NYY,2,statsapi/2024/747009.json.gz,149977,9b1764e3095ad8561efd5641f4f7a2bcb50a78e230dbaa558315b806829e9a86,,,,
747176,2024-07-14,2024,R,F,N,1,109,AZ,141,TOR,15,statsapi/2024/747176.json.gz,136993,98fd40eb8fffd1687a434744442d9fc362ce876dcb07418c93a4fe244bb50ded,,,,
747298,2024-07-16,2024,A,F,N,1,159,AL,160,NL,5325,,,,,,,
744829,2024-07-19,2024,R,F,N,1,120,WSH,113,CIN,3309,statsapi/2024/744829.json.gz,140207,04f123d5606520edf9d95a171da00d12b6fc941be8dbaee9e1b062bc8ccb46a6,,,,
744911,2024-07-19,2024,R,F,N,1,141,TOR,116,DET,14,statsapi/2024/744911.json.gz,125687,b8355aa45c20b6827cbcb8f6aea8b58e20327e332ea000ce1296ab7c1394e9db,,,,
744990,2024-07-19,2024,R,F,N,1,140,TEX,110,BAL,5325,statsapi/2024/744990.json.gz,126696,8859ba2cf0ca1411b84d18ed632fddc34721cef9810fe6b2b20bcfc08b27a146,,,,
745228,2024-07-19,2024,R,F,N,1,136,SEA,117,HOU,680,statsapi/2024/745228.json.gz,117782,6acbd63effd25347954846619b31358d418e4eb634b15f005d1d64216d1d2956,,,,
745481,2024-07-19,2024,R,F,N,1,134,PIT,143,PHI,31,statsapi/2024/745481.json.gz,150123,f215d1d5d4726ef7d3273f68685e77f8e73993e2885ab8a4aea3c37d449ed67c,,,,
745640,2024-07-19,2024,R,F,N,1,133,OAK,108,LAA,10,statsapi/2024/745640.json.gz,128962,6cb2a15ea530fb36022b2e514c15c69ee25d9283254144a91ca8b0a2f6c12580,,,,
745721,2024-07-19,2024,R,F,N,1,147,NYY,139,TB,3313,statsapi/2024/745721.json.gz,130241,426cbea787f93c3ba97885ce34c41a94aa758f457c0d61c6e4cf9efe72cb3536,,,,
746040,2024-07-19,2024,R,F,N,1,146,MIA,121,NYM,4169,statsapi/2024/746040.json.gz,134451,4aac121769ccaea8f32d227aab7d50e173685f0f3c8468c356492ae090d65768,,,,
746123,2024-07-19,2024,R,F,N,1,119,LAD,111,BOS,22,statsapi/2024/746123.json.gz,127122,2446962f432d83d43ac3edcbce01050c92da7db2be51c4b39e6283ae6e8e201f,,,,
746284,2024-07-19,2024,R,F,N,1,118,KC,145,CWS,7,statsapi/2024/746284.json.gz,126815,c8dc6d0740cff824f152469e9aa1f7144a68ee08eda6bd0241db87c65c0a7bf8,,,,
746531,2024-07-19,2024,R,F,N,1,115,COL,137,SF,19,statsapi/2024/746531.json.gz,141656,d9a9225ba654c368249b8cfb28be4dfa8539bff178cd1bce231fb086169f1f14,,,,
746618,2024-07-19,2024,R,F,N,1,114,CLE,135,SD,5,statsapi/2024/746618.json.gz,134878,25388ef663eca3dd92a7fba0f5e70ac9afb2a68029fbae154386e67528cfb0f6,,,,
746854,2024-07-19,2024,R,F,N,1,112,CHC,109,AZ,17,statsapi/2024/746854.json.gz,142595,967fb9907b127872dc2ff43b9bc0e67d3b3598aeef253545718ef6d4602d0aba,,,,
744830,2024-07-20,2024,R,F,N,1,120,WSH,113,CIN,3309,statsapi/2024/744830.json.gz,140566,a2d8f1a68bcd36828b4b12715f14f6bb16cd488b62c834da127fa53231130411,,,,
744910,2024-07-20,2024,R,F,N,1,141,TOR,116,DET,14,statsapi/2024/744910.json.gz,134078,dfdaa5db63bd4e2157f624175adabcd65d476835ccab1481008003407ac58d28,,,,
744994,2024-07-20,2024,R,F,N,1,140,TEX,110,BAL,5325,statsapi/2024/744994.json.gz,161779,14fb51eaf52af0b523004f9eca107da282d156e024daccf3e9418be72725d6db,,,,
745229,2024-07-20,2024,R,F,N,1,136,SEA,117,HOU,680,statsapi/2024/745229.json.gz,135216,c463de22b905848370e3ba50b7e22828977aa3e7d3b27503b76a6979f2f26cf5,,,,
745478,2024-07-20,2024,R,F,N,1,134,PIT,143,PHI,31,statsapi/2024/745478.json.gz,114636,73b57e12be3cf3ad8029ee6832f76a86c1b25a67c59720a3a05f6ff68512b0ce,,,,
745638,2024-07-20,2024,R,F,N,1,133,OAK,108,LAA,10,statsapi/2024/745638.json.gz,129330,22d42ef3e9475336a6a5fac3fcc16faf0bc98103e28d397cf02230c630d838d2,,,,
745720,2024-07-20,2024,R,F,N,1,147,NYY,139,TB,3313,statsapi/2024/745720.json.gz,137905,5c1d2a1537e2109dc728c0f1a555b10f3d5799fc4386a1d1079e158701d68ca1,,,,
745880,2024-07-20,2024,R,F,N,1,142,MIN,158,MIL,3312,statsapi/2024/745880.json.gz,165411,56e66f7d49da1d495369f5cfa4fc35d6e30536047945753ab82da47445e829f6,,,,
746041,2024-07-20,2024,R,F,N,1,146,MIA,121,NYM,4169,statsapi/2024/746041.json.gz,129553,d667f31543e7559a9f52b7aa99541f0b2ad80fd48d673bc8b7770b03fd98609e,,,,
746121,2024-07-20,2024,R,F,N,1,119,LAD,111,BOS,22,statsapi/2024/746121.json.gz,161232,0f4a8fcd0a7b3429359c5ffe193f46eee1c78e88ba964ba4c38f08e34d3bc563,,,,
746286,2024-07-20,2024,R,F,N,1,118,KC,145,CWS,7,statsapi/2024/746286.json.gz,123288,51e914cb6b123737c2e4e0fc324c2ccaea5a83a4a640ff5e5be32c6347f91f84,,,,
746527,2024-07-20,2024,R,F,N,1,115,COL,137,SF,19,statsapi/2024/746527.json.gz,119271,a05b188f7e0f1b37e92878e06cbe7a66a67d7718592e89f9e56cca4db61c4c1b,,,,
746613,2024-07-20,2024,R,F,N,1,114,CLE,135,SD,5,statsapi/2024/746613.json.gz,132578,4a567b1370126d6fc6350e3982f01dba3ce824c205d881e655d163ba447f0144,,,,
746852,2024-07-20,2024,R,F,N,1,112,CHC,109,AZ,17,statsapi/2024/746852.json.gz,133710,abcda23ba441f362d36ac09ba843ea5532c13d70a9cdcf1500a37ba1ef7699da,,,,
747093,2024-07-20,2024,R,F,S,1,144,ATL,138,STL,4705,statsapi/2024/747093.json.gz,139507,d0709999723c240b288d30e0e08594f3a17fe9e2f567f45bf4ac2a76dce6018f,,,,
747096,2024-07-20,2024,R,F,S,2,144,ATL,138,STL,4705,statsapi/2024/747096.json.gz,124220,6a75c3e076d244a907baccb5510fa51b0a66045b3c06ff096a82717722a201bd,,,,
744831,2024-07-21,2024,R,F,N,1,120,WSH,113,CIN,3309,statsapi/2024/744831.json.gz,116868,8c54bcb5054db4e0a7645a20ee85a6de92ea838a7e492266ebbc3e2f0ab90c16,,,,
744909,2024-07-21,2024,R,F,N,1,141,TOR,116,DET,14,statsapi/2024/744909.json.gz,121510,7932f6f9af5c580968cf8b141a7c53c2f52fdcced2d5d15575648de6770c903c,,,,
744991,2024-07-21,2024,R,F,N,1,140,TEX,110,BAL,5325,statsapi/2024/744991.json.gz,124925,fa38c579d4e69a857c3ab038662e0a825d628edaa7a2fe231a9b556d2ad88b42,,,,
745230,2024-07-21,2024,R,F,N,1,136,SEA,117,HOU,680,statsapi/2024/745230.json.gz,120370,9988a9ef680cb4fc32a43b59286a11d3994f64de193ac894994e7fc34491349e,,,,
745470,2024-07-21,2024,R,F,N,1,134,PIT,143,PHI,31,statsapi/2024/745470.json.gz,131961,ae9ad60ca97c7e4202af2e3790801711b666fdf200b2f318d65c870a01b802dc,,,,
745633,2024-07-21,2024,R,F,N,1,133,OAK,108,LAA,10,statsapi/2024/745633.json.gz,148409,83d93e5f3945f71b8c08d248408ec180c0935d94064872fa0365f65ba3fe2819,,,,
745722,2024-07-21,2024,R,F,N,1,147,NYY,139,TB,3313,statsapi/2024/745722.json.gz,139381,36047c215704c661e5e737294801e69ab60ffe7316b7889196580b5fb2a87acd,,,,
745882,2024-07-21,2024,R,F,N,1,142,MIN,158,MIL,3312,statsapi/2024/745882.json.gz,141355,64fadaa9099642ecd3504a90c7694be38939520a59c0e0013659d8daffdca84d,,,,
746042,2024-07-21,2024,R,F,N,1,146,MIA,121,NYM,4169,statsapi/2024/746042.json.gz,135070,0937357c3f9fa4a414fd3938223eeca9a217fe2d5cf4c1080ef95a98d3e65869,,,,
746125,2024-07-21,2024,R,F,N,1,119,LAD,111,BOS,22,statsapi/2024/746125.json.gz,136113,c0da42d0c89836c3029a9378f2a3f5035744707f54559f2cb236635ecde90311,,,,
746287,2024-07-21,2024,R,F,N,1,118,KC,145,CWS,7,statsapi/2024/746287.json.gz,114766,2259bbc3eaecb9473bbd0aba381ab1e9e0ebce132c5ff4afc6e2612d73f03e4b,,,,
746528,2024-07-21,2024,R,F,N,1,115,COL,137,SF,19,statsapi/2024/746528.json.gz,118906,44bf2ccf83c4f16b56828d552baa0dcba59d768a6dc29fbac8083a8eaed752d9,,,,
746610,2024-07-21,2024,R,F,N,1,114,CLE,135,SD,5,statsapi/2024/746610.json.gz,127726,874d5bfd705f58d683eea609e94dd3c8c67b5dd5a7595f92921a66d470e4126b,,,,
746853,2024-07-21,2024,R,F,N,1,112,CHC,109,AZ,17,statsapi/2024/746853.json.gz,120574,e01410ed7cb4345fce18e01311a03b6b092feff62c3c781ae4b6730af30c74ac,,,,
747094,2024-07-21,2024,R,F,N,1,144,ATL,138,STL,4705,statsapi/2024/747094.json.gz,123787,3963daa3287a55e9258a81fab7aa3161386c655dd76fdd3a1d514f4a35d7b6d2,,,,
744988,2024-07-22,2024,R,F,N,1,140,TEX,145,CWS,5325,statsapi/2024/744988.json.gz,139387,8213d76ad54526a14948992bbb7e83d8af2dc05d6cad400977b0874a9bb9a376,,,,
745232,2024-07-22,2024,R,F,N,1,136,SEA,108,LAA,680,statsapi/2024/745232.json.gz,128772,343cbd776d59821002fd34a407a65ff9520c927c86a1ff603a86067691f76a0d,,,,
745473,2024-07-22,2024,R,F,N,1,134,PIT,138,STL,31,statsapi/2024/745473.json.gz,121090,0a3de1a994b55cb88fe9ce6bc229397e3d69ca346155cd8fc5ab997ae8ed4ab5,,,,
745635,2024-07-22,2024,R,F,N,1,133,OAK,117,HOU,10,statsapi/2024/745635.json.gz,115782,3c9104b7aa5566da6985f6841a5c05e70de80af4c96a7b48ee3cc976ae9160de,,,,
745717,2024-07-22,2024,R,F,N,1,147,NYY,139,TB,3313,statsapi/2024/745717.json.gz,133418,35b697bc04a277b2852ee05da486b95867ff039b861d861a3a1bbf0806542faa,,,,
745881,2024-07-22,2024,R,F,N,1,142,MIN,143,PHI,3312,statsapi/2024/745881.json.gz,124407,341d4da1df5980d9f2e179e3c9ccd242b7c42796199421964a402b00e7d5bc76,,,,
746034,2024-07-22,2024,R,F,N,1,146,MIA,121,NYM,4169,statsapi/2024/746034.json.gz,139363,feabd321d197b1e75f528d602599fbbcb250e26249622002e0a6c5375e97a82e,,,,
746124,2024-07-22,2024,R,F,N,1,119,LAD,137,SF,22,statsapi/2024/746124.json.gz,121492,05bb5a3ed252b2979c42570b6ec54fd8bb2e5f0fb06d0360c1249cd4be850b2f,,,,
746280,2024-07-22,2024,R,F,N,1,118,KC,109,AZ,7,statsapi/2024/746280.json.gz,135871,0dbc51450a2598c21dc62a76d6002541ccc9f32896cd64f167b772236a68019e,,,,
746526,2024-07-22,2024,R,F,N,1,115,COL,111,BOS,19,statsapi/2024/746526.json.gz,161585,be71140b1a684ee0cb3026cc778d29f1d237f5e1e824bea44beac50e9d9dda1d,,,,
746612,2024-07-22,2024,R,F,N,1,114,CLE,116,DET,5,statsapi/2024/746612.json.gz,134378,937cfa254559926484a0f2c4036a92a3c7a93ee0fdfff4576d55cea5b2bb6d1f,,,,
746850,2024-07-22,2024,R,F,N,1,112,CHC,158,MIL,17,statsapi/2024/746850.json.gz,129504,e9f6af4b5ff5401c674045241747b4b5696a15564d35ebe53520822158a3fe0e,,,,
747095,2024-07-22,2024,R,F,N,1,144,ATL,113,CIN,4705,statsapi/2024/747095.json.gz,125961,611a867d02a896c1e89ee70de963c1ea25855349c91a3a1729289c498083bfb3,,,,
744828,2024-07-23,2024,R,F,N,1,120,WSH,135,SD,3309,statsapi/2024/744828.json.gz,114575,46f8015dafdfa0dd5382721d004153440873e1300c40c38dd11dd937dbc77894,,,,
744904,2024-07-23,2024,R,F,N,1,141,TOR,139,TB,14,statsapi/2024/744904.json.gz,133431,6ba0d93aefe85c2c43f18068c64b7d316aad44fa4ebd21111b7380f1e60224e6,,,,
744985,2024-07-23,2024,R,F,N,1,140,TEX,145,CWS,5325,statsapi/2024/744985.json.gz,112794,25654a287209612e4138228726700dbfd9c414d56af24f43cae1e342d917072b,,,,
745227,2024-07-23,2024,R,F,N,1,136,SEA,108,LAA,680,statsapi/2024/745227.json.gz,113022,82c159553676f150719ae90f01db041138652f5d535954e828ae22e1fc63c2fb,,,,
745475,2024-07-23,2024,R,F,N,1,134,PIT,138,STL,31,statsapi/2024/745475.json.gz,116329,1e11c6837cb6392e66af0d99e190fd9b87d8ff63a24c435e6d2f0f0e514dd596,,,,
745632,2024-07-23,2024,R,F,N,1,133,OAK,117,HOU,10,statsapi/2024/745632.json.gz,128484,3e8ffcd604934a94f118e7cb2a57e8ed6c5a568f167e4c325c130a6abd0e995e,,,,
745715,2024-07-23,2024,R,F,N,1,147,NYY,121,NYM,3313,statsapi/2024/745715.json.gz,150065,82d2d7d3892a37c2e34a49410b66e28b0ac5249c4f7d337f8cae3dacdd892190,,,,
745878,2024-07-23,2024,R,F,N,1,142,MIN,143,PHI,3312,statsapi/2024/745878.json.gz,135946,35965277a0995786460c42908c36e4681aaacfa9538c8d0b44b3c9440f898e28,,,,
746036,2024-07-23,2024,R,F,N,1,146,MIA,110,BAL,4169,statsapi/2024/746036.json.gz,132963,96b85cf992c8e20cd4d0ecc48e769ab1fb2c692884f3b2ac5dd4e237ae5febc7,,,,
746118,2024-07-23,2024,R,F,N,1,119,LAD,137,SF,22,statsapi/2024/746118.json.gz,151704,0310130ed54c94d73934ac255cde315137d3ca1813df9dce85ffd4bea73e333d,,,,
746281,2024-07-23,2024,R,F,N,1,118,KC,109,AZ,7,statsapi/2024/746281.json.gz,128073,5def71fe1e557558391d60497c33e47fab4dcc719ebca49702b37bf55601ae46,,,,
746524,2024-07-23,2024,R,F,N,1,115,COL,111,BOS,19,statsapi/2024/746524.json.gz,137320,0bd1007f37f9af054fb145d3400a581ae4f187bdd5bbddb570583b9998baa4a5,,,,
746614,2024-07-23,2024,R,F,N,1,114,CLE,116,DET,5,statsapi/2024/746614.json.gz,129351,f03cea6598c8721e97662e283cb47e9900bbf52557ab1a91cf98e8fb77c8399c,,,,
746848,2024-07-23,2024,R,F,N,1,112,CHC,158,MIL,17,statsapi/2024/746848.json.gz,132562,dc21ebff0d93cbf622d172968aa17afcdc4e343a2792ae1e3c7e0580df36f04e,,,,
744824,2024-07-24,2024,R,F,N,1,120,WSH,135,SD,3309,statsapi/2024/744824.json.gz,142219,3039350bed4647459aeded1cf839c9ff29aeeb9d9c4c7ee269fe0bb652267a3d,,,,
744905,2024-07-24,2024,R,F,N,1,141,TOR,139,TB,14,statsapi/2024/744905.json.gz,120326,d1af015bbbff70790ccf88e51977f6b34eab367f9a65d32237777bcc0c7cbfcf,,,,
744989,2024-07-24,2024,R,F,N,1,140,TEX,145,CWS,5325,statsapi/2024/744989.json.gz,135594,d94527abab1bb26f3f4b35f5134e3a6737a09136d99bbf3de78fd5f8cacdd8f0,,,,
745231,2024-07-24,2024,R,F,N,1,136,SEA,108,LAA,680,statsapi/2024/745231.json.gz,131063,4ee441a90aea4491cfeba898b483a9d9212f2f7bfe02a528ed9dfbabba1b6b28,,,,
745472,2024-07-24,2024,R,F,N,1,134,PIT,138,STL,31,statsapi/2024/745472.json.gz,127965,aea767dacc323c55b2113be735149ea39f80464104c0510ff2eaf99b1aa73fc0,,,,
745634,2024-07-24,2024,R,F,N,1,133,OAK,117,HOU,10,statsapi/2024/745634.json.gz,127122,2a1e85d5b60dba352cf3ecd59f5de6e95f7878e9d1941f20eb6df682c3437323,,,,
745716,2024-07-24,2024,R,F,N,1,147,NYY,121,NYM,3313,statsapi/2024/745716.json.gz,153436,f63c73c94d22006f52187ba34bcb51b1be9acec870f3076ac1855945086b767b,,,,
745877,2024-07-24,2024,R,F,N,1,142,MIN,143,PHI,3312,statsapi/2024/745877.json.gz,140561,1658733386be481ccb20971e9ea01b37346c4c1352248fffd4fbbd97c07ced54,,,,
746035,2024-07-24,2024,R,F,N,1,146,MIA,110,BAL,4169,statsapi/2024/746035.json.gz,132117,a8347498f3885964b83b1a12a2bdb18b2bb7f1aaf05950a4aac777b94a99bcdd,,,,
746119,2024-07-24,2024,R,F,N,1,119,LAD,137,SF,22,statsapi/2024/746119.json.gz,144126,54e10af02c8b7afb0ae234dc4487e04b955385bc1b55b0755fe3d2df4fdb08bb,,,,
746279,2024-07-24,2024,R,F,N,1,118,KC,109,AZ,7,statsapi/2024/746279.json.gz,137288,f04f4bce8e001abcd672d18f281436ac093c6d7eb8e783d9fe381ba7852364d2,,,,
746525,2024-07-24,2024,R,F,N,1,115,COL,111,BOS,19,statsapi/2024/746525.json.gz,147076,5a5b2d63b48d1a4689b25abc08ae66093d52a9e10e3f45b4af8bbe8605f21506,,,,
746611,2024-07-24,2024,R,F,N,1,114,CLE,116,DET,5,statsapi/2024/746611.json.gz,115893,1c95a2bc254e225483c3b0703481e12eac9716b6c7f8c21491edd3106d2792cb,,,,
746851,2024-07-24,2024,R,F,N,1,112,CHC,158,MIL,17,statsapi/2024/746851.json.gz,134980,1f30fbea6e70b7c6bdc2f0cb9afa98522f36c62330398c39c1a65970135cb039,,,,
747091,2024-07-24,2024,R,F,S,1,144,ATL,113,CIN,4705,statsapi/2024/747091.json.gz,140000,c7b757afff5a8e6e4f38e4df153ff5344c6c1c6c07cc8052f1add95f3913b471,,,,
744827,2024-07-25,2024,R,F,N,1,120,WSH,135,SD,3309,statsapi/2024/744827.json.gz,111899,634ddb590ca99787cf548097bd840effbaf72e960b85174eab7ddb760eab5736,,,,
744907,2024-07-25,2024,R,F,N,1,141,TOR,139,TB,14,statsapi/2024/744907.json.gz,149054,d7951620181e067e4a2026de357ec959b1adbefeae338372059238b39f6bf926,,,,
744984,2024-07-25,2024,R,F,N,1,140,TEX,145,CWS,5325,statsapi/2024/744984.json.gz,120326,73d65a302e0c8d42153c5489abdc517055e7f4ec5c8f1c85979415083cdb76cf,,,,
745794,2024-07-25,2024,R,F,N,1,121,NYM,144,ATL,3289,statsapi/2024/745794.json.gz,129101,61442196356b8cf301c704436b624a85d685c20f92aa0a9fdca7f2c1dc60241b,,,,
746037,2024-07-25,2024,R,F,N,1,146,MIA,110,BAL,4169,statsapi/2024/746037.json.gz,141417,fb42128dd73b267d470ebb98ba884228472ba02de06cad2638d2b96387379a52,,,,
746117,2024-07-25,2024,R,F,N,1,119,LAD,137,SF,22,statsapi/2024/746117.json.gz,138675,224ab1928c7c257a911bf2380a97f8d7dab0fb4c63bb97ecb547f7cdd8e06076,,,,
746199,2024-07-25,2024,R,F,N,1,108,LAA,133,OAK,1,statsapi/2024/746199.json.gz,131032,b8902e91a56c6745e62b9bf260f42c0d45706cb8659e2eea3b16b1c41ddb0953,,,,
746609,2024-07-25,2024,R,F,N,1,114,CLE,116,DET,5,statsapi/2024/746609.json.gz,129010,9e0a68c12cac361874fb21a55b68d70e152bd7f066aad3a592d973e3bbd412fe,,,,
744906,2024-07-26,2024,R,F,N,1,141,TOR,140,TEX,14,statsapi/2024/744906.json.gz,143512,3bb70f995cde57da2f6bfe09e7d0a370a75bd134be5ca544759587ffefb78645,,,,
745068,2024-07-26,2024,R,F,N,1,139,TB,113,CIN,12,statsapi/2024/745068.json.gz,136178,76ef010098003c71375bd1cb2af3e03c6598005e116f682677c24dd8d17803ea,,,,
745146,2024-07-26,2024,R,F,N,1,138,STL,120,WSH,2889,statsapi/2024/745146.json.gz,149042,096234e765d43b57d251462401c22b1366519179716fb9b1e8d5d3f0d9084b26,,,,
745315,2024-07-26,2024,R,F,N,1,137,SF,115,COL,2395,statsapi/2024/745315.json.gz,139450,c5e1edc1ada4a24e995b3b96266d3ea9a8ac960b26f3f3aced54ee1a2b66a61a,,,,
745554,2024-07-26,2024,R,F,N,1,143,PHI,114,CLE,2681,statsapi/2024/745554.json.gz,125922,674caf28aaeff5d0db6e5bca43bbf1e1c0deb738826777a39c1fd003621b86eb,,,,
745792,2024-07-26,2024,R,F,N,1,121,NYM,144,ATL,3289,statsapi/2024/745792.json.gz,134196,1c3fa3a2770d3150d5bdc35a8538ee07aabe1eec99ad03f89b4c671a549e6697,,,,
745964,2024-07-26,2024,R,F,N,1,158,MIL,146,MIA,32,statsapi/2024/745964.json.gz,136353,217c1e84b9ffa9dcb54c3fa6ce2ee4abde2c2598ed29a3fcf7451cd6a4088045,,,,
746200,2024-07-26,2024,R,F,N,1,108,LAA,133,OAK,1,statsapi/2024/746200.json.gz,122422,0533fccfb37b4ac9aaf170fb86d88407bed3d5129175acb5dfcf72688a1f69be,,,,
746277,2024-07-26,2024,R,F,N,1,118,KC,112,CHC,7,statsapi/2024/746277.json.gz,122841,1c0e6f7565ef7f26aa105e84e7d3c80503f5a2af1a93148e4656cfc58ca37301,,,,
746361,2024-07-26,2024,R,F,N,1,117,HOU,119,LAD,2392,statsapi/2024/746361.json.gz,123844,6c4f231ba5829a4cf555eb246ebfb6e5d4ba5ce317e56c169ed5c59fa34364fc,,,,
746448,2024-07-26,2024,R,F,N,1,116,DET,142,MIN,2394,statsapi/2024/746448.json.gz,137030,6d090d7d2f236802c16d25dcf01509179e768d56fa5236c748078f63f0af816f,,,,
746767,2024-07-26,2024,R,F,N,1,145,CWS,136,SEA,4,statsapi/2024/746767.json.gz,129482,9ab71686371eba7d9e83a8dd92d33531f45e1203e590542fb642df520127f58d,,,,
746933,2024-07-26,2024,R,F,N,1,111,BOS,147,NYY,3,statsapi/2024/746933.json.gz,145350,02e5c48dbc6dbfecd1eaf1aac5a83050e1d4fad0c3d64303ad3c44c5371ef6b5,,,,
747010,2024-07-26,2024,R,F,N,1,110,BAL,135,SD,2,statsapi/2024/747010.json.gz,137826,39c94773b2a71907e54257a1244e8a4ae55aa3ee1b9cb58f7f9e2bd94fe79e11,,,,
747174,2024-07-26,2024,R,F,N,1,109,AZ,134,PIT,15,statsapi/2024/747174.json.gz,127222,609aff0954408b70d5b98200cadcbfd188e07776ffb1dbe17bfc10c6d9c255c0,,,,
744908,2024-07-27,2024,R,F,N,1,141,TOR,140,TEX,14,statsapi/2024/744908.json.gz,126308,bcd7ea9624a9b03049220d1be5cf02a488bd979fcec82be059cb80060db1bf24,,,,
745059,2024-07-27,2024,R,F,N,1,139,TB,113,CIN,12,statsapi/2024/745059.json.gz,124921,ab4ee58a9fbe6301924e50f219ec56a33cdee369637eeb92b66ef124d38f253c,,,,
745150,2024-07-27,2024,R,F,N,1,138,STL,120,WSH,2889,statsapi/2024/745150.json.gz,162750,c8316ffaa05c2e2aa1d30f11262a2ad4e0468390b2436bc728417163154f17c0,,,,
745307,2024-07-27,2024,R,F,Y,1,137,SF,115,COL,2395,statsapi/2024/745307.json.gz,127014,f42f360e4ae59d38d6e3e8079c8c30ee200a6968fa4b92e4ea6cb6178320760b,,,,
745310,2024-07-27,2024,R,F,Y,2,137,SF,115,COL,2395,statsapi/2024/745310.json.gz,119705,2c845a7fa9eb6d185419f2f9e63343c8b2073112e34d8d9dffcf34e221fdf455,,,,
745553,2024-07-27,2024,R,F,N,1,143,PHI,114,CLE,2681,statsapi/2024/745553.json.gz,120950,b9cfb53b86c2f5f97a287d2ca333fb3b72ada7ca872db96f3f71b253b36a6939,,,,
745793,2024-07-27,2024,R,F,N,1,121,NYM,144,ATL,3289,statsapi/2024/745793.json.gz,116181,1c8697cab12ffde138cd1501982e49ba9736d7dfb82a3143c6254bbe4edb0f12,,,,
745966,2024-07-27,2024,R,F,N,1,158,MIL,146,MIA,32,statsapi/2024/745966.json.gz,143872,10113ce5bafe930622c923da46f52ca134ece3b8b3a0e5eb288652155850871b,,,,
746203,2024-07-27,2024,R,F,N,1,108,LAA,133,OAK,1,statsapi/2024/746203.json.gz,125466,5e374bcc59492b67e8e86e6e27879a07071710003e3668d5eceded8dc38eb4d1,,,,
746278,2024-07-27,2024,R,F,N,1,118,KC,112,CHC,7,statsapi/2024/746278.json.gz,130242,2c5bf2c7edb9ff055ed2605ecf2a6b3c586ff43fd06676d2b6a78b83daaf8b88,,,,
746362,2024-07-27,2024,R,F,N,1,117,HOU,119,LAD,2392,statsapi/2024/746362.json.gz,143105,4ac3e94974e29cf2e63d6ddf54d183348c8744c7b3edfec44137ca13cf9f0014,,,,
746446,2024-07-27,2024,R,F,N,1,116,DET,142,MIN,2394,statsapi/2024/746446.json.gz,120055,aa504b24e21c1637b705a2844385607a2165bb7a1b459767193d44128cd15a42,,,,
746768,2024-07-27,2024,R,F,N,1,145,CWS,136,SEA,4,statsapi/2024/746768.json.gz,147631,15d7720a3f8d3fd6b5c8c1202ddfd4dead3fe8e3b093cc74f3e5f8b1bd5979b1,,,,
746931,2024-07-27,2024,R,F,N,1,111,BOS,147,NYY,3,statsapi/2024/746931.json.gz,162096,ab0b638932c9c8512349ca26e8b301c94c128698456c6352d2b3da8bbb71bde6,,,,
747006,2024-07-27,2024,R,F,N,1,110,BAL,135,SD,2,statsapi/2024/747006.json.gz,137661,3927b4ceee016177b3a51cd4d17dc8b25f32a1dd4c64e4033c43a4244b96a187,,,,
747171,2024-07-27,2024,R,F,N,1,109,AZ,134,PIT,15,statsapi/2024/747171.json.gz,131499,7315679ee32773210f224e59b8d7eba281b884f53fd6c3f18c3a155d79dbf067,,,,
744902,2024-07-28,2024,R,F,N,1,141,TOR,140,TEX,14,statsapi/2024/744902.json.gz,122165,763c6920d70ba12bc51c020dc75899d555ddbfbf914addacf567b8f95895cdd1,,,,
745063,2024-07-28,2024,R,F,N,1,139,TB,113,CIN,12,statsapi/2024/745063.json.gz,126087,178ecc97753733a6be895cf060d7c9b9a8649c811aca4998891617c2de602962,,,,
745145,2024-07-28,2024,R,F,N,1,138,STL,120,WSH,2889,statsapi/2024/745145.json.gz,117654,565f2a7dc8ce47d100a229a936383c25edcfa3723fa29473cd97266a8833ae71,,,,
745305,2024-07-28,2024,R,F,N,1,137,SF,115,COL,2395,statsapi/2024/745305.json.gz,139181,679f16fae109fe8c89502fe577da9f3ac0fb5e15da2fb0d6b00293dfc888afaa,,,,
745550,2024-07-28,2024,R,F,N,1,143,PHI,114,CLE,2681,statsapi/2024/745550.json.gz,129709,02cd7f15f28b0e6a5f50d1806a6989510c3f57d09c868f790541cc2484f8bad4,,,,
745795,2024-07-28,2024,R,F,N,1,121,NYM,144,ATL,3289,statsapi/2024/745795.json.gz,133722,4803e4ca2e845773ff80571f90fc97da523d5340004bad14d7c1bbdb62424f53,,,,
745961,2024-07-28,2024,R,F,N,1,158,MIL,146,MIA,32,statsapi/2024/745961.json.gz,136558,5c6f7103ce8d6e97d98dc5e5fefe0c9b8994fbed0054bf82934c6f7153e83427,,,,
746195,2024-07-28,2024,R,F,N,1,108,LAA,133,OAK,1,statsapi/2024/746195.json.gz,136458,6718a4b77f85ec234062dfdb248b172a7a8fdca7934d03c92ebda8f5e6cfb4f5,,,,
746274,2024-07-28,2024,R,F,N,1,118,KC,112,CHC,7,statsapi/2024/746274.json.gz,132353,0317adfec6b0af32f236a282c510d4ea5dccf355a37a7fb96a2e94d7691fc8d1,,,,
746364,2024-07-28,2024,R,F,N,1,117,HOU,119,LAD,2392,statsapi/2024/746364.json.gz,133273,a024d6e5926f0f49a3bebce3af94913d9f88d329e74915758f3f0ef1df847aff,,,,
746445,2024-07-28,2024,R,F,N,1,116,DET,142,MIN,2394,statsapi/2024/746445.json.gz,132348,8d5221547fdc940f045ac859f162ac4fd6ee04e3f3f4c394b23fc9c53af776cf,,,,
746770,2024-07-28,2024,R,F,N,1,145,CWS,136,SEA,4,statsapi/2024/746770.json.gz,126950,8a71eb4eef0a1fb1f7fc4f934d967a8dc8812f4b5b9433a2a358ba96a97b6eba,,,,
746929,2024-07-28,2024,R,F,N,1,111,BOS,147,NYY,3,statsapi/2024/746929.json.gz,141805,6fe54d1342e8bb5de7d50cc63d533f016a137f6a40ee30a7e1cfc41976d1ddce,,,,
747008,2024-07-28,2024,R,F,N,1,110,BAL,135,SD,2,statsapi/2024/747008.json.gz,151769,d114a1ab3cca302b857362380da6f6685947b8411e78cf3c1a60241800f85c7e,,,,
747173,2024-07-28,2024,R,F,N,1,109,AZ,134,PIT,15,statsapi/2024/747173.json.gz,141675,eeae8ba540d080a4e2e7dabec12f1485659fe7cbf5eff9cd62443e015ec0900c,,,,
745147,2024-07-29,2024,R,F,N,1,138,STL,140,TEX,2889,statsapi/2024/745147.json.gz,131344,eae7a07121fcc9390c3992f8946541eeabd709c5bdbae4cb6bd2bad6f5278d16,,,,
745547,2024-07-29,2024,R,F,N,1,143,PHI,147,NYY,2681,statsapi/2024/745547.json.gz,142047,bc8e67846b080907ad8cd7ff91fcca2789d14e806bb58b464d9bd77c06032ffa,,,,
745791,2024-07-29,2024,R,F,N,1,121,NYM,142,MIN,3289,statsapi/2024/745791.json.gz,149536,7a5de8f2428c7b989688f384bf653797321a4983acf803842d17238a6f2be19a,,,,
745959,2024-07-29,2024,R,F,N,1,158,MIL,144,ATL,32,statsapi/2024/745959.json.gz,120870,c660567b4d759713dced91d2b79ef55d3190a42cedca191c8f20122e404903a9,,,,
746360,2024-07-29,2024,R,F,N,1,117,HOU,134,PIT,2392,statsapi/2024/746360.json.gz,133284,4ea9f72ca2d96bcdf5517000415fefb96ba09a0b724a01fc04dc24b360c5de0d,,,,
746444,2024-07-29,2024,R,F,N,1,116,DET,114,CLE,2394,statsapi/2024/746444.json.gz,132571,d69dec83a7f5090cb2982483a2dd2fc11ac159ddc38e7a758b55b525bccfc0d2,,,,
746684,2024-07-29,2024,R,F,N,1,113,CIN,112,CHC,2602,statsapi/2024/746684.json.gz,117523,033c392db697f2594383a9c37796c67d925e2ac6c29a061aebf1705b25038036,,,,
746765,2024-07-29,2024,R,F,N,1,145,CWS,118,KC,4,statsapi/2024/746765.json.gz,137729,22a33e4e6121b1c8d85c3aba3d8aa4b228d68ff24a9ebd011c3ed1fc3f36b26a,,,,
746928,2024-07-29,2024,R,F,N,1,111,BOS,136,SEA,3,statsapi/2024/746928.json.gz,140309,08a35c66cb69ade580e3bdfe3c7bdea4811cbb578e8c6ea485304a5ff9a2e3f5,,,,
747007,2024-07-29,2024,R,F,Y,1,110,BAL,141,TOR,2,statsapi/2024/747007.json.gz,145972,54f7c0112b3d1f8436e2220a68d930289859859aa62633c4882ee79c802fb2ff,,,,
747039,2024-07-29,2024,R,F,Y,2,110,BAL,141,TOR,2,statsapi/2024/747039.json.gz,141781,5a0dd141dd5ddfd8e56cfa1325f8913f941a64eb5837d7cc916b69bc2790e9d8,,,,
747172,2024-07-29,2024,R,F,N,1,109,AZ,120,WSH,15,statsapi/2024/747172.json.gz,144827,85451e4cbc96b0f6c336434b6bdeae4257d6f4f94eddb2b0b4fe2bc4c0ba3491,,,,
745060,2024-07-30,2024,R,F,N,1,139,TB,146,MIA,12,statsapi/2024/745060.json.gz,142978,abced888c6456675368de994ce485c95924eecd33318e3d5d8f4865ceb5af6ba,,,,
745149,2024-07-30,2024,R,F,N,1,138,STL,140,TEX,2889,statsapi/2024/745149.json.gz,125761,44b501d9d828ff373cd6e4fe0de8865b391f36061bbc856c6ffbe6d18391606d,,,,
745309,2024-07-30,2024,R,F,N,1,137,SF,133,OAK,2395,statsapi/2024/745309.json.gz,132565,9a511e268802459a2508cb0c3103c92e5b61342dbc32c81dd8a9d8a2e2b79b4d,,,,
745389,2024-07-30,2024,R,F,N,1,135,SD,119,LAD,2680,statsapi/2024/745389.json.gz,139603,71fe62968674b9b1f7565b6c061e9492d46ed2e473a860eab9b10c14a138c95c,,,,
745546,2024-07-30,2024,R,F,N,1,143,PHI,147,NYY,2681,statsapi/2024/745546.json.gz,164360,82e0445baf6e9d228f22305a9f61a7a7ed327dc1060e433c5fcdb4b5421359d0,,,,
745787,2024-07-30,2024,R,F,N,1,121,NYM,142,MIN,3289,statsapi/2024/745787.json.gz,117709,4828e1cc877f089b30a9edb78fda173b81e3c006d842ac7647769d2a82f8ae00,,,,
745958,2024-07-30,2024,R,F,N,1,158,MIL,144,ATL,32,statsapi/2024/745958.json.gz,129413,2532bb950666b950296edc21b596b0d71b438e17fd11fafccece416cea53fd47,,,,
746197,2024-07-30,2024,R,F,N,1,108,LAA,115,COL,1,statsapi/2024/746197.json.gz,130639,dfb3697deee179358bd1540fbf3542ec4b5bca60a849feacc2f6a8248c6fc643,,,,
746365,2024-07-30,2024,R,F,N,1,117,HOU,134,PIT,2392,statsapi/2024/746365.json.gz,129682,31b9fa44ab5ad33f0fda8281a19db4238d36acfa4c406c97a54d721724f42b4d,,,,
746441,2024-07-30,2024,R,F,N,1,116,DET,114,CLE,2394,statsapi/2024/746441.json.gz,123019,c416f3641f3c6e22457bbf5fd262ac18116c9a8367c30098af84cf6e51824c0b,,,,
746683,2024-07-30,2024,R,F,N,1,113,CIN,112,CHC,2602,statsapi/2024/746683.json.gz,136177,0e2041a6c380dc01aba59300eca4bb6592c0ce2fb40548c16ab6dc40c61f3c1e,,,,
746763,2024-07-30,2024,R,F,N,1,145,CWS,118,KC,4,statsapi/2024/746763.json.gz,120939,c63b8776c0245e89263c65423afb4514df9466947df0f36f7212983033971651,,,,
746926,2024-07-30,2024,R,F,N,1,111,BOS,136,SEA,3,statsapi/2024/746926.json.gz,138289,07f10108a70b4ffe51b8c5cf4b2ace0f8e030b32f987a30bd5e35370770447ed,,,,
747005,2024-07-30,2024,R,F,N,1,110,BAL,141,TOR,2,statsapi/2024/747005.json.gz,134365,67aed01d9530b02cc896e385199daaeb02ee247440d5c79ee032038646e455ed,,,,
747167,2024-07-30,2024,R,F,N,1,109,AZ,120,WSH,15,statsapi/2024/747167.json.gz,137008,5da4fb54b09b0e5a01a53677a177fce8ba1102ec99072c7ca67a8f85f54d4c30,,,,
745061,2024-07-31,2024,R,F,N,1,139,TB,146,MIA,12,statsapi/2024/745061.json.gz,138075,50db91a2e95dcea3af9bb914e01254fe89f96ce2a8c8bb331105738465e32679,,,,
745148,2024-07-31,2024,R,F,N,1,138,STL,140,TEX,2889,statsapi/2024/745148.json.gz,131096,3823e2a444c9a03e82f47359f58ed00e19a1011b0689d88bec93b91a3437713e,,,,
745306,2024-07-31,2024,R,F,N,1,137,SF,133,OAK,2395,statsapi/2024/745306.json.gz,105900,db8256c9a59f27030bff0992bfec348125734f1fc6364581c6d2648157a0963c,,,,
745386,2024-07-31,2024,R,F,N,1,135,SD,119,LAD,2680,statsapi/2024/745386.json.gz,134175,2312902987dbcfd1ab4ec1ad40043f242682079fa2d867641045427f3551dbc8,,,,
745543,2024-07-31,2024,R,F,N,1,143,PHI,147,NYY,2681,statsapi/2024/745543.json.gz,136398,bc825c017b07fb435e24adf45c065e74d689f0cd6888ab76182f7146a1d4849c,,,,
745789,2024-07-31,2024,R,F,N,1,121,NYM,142,MIN,3289,statsapi/2024/745789.json.gz,140094,16861229960642bd7e1d01c625b4498b39faecc8840e64bce1d4643217c94ccd,,,,
745960,2024-07-31,2024,R,F,N,1,158,MIL,144,ATL,32,statsapi/2024/745960.json.gz,141711,58a8605e774d601252ba4b64cdeaf746c451e869a2318e6ca7fbd6d44dbb7402,,,,
746198,2024-07-31,2024,R,F,N,1,108,LAA,115,COL,1,statsapi/2024/746198.json.gz,122137,62e7dd26810b8be3a749a3dabfca4ab8e0db2d0b6856e777e7644248f37f8636,,,,
746363,2024-07-31,2024,R,F,N,1,117,HOU,134,PIT,2392,statsapi/2024/746363.json.gz,114807,78acb7dc5b54e9853be5b3008284cab9241eb0440ef5cc7a6cb632939de5b647,,,,
746678,2024-07-31,2024,R,F,N,1,113,CIN,112,CHC,2602,statsapi/2024/746678.json.gz,141921,2323f441a0f30a8e51a0a988250b5d55dbe3432f4ca29a7190a10da23ead0f49,,,,
746764,2024-07-31,2024,R,F,N,1,145,CWS,118,KC,4,statsapi/2024/746764.json.gz,130119,e51500a3f22f7d2b90dea59ebe390571c420cfa433353948933c7bfa23f54653,,,,
746925,2024-07-31,2024,R,F,N,1,111,BOS,136,SEA,3,statsapi/2024/746925.json.gz,141616,7420463d446d82249116c0c37854ceb94b2682cfbcac652c6c73fb18cc7c5476,,,,
747003,2024-07-31,2024,R,F,N,1,110,BAL,141,TOR,2,statsapi/2024/747003.json.gz,142734,71db3ed52145956b65444131c10c3911fc7427468066116e4a9d265068dd5826,,,,
747170,2024-07-31,2024,R,F,N,1,109,AZ,120,WSH,15,statsapi/2024/747170.json.gz,141203,e58ca04e4a363f529b6570a7fadce230c71f96064e2e9fef687555efb708e651,,,,
746196,2024-08-01,2024,R,F,N,1,108,LAA,115,COL,1,statsapi/2024/746196.json.gz,132085,fab62b5cdc911e3f0dec905b61b6c9a1c18acf8c4339e190dd3e89fdeffccecd,,,,
746442,2024-08-01,2024,R,F,N,1,116,DET,118,KC,2394,statsapi/2024/746442.json.gz,118816,3663cbe509f179c35162a2a1621aa31d87f74ba7bc32cfab7e6b4ac49f4e4e0c,,,,
746607,2024-08-01,2024,R,F,N,1,114,CLE,110,BAL,5,statsapi/2024/746607.json.gz,139766,b90ea7ed9c98e8dec5905ee8c2511fc0bf90e70f327de656f214b66ae60a7534,,,,
746849,2024-08-01,2024,R,F,N,1,112,CHC,138,STL,17,statsapi/2024/746849.json.gz,123365,a33b18d7a63b85c5f55140a395a56794d3ef2fdd4973acdbaf42f840736a550c,,,,
747092,2024-08-01,2024,R,F,N,1,144,ATL,146,MIA,4705,statsapi/2024/747092.json.gz,119632,122797dedf6de2af987bb6480108bc337da81a3cb2b99a3efe118eaf364ebc94,,,,
744825,2024-08-02,2024,R,F,N,1,120,WSH,158,MIL,3309,statsapi/2024/744825.json.gz,145546,16e557021d58ed855585e1c9e7821ed7c022b4a461995827025b334780787068,,,,
744986,2024-08-02,2024,R,F,N,1,140,TEX,111,BOS,5325,statsapi/2024/744986.json.gz,138508,f6ab220b1de16d910e85975e562e8bf3ca3371ab9857709ff97e8b7d0d329864,,,,
745224,2024-08-02,2024,R,F,N,1,136,SEA,143,PHI,680,statsapi/2024/745224.json.gz,133548,cebb566abe85ac5ac79a8b6fbce2ff395ec0c4b0a0fb0d13d3735d712fca1a23,,,,
745387,2024-08-02,2024,R,F,N,1,135,SD,115,COL,2680,statsapi/2024/745387.json.gz,131732,33fcc856ecb33eb24be13c2966fdd4de16690de6389c77c422fbe63d4565a2f7,,,,
745471,2024-08-02,2024,R,F,N,1,134,PIT,109,AZ,31,statsapi/2024/745471.json.gz,148451,05141aaac0d488dd1163dd8986c30fb4f785a5a07718f552fbd4d385bf157352,,,,
745631,2024-08-02,2024,R,F,N,1,133,OAK,119,LAD,10,statsapi/2024/745631.json.gz,127220,971af5739c685ba6d89b67346cbaab91a0e9b19a9f709561d0e4fa22b77df3c1,,,,
745719,2024-08-02,2024,R,F,N,1,147,NYY,141,TOR,3313,statsapi/2024/745719.json.gz,142152,e21fc52ef9fedfc072587f10e48018f1571dfae32fff6e9543ca11139b442048,,,,
745875,2024-08-02,2024,R,F,N,1,142,MIN,145,CWS,3312,statsapi/2024/745875.json.gz,125105,9c3c3471a4531f5ea36842a078b0732f357e0bc56b16277a6c7698b2497dedcc,,,,
746193,2024-08-02,2024,R,F,N,1,108,LAA,121,NYM,1,statsapi/2024/746193.json.gz,137882,3d78838a7dc909b6448b4edd41ebb79b97aa1ec995899913b00b5faee5e8f79f,,,,
746354,2024-08-02,2024,R,F,N,1,117,HOU,139,TB,2392,statsapi/2024/746354.json.gz,128255,6ec93cfcd38140e83bf08bb0e8b324e3a4d933652e55efc2d6ff44f41874958e,,,,
746443,2024-08-02,2024,R,F,N,1,116,DET,118,KC,2394,statsapi/2024/746443.json.gz,126987,0d0466a2695e96a61fc011ae71d10041a0e263f68a2c0ae78e87e7f3a99c5836,,,,
746605,2024-08-02,2024,R,F,N,1,114,CLE,110,BAL,5,statsapi/2024/746605.json.gz,141419,28305104d7e71c959f9261ae75108cc991e0017b50c75548aa609ae94ec28cf9,,,,
746679,2024-08-02,2024,R,F,N,1,113,CIN,137,SF,2602,statsapi/2024/746679.json.gz,118755,c8e91ab4be34bdd9fd71842b7f0847ac9f687f60bd855f2c68248c4eafb64271,,,,
746845,2024-08-02,2024,R,F,N,1,112,CHC,138,STL,17,statsapi/2024/746845.json.gz,141883,3029017b8cbb93177a5f073473b09aaad087cfd79f578cc5f75eef4ef32fef1e,,,,
747089,2024-08-02,2024,R,F,N,1,144,ATL,146,MIA,4705,statsapi/2024/747089.json.gz,120479,577230950194635df128ba4b36ed90a1f7ce28d9838d796660a248f33c609ddd,,,,
744823,2024-08-03,2024,R,F,N,1,120,WSH,158,MIL,3309,statsapi/2024/744823.json.gz,119336,21d05b13f3d959890b60cb2f135788d9453678ddebda09cac6929bf06bcff58e,,,,
744987,2024-08-03,2024,R,F,N,1,140,TEX,111,BOS,5325,statsapi/2024/744987.json.gz,146896,b50883c9e113e12ff8944e5f14ea682a8e5810fd7fd6f466ae86a2130578c2b0,,,,
745225,2024-08-03,2024,R,F,N,1,136,SEA,143,PHI,680,statsapi/2024/745225.json.gz,154966,d067841ef06c3f9242bb0082508d6dc99cb24990b9d0f4c68e53c0f2aeb2eeba,,,,
745388,2024-08-03,2024,R,F,N,1,135,SD,115,COL,2680,statsapi/2024/745388.json.gz,107633,c6245328c7263585807b64d52e773d40d08db8d06364a1c026835be041788367,,,,
745474,2024-08-03,2024,R,F,N,1,134,PIT,109,AZ,31,statsapi/2024/745474.json.gz,130387,649eb6cfc1a0d42fac07a183e50debe90a592f9afffe006299387b7302c771c9,,,,
745636,2024-08-03,2024,R,F,N,1,133,OAK,119,LAD,10,statsapi/2024/745636.json.gz,144087,9046f63afd45638c2c6b4fb28850954220d0f57b7b20f29d2cd55c626bec28c1,,,,
745714,2024-08-03,2024,R,F,N,1,147,NYY,141,TOR,3313,statsapi/2024/745714.json.gz,138329,7987c2e5149b94fbda547a438e7019ee472731e7814eacc5d5b3ea7d87959a82,,,,
745876,2024-08-03,2024,R,F,N,1,142,MIN,145,CWS,3312,statsapi/2024/745876.json.gz,123564,555475e0eb60f7c79aedf5024422619d530f1342e9229ff0d6bce8c28a59e2de,,,,
746194,2024-08-03,2024,R,F,N,1,108,LAA,121,NYM,1,statsapi/2024/746194.json.gz,136176,b5ca8ea571999d5c23088b9f70cb92c6a980e0de27a42d04543feab469fec80c,,,,
746358,2024-08-03,2024,R,F,N,1,117,HOU,139,TB,2392,statsapi/2024/746358.json.gz,124843,896ae945dbd521f3963dd358946a82cbc7fa6dc60a98b164b0e7b5d7ea1f3653,,,,
746440,2024-08-03,2024,R,F,N,1,116,DET,118,KC,2394,statsapi/2024/746440.json.gz,142278,881e9827a5b0e06ff26f6c04e46356237def674a6fcf52b72f96e19d8987f261,,,,
746608,2024-08-03,2024,R,F,N,1,114,CLE,110,BAL,5,statsapi/2024/746608.json.gz,139322,9d4c15d6e1f0e0702b21f714737c7d25a4c82027c1f0adfa0a9a34a62c468288,,,,
746681,2024-08-03,2024,R,F,N,1,113,CIN,137,SF,2602,statsapi/2024/746681.json.gz,124739,68c305357e564dd7bf49e36674e8ba1e299cbc0fdeed469f3264470f081baa65,,,,
746846,2024-08-03,2024,R,F,N,1,112,CHC,138,STL,17,statsapi/2024/746846.json.gz,119726,464f2f28bf5079e301fa60ad2c237b2288b71371a5c8ae73f6d28b3a4f85eb98,,,,
747087,2024-08-03,2024,R,F,N,1,144,ATL,146,MIA,4705,statsapi/2024/747087.json.gz,136956,39b416d4368837bf382061f1490535e969914d0d9a5c0862950a7e47f9b08bb6,,,,
744826,2024-08-04,2024,R,F,N,1,120,WSH,158,MIL,3309,statsapi/2024/744826.json.gz,115672,82a36d149e9bbe3f1982926322474b29626227b2621311b3f927714c3398a8a4,,,,
744979,2024-08-04,2024,R,F,N,1,140,TEX,111,BOS,5325,statsapi/2024/744979.json.gz,135408,53805f4886f6e87c821db9f8c004e940b36187ccc2034e67cf62b95039cfe817,,,,
745222,2024-08-04,2024,R,F,N,1,136,SEA,143,PHI,680,statsapi/2024/745222.json.gz,127302,1fe4682dea6a867b5e00454fb3a2380c7f1fc70150de8f72c3a77e1edf2b3795,,,,
745384,2024-08-04,2024,R,F,N,1,135,SD,115,COL,2680,statsapi/2024/745384.json.gz,129009,10c7abea3cfb45fc7cb0aae64529cc49757883b0e03cd39abbc9d42b6743d3f6,,,,
745468,2024-08-04,2024,R,F,N,1,134,PIT,109,AZ,31,statsapi/2024/745468.json.gz,143797,e104ba90373247494259033df64ad224180763b427f122e400904421563dad3f,,,,
745627,2024-08-04,2024,R,F,N,1,133,OAK,119,LAD,10,statsapi/2024/745627.json.gz,126109,f36de8ed33fa090fd1b614534fbce7e60de5b5cf152738b2275d5ca247740ded,,,,
745718,2024-08-04,2024,R,F,N,1,147,NYY,141,TOR,3313,statsapi/2024/745718.json.gz,154484,f564b14f52f30756abd1efe99c0c8f0edab2529dec08ea4c1bd2f51bb368f2d5,,,,
745879,2024-08-04,2024,R,F,N,1,142,MIN,145,CWS,3312,statsapi/2024/745879.json.gz,165236,0bc777a96145434feb74d3bccd1112aafcd0d0c0200a44e4493e708f466a2a93,,,,
746191,2024-08-04,2024,R,F,N,1,108,LAA,121,NYM,1,statsapi/2024/746191.json.gz,133566,f0380fc6013f59441d6ea9b73651fb8b3952ee106d234c3d75147ebc72a9b18a,,,,
746356,2024-08-04,2024,R,F,N,1,117,HOU,139,TB,2392,statsapi/2024/746356.json.gz,122828,26894057bddfb6a5a6bedce1440d13b444c625ff6f605d7d5b4a8ad0ffc15330,,,,
746439,2024-08-04,2024,R,F,N,1,116,DET,118,KC,2394,statsapi/2024/746439.json.gz,126645,8fe4e8d7a94cae77cfeef26cf39552b169807729e3f8d65f7a643c27351f8b9a,,,,
746606,2024-08-04,2024,R,F,N,1,114,CLE,110,BAL,5,statsapi/2024/746606.json.gz,148303,e7f4ee398eb9198ae5118314602b29dd04035d68e3cf49fe47063c3f5d72dfb3,,,,
746680,2024-08-04,2024,R,F,N,1,113,CIN,137,SF,2602,statsapi/2024/746680.json.gz,136958,fdc8146d5bb4e588ac840194b1a19d832f29477d6d7370880452e034a506e40b,,,,
746844,2024-08-04,2024,R,F,N,1,112,CHC,138,STL,17,statsapi/2024/746844.json.gz,124952,12470449a6ac74543ad7d5a6a0de06761325e4c812abc3322e6846d5dae6028c,,,,
747088,2024-08-04,2024,R,F,N,1,144,ATL,146,MIA,4705,statsapi/2024/747088.json.gz,136145,de1f53430ba59f36ab454075f321cc63f8c24ec0467537e92bfa52607ec67918,,,,
744821,2024-08-05,2024,R,F,N,1,120,WSH,137,SF,3309,statsapi/2024/744821.json.gz,125301,2d6032f03df75504b353f9d1b7ed1a397f2aa4939ae4dcd8dc803e55aa18116d,,,,
744982,2024-08-05,2024,R,F,N,1,140,TEX,117,HOU,5325,statsapi/2024/744982.json.gz,143594,ba6dc0651a891bb7e5f8e9469c68d88c3921838b0ae0f620a280a078709f2024,,,,
745184,2024-08-05,2024,R,F,N,1,138,STL,121,NYM,2889,statsapi/2024/745184.json.gz,121665,86e0046440cbc659bfae4b74e3a67878224667d2cbed8ff0776169cc581332f9,,,,
745628,2024-08-05,2024,R,F,N,1,133,OAK,145,CWS,10,statsapi/2024/745628.json.gz,121795,2c6f6a405980a758911d550dd61e6fd2f601e8c69da116e002b76d5987a198dd,,,,
746038,2024-08-05,2024,R,F,N,1,146,MIA,113,CIN,4169,statsapi/2024/746038.json.gz,136852,7fdb40b2a1229c7747afc6ba8a521fa5cc7e719e9bec410aa071b3d81f5115fc,,,,
746116,2024-08-05,2024,R,F,N,1,119,LAD,143,PHI,22,statsapi/2024/746116.json.gz,118717,ed88e936991027cd503b7007fb2e098a5756279f0dc78b6b206a0db6825ea994,,,,
746276,2024-08-05,2024,R,F,N,1,118,KC,111,BOS,7,statsapi/2024/746276.json.gz,141305,353fceb588f4dbdaa387b324f38f02ce22110cc972d40e6d6114287b2f32966e,,,,
746600,2024-08-05,2024,R,F,N,1,114,CLE,109,AZ,5,statsapi/2024/746600.json.gz,148536,7a243a7474f2a630709ff0e45e2d07b12ff48754b14957f253410e6020c964b0,,,,
746847,2024-08-05,2024,R,F,N,1,112,CHC,142,MIN,17,statsapi/2024/746847.json.gz,118182,ad4c122594e2a6c24fc5e282e388b0f639f72ca97bf6536edafda02e90d76990,,,,
744817,2024-08-06,2024,R,F,N,1,120,WSH,137,SF,3309,statsapi/2024/744817.json.gz,147827,2ad088f24502c6d8125662409238e4880f4024e6b7262dd99ceb856921ad0dd6,,,,
744901,2024-08-06,2024,R,F,N,1,141,TOR,110,BAL,14,statsapi/2024/744901.json.gz,121977,ab00f7d5ddcf4c301f98375da9465a90f5fd21bbf3017d8927df64b7d58753be,,,,
744983,2024-08-06,2024,R,F,N,1,140,TEX,117,HOU,5325,statsapi/2024/744983.json.gz,118530,0541ed1a082e8a7370bed281fa65d986064343c0644a9c5dd15508fa960840a4,,,,
745141,2024-08-06,2024,R,F,N,1,138,STL,139,TB,2889,statsapi/2024/745141.json.gz,123103,81a8b269d319181cd5ae43838dae6ddd9baebb4000774f0c7c85c5d88b33a611,,,,
745221,2024-08-06,2024,R,F,N,1,136,SEA,116,DET,680,statsapi/2024/745221.json.gz,128199,71decb86649dcbc203a476d94101d2f9d171ff54cf058155d17a391dc12630de,,,,
745467,2024-08-06,2024,R,F,N,1,134,PIT,135,SD,31,statsapi/2024/745467.json.gz,128091,6b21ac7b0771720212c2cf4fea09980ecf8777887b71bfd2efca4ed9a4cdc679,,,,
745629,2024-08-06,2024,R,F,N,1,133,OAK,145,CWS,10,statsapi/2024/745629.json.gz,120364,66d3a95f562449428da2fd48b082b8dabb315b744a40fa0bb90849b10181a1d6,,,,
746033,2024-08-06,2024,R,F,N,1,146,MIA,113,CIN,4169,statsapi/2024/746033.json.gz,129665,ea48f5c98b72761b82ed6f72fe0166e3a90a92ff167e04cacbd8de1ead6525d2,,,,
746120,2024-08-06,2024,R,F,N,1,119,LAD,143,PHI,22,statsapi/2024/746120.json.gz,138127,855fb1bb5228c71a1cd611186d7aea6cea5c7873e935fc43d05c6bf1c07f8b71,,,,
746273,2024-08-06,2024,R,F,N,1,118,KC,111,BOS,7,statsapi/2024/746273.json.gz,136572,fd748ba7050f950cd59c9ab7cfaf6adf9f89fcfff66682c5a7e3709841efbab3,,,,
746519,2024-08-06,2024,R,F,N,1,115,COL,121,NYM,19,statsapi/2024/746519.json.gz,124134,99518440effb48bd22daf5ec7cf4c0b9754f685ed527f88a83101c9830a56a42,,,,
746840,2024-08-06,2024,R,F,N,1,112,CHC,142,MIN,17,statsapi/2024/746840.json.gz,119243,31423926b8f9455167cfa3186c6dfbb90d69ae8d0f98b91dfbd1de0c0cb077b4,,,,
747086,2024-08-06,2024,R,F,N,1,144,ATL,158,MIL,4705,statsapi/2024/747086.json.gz,139953,7efb9d141863b53e3609ecb8002e5b9e99623c5e63b7a2391d17ac84fc083796,,,,
744822,2024-08-07,2024,R,F,N,1,120,WSH,137,SF,3309,statsapi/2024/744822.json.gz,129016,c3fb8ffb51a211af552f3cce29270b14b9e053a3d390ad342709cd23a6866d92,,,,
744903,2024-08-07,2024,R,F,N,1,141,TOR,110,BAL,14,statsapi/2024/744903.json.gz,134303,71f1c1351369156b82e4c5607a10194cb67c611fa5a5d4f0a5a6eee37a66df61,,,,
744981,2024-08-07,2024,R,F,N,1,140,TEX,117,HOU,5325,statsapi/2024/744981.json.gz,142823,6ad232a1a25ff12563b5563feaa87b142dd7aaeb6ff6fc278e8aab247b1baa56,,,,
745142,2024-08-07,2024,R,F,N,1,138,STL,139,TB,2889,statsapi/2024/745142.json.gz,130348,28c44d88afcfda7dd8d211ae38fcf5d1df8c35d99e96216449c47dd324fb8da8,,,,
745223,2024-08-07,2024,R,F,N,1,136,SEA,116,DET,680,statsapi/2024/745223.json.gz,135206,5dc8b3e0dfc7a56b78a07b82294b9eb8a42f6593fb4ef40e37527da639960d1f,,,,
745469,2024-08-07,2024,R,F,N,1,134,PIT,135,SD,31,statsapi/2024/745469.json.gz,174311,8869826cb04693052c6492dfe028e87501bb717730baabcc3602d00bbcd78b1a,,,,
745630,2024-08-07,2024,R,F,N,1,133,OAK,145,CWS,10,statsapi/2024/745630.json.gz,123338,8b657a26632dad325f8c0fd1558fa032df1fda5db0cabb38574d74a9c9c97d6b,,,,
745709,2024-08-07,2024,R,F,Y,1,147,NYY,108,LAA,3313,statsapi/2024/745709.json.gz,145739,f4b4177d6017c8e7678a8298b01fd335f52e559a5a5002268a7bb76d5af311e8,,,,
745713,2024-08-07,2024,R,F,Y,2,147,NYY,108,LAA,3313,statsapi/2024/745713.json.gz,137588,fe7de5ff0d95cb6f40fa152227dc631180b5577017768dcf80ea1aeff54a2431,,,,
746031,2024-08-07,2024,R,F,N,1,146,MIA,113,CIN,4169,statsapi/2024/746031.json.gz,137230,85223129d7d3981ee33a588edcfeabab3c73a899c0366539960cff6b813d60a2,,,,
746115,2024-08-07,2024,R,F,N,1,119,LAD,143,PHI,22,statsapi/2024/746115.json.gz,137626,3c33e3f34dcbb148df0bc870e9ee81d353242f2f4788875cc219742d16c9b84e,,,,
746272,2024-08-07,2024,R,F,N,1,118,KC,111,BOS,7,statsapi/2024/746272.json.gz,130533,af9b68271fd6e859345f4ca1f6082076861913a14f0a56eb2c7b9932337b6b70,,,,
746521,2024-08-07,2024,R,F,N,1,115,COL,121,NYM,19,statsapi/2024/746521.json.gz,135779,5eff4fbe12d136d9fff481b95aa15bd1e5b241e085bf487a7bbc963521ce33da,,,,
746602,2024-08-07,2024,R,F,Y,2,114,CLE,109,AZ,5,statsapi/2024/746602.json.gz,127982,f40354d5fed9beddf819a99e8baf96d67a4461682d77085210137100f60a569b,,,,
746604,2024-08-07,2024,R,F,Y,1,114,CLE,109,AZ,5,statsapi/2024/746604.json.gz,132718,5c2828acf3006ea39e4589bc16b72c7a55c4115f1a183189dcd5f7423787d936,,,,
746842,2024-08-07,2024,R,F,N,1,112,CHC,142,MIN,17,statsapi/2024/746842.json.gz,138071,5060921d93bdc5ab3aef342ca8182a61ba7f8a209f239a646ba5d3948f8489be,,,,
747085,2024-08-07,2024,R,F,N,1,144,ATL,158,MIL,4705,statsapi/2024/747085.json.gz,150152,f86fd959f8804102127ac0624aeced868765c833233bd17b3431645313b7755b,,,,
744819,2024-08-08,2024,R,F,N,1,120,WSH,137,SF,3309,statsapi/2024/744819.json.gz,157048,91e37e6daf2292f073951e65afd78dfe39af4ef2745f9ee25a8a9a395d43e391,,,,
744899,2024-08-08,2024,R,F,N,1,141,TOR,110,BAL,14,statsapi/2024/744899.json.gz,127923,22c7243d1ad3eb52dd35df3ea8e8690ffe0c132e5317dd4cff7889f565509bed,,,,
745143,2024-08-08,2024,R,F,N,1,138,STL,139,TB,2889,statsapi/2024/745143.json.gz,132665,348071f01a88b28611e4bc56f9aa8f72b1a31550f3285badbfb6b8f9bf827d65,,,,
745226,2024-08-08,2024,R,F,N,1,136,SEA,116,DET,680,statsapi/2024/745226.json.gz,115807,a8e7c690050986c9feb41dd55ff46b85a21c738842218d99679058c71d63c802,,,,
745466,2024-08-08,2024,R,F,N,1,134,PIT,135,SD,31,statsapi/2024/745466.json.gz,141768,486e5648921c4aaa01882e011c1804fc4af529c0c90cb1738654985b23a0ee13,,,,
745710,2024-08-08,2024,R,F,N,1,147,NYY,108,LAA,3313,statsapi/2024/745710.json.gz,141549,58fe701ac67f67d7b99d00ac2b31d0552930eea5cd8b94770792bee71d856dfd,,,,
746030,2024-08-08,2024,R,F,N,1,146,MIA,113,CIN,4169,statsapi/2024/746030.json.gz,158654,a7a88976d3067ed00939c02d160f4d77dd022bddaddf0051e1c6abb76e8e17ff,,,,
746522,2024-08-08,2024,R,F,N,1,115,COL,121,NYM,19,statsapi/2024/746522.json.gz,145089,69651a1dab0e0f88c02368c9987fc0dda8b9aee7920c624da798933ff20874cc,,,,
747081,2024-08-08,2024,R,F,N,1,144,ATL,158,MIL,4705,statsapi/2024/747081.json.gz,167535,027c373116b650b2c6aaa1d9e6a0dd3d25a7e8f52984b90ba1682b2d4f611e36,,,,
747169,2024-08-08,2024,R,F,N,1,109,AZ,143,PHI,15,statsapi/2024/747169.json.gz,137895,74bdcee41a914781c84160197180cb62950a524d83d0852f484c3bc91877e53b,,,,
744818,2024-08-09,2024,R,F,N,1,120,WSH,108,LAA,3309,statsapi/2024/744818.json.gz,134264,75629ed21b98e539848b33c1f3d761fd7d9bb6458fe77dd4c2cd5439fea59814,,,,
744900,2024-08-09,2024,R,F,N,1,141,TOR,133,OAK,14,statsapi/2024/744900.json.gz,111993,bbd27162886a4ced7608f3dd9d4d4ec2a043b0667d4ce0e2ae5053db1e97c158,,,,
745062,2024-08-09,2024,R,F,N,1,139,TB,110,BAL,12,statsapi/2024/745062.json.gz,126374,e42070d56d83868059f2428f6f4b21f3625ed6f8d5d4cd901d3fa8fc105bbf0f,,,,
745220,2024-08-09,2024,R,F,N,1,136,SEA,121,NYM,680,statsapi/2024/745220.json.gz,125227,993a54408f404c450f7ad3144597f8573f778227e8649f8c4704d8a6fe03091f,,,,
745308,2024-08-09,2024,R,F,N,1,137,SF,116,DET,2395,statsapi/2024/745308.json.gz,131214,bef281be371e0f82f9a3547ed128326c56fe5b5e4186203caf00e99dbb964ba8,,,,
745871,2024-08-09,2024,R,F,S,2,142,MIN,114,CLE,3312,statsapi/2024/745871.json.gz,123936,5c30d0c9c142afd824226bf6620a87c78acb58d4590b29996e3720ca987bc3f1,,,,
745927,2024-08-09,2024,R,F,S,1,142,MIN,114,CLE,3312,statsapi/2024/745927.json.gz,125820,333102d598098617d00510e9a8fa5b83ec41dc81046badf016a6c92b7bf6b50d,,,,
745957,2024-08-09,2024,R,F,N,1,158,MIL,113,CIN,32,statsapi/2024/745957.json.gz,125280,2e9301d045544cfbcb454018af8b8a62ade7d55e4cb624e83a0d3106b18cf027,,,,
746032,2024-08-09,2024,R,F,N,1,146,MIA,135,SD,4169,statsapi/2024/746032.json.gz,130669,843427425928d7976fd92ff76e3778a0bf965c0a3bcbe19e9c1657f93fe8e757,,,,
746113,2024-08-09,2024,R,F,N,1,119,LAD,134,PIT,22,statsapi/2024/746113.json.gz,142165,0d6410382658ff59f6e9a3c4003198a9ae0680f70ddcb65c3b4fbf1c87296d7e,,,,
746275,2024-08-09,2024,R,F,N,1,118,KC,138,STL,7,statsapi/2024/746275.json.gz,144456,1c607f1806f1194525889c0aaeb54f6e0d733a043392916612e61f42860504d1,,,,
746523,2024-08-09,2024,R,F,N,1,115,COL,144,ATL,19,statsapi/2024/746523.json.gz,136400,2c2f266285caae1735f37f1cf61b0dca2b3cbd4aa7f4cbbf9f7a5db8d289a90b,,,,
746760,2024-08-09,2024,R,F,N,1,145,CWS,112,CHC,4,statsapi/2024/746760.json.gz,144465,ed17380e5db8549b5e128b521191f088839188eaa04bfd9a64b2c9f87a388c08,,,,
746927,2024-08-09,2024,R,F,N,1,111,BOS,117,HOU,3,statsapi/2024/746927.json.gz,152898,4ef4879e0ad298410a55128824c433ad57155f5bf87c4941d54ff4b0e3ca7e52,,,,
747168,2024-08-09,2024,R,F,N,1,109,AZ,143,PHI,15,statsapi/2024/747168.json.gz,114634,e2c47b0c8a038dc6a88268b254b1d1e9b9f360b7b3cad577d9e8d886bb583ab4,,,,
744820,2024-08-10,2024,R,F,N,1,120,WSH,108,LAA,3309,statsapi/2024/744820.json.gz,135318,9ebacbb603a3acba763624caf5f18d8d82b50fab04e85bb47c168f604b9dce37,,,,
744897,2024-08-10,2024,R,F,N,1,141,TOR,133,OAK,14,statsapi/2024/744897.json.gz,117662,897d557532e413f6600b06050260e1040094b4b7d81af724bc59d6e3ebb91e2e,,,,
745056,2024-08-10,2024,R,F,N,1,139,TB,110,BAL,12,statsapi/2024/745056.json.gz,150264,5c5588f6889579696cda8a0578937d62bf8c5ca6b8df51f48c867ffd8d26891b,,,,
745219,2024-08-10,2024,R,F,N,1,136,SEA,121,NYM,680,statsapi/2024/745219.json.gz,125857,89a67933555f729ce61a38c8c9a4f52651e3d28cae3ae6ed7dac4d8974474df2,,,,
745304,2024-08-10,2024,R,F,N,1,137,SF,116,DET,2395,statsapi/2024/745304.json.gz,126978,c0e5283382c70b0dc333cc2586b1cb726c676a6aee85613359988a9e51efbadc,,,,
745708,2024-08-10,2024,R,F,Y,2,147,NYY,140,TEX,3313,statsapi/2024/745708.json.gz,138369,1c7ff1cb54e7926d95b8a0fe2a0abef3eee12764fd8cb525d5ffea7627d432ea,,,,
745712,2024-08-10,2024,R,F,Y,1,147,NYY,140,TEX,3313,statsapi/2024/745712.json.gz,147672,08b7ceba61808158f31268bd37aceb354842c3c038ebf21af1ac31fb145c8282,,,,
745873,2024-08-10,2024,R,F,N,1,142,MIN,114,CLE,3312,statsapi/2024/745873.json.gz,107371,0ba03013fda0a5d159ab61a212f90cd45229cf5ba374f5cbf42630ebb9bb76ad,,,,
745955,2024-08-10,2024,R,F,N,1,158,MIL,113,CIN,32,statsapi/2024/745955.json.gz,109964,79928368c90a8ea8fd4f609d3f18d411eeedfbde8f3ac5f8f2c4ef4f4fa770ea,,,,
746026,2024-08-10,2024,R,F,N,1,146,MIA,135,SD,4169,statsapi/2024/746026.json.gz,164353,63ff537b29ac7393283332fd3237740ccad91c58bbe12965277d71fc822a2dba,,,,
746112,2024-08-10,2024,R,F,N,1,119,LAD,134,PIT,22,statsapi/2024/746112.json.gz,119686,925842cec58439840f8b70ff21a2f6a9a97761382e38dbff28e2c8e2269639c3,,,,
746269,2024-08-10,2024,R,F,N,1,118,KC,138,STL,7,statsapi/2024/746269.json.gz,134942,1a16f298d9c3e84b504587929ae8b5df708582da9267f95b2a1294e9764445ac,,,,
746520,2024-08-10,2024,R,F,N,1,115,COL,144,ATL,19,statsapi/2024/746520.json.gz,151310,50d629d2b3b63153a5a5e901feaa6f710b1abd6b7b77e54e5511be456fcb3167,,,,
746761,2024-08-10,2024,R,F,N,1,145,CWS,112,CHC,4,statsapi/2024/746761.json.gz,139740,85d87c511466e991cc83928e06ea84da83c69ff9d00c2c686ea16fcb69b82673,,,,
746922,2024-08-10,2024,R,F,N,1,111,BOS,117,HOU,3,statsapi/2024/746922.json.gz,124717,66b95763ac7effd4de4f17a14a60be811762b837764bd4f482629d6bfd576cd2,,,,
747164,2024-08-10,2024,R,F,N,1,109,AZ,143,PHI,15,statsapi/2024/747164.json.gz,137017,79cf657a8be2035ed6ca000f5053db9b682702a198ccfe85e56d14b84508d86e,,,,
744816,2024-08-11,2024,R,F,N,1,120,WSH,108,LAA,3309,statsapi/2024/744816.json.gz,147741,df81ef98dbcf6cf1aab99a5daa08e4df6f4012e442d7798b67831946e3a87c44,,,,
744895,2024-08-11,2024,R,F,N,1,141,TOR,133,OAK,14,statsapi/2024/744895.json.gz,129487,57beea246cf7097a2a737b9088c46143ef2f9dd701aefa56d5dfff174f7a1784,,,,
745057,2024-08-11,2024,R,F,N,1,139,TB,110,BAL,12,statsapi/2024/745057.json.gz,121328,0c5696f302f46a03fb228594fd1318d53b7a8345f56dc6458d628b5948aa18b7,,,,
745216,2024-08-11,2024,R,F,N,1,136,SEA,121,NYM,680,statsapi/2024/745216.json.gz,139931,4477b17db3b6eff25b2cb50aa870df16baac4fced54dd07b450e90cd6c9c0032,,,,
745303,2024-08-11,2024,R,F,N,1,137,SF,116,DET,2395,statsapi/2024/745303.json.gz,140388,e3b5c4308fb6e695cd7d150df5600559cdf85d2540075b7764e5bf169188271e,,,,
745711,2024-08-11,2024,R,F,N,1,147,NYY,140,TEX,3313,statsapi/2024/745711.json.gz,154181,1828ae6e235b52db333d09183b6935ed6b1ded9f522f744fdc025f29c78d737a,,,,
745872,2024-08-11,2024,R,F,N,1,142,MIN,114,CLE,3312,statsapi/2024/745872.json.gz,142817,dd8f06c2572f58c761ad327bdae1288562374fe9eb0cecf37494a365663e972b,,,,
745956,2024-08-11,2024,R,F,N,1,158,MIL,113,CIN,32,statsapi/2024/745956.json.gz,127791,e2a8cf67cf7288eef0194ff835f83520f8974fd1eb93d723e8c8ea5f12146c61,,,,
746025,2024-08-11,2024,R,F,N,1,146,MIA,135,SD,4169,statsapi/2024/746025.json.gz,128979,b4bdd6ceed82775245cd89451b8e8375537c04438bfd36b1ac9f7f53f53f5c31,,,,
746114,2024-08-11,2024,R,F,N,1,119,LAD,134,PIT,22,statsapi/2024/746114.json.gz,153529,70728f61b95e7e4f3eeeabf9cb217bdd6c7c69a83e1467f3caae3850acac1969,,,,
746517,2024-08-11,2024,R,F,N,1,115,COL,144,ATL,19,statsapi/2024/746517.json.gz,147842,bebafb91341f4511c2cf736bff76aaf3a80420412801f02decf67dd4beca1b5c,,,,
746923,2024-08-11,2024,R,F,N,1,111,BOS,117,HOU,3,statsapi/2024/746923.json.gz,132213,315af5cec0ee4ffc951dab6528e7e864383c7f908d4b921f0b22f81ab0f38917,,,,
747166,2024-08-11,2024,R,F,N,1,109,AZ,143,PHI,15,statsapi/2024/747166.json.gz,142871,a3bf6ee695a3e39afaf976fe971831b5b79d92fa5f4414dc90b69d46c74bdb8b,,,,
745058,2024-08-12,2024,R,F,N,1,139,TB,117,HOU,12,statsapi/2024/745058.json.gz,130972,5e33dff15800fb02b9d2917c75fae972c313710c59a435bc9b969e425014c39c,,,,
745300,2024-08-12,2024,R,F,N,1,137,SF,144,ATL,2395,statsapi/2024/745300.json.gz,131892,114369327479789b63bcc179d6b1caa261041638fbffac55d71494b0df402f29,,,,
745383,2024-08-12,2024,R,F,N,1,135,SD,134,PIT,2680,statsapi/2024/745383.json.gz,118467,c5d3045445790b053ea28a1431465accd0c3ce44e0e49b869c11666bdd87f476,,,,
745874,2024-08-12,2024,R,F,N,1,142,MIN,118,KC,3312,statsapi/2024/745874.json.gz,129204,6009ad06ec3cf36348a44acc3ccfd4a9ca9ebfacf139cb4b8995366b92c896be,,,,
745953,2024-08-12,2024,R,F,N,1,158,MIL,119,LAD,32,statsapi/2024/745953.json.gz,130329,ec247096e1f84c568da9c4c2adf53d33c59815ad9919ba0155d64deb1b4b70f8,,,,
746192,2024-08-12,2024,R,F,N,1,108,LAA,141,TOR,1,statsapi/2024/746192.json.gz,118936,06330d444872acc1bc33ed8b1e0bbfb0f0a4c04b1cf8904af76e24ece1ae3e20,,,,
746603,2024-08-12,2024,R,F,N,1,114,CLE,112,CHC,5,statsapi/2024/746603.json.gz,141320,9a1fe39d193c106e19ab56e81508a7f545edcda604fd66a684140b9167616d6d,,,,
746682,2024-08-12,2024,R,F,N,1,113,CIN,138,STL,2602,statsapi/2024/746682.json.gz,114625,084abbc3af0d478cf0dd25f595d57f91c5191ff5b5fe38d8822ccd6fa4422b44,,,,
746762,2024-08-12,2024,R,F,N,1,145,CWS,147,NYY,4,statsapi/2024/746762.json.gz,153110,326df9b478a964a2f72794178fd9e1e481c1a1382e44b301ae00cf4c786b5677,,,,
746921,2024-08-12,2024,R,F,N,1,111,BOS,140,TEX,3,statsapi/2024/746921.json.gz,155146,12daa9da2e0a4cf5084389e5f547830d08052565873745843d8096203ffda75a,,,,
747165,2024-08-12,2024,R,F,N,1,109,AZ,115,COL,15,statsapi/2024/747165.json.gz,120800,64469817de891dadb11b5df0a236c0a4b7b86ec5c259452d625f688c8dc440b0,,,,
745055,2024-08-13,2024,R,F,N,1,139,TB,117,HOU,12,statsapi/2024/745055.json.gz,122487,a516c19f8e3743b7e3f4101eef10b9d46b25ebaba07658d2a2d26ac115f90276,,,,
745302,2024-08-13,2024,R,F,N,1,137,SF,144,ATL,2395,statsapi/2024/745302.json.gz,140215,82ca0e050ab958b0325adff72c0379810e099f156122f85f4993ed71560ecbef,,,,
745382,2024-08-13,2024,R,F,N,1,135,SD,134,PIT,2680,statsapi/2024/745382.json.gz,126580,316e2b698c388d3020e12862eacdd180d1373a9f2f1543d3ce17801f33ad4729,,,,
745548,2024-08-13,2024,R,F,N,1,143,PHI,146,MIA,2681,statsapi/2024/745548.json.gz,123707,e0ee1cdc6b5b6842afe10c5221c421999c9cdba1129fab2ab5b1c169c49368de,,,,
745788,2024-08-13,2024,R,F,N,1,121,NYM,133,OAK,3289,statsapi/2024/745788.json.gz,141991,76a119f76361b465a7f47a347e6ad56253a078d707a92b96ca4d3cb70748e590,,,,
745867,2024-08-13,2024,R,F,N,1,142,MIN,118,KC,3312,statsapi/2024/745867.json.gz,131114,551556ba6d64bde0d599aa13108fb6c4e9802e684ebb6d0c09ab109dad0cb7c7,,,,
745954,2024-08-13,2024,R,F,N,1,158,MIL,119,LAD,32,statsapi/2024/745954.json.gz,133704,883ecb9473d03052b948fe7800c8f785be447612b20b596fdb142fe4eb4214af,,,,
746187,2024-08-13,2024,R,F,N,1,108,LAA,141,TOR,1,statsapi/2024/746187.json.gz,134267,2a6d7084fea08aa77801556d5e2e9641e2e5164c52dec0d2c5eed67bf7606ca7,,,,
746435,2024-08-13,2024,R,F,N,1,116,DET,136,SEA,2394,statsapi/2024/746435.json.gz,130864,038ae1ed747b5c8fc1815dc95c6d97e3e9119278926eec947fdbfe0a705b6236,,,,
746601,2024-08-13,2024,R,F,N,1,114,CLE,112,CHC,5,statsapi/2024/746601.json.gz,128236,7cbf7fc8e81aef5dfaf4ded8c16fa86a3831689e6855799366e9b200945feaa3,,,,
746673,2024-08-13,2024,R,F,N,1,113,CIN,138,STL,2602,statsapi/2024/746673.json.gz,112318,9a1020af2c7d469ee4a24710238cea082b5e48870d596cf6cd4d4f500486783e,,,,
746757,2024-08-13,2024,R,F,N,1,145,CWS,147,NYY,4,statsapi/2024/746757.json.gz,136573,1bdd8e977982aa6c009dade25d3c0102944927a98acd988e55e1c5469f4215d3,,,,
746924,2024-08-13,2024,R,F,N,1,111,BOS,140,TEX,3,statsapi/2024/746924.json.gz,127960,ac0255cfe73f48dc4dc82e326c85d13a85e71b0d555ba037fd57a6fb76a65f08,,,,
747004,2024-08-13,2024,R,F,N,1,110,BAL,120,WSH,2,statsapi/2024/747004.json.gz,132532,3c820385da15813020d4ff07ac6f4542a0a00f83f15659c00ad66be28ff9fdcc,,,,
747160,2024-08-13,2024,R,F,N,1,109,AZ,115,COL,15,statsapi/2024/747160.json.gz,128006,285c41c660706b9537dd53962683b8d50651aca2a1f17a12071799347bf303cf,,,,
745053,2024-08-14,2024,R,F,N,1,139,TB,117,HOU,12,statsapi/2024/745053.json.gz,132699,93e98b1dd3cafd25a8aff253b21b16f3c25bdad195522b8cb405cc1c8f4b8609,,,,
745301,2024-08-14,2024,R,F,N,1,137,SF,144,ATL,2395,statsapi/2024/745301.json.gz,137368,87016fce294d3ef62c6abc6f7b71ca000e0d4fb08c465cb46e0669bc8d856080,,,,
745381,2024-08-14,2024,R,F,N,1,135,SD,134,PIT,2680,statsapi/2024/745381.json.gz,128281,b5761678962db76f8f513e50a82915b7c1839ea57ec5e19767fb935642b067f0,,,,
745544,2024-08-14,2024,R,F,N,1,143,PHI,146,MIA,2681,statsapi/2024/745544.json.gz,139526,8fcb11ada087095844a91db1a5a0dbb9730818edc14a8a130364802e4eea5fd2,,,,
745790,2024-08-14,2024,R,F,N,1,121,NYM,133,OAK,3289,statsapi/2024/745790.json.gz,125634,fac3a650a9b16d209997be91468fd2e18a424509351e1eacd2593c5035588dbf,,,,
745869,2024-08-14,2024,R,F,N,1,142,MIN,118,KC,3312,statsapi/2024/745869.json.gz,133150,d1d81e28b89e655bd28b161da695ff5bf38a6b7eced4257116f2c9cd9a25f603,,,,
745951,2024-08-14,2024,R,F,N,1,158,MIL,119,LAD,32,statsapi/2024/745951.json.gz,141286,cdcb9e9cec7286e93af8586dd9414271ebd480d23fc64fab33bf2ed4f12d94a2,,,,
746188,2024-08-14,2024,R,F,N,1,108,LAA,141,TOR,1,statsapi/2024/746188.json.gz,123812,40c7aa887c2d26b1b0add5a5e314cb364e2c79d3b09f8bdb6b4a4e650ea087e9,,,,
746436,2024-08-14,2024,R,F,N,1,116,DET,136,SEA,2394,statsapi/2024/746436.json.gz,138434,83ca001f54ecb2fa6b579825967298ef602d19766e2c48caf58af36ed3098db6,,,,
746598,2024-08-14,2024,R,F,N,1,114,CLE,112,CHC,5,statsapi/2024/746598.json.gz,126104,9c480df2689e3544714011e0d4ba69379dbcdf065007273a506d7bc0713c5da3,,,,
746677,2024-08-14,2024,R,F,N,1,113,CIN,138,STL,2602,statsapi/2024/746677.json.gz,132151,20f5a7672b1d6f5d09767f39fa83a567fa929d8468c6a1aab27c8f9855e35aa1,,,,
746759,2024-08-14,2024,R,F,N,1,145,CWS,147,NYY,4,statsapi/2024/746759.json.gz,145087,01f145a201b587185350234dc77261b5d76c22c94ebb533fee4cc945984cb448,,,,
746919,2024-08-14,2024,R,F,N,1,111,BOS,140,TEX,3,statsapi/2024/746919.json.gz,143350,dbb6a76a88582185a015773826269a80a29c8799707b40e1faebd3bb3cd8b824,,,,
747000,2024-08-14,2024,R,F,N,1,110,BAL,120,WSH,2,statsapi/2024/747000.json.gz,122504,4d3008a5c057c954edb52bac4ef86529bdc028c8d5863684943abbb639eb1e08,,,,
747163,2024-08-14,2024,R,F,N,1,109,AZ,115,COL,15,statsapi/2024/747163.json.gz,144679,7558c66517c5955d5f6e7a4eb1dfa1ceb50ff85d62207742299a8a65f92227d2,,,,
744980,2024-08-15,2024,R,F,N,1,140,TEX,142,MIN,5325,statsapi/2024/744980.json.gz,136813,f83b5f4983c75f995a21fe5c27df811904600cb354f08113a521ed3ad9d9c284,,,,
745298,2024-08-15,2024,R,F,N,1,137,SF,144,ATL,2395,statsapi/2024/745298.json.gz,124786,39e0ce305107c4ac87a98bb1970fe3f06f53a027fab87a44d50698a905ea3e6f,,,,
745545,2024-08-15,2024,R,F,N,1,143,PHI,120,WSH,2681,statsapi/2024/745545.json.gz,136274,98e2d9cac74607c65ed2e0aaa0f05b90be6dc04f582f99714d1460880d196696,,,,
745783,2024-08-15,2024,R,F,N,1,121,NYM,133,OAK,3289,statsapi/2024/745783.json.gz,178097,c662056f8522338bb098477d2537b6f9398a56cf388bebb141198b2aaf8149c7,,,,
745950,2024-08-15,2024,R,F,N,1,158,MIL,119,LAD,32,statsapi/2024/745950.json.gz,134431,83709c7ccad8adacbc2360dad78d33019827de33d4ddc4e774f90d9a1aac1156,,,,
746437,2024-08-15,2024,R,F,N,1,116,DET,136,SEA,2394,statsapi/2024/746437.json.gz,119692,f420b1d1023bb77f19f537d6960e1c4a6df5f89984b64baaeb8b020a39434a91,,,,
747002,2024-08-15,2024,R,F,N,1,110,BAL,111,BOS,2,statsapi/2024/747002.json.gz,122974,31b529f08a323710b20f0dcafc0be06c315effbf2e697fa04c6e029443fffe52,,,,
744974,2024-08-16,2024,R,F,N,1,140,TEX,142,MIN,5325,statsapi/2024/744974.json.gz,133480,138e654ba9e7e7a74410d3e1089ad2cdf15041ca4c1dfe7c22e748241b1ae2d0,,,,
745054,2024-08-16,2024,R,F,N,1,139,TB,109,AZ,12,statsapi/2024/745054.json.gz,131346,3d42494add857f948cbdd4aad01f4027961ee29d80d5974fd78e2476509c8e06,,,,
745144,2024-08-16,2024,R,F,N,1,138,STL,119,LAD,2889,statsapi/2024/745144.json.gz,137480,c3b44f0bf30923ec498e20bbe74a742d4f6dc821982f06788318b191c1d9152d,,,,
745462,2024-08-16,2024,R,F,N,1,134,PIT,136,SEA,31,statsapi/2024/745462.json.gz,126061,42da947dae99105615509af130caa3d3cd0a3de0440189d7d960e32959a6da7f,,,,
745542,2024-08-16,2024,R,F,N,1,143,PHI,120,WSH,2681,statsapi/2024/745542.json.gz,141076,1fe6545298d6038081da13400ad1cb51624c6e4aeba9f376d9338aad8ce6fe81,,,,
745784,2024-08-16,2024,R,F,N,1,121,NYM,146,MIA,3289,statsapi/2024/745784.json.gz,133660,2e66f5fd147de670cce6d5552dc33763cce3b8977ba1c66e21afebb3d8c1e36c,,,,
745949,2024-08-16,2024,R,F,N,1,158,MIL,114,CLE,32,statsapi/2024/745949.json.gz,131540,a689bd88305d6f01ef0a731bc337399e3a9547feafcaa75cf269c88a98a97d38,,,,
746189,2024-08-16,2024,R,F,N,1,108,LAA,144,ATL,1,statsapi/2024/746189.json.gz,140248,d638e51a8e5e79d668dc53f315572bd5351adfcc7c2169c92491254b709e6b93,,,,
746357,2024-08-16,2024,R,F,N,1,117,HOU,145,CWS,2392,statsapi/2024/746357.json.gz,132293,65112dde33066cbe74bc6243bd795656370f17fb0871829ad21f93d2b7de39c1,,,,
746438,2024-08-16,2024,R,F,N,1,116,DET,147,NYY,2394,statsapi/2024/746438.json.gz,126246,47f48223c9292fd65eac3bdad69ef10dcfc1889ea23f3d6d19f9b83cca7ef35f,,,,
746518,2024-08-16,2024,R,F,N,1,115,COL,135,SD,19,statsapi/2024/746518.json.gz,133992,984b29cb689d3dde2e4f7da7753c678382476d03175838ec73d2f39e677e9b55,,,,
746674,2024-08-16,2024,R,F,N,1,113,CIN,118,KC,2602,statsapi/2024/746674.json.gz,120900,c0e1dc5a35ff4b00bd39a3ee2baeb5ffee2d4109b231235b86378d31dbe446e8,,,,
746843,2024-08-16,2024,R,F,N,1,112,CHC,141,TOR,17,statsapi/2024/746843.json.gz,139329,5dddd9423b4dc4941576729867691c803df55dd285cb11b25a0ce3c90e1ca6a2,,,,
747001,2024-08-16,2024,R,F,N,1,110,BAL,111,BOS,2,statsapi/2024/747001.json.gz,163610,630ab5029e464f52c2d3d452e9415c93139984da7dd5aa87cd934c2c4b6b958e,,,,
744977,2024-08-17,2024,R,F,N,1,140,TEX,142,MIN,5325,statsapi/2024/744977.json.gz,122029,33abb180d9671f5b31e087bdf3be3d36c3f8776d65f71b1753de5bdb5b70d810,,,,
745049,2024-08-17,2024,R,F,N,1,139,TB,109,AZ,12,statsapi/2024/745049.json.gz,131762,23919fd7e21c870b555ec2094c3e344232f9060f4d276b90e57649cb216f8850,,,,
745140,2024-08-17,2024,R,F,N,1,138,STL,119,LAD,2889,statsapi/2024/745140.json.gz,121668,a94b522027cb0d5adb9508e98c24d1fa17580f42e594e6e95850a27d67a937db,,,,
745463,2024-08-17,2024,R,F,N,1,134,PIT,136,SEA,31,statsapi/2024/745463.json.gz,130593,f44d5cbf7eb1a4e9a7e6e352f603c2aae19eb737ddc9e98b5a20b7786356aecd,,,,
745537,2024-08-17,2024,R,F,N,1,143,PHI,120,WSH,2681,statsapi/2024/745537.json.gz,107655,4ff173b4f60c6fcf536c2f47f0a97a289bef55f11332f416364f6c22513657a6,,,,
745626,2024-08-17,2024,R,F,N,1,133,OAK,137,SF,10,statsapi/2024/745626.json.gz,132303,2e6a2d97598b1d437c2b7e2f9c27f970431956f92147325d37d0d20753ea7638,,,,
745785,2024-08-17,2024,R,F,N,1,121,NYM,146,MIA,3289,statsapi/2024/745785.json.gz,118455,75a655960d55fb8ad1ce79f1aefadbc3602d65caa02b0301c719d39867a494b8,,,,
745952,2024-08-17,2024,R,F,N,1,158,MIL,114,CLE,32,statsapi/2024/745952.json.gz,114610,17850c87f557db5188fd65d25c6976af47148024e8105ded6127d528a9203d5f,,,,
746190,2024-08-17,2024,R,F,N,1,108,LAA,144,ATL,1,statsapi/2024/746190.json.gz,139343,f085f7d72acf215f10765d28dab6608bd30f8e69590570637c0090967dfec619,,,,
746355,2024-08-17,2024,R,F,N,1,117,HOU,145,CWS,2392,statsapi/2024/746355.json.gz,127809,ac39bf724c7060e30c42956dcdd8775ed31da00900f079c46842b9c19e485ca0,,,,
746434,2024-08-17,2024,R,F,N,1,116,DET,147,NYY,2394,statsapi/2024/746434.json.gz,135180,b858d2a55e10b9949b1fec5f730aa56e5b8e65dc0e08316281e2326d839b9677,,,,
746515,2024-08-17,2024,R,F,N,1,115,COL,135,SD,19,statsapi/2024/746515.json.gz,132134,0fdd07555cd61ef88341825374eb1b81e603298f7fef7a0d63bd3f9fa9eea7bb,,,,
746675,2024-08-17,2024,R,F,N,1,113,CIN,118,KC,2602,statsapi/2024/746675.json.gz,141817,b60bbe51cefc2ea0ed15fa7aedbb7bfdd25f2965e21a0f0f4fc679a33b6aafb1,,,,
746841,2024-08-17,2024,R,F,N,1,112,CHC,141,TOR,17,statsapi/2024/746841.json.gz,124954,5dde6a55011748c620265751d7eff6277ecacf0f885c99c793b29207c945c504,,,,
746997,2024-08-17,2024,R,F,N,1,110,BAL,111,BOS,2,statsapi/2024/746997.json.gz,130169,06c60606d9db80fb8d4c87127a5582f1f1f25ee013ace348fb43770b216846c0,,,,
744975,2024-08-18,2024,R,F,N,1,140,TEX,142,MIN,5325,statsapi/2024/744975.json.gz,139780,ceed03a58328374bf7168ba692575d4def1751d48c4efb0c661d1f59c5e67ae5,,,,
745051,2024-08-18,2024,R,F,N,1,139,TB,109,AZ,12,statsapi/2024/745051.json.gz,165083,b72a1f63c350124eea4868f2d7f64b5cb048132490f83470924ed8bce4dca441,,,,
745139,2024-08-18,2024,R,F,N,1,138,STL,119,LAD,2889,statsapi/2024/745139.json.gz,126614,4bd6420cc774921e55f44c1e32adc5f1ee8ad53dad9805968393099dee550562,,,,
745464,2024-08-18,2024,R,F,N,1,134,PIT,136,SEA,31,statsapi/2024/745464.json.gz,133394,4cd98fdebbc8ffa89628ff68c4542efd854771d99871e1c3ddfd466188212a2c,,,,
745539,2024-08-18,2024,R,F,N,1,143,PHI,120,WSH,2681,statsapi/2024/745539.json.gz,142723,44db553e28ba60c6c91c2b36d11f5400170e5759d2d15c9ea099308ec1914576,,,,
745621,2024-08-18,2024,R,F,N,1,133,OAK,137,SF,10,statsapi/2024/745621.json.gz,133747,588843fc8c93a7ee6e25efef2935e2501cedef9f985557459e19e14166bcd9d0,,,,
745786,2024-08-18,2024,R,F,N,1,121,NYM,146,MIA,3289,statsapi/2024/745786.json.gz,136645,6025e9f440dfc930de759f8628a6261a099c58145627c52697f1e79dca5660f2,,,,
745948,2024-08-18,2024,R,F,N,1,158,MIL,114,CLE,32,statsapi/2024/745948.json.gz,107613,cc10180968cd433ff0dfccc6ec7271b86711d2a82477b20447b07c30fba35a17,,,,
746186,2024-08-18,2024,R,F,N,1,108,LAA,144,ATL,1,statsapi/2024/746186.json.gz,121586,719b8c6837a92cc01ae3610f24aae8462c3aad5d8ace663eaadfbc9759e34fda,,,,
746359,2024-08-18,2024,R,F,N,1,117,HOU,145,CWS,2392,statsapi/2024/746359.json.gz,107565,0dfd9b97cbb9a3d360198eed3ac36b1f31ef608b66fa53bb7abb7a2be5f00795,,,,
746431,2024-08-18,2024,R,F,N,1,116,DET,147,NYY,2735,statsapi/2024/746431.json.gz,105875,517c64679d0629f4927cc88c18affe6b148f37326df00bbf736b28a99aa20fc5,,,,
746516,2024-08-18,2024,R,F,N,1,115,COL,135,SD,19,statsapi/2024/746516.json.gz,128619,a7a2787f0d60e934804c94da3c9ef521d2ec6a27496cfabc435cb994134939da,,,,
746676,2024-08-18,2024,R,F,N,1,113,CIN,118,KC,2602,statsapi/2024/746676.json.gz,134429,65c7805fcfad7ca9602e5e98e67451d6672029dd360d20143896c099cb36e1d2,,,,
746838,2024-08-18,2024,R,F,N,1,112,CHC,141,TOR,17,statsapi/2024/746838.json.gz,127695,4adc4df388303ec0fc42d75041fce4ed388b2a59fe39c1de3194848894f32ac4,,,,
746999,2024-08-18,2024,R,F,N,1,110,BAL,111,BOS,2,statsapi/2024/746999.json.gz,127546,43c57097f3f84a90f2cbb2f40417873349c8169675d52fa3ada7be2e0782738b,,,,
744898,2024-08-19,2024,R,F,N,1,141,TOR,113,CIN,14,statsapi/2024/744898.json.gz,129154,bc05a0715654fbd764403f7d31010570cc976deca6df0f29ae214e81dd1f5a2f,,,,
744976,2024-08-19,2024,R,F,N,1,140,TEX,134,PIT,5325,statsapi/2024/744976.json.gz,115938,433da8e37e1f6d1f4fe9ac3ae4497a8486625a4eb3d3e789c20c1abd84d556ae,,,,
745294,2024-08-19,2024,R,F,N,1,137,SF,145,CWS,2395,statsapi/2024/745294.json.gz,130020,552696734ef197685a9bf0165c147ddabb9fa606503d22cddd18d4e5218fc755,,,,
745380,2024-08-19,2024,R,F,N,1,135,SD,142,MIN,2680,statsapi/2024/745380.json.gz,121220,07dd72ce6e0fc594315390daa69ae8884d2408d767fbff1c909846d57c7ea3b3,,,,
745620,2024-08-19,2024,R,F,N,1,133,OAK,139,TB,10,statsapi/2024/745620.json.gz,120439,b60db9fc85ec9cbeba35444f28c61c4dadffc988d25674d03e4ab7d3ef443dd1,,,,
745780,2024-08-19,2024,R,F,N,1,121,NYM,110,BAL,3289,statsapi/2024/745780.json.gz,125748,d561425d33e32071be37b83d6f01f3e8b32b275130526af95df31286e0867eb1,,,,
746027,2024-08-19,2024,R,F,N,1,146,MIA,109,AZ,4169,statsapi/2024/746027.json.gz,131096,93d55b5aa6a1f9f86bc8ea70e7d35b6275dec2936078c0b63e95de646d6a4fb2,,,,
746109,2024-08-19,2024,R,F,N,1,119,LAD,136,SEA,22,statsapi/2024/746109.json.gz,114415,65735babd1e82341daded5a30e29aac29f942a2f7d5c96f04469e0f62a3e93bb,,,,
746270,2024-08-19,2024,R,F,N,1,118,KC,108,LAA,7,statsapi/2024/746270.json.gz,120822,b41cd43c27ae0bdb442293c5736c31f084508e35c938f9cd7d7f0543d8fb2a10,,,,
746351,2024-08-19,2024,R,F,N,1,117,HOU,111,BOS,2392,statsapi/2024/746351.json.gz,128533,f545e372fbadff0fb19659aa008f0a3c7a58c9922f60528e1376caeb48434069,,,,
744814,2024-08-20,2024,R,F,N,1,120,WSH,115,COL,3309,statsapi/2024/744814.json.gz,123395,fb7822f978ded2c074bde46e8bd6bf02c0227a52deb7895448b4ea87ff5c0112,,,,
744896,2024-08-20,2024,R,F,N,1,141,TOR,113,CIN,14,statsapi/2024/744896.json.gz,121629,f238b26a65455a71b4c2795415f8488303e3b572b739d303df9ee226066373fc,,,,
744978,2024-08-20,2024,R,F,N,1,140,TEX,134,PIT,5325,statsapi/2024/744978.json.gz,109766,923ca2cd1c46821c7691ec7e7dcb1a5972a85f8e425ed4ec41721d1d6454823e,,,,
745136,2024-08-20,2024,R,F,N,1,138,STL,158,MIL,2889,statsapi/2024/745136.json.gz,122293,a768d505b4c1f2848e8a6f6c55111fdeae83725de9f5815797845bb6dbd4a8c3,,,,
745295,2024-08-20,2024,R,F,N,1,137,SF,145,CWS,2395,statsapi/2024/745295.json.gz,124358,23f837302ba5bbf2917f400bd291f0c29a1aa83ea6ae11a1a7e74fa85c360341,,,,
745374,2024-08-20,2024,R,F,N,1,135,SD,142,MIN,2680,statsapi/2024/745374.json.gz,125969,ca451ef07f711c4425b00b5086d3fb8288796f70cc2cac6feef01ad6ef08c612,,,,
745624,2024-08-20,2024,R,F,N,1,133,OAK,139,TB,10,statsapi/2024/745624.json.gz,98069,4b7d9e9038f34ce5d0e6de14a38d0178db8b66c9ea012307d521e3a61333b1e1,,,,
745707,2024-08-20,2024,R,F,N,1,147,NYY,114,CLE,3313,statsapi/2024/745707.json.gz,186194,dec346e69df2e4fd15bb85861ef7001bab766e2f5110ea37a5fda55545ecc9ae,,,,
745782,2024-08-20,2024,R,F,N,1,121,NYM,110,BAL,3289,statsapi/2024/745782.json.gz,138100,a631e50d056f43ec6bed4b07c3af6e7c4053debfaa3a975679790044880e4618,,,,
746029,2024-08-20,2024,R,F,N,1,146,MIA,109,AZ,4169,statsapi/2024/746029.json.gz,125321,ff709884ef3f858c99f3dec9ef263f2dbc21048da782f5d2f6684be0d24b6dd1,,,,
746107,2024-08-20,2024,R,F,N,1,119,LAD,136,SEA,22,statsapi/2024/746107.json.gz,146786,113e97278fc2e9a843b1d226c0803a7c4f19353afc982665be6468f67da365cf,,,,
746266,2024-08-20,2024,R,F,N,1,118,KC,108,LAA,7,statsapi/2024/746266.json.gz,146282,d3c8dfb5b7a906bd1bc6738289e2fc3aea5454b1b4936907e4c2cbdb5807b92d,,,,
746349,2024-08-20,2024,R,F,N,1,117,HOU,111,BOS,2392,statsapi/2024/746349.json.gz,137567,0f66bff52cabb6e6c0135d71f635294d10fde78028331b29e2e168e60e8c7bfa,,,,
746839,2024-08-20,2024,R,F,N,1,112,CHC,116,DET,17,statsapi/2024/746839.json.gz,124218,0f245bc84de0a8775f711b219732ec23afcb7795447003f2432ace20fe49a1a7,,,,
747083,2024-08-20,2024,R,F,N,1,144,ATL,143,PHI,4705,statsapi/2024/747083.json.gz,129720,2947243ee914f9fde940a87ab9f290d0473435749732822abee223865826cd4e,,,,
744812,2024-08-21,2024,R,F,N,1,120,WSH,115,COL,3309,statsapi/2024/744812.json.gz,118201,18112089b2d23d24875f0ea6443fc6b788a3e1d7194b8b09e7e69bd39ff063f4,,,,
744893,2024-08-21,2024,R,F,N,1,141,TOR,113,CIN,14,statsapi/2024/744893.json.gz,157322,e48db9bbb83a7c727ab872acb6c2d874225337746ce32ddb8f35ebe569822f86,,,,
744973,2024-08-21,2024,R,F,N,1,140,TEX,134,PIT,5325,statsapi/2024/744973.json.gz,124895,d0ab1dce28fc4759ef7d822c682eab16cfa5c963abbc64e46fb7c3c028d026fc,,,,
745138,2024-08-21,2024,R,F,N,1,138,STL,158,MIL,2889,statsapi/2024/745138.json.gz,175731,a1bd148c3eb1addcf319509aa0d57756eacca4961e1535f889eb6c79b161bdaa,,,,
745297,2024-08-21,2024,R,F,N,1,137,SF,145,CWS,2395,statsapi/2024/745297.json.gz,120970,dd8e7fb9b7da838aaca3727f1b18cbd8fcea9fdea02e985fc0a0a865defd7919,,,,
745375,2024-08-21,2024,R,F,N,1,135,SD,142,MIN,2680,statsapi/2024/745375.json.gz,148048,51515ed2e2c1a1a97934838484b77453f344095508e9140fedfea559801cb131,,,,
745622,2024-08-21,2024,R,F,N,1,133,OAK,139,TB,10,statsapi/2024/745622.json.gz,127591,fad8659da36dac4e44ab68066875cd2aba0e0ee05c0526b5de5d7fcdde63f9e9,,,,
745704,2024-08-21,2024,R,F,N,1,147,NYY,114,CLE,3313,statsapi/2024/745704.json.gz,126616,4805a547d11459e5975503061ca40d8138ad214a614c60dc69a209971e8c8ef0,,,,
745781,2024-08-21,2024,R,F,N,1,121,NYM,110,BAL,3289,statsapi/2024/745781.json.gz,128825,477783094fc8ac15ffef7314971f6a61094d42abfb52580a24ab183b9a15eb19,,,,
746028,2024-08-21,2024,R,F,N,1,146,MIA,109,AZ,4169,statsapi/2024/746028.json.gz,158514,5230bb6fb69324ade10d60fc08d9fa8fbafd9f0babb572762b633b4b20200d60,,,,
746110,2024-08-21,2024,R,F,N,1,119,LAD,136,SEA,22,statsapi/2024/746110.json.gz,137027,2bde87f8bdf82cbe81aff7f729382bad36d4673ac86582579d5f092a4894cfe2,,,,
746267,2024-08-21,2024,R,F,N,1,118,KC,108,LAA,7,statsapi/2024/746267.json.gz,111468,13ec6d4c0b2328829b6c62635de7744e5a39dd93effeeebf0c124f41d4298a09,,,,
746350,2024-08-21,2024,R,F,N,1,117,HOU,111,BOS,2392,statsapi/2024/746350.json.gz,131679,52eba129d7d41a12cefb1174391f60a1ac41aa5837517832278f1745e8325999,,,,
746837,2024-08-21,2024,R,F,N,1,112,CHC,116,DET,17,statsapi/2024/746837.json.gz,133531,51a58ef4deaf430dced3496252a5669c177bde0fba7be6d52a24dd40b841bf9a,,,,
747084,2024-08-21,2024,R,F,N,1,144,ATL,143,PHI,4705,statsapi/2024/747084.json.gz,122798,9884a28beff6597743da7c3e88ed252220810e51f5fae8891e4fb40868095a38,,,,
744815,2024-08-22,2024,R,F,N,1,120,WSH,115,COL,3309,statsapi/2024/744815.json.gz,135344,32c3b0f174a4c0978161ac9cb0795f48d8b03d4004c80d3655b3e611642f994d,,,,
744894,2024-08-22,2024,R,F,N,1,141,TOR,108,LAA,14,statsapi/2024/744894.json.gz,117169,1942cc301883f777632fb5ef6ebbc17de053c0a1a0a7f2b513c28a2e36f2b0a2,,,,
745137,2024-08-22,2024,R,F,N,1,138,STL,158,MIL,2889,statsapi/2024/745137.json.gz,132831,f6b582285e50e3d5fc29e2208442e7d5b095012c2e78febf813b9c0a8e532c94,,,,
745379,2024-08-22,2024,R,F,N,1,135,SD,121,NYM,2680,statsapi/2024/745379.json.gz,144812,71fd85a5cf258fd85995d2a0dbbe8f4028160deaa674f5d12cf575beb37913ee,,,,
745465,2024-08-22,2024,R,F,N,1,134,PIT,113,CIN,31,statsapi/2024/745465.json.gz,126470,fbce091da7660fda7578604a274e7fedec40782cdfd0122da0b20a9d203ebe1d,,,,
745623,2024-08-22,2024,R,F,N,1,133,OAK,139,TB,10,statsapi/2024/745623.json.gz,128664,696fd983a3e70536595b6fbf669b273d9d71559789df885ec8f882702993ea3a,,,,
745705,2024-08-22,2024,R,F,N,1,147,NYY,114,CLE,3313,statsapi/2024/745705.json.gz,138497,b56b33c8034c7fea86e2e2c23d462ce2d102101a07144233fdfdb0b4ae9dea74,,,,
746836,2024-08-22,2024,R,F,N,1,112,CHC,116,DET,17,statsapi/2024/746836.json.gz,123292,4df5bbc8d2e104d5fa7014c224cf1578109b340c021fc8ead3bad44b45babd06,,,,
746998,2024-08-22,2024,R,F,N,1,110,BAL,117,HOU,2,statsapi/2024/746998.json.gz,132542,b2f8cf1d9ada3e03b88c178b2b96847f6ac5c1ca4383937912b4ac5b6881c254,,,,
747082,2024-08-22,2024,R,F,N,1,144,ATL,143,PHI,4705,statsapi/2024/747082.json.gz,119918,454b67b1c0bf86ea8480e4b580c009bab8314bbe66472b689e303011c6472134,,,,
744889,2024-08-23,2024,R,F,N,1,141,TOR,108,LAA,14,statsapi/2024/744889.json.gz,120259,0d53489af7334301d0486ff926ecd4d7ab1eb61bb7e4e4fde313605817c7becc,,,,
745217,2024-08-23,2024,R,F,N,1,136,SEA,137,SF,680,statsapi/2024/745217.json.gz,153169,4fea1817e2554213710ca5fcb7a3b51762f72e1876c05af31764e9645aeaed82,,,,
745378,2024-08-23,2024,R,F,N,1,135,SD,121,NYM,2680,statsapi/2024/745378.json.gz,124997,79892974f845fefdc2baa986252154a5633c0374e3d75daea4e1f4bd918eb8a3,,,,
745460,2024-08-23,2024,R,F,N,1,134,PIT,113,CIN,31,statsapi/2024/745460.json.gz,130038,e9250ce0fe10384089dfcbd5106255530de730db57c60eadd201b63b2a2dcc75,,,,
745625,2024-08-23,2024,R,F,N,1,133,OAK,158,MIL,10,statsapi/2024/745625.json.gz,143275,3fe57cb2db0861d1fb761f5383e14a0be34d10af9315f0b842b8217e65eca57e,,,,
745702,2024-08-23,2024,R,F,N,1,147,NYY,115,COL,3313,statsapi/2024/745702.json.gz,122412,690c274d7fee4f64f5c23dc17f79a116e305b3257b9eabb8e952127837676d5d,,,,
745870,2024-08-23,2024,R,F,N,1,142,MIN,138,STL,3312,statsapi/2024/745870.json.gz,140501,73df9a5deb28520c62a73e47763d9f1e3f4e4deb1ca42e23c8bf77075a27fa13,,,,
746024,2024-08-23,2024,R,F,N,1,146,MIA,112,CHC,4169,statsapi/2024/746024.json.gz,138835,304405496e7e4a52095edde3aa0eb953fb61449774ab827e45c105d916926bc8,,,,
746111,2024-08-23,2024,R,F,N,1,119,LAD,139,TB,22,statsapi/2024/746111.json.gz,122881,c1a23aa0555b980baa3655afbaf52b4f21b7d1ed9edf527a9500101819292c2c,,,,
746268,2024-08-23,2024,R,F,N,1,118,KC,143,PHI,7,statsapi/2024/746268.json.gz,141563,2e3dc8bc0031b41d37d34188ad8e12a0489448082aa03c47e64dc8475974a1c0,,,,
746597,2024-08-23,2024,R,F,N,1,114,CLE,140,TEX,5,statsapi/2024/746597.json.gz,135589,99c8beb9031d5038820cf86afd74f81d4df2fe8fcd1aa794e9794b426593e8bc,,,,
746758,2024-08-23,2024,R,F,N,1,145,CWS,116,DET,4,statsapi/2024/746758.json.gz,141454,46833062965636634ecbe3e1c6c2877675c3a5b9e4184699e32ac784366f6b56,,,,
746920,2024-08-23,2024,R,F,N,1,111,BOS,109,AZ,3,statsapi/2024/746920.json.gz,133350,2f119c9d053eb96e926d95fc31d3b287144547875930c31d74a927b942396355,,,,
746995,2024-08-23,2024,R,F,N,1,110,BAL,117,HOU,2,statsapi/2024/746995.json.gz,136328,8fd00de347a48bf29a3fda7ed80c39b9a18073dc62833cae04fe72151794759f,,,,
747080,2024-08-23,2024,R,F,N,1,144,ATL,120,WSH,4705,statsapi/2024/747080.json.gz,125601,5d21804f260b30344374887e09fb41a08da6801e9d7fa6a8f092cd662664ce8a,,,,
744890,2024-08-24,2024,R,F,N,1,141,TOR,108,LAA,14,statsapi/2024/744890.json.gz,111751,7778e20c645645f329d77341c07bfdf81c37f9fff4aa4ce15dfeb7a19c9a1a34,,,,
745218,2024-08-24,2024,R,F,N,1,136,SEA,137,SF,680,statsapi/2024/745218.json.gz,146491,7a6893d8d5da68ef9e400ae98f542ab931b3ec6c9d299e751ce38665c09eac42,,,,
745377,2024-08-24,2024,R,F,N,1,135,SD,121,NYM,2680,statsapi/2024/745377.json.gz,120899,5a671ee5cac77adf61e34d7de8b2a751fa2b200d6641e5bab9dba3e4e4a43412,,,,
745457,2024-08-24,2024,R,F,N,1,134,PIT,113,CIN,31,statsapi/2024/745457.json.gz,127531,da2ca8dbdab0ba9dc97b13b1248c85d3fc734ab05f4f2e440838c07bd8c52160,,,,
745617,2024-08-24,2024,R,F,N,1,133,OAK,158,MIL,10,statsapi/2024/745617.json.gz,147527,1472200dbd3eee0301ba4ea46462ebec9030701096327f50fe86a3c778a7f1f4,,,,
745703,2024-08-24,2024,R,F,N,1,147,NYY,115,COL,3313,statsapi/2024/745703.json.gz,147866,e40e6d4062e7c74f227b0fbc96316935d5628f14d09e919c8db934d52c47fee1,,,,
745868,2024-08-24,2024,R,F,N,1,142,MIN,138,STL,3312,statsapi/2024/745868.json.gz,117843,596df8e243d4c13fec1a78d25cbb119b58d8490052ab4f217ed7ab428f2e2d9c,,,,
746022,2024-08-24,2024,R,F,N,1,146,MIA,112,CHC,4169,statsapi/2024/746022.json.gz,139456,c67cfd917dc931ba6acae9cb182996e327328cb9daa5123eaafa35d6712c09df,,,,
746108,2024-08-24,2024,R,F,N,1,119,LAD,139,TB,22,statsapi/2024/746108.json.gz,146353,a589ab61d71f6c3648227dd316c3bc971a7b20f48462f7889cae1ffa9027f3fc,,,,
746271,2024-08-24,2024,R,F,N,1,118,KC,143,PHI,7,statsapi/2024/746271.json.gz,137349,f4f42eb6c76aaea72b3fe153a17806bce575c1654eeb70e12784a0c88cce4f2a,,,,
746599,2024-08-24,2024,R,F,N,1,114,CLE,140,TEX,5,statsapi/2024/746599.json.gz,140868,19954d40379e367b97613a6621b6f970584acf0d0c460e8f72f7c27b40abfd34,,,,
746756,2024-08-24,2024,R,F,N,1,145,CWS,116,DET,4,statsapi/2024/746756.json.gz,142081,8f787d583b435fd4232eeac1edc3708e3fcaa4b58aefe56d388c4ff31821e6ad,,,,
746917,2024-08-24,2024,R,F,N,1,111,BOS,109,AZ,3,statsapi/2024/746917.json.gz,138474,a64db9e8b5c1d0b5c084d3250fd36722b061e0d443e678f3d43b845e7435f2e8,,,,
746996,2024-08-24,2024,R,F,N,1,110,BAL,117,HOU,2,statsapi/2024/746996.json.gz,124251,1a2b90e571175659c33d6847473d720b893eec7235122dae1bfda23aab099b60,,,,
747077,2024-08-24,2024,R,F,N,1,144,ATL,120,WSH,4705,statsapi/2024/747077.json.gz,128441,5a689722f5159b946377f3dadc03b113c8a6bf666576d997febf14e5edd69b94,,,,
744892,2024-08-25,2024,R,F,N,1,141,TOR,108,LAA,14,statsapi/2024/744892.json.gz,129115,948b939d285dfcf3c738e28ee8cbfd17dd53eb5eeee1da9abcf2ab61f5f63280,,,,
745212,2024-08-25,2024,R,F,N,1,136,SEA,137,SF,680,statsapi/2024/745212.json.gz,128697,c829c301b22ee4f66a2487f58f9c949145019af694d119cd2f2c7f5c9809857e,,,,
745376,2024-08-25,2024,R,F,N,1,135,SD,121,NYM,2680,statsapi/2024/745376.json.gz,135370,e265355341839f30db3c7f5a889a4ba4b6c7c33755825fc37ecfb9deeb63ec56,,,,
745459,2024-08-25,2024,R,F,N,1,134,PIT,113,CIN,31,statsapi/2024/745459.json.gz,127298,e8bc409ab713875941eaec4ecba09e220d25c5f121d28642bcc0b3020ac4680a,,,,
745618,2024-08-25,2024,R,F,N,1,133,OAK,158,MIL,10,statsapi/2024/745618.json.gz,123714,0e58caf4a6c5caa77ecad118a3c514c1fe7dfeb37ca6c271fdc0bace14f05c45,,,,
745706,2024-08-25,2024,R,F,N,1,147,NYY,115,COL,3313,statsapi/2024/745706.json.gz,131983,9a288d9ecb6039c957b9c8d455cb58194dcb23bd42f578f875884a952d3efd1c,,,,
745863,2024-08-25,2024,R,F,N,1,142,MIN,138,STL,3312,statsapi/2024/745863.json.gz,125981,cbe414ec498c344b862604560f5b45959d12167590c4f4b6b47aae1d1bfc0cfa,,,,
746023,2024-08-25,2024,R,F,N,1,146,MIA,112,CHC,4169,statsapi/2024/746023.json.gz,120886,4144d9bef00b5669e0e4e7bf178b07bafe95bca9acd101a2538520b084d6c291,,,,
746106,2024-08-25,2024,R,F,N,1,119,LAD,139,TB,22,statsapi/2024/746106.json.gz,110863,6a76e0b179b1e74368e7a4ca8c1eb9daeb6f15d6444c7e0564423967aaa9dc6f,,,,
746263,2024-08-25,2024,R,F,N,1,118,KC,143,PHI,7,statsapi/2024/746263.json.gz,138305,c2ae5ecb15b516b7a17b7c59b9b6c2e96283a34b749ca46496a240b482926031,,,,
746595,2024-08-25,2024,R,F,N,1,114,CLE,140,TEX,5,statsapi/2024/746595.json.gz,120090,83493ffa3b6d5d41eab547a4a489fd8fd7ec2ee9109a9e71d9b68ebd8975b837,,,,
746754,2024-08-25,2024,R,F,N,1,145,CWS,116,DET,4,statsapi/2024/746754.json.gz,147174,9ba3e4827d7eb23546cb0d361c61c9265ae6f7ee22824e4c5533f56a83ad7cd5,,,,
746918,2024-08-25,2024,R,F,N,1,111,BOS,109,AZ,3,statsapi/2024/746918.json.gz,131269,a1f978c609fd9a891a8aa21172098f0de5092b6a2c80f8e4402e748672de4235,,,,
746994,2024-08-25,2024,R,F,N,1,110,BAL,117,HOU,2,statsapi/2024/746994.json.gz,128718,e39c79fe8a423f958516eaa7cf8ab044049840834e588a230187f2a238f90907,,,,
747078,2024-08-25,2024,R,F,N,1,144,ATL,120,WSH,4705,statsapi/2024/747078.json.gz,132322,8215717b92f89d97ea7bbf5138015c835418277c4c607e859cf4923f342dc68e,,,,
744813,2024-08-26,2024,R,F,N,1,120,WSH,147,NYY,3309,statsapi/2024/744813.json.gz,131608,a328c26a4345c572a222559a0950ac8ccf2d62728db2bfe61d77fcee2ab28c42,,,,
745133,2024-08-26,2024,R,F,N,1,138,STL,135,SD,2889,statsapi/2024/745133.json.gz,140473,3880ebe542bb832cbf38e2e2078e0503c83f2ee77d30e8719519cabe78b7cf8b,,,,
745215,2024-08-26,2024,R,F,N,1,136,SEA,139,TB,680,statsapi/2024/745215.json.gz,111346,34775556a4b4a842b848abab316ef7916ecbc398a5a098dac68cd69f1364e9a5,,,,
745458,2024-08-26,2024,R,F,N,1,134,PIT,112,CHC,31,statsapi/2024/745458.json.gz,163306,84fe9acb50e994e20d8d12f2d8b36d272a51828b9138e170b41817a83bc3600c,,,,
745538,2024-08-26,2024,R,F,N,1,143,PHI,117,HOU,2681,statsapi/2024/745538.json.gz,137268,4911012bc417e0c18df814a1b93d68de0ad556d067ffa936cfb77af1f81db50a,,,,
745865,2024-08-26,2024,R,F,N,1,142,MIN,144,ATL,3312,statsapi/2024/745865.json.gz,133160,76312ef0f39885adcd99bf16edc90a70a3908f893f30ee2a5f9091a3909b06f1,,,,
746513,2024-08-26,2024,R,F,N,1,115,COL,146,MIA,19,statsapi/2024/746513.json.gz,124953,c949abf6c74d5ec800af6e91c369b8be0bc5b846fdba9d7c8642d61517d73f68,,,,
746596,2024-08-26,2024,R,F,S,2,114,CLE,118,KC,5,statsapi/2024/746596.json.gz,137154,7309a79bb343e03a7e7e2d3213c6c9384b88750545a1993d45b91e51ffc572c7,,,,
746628,2024-08-26,2024,R,F,S,1,114,CLE,118,KC,5,statsapi/2024/746628.json.gz,133415,e7db0ed76af15657c51b2598e1e078cfbebea79881a316b2c2f348f01c48661d,,,,
746753,2024-08-26,2024,R,F,N,1,145,CWS,116,DET,4,statsapi/2024/746753.json.gz,135682,480e673eefb5c3f22f8cbdfef0cc4ec9b5f3c03e1849e4de13f58e49edb3ba51,,,,
746915,2024-08-26,2024,R,F,N,1,111,BOS,141,TOR,3,statsapi/2024/746915.json.gz,127965,2c00f3f3379563f5c3a947b608b4bf5ef354feefab0dbc37f8636115e323e0f0,,,,
744811,2024-08-27,2024,R,F,N,1,120,WSH,147,NYY,3309,statsapi/2024/744811.json.gz,130110,4fa7e85acfea0fe60042c9ad19372055f40b18433c4c2bd7dc1d1d53b241431b,,,,
745132,2024-08-27,2024,R,F,N,1,138,STL,135,SD,2889,statsapi/2024/745132.json.gz,141028,feb90891fa67418c97f4c30f5b2bdc21dda88f22c9126e65d1c1c216767b71a1,,,,
745213,2024-08-27,2024,R,F,N,1,136,SEA,139,TB,680,statsapi/2024/745213.json.gz,129546,f6df4ff5fa194604307fef0e129b7e3995c420300101619d5d5955a3aae05f0d,,,,
745461,2024-08-27,2024,R,F,N,1,134,PIT,112,CHC,31,statsapi/2024/745461.json.gz,147781,bb01ed14cebcec516b33ee6c0d3cc2b73aa8285ed01f2fb56b997afa04c5df3d,,,,
745540,2024-08-27,2024,R,F,N,1,143,PHI,117,HOU,2681,statsapi/2024/745540.json.gz,120436,4df8fb864a60a7e50a4b7f261ed3b72a3e8e5e88b02295dd13c50e731162c744,,,,
745864,2024-08-27,2024,R,F,N,1,142,MIN,144,ATL,3312,statsapi/2024/745864.json.gz,161295,cd2ed273e2eb7a80ac1a380b2009919dbb69b2eafebf7578110fc51d58ee362b,,,,
745946,2024-08-27,2024,R,F,N,1,158,MIL,137,SF,32,statsapi/2024/745946.json.gz,148452,8c2a17b1331b350de263475ebae895c28aa2367d4fbda8f7b09660bfe30b7744,,,,
746105,2024-08-27,2024,R,F,N,1,119,LAD,110,BAL,22,statsapi/2024/746105.json.gz,134033,ec862f146d351f5c5f5abf2dc2631ba2e85f7ffb4f69b5bc559daea5d69c7947,,,,
746429,2024-08-27,2024,R,F,N,1,116,DET,108,LAA,2394,statsapi/2024/746429.json.gz,119279,2bbd9279bf7890f0cbdda887c4457a4e82ae7e458e32bd82808082270c5623fe,,,,
746510,2024-08-27,2024,R,F,N,1,115,COL,146,MIA,19,statsapi/2024/746510.json.gz,136019,929e48d01601c990f6635b48becbe06da88834904003773c31ef85f9b7e1c3d6,,,,
746594,2024-08-27,2024,R,F,N,1,114,CLE,118,KC,5,statsapi/2024/746594.json.gz,132985,0b455ffb31843184321e3ce98add235cc8218cd781a7be008b341c1906a3996e,,,,
746671,2024-08-27,2024,R,F,N,1,113,CIN,133,OAK,2602,statsapi/2024/746671.json.gz,140325,25754865ddd63aeb6acb3941a74e703a5997ceae227b5eea4b60b18938bbf369,,,,
746755,2024-08-27,2024,R,F,N,1,145,CWS,140,TEX,4,statsapi/2024/746755.json.gz,130798,015e1119858375eb8222af8d61aa939b2b0dd5da16b0ac2061cc3807e7b0d126,,,,
746916,2024-08-27,2024,R,F,N,1,111,BOS,141,TOR,3,statsapi/2024/746916.json.gz,121712,40f7958e5518a9875be6f10a4231c7437bde5a0a57a950e522ce0023be305c1b,,,,
747162,2024-08-27,2024,R,F,N,1,109,AZ,121,NYM,15,statsapi/2024/747162.json.gz,138943,4508b576243d3c89f3bbd5e36ea13388a7d46f83185d9ebaba17971ae61d11cf,,,,
744809,2024-08-28,2024,R,F,N,1,120,WSH,147,NYY,3309,statsapi/2024/744809.json.gz,129910,cc43f6e2d05d2aa9fee21e8042bc558a1f360e7ca1caa3e004fca5030ab6c3bc,,,,
745134,2024-08-28,2024,R,F,N,1,138,STL,135,SD,2889,statsapi/2024/745134.json.gz,142216,34a7438b794abe542936b8500ca8efa8056d5d15939f1f6ca6bf33da32f41ee7,,,,
745211,2024-08-28,2024,R,F,N,1,136,SEA,139,TB,680,statsapi/2024/745211.json.gz,119516,5b30ad38254c067874ffeb10fa300462e1824c4f55a99ba39cd064c746c167ac,,,,
745452,2024-08-28,2024,R,F,N,1,134,PIT,112,CHC,31,statsapi/2024/745452.json.gz,172259,54d6e1fd569498fdb8f4b4df181a7f93e66b3fc6b0f7af83651525df483d17fe,,,,
745541,2024-08-28,2024,R,F,N,1,143,PHI,117,HOU,2681,statsapi/2024/745541.json.gz,124999,b905247e81539456c6038e2afe5821342ccc3192a4e183ddfba016fa6d2aae45,,,,
745866,2024-08-28,2024,R,F,N,1,142,MIN,144,ATL,3312,statsapi/2024/745866.json.gz,135552,1b984214e22ae5c0bfb2aab1b758caf041ac316fcb3b0d2d4c67fcab0bec21f8,,,,
745943,2024-08-28,2024,R,F,N,1,158,MIL,137,SF,32,statsapi/2024/745943.json.gz,138395,6897af9b367ba173dc31579312c71ab454d34633e3157b1fae36595db49b4f8a,,,,
746103,2024-08-28,2024,R,F,N,1,119,LAD,110,BAL,22,statsapi/2024/746103.json.gz,126377,203bfbfb157abc727cdb3aa949682fe183053797b6a86cb6fa8389fe2d75a694,,,,
746430,2024-08-28,2024,R,F,N,1,116,DET,108,LAA,2394,statsapi/2024/746430.json.gz,126470,f77621a860dc9c861d6b9a22e577c860b0f84a0817cd56506307ea04525d276c,,,,
746512,2024-08-28,2024,R,F,N,1,115,COL,146,MIA,19,statsapi/2024/746512.json.gz,135745,3810baf987fda7fd37c3e059a22fe2e4f026096ca50a655f8628eb1e5f1d2809,,,,
746589,2024-08-28,2024,R,F,N,1,114,CLE,118,KC,5,statsapi/2024/746589.json.gz,137263,37d4aac5444df256770257dcc033f269a7ea0f14cd5ae748aa129aba56d5f8d4,,,,
746672,2024-08-28,2024,R,F,N,1,113,CIN,133,OAK,2602,statsapi/2024/746672.json.gz,123502,623479d1752b90ec046cdd3e682cf6a7d41035c371d528e0a69f00c0425b7d49,,,,
746752,2024-08-28,2024,R,F,N,1,145,CWS,140,TEX,4,statsapi/2024/746752.json.gz,128092,e5f9ffbec4c2cda4c42eb4a7a0cd84012f12f6d07c7f2c6e7573e4f0cd04d68c,,,,
746913,2024-08-28,2024,R,F,N,1,111,BOS,141,TOR,3,,,,,,,
747161,2024-08-28,2024,R,F,N,1,109,AZ,121,NYM,15,,,,,,,
745135,2024-08-29,2024,R,F,N,1,138,STL,135,SD,2889,,,,,,,
745531,2024-08-29,2024,R,F,N,1,143,PHI,144,ATL,2681,,,,,,,
745945,2024-08-29,2024,R,F,N,1,158,MIL,137,SF,32,,,,,,,
746102,2024-08-29,2024,R,F,N,1,119,LAD,110,BAL,22,,,,,,,
746352,2024-08-29,2024,R,F,N,1,117,HOU,118,KC,2392,,,,,,,
746432,2024-08-29,2024,R,F,N,1,116,DET,108,LAA,2394,,,,,,,
746514,2024-08-29,2024,R,F,N,1,115,COL,146,MIA,19,,,,,,,
746670,2024-08-29,2024,R,F,N,1,113,CIN,133,OAK,2602,,,,,,,
746748,2024-08-29,2024,R,F,N,1,145,CWS,140,TEX,4,,,,,,,
746914,2024-08-29,2024,R,F,N,1,111,BOS,141,TOR,3,,,,,,,
747159,2024-08-29,2024,R,F,N,1,109,AZ,121,NYM,15,,,,,,,
744810,2024-08-30,2024,R,F,N,1,120,WSH,112,CHC,3309,,,,,,,
744969,2024-08-30,2024,R,F,N,1,140,TEX,133,OAK,5325,,,,,,,
745052,2024-08-30,2024,R,F,N,1,139,TB,135,SD,12,,,,,,,
745299,2024-08-30,2024,R,F,N,1,137,SF,146,MIA,2395,,,,,,,
745533,2024-08-30,2024,R,F,N,1,143,PHI,144,ATL,2681,,,,,,,
745700,2024-08-30,2024,R,F,N,1,147,NYY,138,STL,3313,,,,,,,
745862,2024-08-30,2024,R,F,N,1,142,MIN,141,TOR,3312,,,,,,,
746184,2024-08-30,2024,R,F,N,1,108,LAA,136,SEA,1,,,,,,,
746353,2024-08-30,2024,R,F,N,1,117,HOU,118,KC,2392,,,,,,,
746433,2024-08-30,2024,R,F,N,1,116,DET,111,BOS,2394,,,,,,,
746511,2024-08-30,2024,R,F,N,1,115,COL,110,BAL,19,,,,,,,
746593,2024-08-30,2024,R,F,N,1,114,CLE,134,PIT,5,,,,,,,
746665,2024-08-30,2024,R,F,S,2,113,CIN,158,MIL,2602,,,,,,,
746730,2024-08-30,2024,R,F,S,1,113,CIN,158,MIL,2602,,,,,,,
746749,2024-08-30,2024,R,F,N,1,145,CWS,121,NYM,4,,,,,,,
747156,2024-08-30,2024,R,F,N,1,109,AZ,119,LAD,15,,,,,,,
744808,2024-08-31,2024,R,F,N,1,120,WSH,112,CHC,3309,,,,,,,
744971,2024-08-31,2024,R,F,N,1,140,TEX,133,OAK,5325,,,,,,,
745050,2024-08-31,2024,R,F,N,1,139,TB,135,SD,12,,,,,,,
745296,2024-08-31,2024,R,F,N,1,137,SF,146,MIA,2395,,,,,,,
745532,2024-08-31,2024,R,F,N,1,143,PHI,144,ATL,2681,,,,,,,
745699,2024-08-31,2024,R,F,N,1,147,NYY,138,STL,3313,,,,,,,
745859,2024-08-31,2024,R,F,N,1,142,MIN,141,TOR,3312,,,,,,,
746182,2024-08-31,2024,R,F,N,1,108,LAA,136,SEA,1,,,,,,,
746348,2024-08-31,2024,R,F,N,1,117,HOU,118,KC,2392,,,,,,,
746424,2024-08-31,2024,R,F,N,1,116,DET,111,BOS,2394,,,,,,,
746507,2024-08-31,2024,R,F,N,1,115,COL,110,BAL,19,,,,,,,
746590,2024-08-31,2024,R,F,N,1,114,CLE,134,PIT,5,,,,,,,
746667,2024-08-31,2024,R,F,N,1,113,CIN,158,MIL,2602,,,,,,,
746751,2024-08-31,2024,R,F,N,1,145,CWS,121,NYM,4,,,,,,,
747158,2024-08-31,2024,R,F,N,1,109,AZ,119,LAD,15,,,,,,,
744806,2024-09-01,2024,R,F,N,1,120,WSH,112,CHC,3309,,,,,,,
744970,2024-09-01,2024,R,F,N,1,140,TEX,133,OAK,5325,,,,,,,
745048,2024-09-01,2024,R,F,N,1,139,TB,135,SD,12,,,,,,,
745292,2024-09-01,2024,R,F,N,1,137,SF,146,MIA,2395,,,,,,,
745536,2024-09-01,2024,R,F,N,1,143,PHI,144,ATL,2681,,,,,,,
745701,2024-09-01,2024,R,F,N,1,147,NYY,138,STL,3313,,,,,,,
745861,2024-09-01,2024,R,F,N,1,142,MIN,141,TOR,3312,,,,,,,
746183,2024-09-01,2024,R,F,N,1,108,LAA,136,SEA,1,,,,,,,
746347,2024-09-01,2024,R,F,N,1,117,HOU,118,KC,2392,,,,,,,
746426,2024-09-01,2024,R,F,N,1,116,DET,111,BOS,2394,,,,,,,
746505,2024-09-01,2024,R,F,N,1,115,COL,110,BAL,19,,,,,,,
746592,2024-09-01,2024,R,F,N,1,114,CLE,134,PIT,5,,,,,,,
746669,2024-09-01,2024,R,F,N,1,113,CIN,158,MIL,2602,,,,,,,
746750,2024-09-01,2024,R,F,N,1,145,CWS,121,NYM,4,,,,,,,
747157,2024-09-01,2024,R,F,N,1,109,AZ,119,LAD,15,,,,,,,
744972,2024-09-02,2024,R,F,N,1,140,TEX,147,NYY,5325,,,,,,,
745046,2024-09-02,2024,R,F,N,1,139,TB,142,MIN,12,,,,,,,
745373,2024-09-02,2024,R,F,N,1,135,SD,116,DET,2680,,,,,,,
745619,2024-09-02,2024,R,F,N,1,133,OAK,136,SEA,10,,,,,,,
745779,2024-09-02,2024,R,F,N,1,121,NYM,111,BOS,3289,,,,,,,
745947,2024-09-02,2024,R,F,N,1,158,MIL,138,STL,32,,,,,,,
746265,2024-09-02,2024,R,F,N,1,118,KC,114,CLE,7,,,,,,,
746668,2024-09-02,2024,R,F,N,1,113,CIN,117,HOU,2602,,,,,,,
746833,2024-09-02,2024,R,F,N,1,112,CHC,134,PIT,17,,,,,,,
746992,2024-09-02,2024,R,F,N,1,110,BAL,145,CWS,2,,,,,,,
747155,2024-09-02,2024,R,F,N,1,109,AZ,119,LAD,15,,,,,,,
744891,2024-09-03,2024,R,F,N,1,141,TOR,143,PHI,14,,,,,,,
744968,2024-09-03,2024,R,F,N,1,140,TEX,147,NYY,5325,,,,,,,
745047,2024-09-03,2024,R,F,N,1,139,TB,142,MIN,12,,,,,,,
745293,2024-09-03,2024,R,F,N,1,137,SF,109,AZ,2395,,,,,,,
745615,2024-09-03,2024,R,F,N,1,133,OAK,136,SEA,10,,,,,,,
745778,2024-09-03,2024,R,F,N,1,121,NYM,111,BOS,3289,,,,,,,
745944,2024-09-03,2024,R,F,N,1,158,MIL,138,STL,32,,,,,,,
746020,2024-09-03,2024,R,F,N,1,146,MIA,120,WSH,4169,,,,,,,
746185,2024-09-03,2024,R,F,N,1,108,LAA,119,LAD,1,,,,,,,
746264,2024-09-03,2024,R,F,N,1,118,KC,114,CLE,7,,,,,,,
746834,2024-09-03,2024,R,F,N,1,112,CHC,134,PIT,17,,,,,,,
746991,2024-09-03,2024,R,F,N,1,110,BAL,145,CWS,2,,,,,,,
747079,2024-09-03,2024,R,F,N,1,144,ATL,115,COL,4705,,,,,,,
744887,2024-09-04,2024,R,F,N,1,141,TOR,143,PHI,14,,,,,,,
744964,2024-09-04,2024,R,F,N,1,140,TEX,147,NYY,5325,,,,,,,
745045,2024-09-04,2024,R,F,N,1,139,TB,142,MIN,12,,,,,,,
745290,2024-09-04,2024,R,F,N,1,137,SF,109,AZ,2395,,,,,,,
745370,2024-09-04,2024,R,F,N,1,135,SD,116,DET,2680,,,,,,,
745614,2024-09-04,2024,R,F,N,1,133,OAK,136,SEA,10,,,,,,,
745776,2024-09-04,2024,R,F,N,1,121,NYM,111,BOS,3289,,,,,,,
745938,2024-09-04,2024,R,F,N,1,158,MIL,138,STL,32,,,,,,,
746019,2024-09-04,2024,R,F,N,1,146,MIA,120,WSH,4169,,,,,,,
746178,2024-09-04,2024,R,F,N,1,108,LAA,119,LAD,1,,,,,,,
746262,2024-09-04,2024,R,F,N,1,118,KC,114,CLE,7,,,,,,,
746666,2024-09-04,2024,R,F,N,1,113,CIN,117,HOU,2602,,,,,,,
746835,2024-09-04,2024,R,F,N,1,112,CHC,134,PIT,17,,,,,,,
746990,2024-09-04,2024,R,F,N,1,110,BAL,145,CWS,2,,,,,,,
747075,2024-09-04,2024,R,F,N,1,144,ATL,115,COL,4705,,,,,,,
744966,2024-09-05,2024,R,F,N,1,140,TEX,108,LAA,5325,,,,,,,
745042,2024-09-05,2024,R,F,N,1,139,TB,142,MIN,12,,,,,,,
745289,2024-09-05,2024,R,F,N,1,137,SF,109,AZ,2395,,,,,,,
745369,2024-09-05,2024,R,F,N,1,135,SD,116,DET,2680,,,,,,,
745451,2024-09-05,2024,R,F,N,1,134,PIT,120,WSH,31,,,,,,,
745612,2024-09-05,2024,R,F,N,1,133,OAK,136,SEA,10,,,,,,,
746021,2024-09-05,2024,R,F,N,1,146,MIA,143,PHI,4169,,,,,,,
746664,2024-09-05,2024,R,F,N,1,113,CIN,117,HOU,2602,,,,,,,
747073,2024-09-05,2024,R,F,N,1,144,ATL,115,COL,4705,,,,,,,
744967,2024-09-06,2024,R,F,N,1,140,TEX,108,LAA,5325,,,,,,,
745131,2024-09-06,2024,R,F,N,1,138,STL,136,SEA,2889,,,,,,,
745371,2024-09-06,2024,R,F,N,1,135,SD,137,SF,2680,,,,,,,
745611,2024-09-06,2024,R,F,N,1,133,OAK,116,DET,10,,,,,,,
745777,2024-09-06,2024,R,F,N,1,121,NYM,113,CIN,3289,,,,,,,
745941,2024-09-06,2024,R,F,N,1,158,MIL,115,COL,32,,,,,,,
746016,2024-09-06,2024,R,F,N,1,146,MIA,143,PHI,4169,,,,,,,
746104,2024-09-06,2024,R,F,N,1,119,LAD,114,CLE,22,,,,,,,
746257,2024-09-06,2024,R,F,N,1,118,KC,142,MIN,7,,,,,,,
746343,2024-09-06,2024,R,F,N,1,117,HOU,109,AZ,2392,,,,,,,
746832,2024-09-06,2024,R,F,N,1,112,CHC,147,NYY,17,,,,,,,
746912,2024-09-06,2024,R,F,N,1,111,BOS,145,CWS,3,,,,,,,
746993,2024-09-06,2024,R,F,N,1,110,BAL,139,TB,2,,,,,,,
747074,2024-09-06,2024,R,F,N,1,144,ATL,141,TOR,4705,,,,,,,
744963,2024-09-07,2024,R,F,N,1,140,TEX,108,LAA,5325,,,,,,,
745125,2024-09-07,2024,R,F,N,1,138,STL,136,SEA,2889,,,,,,,
745372,2024-09-07,2024,R,F,N,1,135,SD,137,SF,2680,,,,,,,
745455,2024-09-07,2024,R,F,S,1,134,PIT,120,WSH,31,,,,,,,
745456,2024-09-07,2024,R,F,S,2,134,PIT,120,WSH,31,,,,,,,
745613,2024-09-07,2024,R,F,N,1,133,OAK,116,DET,10,,,,,,,
745775,2024-09-07,2024,R,F,N,1,121,NYM,113,CIN,3289,,,,,,,
745942,2024-09-07,2024,R,F,N,1,158,MIL,115,COL,32,,,,,,,
746018,2024-09-07,2024,R,F,N,1,146,MIA,143,PHI,4169,,,,,,,
746099,2024-09-07,2024,R,F,N,1,119,LAD,114,CLE,22,,,,,,,
746259,2024-09-07,2024,R,F,N,1,118,KC,142,MIN,7,,,,,,,
746344,2024-09-07,2024,R,F,N,1,117,HOU,109,AZ,2392,,,,,,,
746829,2024-09-07,2024,R,F,N,1,112,CHC,147,NYY,17,,,,,,,
746911,2024-09-07,2024,R,F,N,1,111,BOS,145,CWS,3,,,,,,,
746986,2024-09-07,2024,R,F,N,1,110,BAL,139,TB,2,,,,,,,
747076,2024-09-07,2024,R,F,N,1,144,ATL,141,TOR,4705,,,,,,,
744965,2024-09-08,2024,R,F,N,1,140,TEX,108,LAA,5325,,,,,,,
745128,2024-09-08,2024,R,F,N,1,138,STL,136,SEA,2889,,,,,,,
745368,2024-09-08,2024,R,F,N,1,135,SD,137,SF,2680,,,,,,,
745453,2024-09-08,2024,R,F,N,1,134,PIT,120,WSH,31,,,,,,,
745616,2024-09-08,2024,R,F,N,1,133,OAK,116,DET,10,,,,,,,
745774,2024-09-08,2024,R,F,N,1,121,NYM,113,CIN,3289,,,,,,,
745940,2024-09-08,2024,R,F,N,1,158,MIL,115,COL,32,,,,,,,
746017,2024-09-08,2024,R,F,N,1,146,MIA,143,PHI,4169,,,,,,,
746098,2024-09-08,2024,R,F,N,1,119,LAD,114,CLE,22,,,,,,,
746258,2024-09-08,2024,R,F,N,1,118,KC,142,MIN,7,,,,,,,
746345,2024-09-08,2024,R,F,N,1,117,HOU,109,AZ,2392,,,,,,,
746827,2024-09-08,2024,R,F,N,1,112,CHC,147,NYY,17,,,,,,,
746910,2024-09-08,2024,R,F,N,1,111,BOS,145,CWS,3,,,,,,,
746989,2024-09-08,2024,R,F,N,1,110,BAL,139,TB,2,,,,,,,
747072,2024-09-08,2024,R,F,N,1,144,ATL,141,TOR,4705,,,,,,,
744888,2024-09-09,2024,R,F,N,1,141,TOR,121,NYM,14,,,,,,,
745454,2024-09-09,2024,R,F,N,1,134,PIT,146,MIA,31,,,,,,,
745534,2024-09-09,2024,R,F,N,1,143,PHI,139,TB,2681,,,,,,,
745698,2024-09-09,2024,R,F,N,1,147,NYY,118,KC,3313,,,,,,,
745860,2024-09-09,2024,R,F,N,1,142,MIN,108,LAA,3312,,,,,,,
746101,2024-09-09,2024,R,F,N,1,119,LAD,112,CHC,22,,,,,,,
746746,2024-09-09,2024,R,F,N,1,145,CWS,114,CLE,4,,,,,,,
746909,2024-09-09,2024,R,F,N,1,111,BOS,110,BAL,3,,,,,,,
747090,2024-09-09,2024,R,F,N,1,144,ATL,113,CIN,4705,,,,,,,
744807,2024-09-10,2024,R,F,N,1,120,WSH,144,ATL,3309,,,,,,,
744886,2024-09-10,2024,R,F,N,1,141,TOR,121,NYM,14,,,,,,,
745126,2024-09-10,2024,R,F,N,1,138,STL,113,CIN,2889,,,,,,,
745210,2024-09-10,2024,R,F,N,1,136,SEA,135,SD,680,,,,,,,
745291,2024-09-10,2024,R,F,N,1,137,SF,158,MIL,2395,,,,,,,
745446,2024-09-10,2024,R,F,N,1,134,PIT,146,MIA,31,,,,,,,
745535,2024-09-10,2024,R,F,N,1,143,PHI,139,TB,2681,,,,,,,
745694,2024-09-10,2024,R,F,N,1,147,NYY,118,KC,3313,,,,,,,
745856,2024-09-10,2024,R,F,N,1,142,MIN,108,LAA,3312,,,,,,,
746097,2024-09-10,2024,R,F,N,1,119,LAD,112,CHC,22,,,,,,,
746346,2024-09-10,2024,R,F,N,1,117,HOU,133,OAK,2392,,,,,,,
746428,2024-09-10,2024,R,F,N,1,116,DET,115,COL,2394,,,,,,,
746747,2024-09-10,2024,R,F,N,1,145,CWS,114,CLE,4,,,,,,,
746907,2024-09-10,2024,R,F,N,1,111,BOS,110,BAL,3,,,,,,,
747152,2024-09-10,2024,R,F,N,1,109,AZ,140,TEX,15,,,,,,,
744804,2024-09-11,2024,R,F,N,1,120,WSH,144,ATL,3309,,,,,,,
744881,2024-09-11,2024,R,F,N,1,141,TOR,121,NYM,14,,,,,,,
745127,2024-09-11,2024,R,F,N,1,138,STL,113,CIN,2889,,,,,,,
745214,2024-09-11,2024,R,F,N,1,136,SEA,135,SD,680,,,,,,,
745285,2024-09-11,2024,R,F,N,1,137,SF,158,MIL,2395,,,,,,,
745450,2024-09-11,2024,R,F,N,1,134,PIT,146,MIA,31,,,,,,,
745525,2024-09-11,2024,R,F,N,1,143,PHI,139,TB,2681,,,,,,,
745697,2024-09-11,2024,R,F,N,1,147,NYY,118,KC,3313,,,,,,,
745857,2024-09-11,2024,R,F,N,1,142,MIN,108,LAA,3312,,,,,,,
746100,2024-09-11,2024,R,F,N,1,119,LAD,112,CHC,22,,,,,,,
746342,2024-09-11,2024,R,F,N,1,117,HOU,133,OAK,2392,,,,,,,
746425,2024-09-11,2024,R,F,N,1,116,DET,115,COL,2394,,,,,,,
746745,2024-09-11,2024,R,F,N,1,145,CWS,114,CLE,4,,,,,,,
746908,2024-09-11,2024,R,F,N,1,111,BOS,110,BAL,3,,,,,,,
747154,2024-09-11,2024,R,F,N,1,109,AZ,140,TEX,15,,,,,,,
744805,2024-09-12,2024,R,F,N,1,120,WSH,146,MIA,3309,,,,,,,
745129,2024-09-12,2024,R,F,N,1,138,STL,113,CIN,2889,,,,,,,
745208,2024-09-12,2024,R,F,N,1,136,SEA,140,TEX,680,,,,,,,
745288,2024-09-12,2024,R,F,N,1,137,SF,158,MIL,2395,,,,,,,
745695,2024-09-12,2024,R,F,N,1,147,NYY,111,BOS,3313,,,,,,,
746337,2024-09-12,2024,R,F,N,1,117,HOU,133,OAK,2392,,,,,,,
746427,2024-09-12,2024,R,F,N,1,116,DET,115,COL,2394,,,,,,,
746591,2024-09-12,2024,R,F,N,1,114,CLE,139,TB,5,,,,,,,
744800,2024-09-13,2024,R,F,N,1,120,WSH,146,MIA,3309,,,,,,,
744882,2024-09-13,2024,R,F,N,1,141,TOR,138,STL,14,,,,,,,
745207,2024-09-13,2024,R,F,N,1,136,SEA,140,TEX,680,,,,,,,
745286,2024-09-13,2024,R,F,N,1,137,SF,135,SD,2395,,,,,,,
745447,2024-09-13,2024,R,F,N,1,134,PIT,118,KC,31,,,,,,,
745529,2024-09-13,2024,R,F,N,1,143,PHI,121,NYM,2681,,,,,,,
745696,2024-09-13,2024,R,F,N,1,147,NYY,111,BOS,3313,,,,,,,
745855,2024-09-13,2024,R,F,N,1,142,MIN,113,CIN,3312,,,,,,,
746181,2024-09-13,2024,R,F,N,1,108,LAA,117,HOU,1,,,,,,,
746423,2024-09-13,2024,R,F,N,1,116,DET,110,BAL,2394,,,,,,,
746509,2024-09-13,2024,R,F,N,1,115,COL,112,CHC,19,,,,,,,
746586,2024-09-13,2024,R,F,N,1,114,CLE,139,TB,5,,,,,,,
746744,2024-09-13,2024,R,F,N,1,145,CWS,133,OAK,4,,,,,,,
747069,2024-09-13,2024,R,F,N,1,144,ATL,119,LAD,4705,,,,,,,
747153,2024-09-13,2024,R,F,N,1,109,AZ,158,MIL,15,,,,,,,
744803,2024-09-14,2024,R,F,N,1,120,WSH,146,MIA,3309,,,,,,,
744884,2024-09-14,2024,R,F,N,1,141,TOR,138,STL,14,,,,,,,
745209,2024-09-14,2024,R,F,N,1,136,SEA,140,TEX,680,,,,,,,
745284,2024-09-14,2024,R,F,N,1,137,SF,135,SD,2395,,,,,,,
745448,2024-09-14,2024,R,F,N,1,134,PIT,118,KC,31,,,,,,,
745528,2024-09-14,2024,R,F,N,1,143,PHI,121,NYM,2681,,,,,,,
745689,2024-09-14,2024,R,F,N,1,147,NYY,111,BOS,3313,,,,,,,
745858,2024-09-14,2024,R,F,N,1,142,MIN,113,CIN,3312,,,,,,,
746177,2024-09-14,2024,R,F,N,1,108,LAA,117,HOU,1,,,,,,,
746422,2024-09-14,2024,R,F,N,1,116,DET,110,BAL,2394,,,,,,,
746508,2024-09-14,2024,R,F,N,1,115,COL,112,CHC,19,,,,,,,
746584,2024-09-14,2024,R,F,N,1,114,CLE,139,TB,5,,,,,,,
746740,2024-09-14,2024,R,F,N,1,145,CWS,133,OAK,4,,,,,,,
747070,2024-09-14,2024,R,F,N,1,144,ATL,119,LAD,4705,,,,,,,
747148,2024-09-14,2024,R,F,N,1,109,AZ,158,MIL,15,,,,,,,
744801,2024-09-15,2024,R,F,N,1,120,WSH,146,MIA,3309,,,,,,,
744883,2024-09-15,2024,R,F,N,1,141,TOR,138,STL,14,,,,,,,
745206,2024-09-15,2024,R,F,N,1,136,SEA,140,TEX,680,,,,,,,
745287,2024-09-15,2024,R,F,N,1,137,SF,135,SD,2395,,,,,,,
745449,2024-09-15,2024,R,F,N,1,134,PIT,118,KC,31,,,,,,,
745530,2024-09-15,2024,R,F,N,1,143,PHI,121,NYM,2681,,,,,,,
745693,2024-09-15,2024,R,F,N,1,147,NYY,111,BOS,3313,,,,,,,
745852,2024-09-15,2024,R,F,N,1,142,MIN,113,CIN,3312,,,,,,,
746180,2024-09-15,2024,R,F,N,1,108,LAA,117,HOU,1,,,,,,,
746419,2024-09-15,2024,R,F,N,1,116,DET,110,BAL,2394,,,,,,,
746506,2024-09-15,2024,R,F,N,1,115,COL,112,CHC,19,,,,,,,
746585,2024-09-15,2024,R,F,N,1,114,CLE,139,TB,5,,,,,,,
746741,2024-09-15,2024,R,F,N,1,145,CWS,133,OAK,4,,,,,,,
747071,2024-09-15,2024,R,F,N,1,144,ATL,119,LAD,4705,,,,,,,
747151,2024-09-15,2024,R,F,N,1,109,AZ,158,MIL,15,,,,,,,
745130,2024-09-16,2024,R,F,N,1,138,STL,134,PIT,2889,,,,,,,
745367,2024-09-16,2024,R,F,N,1,135,SD,117,HOU,2680,,,,,,,
745773,2024-09-16,2024,R,F,N,1,121,NYM,120,WSH,3289,,,,,,,
745939,2024-09-16,2024,R,F,N,1,158,MIL,143,PHI,32,,,,,,,
746179,2024-09-16,2024,R,F,N,1,108,LAA,145,CWS,1,,,,,,,
746260,2024-09-16,2024,R,F,N,1,118,KC,116,DET,7,,,,,,,
746502,2024-09-16,2024,R,F,N,1,115,COL,109,AZ,19,,,,,,,
746588,2024-09-16,2024,R,F,N,1,114,CLE,142,MIN,5,,,,,,,
746828,2024-09-16,2024,R,F,N,1,112,CHC,133,OAK,17,,,,,,,
747067,2024-09-16,2024,R,F,N,1,144,ATL,119,LAD,4705,,,,,,,
744961,2024-09-17,2024,R,F,N,1,140,TEX,141,TOR,5325,,,,,,,
745044,2024-09-17,2024,R,F,N,1,139,TB,111,BOS,12,,,,,,,
745122,2024-09-17,2024,R,F,N,1,138,STL,134,PIT,2889,,,,,,,
745205,2024-09-17,2024,R,F,N,1,136,SEA,147,NYY,680,,,,,,,
745366,2024-09-17,2024,R,F,N,1,135,SD,117,HOU,2680,,,,,,,
745772,2024-09-17,2024,R,F,N,1,121,NYM,120,WSH,3289,,,,,,,
745935,2024-09-17,2024,R,F,N,1,158,MIL,143,PHI,32,,,,,,,
746015,2024-09-17,2024,R,F,N,1,146,MIA,119,LAD,4169,,,,,,,
746176,2024-09-17,2024,R,F,N,1,108,LAA,145,CWS,1,,,,,,,
746261,2024-09-17,2024,R,F,N,1,118,KC,116,DET,7,,,,,,,
746503,2024-09-17,2024,R,F,N,1,115,COL,109,AZ,19,,,,,,,
746587,2024-09-17,2024,R,F,N,1,114,CLE,142,MIN,5,,,,,,,
746659,2024-09-17,2024,R,F,N,1,113,CIN,144,ATL,2602,,,,,,,
746830,2024-09-17,2024,R,F,N,1,112,CHC,133,OAK,17,,,,,,,
746987,2024-09-17,2024,R,F,N,1,110,BAL,137,SF,2,,,,,,,
744959,2024-09-18,2024,R,F,N,1,140,TEX,141,TOR,5325,,,,,,,
745040,2024-09-18,2024,R,F,N,1,139,TB,111,BOS,12,,,,,,,
745121,2024-09-18,2024,R,F,N,1,138,STL,134,PIT,2889,,,,,,,
745199,2024-09-18,2024,R,F,N,1,136,SEA,147,NYY,680,,,,,,,
745365,2024-09-18,2024,R,F,N,1,135,SD,117,HOU,2680,,,,,,,
745771,2024-09-18,2024,R,F,N,1,121,NYM,120,WSH,3289,,,,,,,
745933,2024-09-18,2024,R,F,N,1,158,MIL,143,PHI,32,,,,,,,
746014,2024-09-18,2024,R,F,N,1,146,MIA,119,LAD,4169,,,,,,,
746172,2024-09-18,2024,R,F,N,1,108,LAA,145,CWS,1,,,,,,,
746254,2024-09-18,2024,R,F,N,1,118,KC,116,DET,7,,,,,,,
746500,2024-09-18,2024,R,F,N,1,115,COL,109,AZ,19,,,,,,,
746582,2024-09-18,2024,R,F,N,1,114,CLE,142,MIN,5,,,,,,,
746662,2024-09-18,2024,R,F,N,1,113,CIN,144,ATL,2602,,,,,,,
746831,2024-09-18,2024,R,F,N,1,112,CHC,133,OAK,17,,,,,,,
746988,2024-09-18,2024,R,F,N,1,110,BAL,137,SF,2,,,,,,,
744962,2024-09-19,2024,R,F,N,1,140,TEX,141,TOR,5325,,,,,,,
745041,2024-09-19,2024,R,F,N,1,139,TB,111,BOS,12,,,,,,,
745120,2024-09-19,2024,R,F,N,1,138,STL,134,PIT,2889,,,,,,,
745204,2024-09-19,2024,R,F,N,1,136,SEA,147,NYY,680,,,,,,,
745769,2024-09-19,2024,R,F,N,1,121,NYM,143,PHI,3289,,,,,,,
745937,2024-09-19,2024,R,F,N,1,158,MIL,109,AZ,32,,,,,,,
746011,2024-09-19,2024,R,F,N,1,146,MIA,119,LAD,4169,,,,,,,
746341,2024-09-19,2024,R,F,N,1,117,HOU,108,LAA,2392,,,,,,,
746579,2024-09-19,2024,R,F,N,1,114,CLE,142,MIN,5,,,,,,,
746663,2024-09-19,2024,R,F,N,1,113,CIN,144,ATL,2602,,,,,,,
746823,2024-09-19,2024,R,F,N,1,112,CHC,120,WSH,17,,,,,,,
746985,2024-09-19,2024,R,F,N,1,110,BAL,137,SF,2,,,,,,,
744960,2024-09-20,2024,R,F,N,1,140,TEX,136,SEA,5325,,,,,,,
745043,2024-09-20,2024,R,F,N,1,139,TB,141,TOR,12,,,,,,,
745123,2024-09-20,2024,R,F,N,1,138,STL,114,CLE,2889,,,,,,,
745364,2024-09-20,2024,R,F,N,1,135,SD,145,CWS,2680,,,,,,,
745606,2024-09-20,2024,R,F,N,1,133,OAK,147,NYY,10,,,,,,,
745770,2024-09-20,2024,R,F,N,1,121,NYM,143,PHI,3289,,,,,,,
745934,2024-09-20,2024,R,F,N,1,158,MIL,109,AZ,32,,,,,,,
746013,2024-09-20,2024,R,F,N,1,146,MIA,144,ATL,4169,,,,,,,
746094,2024-09-20,2024,R,F,N,1,119,LAD,115,COL,22,,,,,,,
746256,2024-09-20,2024,R,F,N,1,118,KC,137,SF,7,,,,,,,
746340,2024-09-20,2024,R,F,N,1,117,HOU,108,LAA,2392,,,,,,,
746661,2024-09-20,2024,R,F,N,1,113,CIN,134,PIT,2602,,,,,,,
746824,2024-09-20,2024,R,F,N,1,112,CHC,120,WSH,17,,,,,,,
746905,2024-09-20,2024,R,F,N,1,111,BOS,142,MIN,3,,,,,,,
746984,2024-09-20,2024,R,F,N,1,110,BAL,116,DET,2,,,,,,,
744958,2024-09-21,2024,R,F,N,1,140,TEX,136,SEA,5325,,,,,,,
745038,2024-09-21,2024,R,F,N,1,139,TB,141,TOR,12,,,,,,,
745124,2024-09-21,2024,R,F,N,1,138,STL,114,CLE,2889,,,,,,,
745360,2024-09-21,2024,R,F,N,1,135,SD,145,CWS,2680,,,,,,,
745610,2024-09-21,2024,R,F,N,1,133,OAK,147,NYY,10,,,,,,,
745768,2024-09-21,2024,R,F,N,1,121,NYM,143,PHI,3289,,,,,,,
745936,2024-09-21,2024,R,F,N,1,158,MIL,109,AZ,32,,,,,,,
746012,2024-09-21,2024,R,F,N,1,146,MIA,144,ATL,4169,,,,,,,
746096,2024-09-21,2024,R,F,N,1,119,LAD,115,COL,22,,,,,,,
746255,2024-09-21,2024,R,F,N,1,118,KC,137,SF,7,,,,,,,
746338,2024-09-21,2024,R,F,N,1,117,HOU,108,LAA,2392,,,,,,,
746660,2024-09-21,2024,R,F,N,1,113,CIN,134,PIT,2602,,,,,,,
746826,2024-09-21,2024,R,F,N,1,112,CHC,120,WSH,17,,,,,,,
746983,2024-09-21,2024,R,F,N,1,110,BAL,116,DET,2,,,,,,,
744955,2024-09-22,2024,R,F,N,1,140,TEX,136,SEA,5325,,,,,,,
745036,2024-09-22,2024,R,F,N,1,139,TB,141,TOR,12,,,,,,,
745118,2024-09-22,2024,R,F,N,1,138,STL,114,CLE,2889,,,,,,,
745358,2024-09-22,2024,R,F,N,1,135,SD,145,CWS,2680,,,,,,,
745608,2024-09-22,2024,R,F,N,1,133,OAK,147,NYY,10,,,,,,,
745767,2024-09-22,2024,R,F,N,1,121,NYM,143,PHI,3289,,,,,,,
745929,2024-09-22,2024,R,F,N,1,158,MIL,109,AZ,32,,,,,,,
746010,2024-09-22,2024,R,F,N,1,146,MIA,144,ATL,4169,,,,,,,
746092,2024-09-22,2024,R,F,N,1,119,LAD,115,COL,22,,,,,,,
746253,2024-09-22,2024,R,F,N,1,118,KC,137,SF,7,,,,,,,
746339,2024-09-22,2024,R,F,N,1,117,HOU,108,LAA,2392,,,,,,,
746657,2024-09-22,2024,R,F,N,1,113,CIN,134,PIT,2602,,,,,,,
746825,2024-09-22,2024,R,F,N,1,112,CHC,120,WSH,17,,,,,,,
746903,2024-09-22,2024,R,F,S,1,111,BOS,142,MIN,3,,,,,,,
746906,2024-09-22,2024,R,F,S,2,111,BOS,142,MIN,3,,,,,,,
746982,2024-09-22,2024,R,F,N,1,110,BAL,116,DET,2,,,,,,,
744885,2024-09-23,2024,R,F,N,1,141,TOR,111,BOS,14,,,,,,,
745527,2024-09-23,2024,R,F,N,1,143,PHI,112,CHC,2681,,,,,,,
746334,2024-09-23,2024,R,F,N,1,117,HOU,136,SEA,2392,,,,,,,
747150,2024-09-23,2024,R,F,N,1,109,AZ,137,SF,15,,,,,,,
744802,2024-09-24,2024,R,F,N,1,120,WSH,118,KC,3309,,,,,,,
744876,2024-09-24,2024,R,F,N,1,141,TOR,111,BOS,14,,,,,,,
745441,2024-09-24,2024,R,F,N,1,134,PIT,158,MIL,31,,,,,,,
745526,2024-09-24,2024,R,F,N,1,143,PHI,112,CHC,2681,,,,,,,
745605,2024-09-24,2024,R,F,N,1,133,OAK,140,TEX,10,,,,,,,
745688,2024-09-24,2024,R,F,N,1,147,NYY,110,BAL,3313,,,,,,,
745851,2024-09-24,2024,R,F,N,1,142,MIN,146,MIA,3312,,,,,,,
746093,2024-09-24,2024,R,F,N,1,119,LAD,135,SD,22,,,,,,,
746336,2024-09-24,2024,R,F,N,1,117,HOU,136,SEA,2392,,,,,,,
746421,2024-09-24,2024,R,F,N,1,116,DET,139,TB,2394,,,,,,,
746504,2024-09-24,2024,R,F,N,1,115,COL,138,STL,19,,,,,,,
746581,2024-09-24,2024,R,F,N,1,114,CLE,113,CIN,5,,,,,,,
746743,2024-09-24,2024,R,F,N,1,145,CWS,108,LAA,4,,,,,,,
747068,2024-09-24,2024,R,F,N,1,144,ATL,121,NYM,4705,,,,,,,
747149,2024-09-24,2024,R,F,N,1,109,AZ,137,SF,15,,,,,,,
744795,2024-09-25,2024,R,F,N,1,120,WSH,118,KC,3309,,,,,,,
744877,2024-09-25,2024,R,F,N,1,141,TOR,111,BOS,14,,,,,,,
745442,2024-09-25,2024,R,F,N,1,134,PIT,158,MIL,31,,,,,,,
745521,2024-09-25,2024,R,F,N,1,143,PHI,112,CHC,2681,,,,,,,
745607,2024-09-25,2024,R,F,N,1,133,OAK,140,TEX,10,,,,,,,
745690,2024-09-25,2024,R,F,N,1,147,NYY,110,BAL,3313,,,,,,,
745854,2024-09-25,2024,R,F,N,1,142,MIN,146,MIA,3312,,,,,,,
746095,2024-09-25,2024,R,F,N,1,119,LAD,135,SD,22,,,,,,,
746331,2024-09-25,2024,R,F,N,1,117,HOU,136,SEA,2392,,,,,,,
746420,2024-09-25,2024,R,F,N,1,116,DET,139,TB,2394,,,,,,,
746501,2024-09-25,2024,R,F,N,1,115,COL,138,STL,19,,,,,,,
746583,2024-09-25,2024,R,F,N,1,114,CLE,113,CIN,5,,,,,,,
746742,2024-09-25,2024,R,F,N,1,145,CWS,108,LAA,4,,,,,,,
747144,2024-09-25,2024,R,F,N,1,109,AZ,137,SF,15,,,,,,,
744796,2024-09-26,2024,R,F,N,1,120,WSH,118,KC,3309,,,,,,,
745443,2024-09-26,2024,R,F,N,1,134,PIT,158,MIL,31,,,,,,,
745609,2024-09-26,2024,R,F,N,1,133,OAK,140,TEX,10,,,,,,,
745691,2024-09-26,2024,R,F,N,1,147,NYY,110,BAL,3313,,,,,,,
745853,2024-09-26,2024,R,F,N,1,142,MIN,146,MIA,3312,,,,,,,
746088,2024-09-26,2024,R,F,N,1,119,LAD,135,SD,22,,,,,,,
746415,2024-09-26,2024,R,F,N,1,116,DET,139,TB,2394,,,,,,,
746495,2024-09-26,2024,R,F,N,1,115,COL,138,STL,19,,,,,,,
746738,2024-09-26,2024,R,F,N,1,145,CWS,108,LAA,4,,,,,,,
744797,2024-09-27,2024,R,F,N,1,120,WSH,143,PHI,3309,,,,,,,
744879,2024-09-27,2024,R,F,N,1,141,TOR,146,MIA,14,,,,,,,
745202,2024-09-27,2024,R,F,N,1,136,SEA,133,OAK,680,,,,,,,
745280,2024-09-27,2024,R,F,N,1,137,SF,138,STL,2395,,,,,,,
745692,2024-09-27,2024,R,F,N,1,147,NYY,134,PIT,3313,,,,,,,
745847,2024-09-27,2024,R,F,N,1,142,MIN,110,BAL,3312,,,,,,,
745930,2024-09-27,2024,R,F,N,1,158,MIL,121,NYM,32,,,,,,,
746173,2024-09-27,2024,R,F,N,1,108,LAA,140,TEX,1,,,,,,,
746417,2024-09-27,2024,R,F,N,1,116,DET,145,CWS,2394,,,,,,,
746494,2024-09-27,2024,R,F,N,1,115,COL,119,LAD,19,,,,,,,
746580,2024-09-27,2024,R,F,N,1,114,CLE,117,HOU,5,,,,,,,
746822,2024-09-27,2024,R,F,N,1,112,CHC,113,CIN,17,,,,,,,
746904,2024-09-27,2024,R,F,N,1,111,BOS,139,TB,3,,,,,,,
747065,2024-09-27,2024,R,F,N,1,144,ATL,118,KC,4705,,,,,,,
747145,2024-09-27,2024,R,F,N,1,109,AZ,135,SD,15,,,,,,,
744799,2024-09-28,2024,R,F,N,1,120,WSH,143,PHI,3309,,,,,,,
744878,2024-09-28,2024,R,F,N,1,141,TOR,146,MIA,14,,,,,,,
745203,2024-09-28,2024,R,F,N,1,136,SEA,133,OAK,680,,,,,,,
745281,2024-09-28,2024,R,F,N,1,137,SF,138,STL,2395,,,,,,,
745685,2024-09-28,2024,R,F,N,1,147,NYY,134,PIT,3313,,,,,,,
745849,2024-09-28,2024,R,F,N,1,142,MIN,110,BAL,3312,,,,,,,
745931,2024-09-28,2024,R,F,N,1,158,MIL,121,NYM,32,,,,,,,
746171,2024-09-28,2024,R,F,N,1,108,LAA,140,TEX,1,,,,,,,
746414,2024-09-28,2024,R,F,N,1,116,DET,145,CWS,2394,,,,,,,
746499,2024-09-28,2024,R,F,N,1,115,COL,119,LAD,19,,,,,,,
746578,2024-09-28,2024,R,F,N,1,114,CLE,117,HOU,5,,,,,,,
746819,2024-09-28,2024,R,F,N,1,112,CHC,113,CIN,17,,,,,,,
746902,2024-09-28,2024,R,F,N,1,111,BOS,139,TB,3,,,,,,,
747066,2024-09-28,2024,R,F,N,1,144,ATL,118,KC,4705,,,,,,,
747146,2024-09-28,2024,R,F,N,1,109,AZ,135,SD,15,,,,,,,
744798,2024-09-29,2024,R,F,N,1,120,WSH,143,PHI,3309,,,,,,,
744880,2024-09-29,2024,R,F,N,1,141,TOR,146,MIA,14,,,,,,,
745201,2024-09-29,2024,R,F,N,1,136,SEA,133,OAK,680,,,,,,,
745282,2024-09-29,2024,R,F,N,1,137,SF,138,STL,2395,,,,,,,
745686,2024-09-29,2024,R,F,N,1,147,NYY,134,PIT,3313,,,,,,,
745846,2024-09-29,2024,R,F,N,1,142,MIN,110,BAL,3312,,,,,,,
745932,2024-09-29,2024,R,F,N,1,158,MIL,121,NYM,32,,,,,,,
746174,2024-09-29,2024,R,F,N,1,108,LAA,140,TEX,1,,,,,,,
746416,2024-09-29,2024,R,F,N,1,116,DET,145,CWS,2394,,,,,,,
746496,2024-09-29,2024,R,F,N,1,115,COL,119,LAD,19,,,,,,,
746577,2024-09-29,2024,R,C,N,1,114,CLE,117,HOU,5,,,,,,,
746820,2024-09-29,2024,R,F,N,1,112,CHC,113,CIN,17,,,,,,,
746901,2024-09-29,2024,R,F,N,1,111,BOS,139,TB,3,,,,,,,
747061,2024-09-29,2024,R,F,N,1,144,ATL,118,KC,4705,,,,,,,
747147,2024-09-29,2024,R,F,N,1,109,AZ,135,SD,15,,,,,,,
747064,2024-09-30,2024,R,F,Y,2,144,ATL,121,NYM,4705,,,,,,,
747139,2024-09-30,2024,R,F,Y,1,144,ATL,121,NYM,4705,,,,,,,
775333,2024-10-01,2024,F,F,N,1,135,SD,144,ATL,2680,,,,,,,
775340,2024-10-01,2024,F,F,N,1,158,MIL,121,NYM,32,,,,,,,
775343,2024-10-01,2024,F,F,N,1,110,BAL,118,KC,2,,,,,,,
775345,2024-10-01,2024,F,F,N,1,117,HOU,116,DET,2392,,,,,,,
775336,2024-10-02,2024,F,F,N,1,135,SD,144,ATL,2680,,,,,,,
775339,2024-10-02,2024,F,F,N,1,158,MIL,121,NYM,32,,,,,,,
775341,2024-10-02,2024,F,F,N,1,110,BAL,118,KC,2,,,,,,,
775344,2024-10-02,2024,F,F,N,1,117,HOU,116,DET,2392,,,,,,,
775337,2024-10-03,2024,F,F,N,1,158,MIL,121,NYM,32,,,,,,,
775318,2024-10-05,2024,D,F,N,1,143,PHI,121,NYM,2681,,,,,,,
775323,2024-10-05,2024,D,F,N,1,119,LAD,135,SD,22,,,,,,,
775324,2024-10-05,2024,D,F,N,1,114,CLE,116,DET,5,,,,,,,
775334,2024-10-05,2024,D,F,N,1,147,NYY,118,KC,3313,,,,,,,
775319,2024-10-06,2024,D,F,N,1,143,PHI,121,NYM,2681,,,,,,,
775322,2024-10-06,2024,D,F,N,1,119,LAD,135,SD,22,,,,,,,
775325,2024-10-07,2024,D,F,N,1,114,CLE,116,DET,5,,,,,,,
775332,2024-10-07,2024,D,F,N,1,147,NYY,118,KC,3313,,,,,,,
775316,2024-10-08,2024,D,F,N,1,121,NYM,143,PHI,3289,,,,,,,
775321,2024-10-08,2024,D,F,N,1,135,SD,119,LAD,2680,,,,,,,
775313,2024-10-09,2024,D,F,N,1,121,NYM,143,PHI,3289,,,,,,,
775320,2024-10-09,2024,D,F,N,1,135,SD,119,LAD,2680,,,,,,,
775328,2024-10-09,2024,D,F,N,1,116,DET,114,CLE,2394,,,,,,,
775329,2024-10-09,2024,D,F,N,1,118,KC,147,NYY,7,,,,,,,
775327,2024-10-10,2024,D,F,N,1,116,DET,114,CLE,2394,,,,,,,
775331,2024-10-10,2024,D,F,N,1,118,KC,147,NYY,7,,,,,,,
775317,2024-10-11,2024,D,F,N,1,119,LAD,135,SD,22,,,,,,,
775326,2024-10-12,2024,D,F,N,1,114,CLE,116,DET,5,,,,,,,
775307,2024-10-13,2024,L,F,N,1,119,LAD,121,NYM,22,,,,,,,
775306,2024-10-14,2024,L,F,N,1,119,LAD,121,NYM,22,,,,,,,
775314,2024-10-14,2024,L,F,N,1,147,NYY,114,CLE,3313,,,,,,,
775312,2024-10-15,2024,L,F,N,1,147,NYY,114,CLE,3313,,,,,,,
775305,2024-10-16,2024,L,F,N,1,121,NYM,119,LAD,3289,,,,,,,
775303,2024-10-17,2024,L,F,N,1,121,NYM,119,LAD,3289,,,,,,,
775310,2024-10-17,2024,L,F,N,1,114,CLE,147,NYY,5,,,,,,,
775299,2024-10-18,2024,L,F,N,1,121,NYM,119,LAD,3289,,,,,,,
775311,2024-10-18,2024,L,F,N,1,114,CLE,147,NYY,5,,,,,,,
775309,2024-10-19,2024,L,F,N,1,114,CLE,147,NYY,5,,,,,,,
775302,2024-10-20,2024,L,F,N,1,119,LAD,121,NYM,22,,,,,,,
775300,2024-10-25,2024,W,F,N,1,119,LAD,147,NYY,22,,,,,,,
775294,2024-10-26,2024,W,F,N,1,119,LAD,147,NYY,22,,,,,,,
775298,2024-10-28,2024,W,F,N,1,147,NYY,119,LAD,3313,,,,,,,
775297,2024-10-29,2024,W,F,N,1,147,NYY,119,LAD,3313,,,,,,,
775296,2024-10-30,2024,W,F,N,1,147,NYY,119,LAD,3313,,,,,,,
